datetime,Electricity_Consumption[MW],Taux de Co2,Heat_demand[MW],cciag_co2,pv,electricity_price[€/kWh],elec_export_price[€/kWh],district_heating_price[€/kWh]
2023-01-01 00:00:00,0.0216666666666666,411.65,0.0,91,0.0,0.33,0.00484,0.06956999999999999
2023-01-01 01:00:00,0.015,429.08,0.0,91,0.0,0.33,-0.00035,0.06956999999999999
2023-01-01 02:00:00,0.0166666666666666,431.52,0.0,91,0.0,0.33,-0.0009699999999999999,0.06956999999999999
2023-01-01 03:00:00,0.02,427.6,0.0,91,0.0,0.33,-0.0019299999999999999,0.06956999999999999
2023-01-01 04:00:00,0.0183333333333333,423.52,0.0,91,0.0,0.33,-0.00307,0.06956999999999999
2023-01-01 05:00:00,0.0183333333333333,412.77,0.0,91,0.0,0.33,-0.00186,0.06956999999999999
2023-01-01 06:00:00,0.0166666666666666,404.49,0.0,91,0.0,0.33,-0.00344,0.06956999999999999
2023-01-01 07:00:00,0.015,403.09,0.0,91,0.0005895238095238,0.33,-0.00047,0.06956999999999999
2023-01-01 08:00:00,0.0166666666666666,376.99,0.0,91,0.02038,0.33,-0.0003,0.06956999999999999
2023-01-01 09:00:00,0.02,368.52,0.0,91,0.0669390476190476,0.33,0.00026000000000000003,0.06956999999999999
2023-01-01 10:00:00,0.02,366.99,0.0,91,0.1411457142857142,0.33,0.00069,0.06956999999999999
2023-01-01 11:00:00,0.0183333333333333,359.07,0.0,91,0.2606647619047619,0.33,0.00117,0.06956999999999999
2023-01-01 12:00:00,0.0183333333333333,359.07,0.0,91,0.2702933333333333,0.33,0.00134,0.06956999999999999
2023-01-01 13:00:00,0.0183333333333333,358.72,0.0,91,0.1656995238095238,0.33,0.0015300000000000001,0.06956999999999999
2023-01-01 14:00:00,0.02,357.27,0.0,91,0.0678552380952381,0.33,0.00578,0.06956999999999999
2023-01-01 15:00:00,0.0183333333333333,367.05,0.0,91,0.0261804761904761,0.33,0.023719999999999998,0.06956999999999999
2023-01-01 16:00:00,0.02,381.86,0.0,91,0.0007461904761904,0.33,0.036539999999999996,0.06956999999999999
2023-01-01 17:00:00,0.0133333333333333,389.87,0.0,91,0.0,0.33,0.04603,0.06956999999999999
2023-01-01 18:00:00,0.02,403.75,0.0,91,0.0,0.33,0.05399,0.06956999999999999
2023-01-01 19:00:00,0.02,411.57,0.0,91,0.0,0.33,0.054950000000000006,0.06956999999999999
2023-01-01 20:00:00,0.0166666666666666,401.88,0.0,91,0.0,0.33,0.049159999999999995,0.06956999999999999
2023-01-01 21:00:00,0.0216666666666666,395.84,0.0,91,0.0,0.33,0.04456,0.06956999999999999
2023-01-01 22:00:00,0.0133333333333333,389.72,0.0,91,0.0,0.33,0.04596,0.06956999999999999
2023-01-01 23:00:00,0.0216666666666666,405.59,0.0,91,0.0,0.33,0.035,0.06956999999999999
2023-01-02 00:00:00,0.02,405.4,0.0,91,0.0,0.33,0.06302,0.06956999999999999
2023-01-02 01:00:00,0.0183333333333333,405.49,0.0,91,0.0,0.33,0.05608,0.06956999999999999
2023-01-02 02:00:00,0.02,406.01,0.0,91,0.0,0.33,0.05293,0.06956999999999999
2023-01-02 03:00:00,0.015,398.09,0.2836499999999999,91,0.0,0.33,0.04439,0.06956999999999999
2023-01-02 04:00:00,0.015,416.52,0.4056049999999999,91,0.0,0.33,0.05008,0.06956999999999999
2023-01-02 05:00:00,0.0183333333333333,433.01,0.496125,91,0.0,0.33,0.07135999999999999,0.06956999999999999
2023-01-02 06:00:00,0.02,453.35,0.524635,91,0.0,0.33,0.10507999999999999,0.06956999999999999
2023-01-02 07:00:00,0.0183333333333333,454.11,0.43655,91,0.0,0.33,0.14064,0.06956999999999999
2023-01-02 08:00:00,0.02,438.28,0.480465,91,0.001797619047619,0.33,0.14639,0.06956999999999999
2023-01-02 09:00:00,0.0183333333333333,434.58,0.381255,91,0.0107685714285714,0.33,0.14787,0.06956999999999999
2023-01-02 10:00:00,0.015,435.44,0.6567,91,0.0215519047619047,0.33,0.14561000000000002,0.06956999999999999
2023-01-02 11:00:00,0.02,458.8,0.763745,91,0.0252233333333333,0.33,0.14335,0.06956999999999999
2023-01-02 12:00:00,0.02,468.69,0.5656150000000001,91,0.0131528571428571,0.33,0.14438,0.06956999999999999
2023-01-02 13:00:00,0.0183333333333333,479.95,0.544275,91,0.0093504761904761,0.33,0.14376,0.06956999999999999
2023-01-02 14:00:00,0.02,495.96,0.53653,91,0.0115614285714285,0.33,0.1482,0.06956999999999999
2023-01-02 15:00:00,0.0166666666666666,516.74,0.32776,91,0.0031251231527093,0.33,0.15534,0.06956999999999999
2023-01-02 16:00:00,0.02,519.46,0.064535,91,0.0,0.33,0.16279,0.06956999999999999
2023-01-02 17:00:00,0.0183333333333333,518.28,0.0008249999999999,91,0.0,0.33,0.17045,0.06956999999999999
2023-01-02 18:00:00,0.02,513.58,0.0001,91,0.0,0.33,0.17474,0.06956999999999999
2023-01-02 19:00:00,0.02,518.42,0.0,91,0.0,0.33,0.1646,0.06956999999999999
2023-01-02 20:00:00,0.02,522.74,0.0,91,0.0,0.33,0.153,0.06956999999999999
2023-01-02 21:00:00,0.02,512.26,0.0,91,0.0,0.33,0.14167,0.06956999999999999
2023-01-02 22:00:00,0.0158333333333333,523.0,0.0,91,0.0,0.33,0.13491,0.06956999999999999
2023-01-02 23:00:00,0.02,532.49,0.0,91,0.0,0.33,0.12422,0.06956999999999999
2023-01-03 00:00:00,0.0183333333333333,532.89,0.0,91,0.0,0.33,0.13001,0.06956999999999999
2023-01-03 01:00:00,0.02,530.78,0.0,91,0.0,0.33,0.12,0.06956999999999999
2023-01-03 02:00:00,0.0183333333333333,529.21,0.0,91,0.0,0.33,0.11876,0.06956999999999999
2023-01-03 03:00:00,0.0183333333333333,536.31,0.0,91,0.0,0.33,0.115,0.06956999999999999
2023-01-03 04:00:00,0.0183333333333333,545.49,0.3390199999999999,91,0.0,0.33,0.11363,0.06956999999999999
2023-01-03 05:00:00,0.0183333333333333,547.5,0.724885,91,0.0,0.33,0.11627,0.06956999999999999
2023-01-03 06:00:00,0.02,549.1,0.93333,91,0.0,0.33,0.13892,0.06956999999999999
2023-01-03 07:00:00,0.0183333333333333,541.66,1.03487,91,0.0,0.33,0.15991999999999998,0.06956999999999999
2023-01-03 08:00:00,0.02,539.77,0.909105,91,0.0047361904761904,0.33,0.16917,0.06956999999999999
2023-01-03 09:00:00,0.0216666666666666,535.42,0.8224,91,0.02726,0.33,0.17118,0.06956999999999999
2023-01-03 10:00:00,0.0249999999999999,533.81,0.7847750000000001,91,0.0923366666666666,0.33,0.16857,0.06956999999999999
2023-01-03 11:00:00,0.0216666666666666,534.27,0.735885,91,0.1098557142857142,0.33,0.16949,0.06956999999999999
2023-01-03 12:00:00,0.0233333333333333,538.08,0.6911999999999999,91,0.1191111111111111,0.33,0.1645,0.06956999999999999
2023-01-03 13:00:00,0.02,546.92,0.6207699999999999,91,0.1040747619047619,0.33,0.16091,0.06956999999999999
2023-01-03 14:00:00,0.0166666666666666,561.36,0.555785,91,0.0546285714285714,0.33,0.16306,0.06956999999999999
2023-01-03 15:00:00,0.0183333333333333,564.59,0.54097,91,0.0142828571428571,0.33,0.16641999999999998,0.06956999999999999
2023-01-03 16:00:00,0.0183333333333333,559.66,0.5854199999999999,91,0.0004223809523809,0.33,0.16959,0.06956999999999999
2023-01-03 17:00:00,0.0183333333333333,556.64,0.636165,91,0.0,0.33,0.16585,0.06956999999999999
2023-01-03 18:00:00,0.0216666666666666,547.63,0.5350699999999999,91,0.0,0.33,0.16823,0.06956999999999999
2023-01-03 19:00:00,0.02,537.25,0.2700299999999999,91,0.0,0.33,0.16099000000000002,0.06956999999999999
2023-01-03 20:00:00,0.0183333333333333,536.38,0.0905199999999999,91,0.0,0.33,0.14962,0.06956999999999999
2023-01-03 21:00:00,0.0183333333333333,530.44,0.03929,91,0.0,0.33,0.13503,0.06956999999999999
2023-01-03 22:00:00,0.0166666666666666,516.67,0.0171249999999999,91,0.0,0.33,0.11903,0.06956999999999999
2023-01-03 23:00:00,0.0183333333333333,515.98,0.078815,91,0.0,0.33,0.10495,0.06956999999999999
2023-01-04 00:00:00,0.02,479.1,0.11102,91,0.0,0.33,0.09034,0.06956999999999999
2023-01-04 01:00:00,0.0166666666666666,446.83,0.1004649999999999,91,0.0,0.33,0.08001000000000001,0.06956999999999999
2023-01-04 02:00:00,0.02,448.12,0.110695,91,0.0,0.33,0.07787000000000001,0.06956999999999999
2023-01-04 03:00:00,0.0166666666666666,459.85,0.12211,91,0.0,0.33,0.062380000000000005,0.06956999999999999
2023-01-04 04:00:00,0.0133333333333333,480.64,0.23197,91,0.0,0.33,0.08001000000000001,0.06956999999999999
2023-01-04 05:00:00,0.02,499.31,0.441905,91,0.0,0.33,0.08843999999999999,0.06956999999999999
2023-01-04 06:00:00,0.0166666666666666,504.34,0.686945,91,0.0,0.33,0.10748,0.06956999999999999
2023-01-04 07:00:00,0.02,495.34,0.93713,91,0.0,0.33,0.13233,0.06956999999999999
2023-01-04 08:00:00,0.02,487.82,0.94491,91,0.0062695238095238,0.33,0.135,0.06956999999999999
2023-01-04 09:00:00,0.02,474.76,0.845065,91,0.0515919047619047,0.33,0.13309,0.06956999999999999
2023-01-04 10:00:00,0.0183333333333333,473.19,0.7691849999999999,91,0.1285338095238095,0.33,0.125,0.06956999999999999
2023-01-04 11:00:00,0.0166666666666666,479.26,0.638495,91,0.206147619047619,0.33,0.12337999999999999,0.06956999999999999
2023-01-04 12:00:00,0.0083333333333333,480.78,0.553285,91,0.1921819047619047,0.33,0.12966999999999998,0.06956999999999999
2023-01-04 13:00:00,0.0033333333333333,483.78,0.42968,91,0.1453466666666666,0.33,0.12092,0.06956999999999999
2023-01-04 14:00:00,0.0066666666666666,486.2,0.38396,91,0.0893490476190476,0.33,0.12154999999999999,0.06956999999999999
2023-01-04 15:00:00,0.0066666666666666,491.51,0.430235,91,0.0192090476190476,0.33,0.11529,0.06956999999999999
2023-01-04 16:00:00,0.0066666666666666,486.21,0.4818499999999999,91,0.0007295238095238,0.33,0.12143000000000001,0.06956999999999999
2023-01-04 17:00:00,0.0041666666666666,491.13,0.59309,91,0.0,0.33,0.15688,0.06956999999999999
2023-01-04 18:00:00,0.0041666666666666,492.83,0.5429499999999999,91,0.0,0.33,0.13358,0.06956999999999999
2023-01-04 19:00:00,0.005,504.8,0.273845,91,0.0,0.33,0.15583000000000002,0.06956999999999999
2023-01-04 20:00:00,0.0083333333333333,501.3,0.0918249999999999,91,0.0,0.33,0.15314,0.06956999999999999
2023-01-04 21:00:00,0.0066666666666666,503.78,0.0349299999999999,91,0.0,0.33,0.14969,0.06956999999999999
2023-01-04 22:00:00,0.0025,483.99,0.039085,91,0.0,0.33,0.15009,0.06956999999999999
2023-01-04 23:00:00,0.005,510.46,0.09525,91,0.0,0.33,0.10503,0.06956999999999999
2023-01-05 00:00:00,0.005,475.02,0.113045,91,0.0,0.33,0.11227,0.06956999999999999
2023-01-05 01:00:00,0.0008333333333333,475.12,0.11551,91,0.0,0.33,0.11785,0.06956999999999999
2023-01-05 02:00:00,0.0041666666666666,459.77,0.15424,91,0.0,0.33,0.10417,0.06956999999999999
2023-01-05 03:00:00,0.0041666666666666,458.61,0.16656,91,0.0,0.33,0.05607,0.06956999999999999
2023-01-05 04:00:00,0.0066666666666666,476.78,0.15355,91,0.0,0.33,0.09074,0.06956999999999999
2023-01-05 05:00:00,0.0066666666666666,510.91,0.4436549999999999,91,0.0,0.33,0.11343,0.06956999999999999
2023-01-05 06:00:00,0.0033333333333333,524.2,0.94449,91,0.0,0.33,0.12027,0.06956999999999999
2023-01-05 07:00:00,0.0066666666666666,527.95,1.09879,91,0.0,0.33,0.15,0.06956999999999999
2023-01-05 08:00:00,0.0066666666666666,521.83,0.97756,91,0.0127495238095238,0.33,0.15372999999999998,0.06956999999999999
2023-01-05 09:00:00,0.005,510.07,0.8574799999999999,91,0.0386623809523809,0.33,0.14497,0.06956999999999999
2023-01-05 10:00:00,0.0033333333333333,502.26,0.7729550000000001,91,0.0373828571428571,0.33,0.14003,0.06956999999999999
2023-01-05 11:00:00,0.0066666666666666,499.12,0.725585,91,0.0150638095238095,0.33,0.14425,0.06956999999999999
2023-01-05 12:00:00,0.0066666666666666,497.7,0.58387,91,0.0118261904761904,0.33,0.1422,0.06956999999999999
2023-01-05 13:00:00,0.0066666666666666,503.11,0.490155,91,0.010587619047619,0.33,0.14271999999999999,0.06956999999999999
2023-01-05 14:00:00,0.0116666666666666,509.55,0.4487799999999999,91,0.0046471428571428,0.33,0.15103,0.06956999999999999
2023-01-05 15:00:00,0.0233333333333333,514.58,0.4048299999999998,91,0.0014266666666666,0.33,0.15947999999999998,0.06956999999999999
2023-01-05 16:00:00,0.0249999999999999,511.96,0.4390449999999999,91,0.0,0.33,0.17273,0.06956999999999999
2023-01-05 17:00:00,0.0249999999999999,515.67,0.4718499999999999,91,0.0,0.33,0.19341999999999998,0.06956999999999999
2023-01-05 18:00:00,0.0249999999999999,520.72,0.4007699999999999,91,0.0,0.33,0.19466999999999998,0.06956999999999999
2023-01-05 19:00:00,0.0249999999999999,523.45,0.1948649999999999,91,0.0,0.33,0.17798,0.06956999999999999
2023-01-05 20:00:00,0.0249999999999999,526.69,0.0719549999999999,91,0.0,0.33,0.16399,0.06956999999999999
2023-01-05 21:00:00,0.0233333333333333,528.19,0.0347499999999999,91,0.0,0.33,0.152,0.06956999999999999
2023-01-05 22:00:00,0.0249999999999999,528.17,0.00128,91,0.0,0.33,0.14464,0.06956999999999999
2023-01-05 23:00:00,0.0233333333333333,548.06,0.0359549999999999,91,0.0,0.33,0.127,0.06956999999999999
2023-01-06 00:00:00,0.0249999999999999,552.75,0.0663899999999999,91,0.0,0.33,0.10721,0.06956999999999999
2023-01-06 01:00:00,0.0249999999999999,545.2,0.081885,91,0.0,0.33,0.1011,0.06956999999999999
2023-01-06 02:00:00,0.0249999999999999,526.86,0.0971999999999999,91,0.0,0.33,0.09673000000000001,0.06956999999999999
2023-01-06 03:00:00,0.0233333333333333,514.67,0.1237799999999998,91,0.0,0.33,0.08272,0.06956999999999999
2023-01-06 04:00:00,0.0249999999999999,525.15,0.1571699999999999,91,0.0,0.33,0.08499,0.06956999999999999
2023-01-06 05:00:00,0.0233333333333333,542.28,0.409265,91,0.0,0.33,0.09026,0.06956999999999999
2023-01-06 06:00:00,0.0249999999999999,550.6,0.7449499999999999,91,0.0,0.33,0.10076,0.06956999999999999
2023-01-06 07:00:00,0.0249999999999999,539.92,0.925885,91,0.0,0.33,0.12333,0.06956999999999999
2023-01-06 08:00:00,0.0249999999999999,529.8,0.916085,91,0.0,0.33,0.12738,0.06956999999999999
2023-01-06 09:00:00,0.0266666666666666,523.65,0.769215,91,0.0,0.33,0.12827000000000002,0.06956999999999999
2023-01-06 10:00:00,0.0233333333333333,520.5,0.70031,91,0.0,0.33,0.12489,0.06956999999999999
2023-01-06 11:00:00,0.0266666666666666,527.44,0.6636650000000001,91,0.0,0.33,0.11769,0.06956999999999999
2023-01-06 12:00:00,0.0249999999999999,521.79,0.60983,91,0.0,0.33,0.11777,0.06956999999999999
2023-01-06 13:00:00,0.0233333333333333,529.77,0.4564999999999999,91,0.0,0.33,0.11338,0.06956999999999999
2023-01-06 14:00:00,0.0249999999999999,539.97,0.2944,91,0.0,0.33,0.12784,0.06956999999999999
2023-01-06 15:00:00,0.0249999999999999,541.25,0.121535,91,0.0,0.33,0.13809,0.06956999999999999
2023-01-06 16:00:00,0.0266666666666666,533.85,0.0014,91,0.0,0.33,0.14528,0.06956999999999999
2023-01-06 17:00:00,0.0249999999999999,532.65,0.00031,91,0.0,0.33,0.15593,0.06956999999999999
2023-01-06 18:00:00,0.0216666666666666,537.58,0.0,91,0.0,0.33,0.1635,0.06956999999999999
2023-01-06 19:00:00,0.0266666666666666,536.39,0.0,91,0.0,0.33,0.14674,0.06956999999999999
2023-01-06 20:00:00,0.0233333333333333,543.38,0.0,91,0.0,0.33,0.13927,0.06956999999999999
2023-01-06 21:00:00,0.0233333333333333,535.73,0.0,91,0.0,0.33,0.12999000000000002,0.06956999999999999
2023-01-06 22:00:00,0.0249999999999999,535.53,0.0,91,0.0,0.33,0.12994,0.06956999999999999
2023-01-06 23:00:00,0.0249999999999999,509.76,0.0,91,0.0,0.33,0.12121,0.06956999999999999
2023-01-07 00:00:00,0.0249999999999999,498.86,0.0,91,0.0,0.33,0.10102,0.06956999999999999
2023-01-07 01:00:00,0.0233333333333333,501.66,0.0,91,0.0,0.33,0.10092,0.06956999999999999
2023-01-07 02:00:00,0.0233333333333333,510.21,0.0,91,0.0,0.33,0.09634000000000001,0.06956999999999999
2023-01-07 03:00:00,0.0249999999999999,501.81,0.0,91,0.0,0.33,0.08943000000000001,0.06956999999999999
2023-01-07 04:00:00,0.0249999999999999,500.95,0.0,91,0.0,0.33,0.08501,0.06956999999999999
2023-01-07 05:00:00,0.0233333333333333,497.98,0.0,91,0.0,0.33,0.08696,0.06956999999999999
2023-01-07 06:00:00,0.0249999999999999,492.32,0.0,91,0.0,0.33,0.09741,0.06956999999999999
2023-01-07 07:00:00,0.0249999999999999,489.88,0.0,91,0.0,0.33,0.10321,0.06956999999999999
2023-01-07 08:00:00,0.0266666666666666,466.21,0.0,91,0.0,0.33,0.12866,0.06956999999999999
2023-01-07 09:00:00,0.0233333333333333,468.62,0.0,91,0.0,0.33,0.13571,0.06956999999999999
2023-01-07 10:00:00,0.0249999999999999,457.08,0.0,91,0.0,0.33,0.12608,0.06956999999999999
2023-01-07 11:00:00,0.0266666666666666,456.15,0.0,91,0.0822390977443609,0.33,0.12297,0.06956999999999999
2023-01-07 12:00:00,0.0249999999999999,451.71,0.0,91,0.0629271428571428,0.33,0.12,0.06956999999999999
2023-01-07 13:00:00,0.0249999999999999,458.97,0.0,91,0.0378438095238095,0.33,0.11714,0.06956999999999999
2023-01-07 14:00:00,0.0249999999999999,472.82,0.0,91,0.0482085714285714,0.33,0.12224,0.06956999999999999
2023-01-07 15:00:00,0.0249999999999999,481.42,0.0,91,0.0378423809523809,0.33,0.12358,0.06956999999999999
2023-01-07 16:00:00,0.0266666666666666,491.39,0.0,91,0.0015047619047619,0.33,0.09999,0.06956999999999999
2023-01-07 17:00:00,0.0249999999999999,498.94,0.0,91,0.0,0.33,0.10386,0.06956999999999999
2023-01-07 18:00:00,0.0233333333333333,483.65,0.0,91,0.0,0.33,0.115,0.06956999999999999
2023-01-07 19:00:00,0.0233333333333333,491.86,0.0,91,0.0,0.33,0.10482999999999999,0.06956999999999999
2023-01-07 20:00:00,0.0249999999999999,479.03,0.0,91,0.0,0.33,0.11,0.06956999999999999
2023-01-07 21:00:00,0.0249999999999999,468.37,0.0,91,0.0,0.33,0.09841,0.06956999999999999
2023-01-07 22:00:00,0.0249999999999999,453.37,0.0,91,0.0,0.33,0.09874,0.06956999999999999
2023-01-07 23:00:00,0.0233333333333333,432.84,0.0,91,0.0,0.33,0.07027,0.06956999999999999
2023-01-08 00:00:00,0.0249999999999999,423.14,0.0,91,0.0,0.33,0.057659999999999996,0.06956999999999999
2023-01-08 01:00:00,0.0233333333333333,413.59,0.0,91,0.0,0.33,0.05882,0.06956999999999999
2023-01-08 02:00:00,0.0249999999999999,412.29,0.0,91,0.0,0.33,0.05171,0.06956999999999999
2023-01-08 03:00:00,0.0249999999999999,418.28,0.0,91,0.0,0.33,0.03915,0.06956999999999999
2023-01-08 04:00:00,0.0233333333333333,423.19,0.0,91,0.0,0.33,0.05025,0.06956999999999999
2023-01-08 05:00:00,0.0233333333333333,438.25,0.0,91,0.0,0.33,0.04978,0.06956999999999999
2023-01-08 06:00:00,0.0266666666666666,437.39,0.0,91,0.0,0.33,0.0554,0.06956999999999999
2023-01-08 07:00:00,0.0233333333333333,441.7,0.0,91,0.0,0.33,0.06286,0.06956999999999999
2023-01-08 08:00:00,0.0249999999999999,439.58,0.0,91,0.0058171428571428,0.33,0.07901000000000001,0.06956999999999999
2023-01-08 09:00:00,0.0249999999999999,456.01,0.0,91,0.0258738095238095,0.33,0.09755,0.06956999999999999
2023-01-08 10:00:00,0.0249999999999999,464.48,0.0,91,0.0334285714285714,0.33,0.1024,0.06956999999999999
2023-01-08 11:00:00,0.0233333333333333,470.14,0.0,91,0.0414695238095238,0.33,0.10387,0.06956999999999999
2023-01-08 12:00:00,0.0249999999999999,470.56,0.0,91,0.0559723809523809,0.33,0.10169,0.06956999999999999
2023-01-08 13:00:00,0.0249999999999999,476.5,0.0,91,0.0812514285714285,0.33,0.099,0.06956999999999999
2023-01-08 14:00:00,0.0249999999999999,483.01,0.0,91,0.0545499999999999,0.33,0.10429000000000001,0.06956999999999999
2023-01-08 15:00:00,0.0249999999999999,493.29,0.0,91,0.0225223809523809,0.33,0.10790999999999999,0.06956999999999999
2023-01-08 16:00:00,0.0249999999999999,493.54,0.0,91,0.000545238095238,0.33,0.1256,0.06956999999999999
2023-01-08 17:00:00,0.0249999999999999,497.24,0.0,91,0.0,0.33,0.13398,0.06956999999999999
2023-01-08 18:00:00,0.0249999999999999,498.8,0.0,91,0.0,0.33,0.12783,0.06956999999999999
2023-01-08 19:00:00,0.0233333333333333,497.38,0.0,91,0.0,0.33,0.11968000000000001,0.06956999999999999
2023-01-08 20:00:00,0.0249999999999999,513.5,0.0,91,0.0,0.33,0.12,0.06956999999999999
2023-01-08 21:00:00,0.0249999999999999,506.56,0.0,91,0.0,0.33,0.10604999999999999,0.06956999999999999
2023-01-08 22:00:00,0.0249999999999999,499.61,0.0,91,0.0,0.33,0.10024,0.06956999999999999
2023-01-08 23:00:00,0.0249999999999999,483.26,0.0,91,0.0,0.33,0.08134999999999999,0.06956999999999999
2023-01-09 00:00:00,0.0233333333333333,463.95,0.0,91,0.0,0.33,0.07513,0.06956999999999999
2023-01-09 01:00:00,0.0233333333333333,464.6,0.0,91,0.0,0.33,0.06437999999999999,0.06956999999999999
2023-01-09 02:00:00,0.0233333333333333,457.48,0.0,91,0.0,0.33,0.06028,0.06956999999999999
2023-01-09 03:00:00,0.0249999999999999,473.22,0.36511,91,0.0,0.33,0.039409999999999994,0.06956999999999999
2023-01-09 04:00:00,0.0233333333333333,502.53,0.999955,91,0.0,0.33,0.0492,0.06956999999999999
2023-01-09 05:00:00,0.0249999999999999,532.51,1.23872,91,0.0,0.33,0.07526000000000001,0.06956999999999999
2023-01-09 06:00:00,0.0249999999999999,538.99,1.030475,91,0.0,0.33,0.11336,0.06956999999999999
2023-01-09 07:00:00,0.0266666666666666,530.89,0.98007,91,0.0,0.33,0.16496,0.06956999999999999
2023-01-09 08:00:00,0.0216666666666666,526.71,1.0746,91,0.0088447619047619,0.33,0.18,0.06956999999999999
2023-01-09 09:00:00,0.0249999999999999,522.26,1.00376,91,0.0770452380952381,0.33,0.1784,0.06956999999999999
2023-01-09 10:00:00,0.0249999999999999,525.4,0.92544,91,0.1401819047619047,0.33,0.16612000000000002,0.06956999999999999
2023-01-09 11:00:00,0.0233333333333333,525.3,0.85426,91,0.1509938095238095,0.33,0.16999,0.06956999999999999
2023-01-09 12:00:00,0.0249999999999999,537.05,0.80525,91,0.2599047619047619,0.33,0.15915,0.06956999999999999
2023-01-09 13:00:00,0.0249999999999999,541.8,0.795435,91,0.2263723809523809,0.33,0.15872,0.06956999999999999
2023-01-09 14:00:00,0.0216666666666666,545.71,0.7504049999999999,91,0.0661685714285714,0.33,0.15982,0.06956999999999999
2023-01-09 15:00:00,0.02,549.06,0.7779799999999999,91,0.0285123809523809,0.33,0.16749,0.06956999999999999
2023-01-09 16:00:00,0.0116666666666666,536.56,0.962985,91,0.0019009523809523,0.33,0.17466,0.06956999999999999
2023-01-09 17:00:00,0.0116666666666666,539.14,0.999995,91,0.0,0.33,0.17593,0.06956999999999999
2023-01-09 18:00:00,0.0133333333333333,534.4,0.7660450000000001,91,0.0,0.33,0.18218,0.06956999999999999
2023-01-09 19:00:00,0.0116666666666666,541.52,0.3848,91,0.0,0.33,0.1758,0.06956999999999999
2023-01-09 20:00:00,0.0116666666666666,538.15,0.13946,91,0.0,0.33,0.16422,0.06956999999999999
2023-01-09 21:00:00,0.0133333333333333,536.93,0.068215,91,0.0,0.33,0.14034,0.06956999999999999
2023-01-09 22:00:00,0.0116666666666666,531.18,0.0966899999999999,91,0.0,0.33,0.132,0.06956999999999999
2023-01-09 23:00:00,0.0116666666666666,528.92,0.1726499999999999,91,0.0,0.33,0.10831,0.06956999999999999
2023-01-10 00:00:00,0.0116666666666666,512.47,0.2631149999999999,91,0.0,0.33,0.1061,0.06956999999999999
2023-01-10 01:00:00,0.0133333333333333,502.96,0.291555,91,0.0,0.33,0.09647,0.06956999999999999
2023-01-10 02:00:00,0.0116666666666666,499.51,0.24421,91,0.0,0.33,0.09462999999999999,0.06956999999999999
2023-01-10 03:00:00,0.0116666666666666,500.51,0.2479899999999999,91,0.0,0.33,0.0907,0.06956999999999999
2023-01-10 04:00:00,0.0116666666666666,518.54,0.2674799999999999,91,0.0,0.33,0.09564,0.06956999999999999
2023-01-10 05:00:00,0.0116666666666666,534.42,0.65693,91,0.0,0.33,0.10859999999999999,0.06956999999999999
2023-01-10 06:00:00,0.01,523.37,1.189315,91,0.0,0.33,0.14277,0.06956999999999999
2023-01-10 07:00:00,0.0116666666666666,517.72,1.30408,91,0.000147619047619,0.33,0.16766999999999999,0.06956999999999999
2023-01-10 08:00:00,0.01,520.13,1.1830550000000002,91,0.0254542857142857,0.33,0.17433,0.06956999999999999
2023-01-10 09:00:00,0.0,511.15,1.1209749999999998,91,0.0965761904761904,0.33,0.16949,0.06956999999999999
2023-01-10 10:00:00,0.0,510.41,1.04286,91,0.1631033333333333,0.33,0.16516,0.06956999999999999
2023-01-10 11:00:00,0.0,512.29,0.877865,91,0.2906304761904761,0.33,0.15900999999999998,0.06956999999999999
2023-01-10 12:00:00,0.0,508.16,0.8081450000000001,91,0.0658923809523809,0.33,0.15499000000000002,0.06956999999999999
2023-01-10 13:00:00,0.0,516.95,0.757005,91,0.0581190476190476,0.33,0.15543,0.06956999999999999
2023-01-10 14:00:00,0.0,522.95,0.7054650000000001,91,0.0814785714285714,0.33,0.15822999999999998,0.06956999999999999
2023-01-10 15:00:00,0.0,529.34,0.65329,91,0.0509066666666666,0.33,0.15883,0.06956999999999999
2023-01-10 16:00:00,0.0,524.54,0.64969,91,0.0027933333333333,0.33,0.15759,0.06956999999999999
2023-01-10 17:00:00,0.0,519.09,0.737445,91,0.0,0.33,0.16094,0.06956999999999999
2023-01-10 18:00:00,0.0,527.69,0.617845,91,0.0,0.33,0.15524000000000002,0.06956999999999999
2023-01-10 19:00:00,0.0,530.08,0.3084849999999999,91,0.0,0.33,0.14856999999999998,0.06956999999999999
2023-01-10 20:00:00,0.0,529.06,0.1174349999999999,91,0.0,0.33,0.13678,0.06956999999999999
2023-01-10 21:00:00,0.0,532.65,0.0442399999999999,91,0.0,0.33,0.11406000000000001,0.06956999999999999
2023-01-10 22:00:00,0.0,491.25,0.03442,91,0.0,0.33,0.10418000000000001,0.06956999999999999
2023-01-10 23:00:00,0.0,463.36,0.0714249999999999,91,0.0,0.33,0.06783,0.06956999999999999
2023-01-11 00:00:00,0.0,458.52,0.1111249999999999,91,0.0,0.33,0.01948,0.06956999999999999
2023-01-11 01:00:00,0.0,455.88,0.17195,91,0.0,0.33,0.00543,0.06956999999999999
2023-01-11 02:00:00,0.0,448.69,0.183065,91,0.0,0.33,0.00791,0.06956999999999999
2023-01-11 03:00:00,0.0,455.88,0.22575,91,0.0,0.33,0.00196,0.06956999999999999
2023-01-11 04:00:00,0.0,465.33,0.27082,91,0.0,0.33,0.01515,0.06956999999999999
2023-01-11 05:00:00,0.0,497.24,0.60095,91,0.0,0.33,0.057,0.06956999999999999
2023-01-11 06:00:00,0.0,515.23,1.26615,91,0.0,0.33,0.1139,0.06956999999999999
2023-01-11 07:00:00,0.0,519.35,1.421315,91,0.0,0.33,0.15541,0.06956999999999999
2023-01-11 08:00:00,0.0,509.82,1.23617,91,0.0009304761904761,0.33,0.16602,0.06956999999999999
2023-01-11 09:00:00,0.0,499.11,1.16953,91,0.0041723809523809,0.33,0.17757,0.06956999999999999
2023-01-11 10:00:00,0.0133333333333333,496.88,1.073535,91,0.0147046004842614,0.33,0.16121000000000002,0.06956999999999999
2023-01-11 11:00:00,0.0249999999999999,497.73,0.954485,91,0.0205395238095238,0.33,0.15602000000000002,0.06956999999999999
2023-01-11 12:00:00,0.0266666666666666,506.68,0.8019050000000001,91,0.0361933333333333,0.33,0.15783000000000003,0.06956999999999999
2023-01-11 13:00:00,0.0249999999999999,513.36,0.7768799999999999,91,0.0246242857142857,0.33,0.14303,0.06956999999999999
2023-01-11 14:00:00,0.0333333333333333,525.14,0.8750849999999999,91,0.0178733333333333,0.33,0.14784,0.06956999999999999
2023-01-11 15:00:00,0.0249999999999999,528.61,0.90257,91,0.0089285714285714,0.33,0.14816,0.06956999999999999
2023-01-11 16:00:00,0.0249999999999999,528.46,0.901345,91,0.0003161904761904,0.33,0.15311000000000002,0.06956999999999999
2023-01-11 17:00:00,0.02,530.08,0.60349,91,0.0,0.33,0.15797,0.06956999999999999
2023-01-11 18:00:00,0.0166666666666666,528.06,0.2908399999999999,91,0.0,0.33,0.15522,0.06956999999999999
2023-01-11 19:00:00,0.0166666666666666,530.92,0.4654449999999999,91,0.0,0.33,0.156,0.06956999999999999
2023-01-11 20:00:00,0.0166666666666666,516.88,0.3258149999999999,91,0.0,0.33,0.14614,0.06956999999999999
2023-01-11 21:00:00,0.0133333333333333,497.22,0.01413,91,0.0,0.33,0.12800999999999998,0.06956999999999999
2023-01-11 22:00:00,0.0083333333333333,486.57,0.09441,91,0.0,0.33,0.12378,0.06956999999999999
2023-01-11 23:00:00,0.0016666666666666,448.81,0.1529149999999999,91,0.0,0.33,0.10332,0.06956999999999999
2023-01-12 00:00:00,0.0,439.31,0.1863849999999999,91,0.0,0.33,0.077,0.06956999999999999
2023-01-12 01:00:00,0.0,440.41,0.274815,91,0.0,0.33,0.08019,0.06956999999999999
2023-01-12 02:00:00,0.0,436.68,0.2994349999999999,91,0.0,0.33,0.061149999999999996,0.06956999999999999
2023-01-12 03:00:00,0.0,433.76,0.28362,91,0.0,0.33,0.06171,0.06956999999999999
2023-01-12 04:00:00,0.0,457.38,0.270165,91,0.0,0.33,0.06001,0.06956999999999999
2023-01-12 05:00:00,0.0,475.33,0.56903,91,0.0,0.33,0.07825,0.06956999999999999
2023-01-12 06:00:00,0.0,484.9,1.14553,91,0.0,0.33,0.13212000000000002,0.06956999999999999
2023-01-12 07:00:00,0.0,483.57,1.305125,91,0.0,0.33,0.16,0.06956999999999999
2023-01-12 08:00:00,0.0,474.02,1.166275,91,0.0,0.33,0.15522,0.06956999999999999
2023-01-12 09:00:00,0.0,459.72,1.1342100000000002,91,0.0009214285714285,0.33,0.17001,0.06956999999999999
2023-01-12 10:00:00,0.0,452.71,1.069865,91,0.0070285714285714,0.33,0.15278,0.06956999999999999
2023-01-12 11:00:00,0.0,451.69,0.99039,91,0.0620385714285714,0.33,0.14462,0.06956999999999999
2023-01-12 12:00:00,0.0,461.81,0.883215,91,0.1188742857142857,0.33,0.13725,0.06956999999999999
2023-01-12 13:00:00,0.0,474.89,0.710725,91,0.1014495238095238,0.33,0.13979,0.06956999999999999
2023-01-12 14:00:00,0.0,485.47,0.6252350000000001,91,0.0891557142857142,0.33,0.135,0.06956999999999999
2023-01-12 15:00:00,0.0,496.07,0.6818750000000001,91,0.0460052380952381,0.33,0.12185,0.06956999999999999
2023-01-12 16:00:00,0.0,496.78,0.7603,91,0.0043095238095238,0.33,0.12276999999999999,0.06956999999999999
2023-01-12 17:00:00,0.0,503.96,0.82217,91,0.0,0.33,0.13484000000000002,0.06956999999999999
2023-01-12 18:00:00,0.0,502.78,0.7236549999999999,91,0.0,0.33,0.14705000000000001,0.06956999999999999
2023-01-12 19:00:00,0.0,501.4,0.35901,91,0.0,0.33,0.14234,0.06956999999999999
2023-01-12 20:00:00,0.0,493.32,0.109315,91,0.0,0.33,0.14358,0.06956999999999999
2023-01-12 21:00:00,0.0,490.57,0.0423449999999999,91,0.0,0.33,0.11331999999999999,0.06956999999999999
2023-01-12 22:00:00,0.0,444.25,0.0433399999999999,91,0.0,0.33,0.1027,0.06956999999999999
2023-01-12 23:00:00,0.0,439.79,0.07826,91,0.0,0.33,0.08056,0.06956999999999999
2023-01-13 00:00:00,0.0,425.66,0.104785,91,0.0,0.33,0.08774,0.06956999999999999
2023-01-13 01:00:00,0.0,421.89,0.15733,91,0.0,0.33,0.08070999999999999,0.06956999999999999
2023-01-13 02:00:00,0.0,412.7,0.180215,91,0.0,0.33,0.08599,0.06956999999999999
2023-01-13 03:00:00,0.0,407.44,0.273495,91,0.0,0.33,0.056229999999999995,0.06956999999999999
2023-01-13 04:00:00,0.0,447.06,0.336805,91,0.0,0.33,0.0632,0.06956999999999999
2023-01-13 05:00:00,0.0,451.69,0.568745,91,0.0,0.33,0.08120999999999999,0.06956999999999999
2023-01-13 06:00:00,0.005,468.53,1.09914,91,0.0,0.33,0.10103,0.06956999999999999
2023-01-13 07:00:00,0.0083333333333333,470.56,1.243945,91,0.000205238095238,0.33,0.13679,0.06956999999999999
2023-01-13 08:00:00,0.01,464.65,1.08173,91,0.0198,0.33,0.14112,0.06956999999999999
2023-01-13 09:00:00,0.0,447.34,1.0373949999999998,91,0.1126147619047619,0.33,0.13917,0.06956999999999999
2023-01-13 10:00:00,0.0,451.16,1.01029,91,0.2033695238095238,0.33,0.12868000000000002,0.06956999999999999
2023-01-13 11:00:00,0.0,453.1,0.934495,91,0.1509809523809523,0.33,0.1458,0.06956999999999999
2023-01-13 12:00:00,0.0,468.33,0.8016200000000001,91,0.2392995238095238,0.33,0.14822,0.06956999999999999
2023-01-13 13:00:00,0.0,477.31,0.6914250000000001,91,0.1870038095238095,0.33,0.12866999999999998,0.06956999999999999
2023-01-13 14:00:00,0.0,481.83,0.51454,91,0.1472523809523809,0.33,0.11946,0.06956999999999999
2023-01-13 15:00:00,0.0,482.84,0.187715,91,0.046697619047619,0.33,0.12331,0.06956999999999999
2023-01-13 16:00:00,0.0,490.23,0.00176,91,0.007145238095238,0.33,0.12947,0.06956999999999999
2023-01-13 17:00:00,0.0083333333333333,500.33,0.000395,91,0.0,0.33,0.1245,0.06956999999999999
2023-01-13 18:00:00,0.01,500.34,0.0,91,0.0,0.33,0.16935,0.06956999999999999
2023-01-13 19:00:00,0.0083333333333333,498.61,0.0,91,0.0,0.33,0.17087,0.06956999999999999
2023-01-13 20:00:00,0.0083333333333333,494.62,0.0,91,0.0,0.33,0.17298,0.06956999999999999
2023-01-13 21:00:00,0.01,484.84,0.0,91,0.0,0.33,0.13293000000000002,0.06956999999999999
2023-01-13 22:00:00,0.01,458.99,0.0,91,0.0,0.33,0.135,0.06956999999999999
2023-01-13 23:00:00,0.01,433.9,0.0,91,0.0,0.33,0.10823,0.06956999999999999
2023-01-14 00:00:00,0.0083333333333333,425.56,0.0,91,0.0,0.33,0.111,0.06956999999999999
2023-01-14 01:00:00,0.01,416.69,0.0,91,0.0,0.33,0.10806,0.06956999999999999
2023-01-14 02:00:00,0.0066666666666666,418.82,0.0,91,0.0,0.33,0.09118000000000001,0.06956999999999999
2023-01-14 03:00:00,0.0,415.17,0.0,91,0.0,0.33,0.08018,0.06956999999999999
2023-01-14 04:00:00,0.0,418.95,0.0,91,0.0,0.33,0.08001000000000001,0.06956999999999999
2023-01-14 05:00:00,0.0,426.31,0.0,91,0.0,0.33,0.08001000000000001,0.06956999999999999
2023-01-14 06:00:00,0.0,453.06,0.0,91,0.0,0.33,0.0793,0.06956999999999999
2023-01-14 07:00:00,0.0,431.55,0.0,91,0.0002966666666666,0.33,0.11139,0.06956999999999999
2023-01-14 08:00:00,0.0,418.34,0.0,91,0.0190109523809523,0.33,0.09370999999999999,0.06956999999999999
2023-01-14 09:00:00,0.0,388.09,0.34979,91,0.05994,0.33,0.12440000000000001,0.06956999999999999
2023-01-14 10:00:00,0.0,381.03,0.6958799999999999,91,0.1008166666666666,0.33,0.08619,0.06956999999999999
2023-01-14 11:00:00,0.0,387.58,0.4220649999999999,91,0.1212228571428571,0.33,0.09724,0.06956999999999999
2023-01-14 12:00:00,0.0,384.92,0.12572,91,0.1096219047619047,0.33,0.10837999999999999,0.06956999999999999
2023-01-14 13:00:00,0.0,412.3,0.1100849999999999,91,0.0841080952380952,0.33,0.09065999999999999,0.06956999999999999
2023-01-14 14:00:00,0.0,428.67,0.13384,91,0.0526790476190476,0.33,0.09405,0.06956999999999999
2023-01-14 15:00:00,0.0,419.32,0.11324,91,0.0262838095238095,0.33,0.07718000000000001,0.06956999999999999
2023-01-14 16:00:00,0.0,421.58,0.09018,91,0.00248,0.33,0.09951,0.06956999999999999
2023-01-14 17:00:00,0.0,416.81,0.10365,91,0.0,0.33,0.11419,0.06956999999999999
2023-01-14 18:00:00,0.0,418.67,0.089415,91,0.0,0.33,0.14121,0.06956999999999999
2023-01-14 19:00:00,0.0,414.4,0.07008,91,0.0,0.33,0.11701,0.06956999999999999
2023-01-14 20:00:00,0.0,389.53,0.055215,91,0.0,0.33,0.12364,0.06956999999999999
2023-01-14 21:00:00,0.0,396.39,0.065345,91,0.0,0.33,0.105,0.06956999999999999
2023-01-14 22:00:00,0.0,384.15,0.10515,91,0.0,0.33,0.11743,0.06956999999999999
2023-01-14 23:00:00,0.0,355.66,0.091835,91,0.0,0.33,0.07718000000000001,0.06956999999999999
2023-01-15 00:00:00,0.0,360.25,0.098705,91,0.0,0.33,0.02524,0.06956999999999999
2023-01-15 01:00:00,0.0,362.87,0.1365849999999999,91,0.0,0.33,0.04586,0.06956999999999999
2023-01-15 02:00:00,0.0,354.43,0.1243799999999999,91,0.0,0.33,0.02112,0.06956999999999999
2023-01-15 03:00:00,0.0,357.5,0.112775,91,0.0,0.33,0.00542,0.06956999999999999
2023-01-15 04:00:00,0.0,364.99,0.12543,91,0.0,0.33,0.00418,0.06956999999999999
2023-01-15 05:00:00,0.0,369.55,0.261665,91,0.0,0.33,0.0052699999999999995,0.06956999999999999
2023-01-15 06:00:00,0.0,371.71,0.2069949999999999,91,0.0,0.33,0.01716,0.06956999999999999
2023-01-15 07:00:00,0.0,398.7,0.1014649999999999,91,0.0,0.33,0.04421,0.06956999999999999
2023-01-15 08:00:00,0.0,416.49,0.15118,91,0.0072595238095238,0.33,0.1,0.06956999999999999
2023-01-15 09:00:00,0.0,417.29,0.1231749999999999,91,0.0424985714285714,0.33,0.13857,0.06956999999999999
2023-01-15 10:00:00,0.0,414.54,0.1129749999999999,91,0.1196114285714285,0.33,0.155,0.06956999999999999
2023-01-15 11:00:00,0.0,414.71,0.129385,91,0.0722771428571428,0.33,0.145,0.06956999999999999
2023-01-15 12:00:00,0.0,410.58,0.18554,91,0.0645619047619047,0.33,0.15409,0.06956999999999999
2023-01-15 13:00:00,0.0,411.86,0.234975,91,0.0573404761904761,0.33,0.125,0.06956999999999999
2023-01-15 14:00:00,0.0,420.31,0.27835,91,0.0258885714285714,0.33,0.11433,0.06956999999999999
2023-01-15 15:00:00,0.0,421.23,0.2757499999999999,91,0.0093071428571428,0.33,0.12,0.06956999999999999
2023-01-15 16:00:00,0.0,418.65,0.2409949999999999,91,0.0009171428571428,0.33,0.11842,0.06956999999999999
2023-01-15 17:00:00,0.0,414.87,0.24225,91,0.0,0.33,0.1456,0.06956999999999999
2023-01-15 18:00:00,0.0,409.69,0.278125,91,0.0,0.33,0.14,0.06956999999999999
2023-01-15 19:00:00,0.0,405.19,0.311795,91,0.0,0.33,0.155,0.06956999999999999
2023-01-15 20:00:00,0.0,403.03,0.251115,91,0.0,0.33,0.14312,0.06956999999999999
2023-01-15 21:00:00,0.0,412.14,0.281865,91,0.0,0.33,0.11649,0.06956999999999999
2023-01-15 22:00:00,0.0,385.69,0.3917299999999999,91,0.0,0.33,0.11802,0.06956999999999999
2023-01-15 23:00:00,0.0,392.12,0.3716649999999999,91,0.0,0.33,0.06633,0.06956999999999999
2023-01-16 00:00:00,0.0,403.96,0.363345,91,0.0,0.33,0.06001,0.06956999999999999
2023-01-16 01:00:00,0.0,423.81,0.40141,91,0.0,0.33,0.06001,0.06956999999999999
2023-01-16 02:00:00,0.0,447.94,0.437435,91,0.0,0.33,0.06272,0.06956999999999999
2023-01-16 03:00:00,0.0,476.68,0.95914,91,0.0,0.33,0.056100000000000004,0.06956999999999999
2023-01-16 04:00:00,0.0,515.53,1.2876,91,0.0,0.33,0.0633,0.06956999999999999
2023-01-16 05:00:00,0.0,549.77,1.27195,91,0.0,0.33,0.087,0.06956999999999999
2023-01-16 06:00:00,0.0,569.22,1.4697450000000003,91,0.0,0.33,0.15463,0.06956999999999999
2023-01-16 07:00:00,0.0,576.99,1.4957250000000002,91,0.0,0.33,0.17511000000000002,0.06956999999999999
2023-01-16 08:00:00,0.0,560.75,1.48307,91,0.00385664160401,0.33,0.18599000000000002,0.06956999999999999
2023-01-16 09:00:00,0.0,538.03,1.329155,91,0.0179238095238095,0.33,0.17,0.06956999999999999
2023-01-16 10:00:00,0.0,518.45,1.182735,91,0.0307242857142857,0.33,0.15843000000000002,0.06956999999999999
2023-01-16 11:00:00,0.0,521.71,1.112355,91,0.0468928571428571,0.33,0.1556,0.06956999999999999
2023-01-16 12:00:00,0.0,528.46,0.987075,91,0.0484238095238095,0.33,0.15211000000000002,0.06956999999999999
2023-01-16 13:00:00,0.0,546.59,0.8185250000000001,91,0.04251,0.33,0.15059,0.06956999999999999
2023-01-16 14:00:00,0.0,564.74,0.7674150000000001,91,0.0285547619047619,0.33,0.15177000000000002,0.06956999999999999
2023-01-16 15:00:00,0.0,566.6,0.8592650000000001,91,0.0095728571428571,0.33,0.15786,0.06956999999999999
2023-01-16 16:00:00,0.0,572.73,0.949585,91,0.0007290476190476,0.33,0.15786,0.06956999999999999
2023-01-16 17:00:00,0.0,571.11,0.98175,91,0.0,0.33,0.16679,0.06956999999999999
2023-01-16 18:00:00,0.0,570.19,0.8167249999999999,91,0.0,0.33,0.17371999999999999,0.06956999999999999
2023-01-16 19:00:00,0.0,575.46,0.427565,91,0.0,0.33,0.14624,0.06956999999999999
2023-01-16 20:00:00,0.0,580.6,0.12971,91,0.0,0.33,0.12833,0.06956999999999999
2023-01-16 21:00:00,0.0,575.1,0.0544399999999999,91,0.0,0.33,0.12832,0.06956999999999999
2023-01-16 22:00:00,0.0,568.12,0.1185399999999999,91,0.0,0.33,0.11906,0.06956999999999999
2023-01-16 23:00:00,0.0,574.67,0.200925,91,0.0,0.33,0.10313,0.06956999999999999
2023-01-17 00:00:00,0.0,568.16,0.2489299999999999,91,0.0,0.33,0.09683,0.06956999999999999
2023-01-17 01:00:00,0.0,563.72,0.3204349999999999,91,0.0,0.33,0.09359,0.06956999999999999
2023-01-17 02:00:00,0.0,558.83,0.29928,91,0.0,0.33,0.09115000000000001,0.06956999999999999
2023-01-17 03:00:00,0.0,566.32,0.27514,91,0.0,0.33,0.09071,0.06956999999999999
2023-01-17 04:00:00,0.0,581.16,0.2936199999999999,91,0.0,0.33,0.09273,0.06956999999999999
2023-01-17 05:00:00,0.0,598.48,0.7962899999999999,91,0.0,0.33,0.09916,0.06956999999999999
2023-01-17 06:00:00,0.0,583.1,1.30297,91,0.0,0.33,0.12236,0.06956999999999999
2023-01-17 07:00:00,0.0,581.49,1.329375,91,0.0,0.33,0.15036000000000002,0.06956999999999999
2023-01-17 08:00:00,0.0,559.93,1.333835,91,0.0069766666666666,0.33,0.15272999999999998,0.06956999999999999
2023-01-17 09:00:00,0.0,540.72,1.318545,91,0.0204466666666666,0.33,0.14675,0.06956999999999999
2023-01-17 10:00:00,0.0,535.24,1.228395,91,0.0413552380952381,0.33,0.13154,0.06956999999999999
2023-01-17 11:00:00,0.0,531.69,1.1798300000000002,91,0.0634219047619047,0.33,0.11952,0.06956999999999999
2023-01-17 12:00:00,0.0,537.45,1.074425,91,0.068547619047619,0.33,0.12673,0.06956999999999999
2023-01-17 13:00:00,0.0,565.63,0.907915,91,0.051635238095238,0.33,0.13268000000000002,0.06956999999999999
2023-01-17 14:00:00,0.0033333333333333,580.86,0.73352,91,0.0354419047619047,0.33,0.14934999999999998,0.06956999999999999
2023-01-17 15:00:00,0.0166666666666666,587.13,0.6906349999999999,91,0.0281571428571428,0.33,0.16633,0.06956999999999999
2023-01-17 16:00:00,0.015,588.57,0.8415499999999999,91,0.0022204761904761,0.33,0.18095,0.06956999999999999
2023-01-17 17:00:00,0.0183333333333333,585.75,0.8701099999999999,91,0.0,0.33,0.18947,0.06956999999999999
2023-01-17 18:00:00,0.015,583.73,0.7666050000000001,91,0.0,0.33,0.18178999999999998,0.06956999999999999
2023-01-17 19:00:00,0.0166666666666666,582.6,0.44058,91,0.0,0.33,0.17837999999999998,0.06956999999999999
2023-01-17 20:00:00,0.0183333333333333,580.2,0.139555,91,0.0,0.33,0.157,0.06956999999999999
2023-01-17 21:00:00,0.015,582.49,0.04707,91,0.0,0.33,0.14789,0.06956999999999999
2023-01-17 22:00:00,0.0166666666666666,583.95,0.07764,91,0.0,0.33,0.14251,0.06956999999999999
2023-01-17 23:00:00,0.0166666666666666,588.85,0.17687,91,0.0,0.33,0.12878,0.06956999999999999
2023-01-18 00:00:00,0.0166666666666666,589.94,0.178825,91,0.0,0.33,0.10294,0.06956999999999999
2023-01-18 01:00:00,0.01,589.72,0.174165,91,0.0,0.33,0.10697,0.06956999999999999
2023-01-18 02:00:00,0.0083333333333333,571.16,0.194095,91,0.0,0.33,0.10692,0.06956999999999999
2023-01-18 03:00:00,0.01,572.18,0.3455499999999999,91,0.0,0.33,0.09219,0.06956999999999999
2023-01-18 04:00:00,0.0083333333333333,578.51,0.33873,91,0.0,0.33,0.0998,0.06956999999999999
2023-01-18 05:00:00,0.0016666666666666,588.52,0.636695,91,0.0,0.33,0.10590000000000001,0.06956999999999999
2023-01-18 06:00:00,0.0,580.99,1.192125,91,0.0,0.33,0.15122,0.06956999999999999
2023-01-18 07:00:00,0.0,577.62,1.304805,91,0.0,0.33,0.17055,0.06956999999999999
2023-01-18 08:00:00,0.0,574.11,1.307205,91,0.0124209523809523,0.33,0.18944999999999998,0.06956999999999999
2023-01-18 09:00:00,0.0,570.58,1.286265,91,0.044427619047619,0.33,0.18449000000000002,0.06956999999999999
2023-01-18 10:00:00,0.0,571.73,1.12277,91,0.0935790476190476,0.33,0.16504,0.06956999999999999
2023-01-18 11:00:00,0.0,573.3,1.01011,91,0.1005090476190476,0.33,0.15713999999999997,0.06956999999999999
2023-01-18 12:00:00,0.0,573.61,1.1001800000000002,91,0.1572233333333333,0.33,0.14515,0.06956999999999999
2023-01-18 13:00:00,0.0,574.77,0.983245,91,0.2731938095238095,0.33,0.14783000000000002,0.06956999999999999
2023-01-18 14:00:00,0.0,572.03,0.63717,91,0.1439914285714285,0.33,0.15012,0.06956999999999999
2023-01-18 15:00:00,0.0033333333333333,567.07,0.9686,91,0.0462633333333333,0.33,0.15716999999999998,0.06956999999999999
2023-01-18 16:00:00,0.0366666666666666,563.8,1.61631,91,0.0069228571428571,0.33,0.15771000000000002,0.06956999999999999
2023-01-18 17:00:00,0.0366666666666666,563.03,1.503185,91,0.0,0.33,0.16512000000000002,0.06956999999999999
2023-01-18 18:00:00,0.0349999999999999,561.71,1.033405,91,0.0,0.33,0.16171000000000002,0.06956999999999999
2023-01-18 19:00:00,0.0366666666666666,567.95,0.536175,91,0.0,0.33,0.15097,0.06956999999999999
2023-01-18 20:00:00,0.0366666666666666,573.79,0.21306,91,0.0,0.33,0.13995,0.06956999999999999
2023-01-18 21:00:00,0.0366666666666666,580.22,0.23084,91,0.0,0.33,0.13275,0.06956999999999999
2023-01-18 22:00:00,0.0366666666666666,567.62,0.286595,91,0.0,0.33,0.13154,0.06956999999999999
2023-01-18 23:00:00,0.0349999999999999,561.86,0.3246599999999999,91,0.0,0.33,0.10578,0.06956999999999999
2023-01-19 00:00:00,0.0366666666666666,563.09,0.3740349999999999,91,0.0,0.33,0.10945999999999999,0.06956999999999999
2023-01-19 01:00:00,0.0366666666666666,562.98,0.3972499999999999,91,0.0,0.33,0.10005,0.06956999999999999
2023-01-19 02:00:00,0.0366666666666666,557.54,0.398325,91,0.0,0.33,0.09381,0.06956999999999999
2023-01-19 03:00:00,0.0333333333333333,548.93,0.40826,91,0.0,0.33,0.09082,0.06956999999999999
2023-01-19 04:00:00,0.0383333333333333,553.44,0.436475,91,0.0,0.33,0.0948,0.06956999999999999
2023-01-19 05:00:00,0.0366666666666666,582.17,0.99026,91,0.0,0.33,0.10385,0.06956999999999999
2023-01-19 06:00:00,0.0349999999999999,586.53,1.56363,91,0.0,0.33,0.1176,0.06956999999999999
2023-01-19 07:00:00,0.0383333333333333,583.85,1.5742,91,3.904761904761904e-05,0.33,0.14844,0.06956999999999999
2023-01-19 08:00:00,0.0333333333333333,578.5,1.58126,91,0.0133961904761904,0.33,0.15947,0.06956999999999999
2023-01-19 09:00:00,0.0366666666666666,567.68,1.5190399999999995,91,0.0460019047619047,0.33,0.14983000000000002,0.06956999999999999
2023-01-19 10:00:00,0.0366666666666666,564.92,1.4018500000000005,91,0.1224323809523809,0.33,0.15990000000000001,0.06956999999999999
2023-01-19 11:00:00,0.0349999999999999,568.22,1.318635,91,0.1700833333333333,0.33,0.15746000000000002,0.06956999999999999
2023-01-19 12:00:00,0.0366666666666666,578.2,1.282415,91,0.1505114285714285,0.33,0.15713,0.06956999999999999
2023-01-19 13:00:00,0.0349999999999999,578.52,1.2172349999999998,91,0.1475442857142857,0.33,0.16103,0.06956999999999999
2023-01-19 14:00:00,0.0383333333333333,580.15,1.12177,91,0.070247619047619,0.33,0.165,0.06956999999999999
2023-01-19 15:00:00,0.0349999999999999,583.47,1.08386,91,0.0289638095238095,0.33,0.18126,0.06956999999999999
2023-01-19 16:00:00,0.0366666666666666,585.11,1.077325,91,0.0044790476190476,0.33,0.18466,0.06956999999999999
2023-01-19 17:00:00,0.0366666666666666,582.91,1.149425,91,0.0,0.33,0.19313,0.06956999999999999
2023-01-19 18:00:00,0.0366666666666666,580.4,1.03366,91,0.0,0.33,0.19072999999999998,0.06956999999999999
2023-01-19 19:00:00,0.0366666666666666,583.0,0.556755,91,0.0,0.33,0.19144999999999998,0.06956999999999999
2023-01-19 20:00:00,0.0366666666666666,596.52,0.209745,91,0.0,0.33,0.17479,0.06956999999999999
2023-01-19 21:00:00,0.0366666666666666,588.39,0.274555,91,0.0,0.33,0.15832,0.06956999999999999
2023-01-19 22:00:00,0.04,586.45,0.345935,91,0.0,0.33,0.15103999999999998,0.06956999999999999
2023-01-19 23:00:00,0.0366666666666666,584.82,0.36418,91,0.0,0.33,0.13568,0.06956999999999999
2023-01-20 00:00:00,0.0383333333333333,575.33,0.425445,91,0.0,0.33,0.13951,0.06956999999999999
2023-01-20 01:00:00,0.0383333333333333,578.69,0.45534,91,0.0,0.33,0.13499,0.06956999999999999
2023-01-20 02:00:00,0.0383333333333333,569.8,0.49115,91,0.0,0.33,0.12006,0.06956999999999999
2023-01-20 03:00:00,0.0133333333333333,580.88,0.482485,91,0.0,0.33,0.11807,0.06956999999999999
2023-01-20 04:00:00,0.015,593.33,0.479705,91,0.0,0.33,0.13742,0.06956999999999999
2023-01-20 05:00:00,0.0116666666666666,609.02,1.050355,91,0.0,0.33,0.14568,0.06956999999999999
2023-01-20 06:00:00,0.0133333333333333,606.5,1.632485,91,0.0,0.33,0.17601,0.06956999999999999
2023-01-20 07:00:00,0.0133333333333333,598.87,1.67293,91,0.0007961904761904,0.33,0.20807,0.06956999999999999
2023-01-20 08:00:00,0.0116666666666666,594.81,1.676395,91,0.0206966666666666,0.33,0.23506,0.06956999999999999
2023-01-20 09:00:00,0.0133333333333333,593.54,1.632515,91,0.0996142857142857,0.33,0.22,0.06956999999999999
2023-01-20 10:00:00,0.0116666666666666,584.91,1.595175,91,0.2233619047619048,0.33,0.20984999999999998,0.06956999999999999
2023-01-20 11:00:00,0.0116666666666666,571.35,1.4738449999999998,91,0.2470109523809523,0.33,0.20147,0.06956999999999999
2023-01-20 12:00:00,0.0133333333333333,577.43,1.3205600000000002,91,0.2576423809523809,0.33,0.1899,0.06956999999999999
2023-01-20 13:00:00,0.0116666666666666,582.49,1.17106,91,0.1711909523809524,0.33,0.18216,0.06956999999999999
2023-01-20 14:00:00,0.015,581.56,1.087685,91,0.1503066666666666,0.33,0.18236000000000002,0.06956999999999999
2023-01-20 15:00:00,0.0333333333333333,582.37,1.14441,91,0.06905,0.33,0.192,0.06956999999999999
2023-01-20 16:00:00,0.04,585.52,1.18383,91,0.0102019047619047,0.33,0.2,0.06956999999999999
2023-01-20 17:00:00,0.0366666666666666,582.48,1.254775,91,0.0,0.33,0.20822,0.06956999999999999
2023-01-20 18:00:00,0.0349999999999999,576.45,1.12236,91,0.0,0.33,0.205,0.06956999999999999
2023-01-20 19:00:00,0.0349999999999999,567.17,0.60387,91,0.0,0.33,0.19862,0.06956999999999999
2023-01-20 20:00:00,0.0383333333333333,574.29,0.211855,91,0.0,0.33,0.16605,0.06956999999999999
2023-01-20 21:00:00,0.0349999999999999,573.96,0.20238,91,0.0,0.33,0.15077000000000002,0.06956999999999999
2023-01-20 22:00:00,0.0366666666666666,566.23,0.264175,91,0.0,0.33,0.14034,0.06956999999999999
2023-01-20 23:00:00,0.0349999999999999,538.66,0.272265,91,0.0,0.33,0.12884,0.06956999999999999
2023-01-21 00:00:00,0.0383333333333333,532.11,0.2918949999999999,91,0.0,0.33,0.12027,0.06956999999999999
2023-01-21 01:00:00,0.0349999999999999,543.79,0.28909,91,0.0,0.33,0.11205,0.06956999999999999
2023-01-21 02:00:00,0.0349999999999999,541.1,0.293465,91,0.0,0.33,0.12032,0.06956999999999999
2023-01-21 03:00:00,0.0366666666666666,548.69,0.33296,91,0.0,0.33,0.11481,0.06956999999999999
2023-01-21 04:00:00,0.0366666666666666,539.05,0.3412699999999999,91,0.0,0.33,0.11303,0.06956999999999999
2023-01-21 05:00:00,0.0349999999999999,565.17,0.473825,91,0.0,0.33,0.11216,0.06956999999999999
2023-01-21 06:00:00,0.0349999999999999,575.89,0.47069,91,0.0,0.33,0.11402,0.06956999999999999
2023-01-21 07:00:00,0.0366666666666666,571.72,0.3831149999999999,91,0.0,0.33,0.12924000000000002,0.06956999999999999
2023-01-21 08:00:00,0.0349999999999999,566.67,0.42135,91,0.0062304761904761,0.33,0.14041,0.06956999999999999
2023-01-21 09:00:00,0.0366666666666666,567.15,0.399835,91,0.0233080952380952,0.33,0.17059,0.06956999999999999
2023-01-21 10:00:00,0.0349999999999999,571.08,0.359475,91,0.0419538095238095,0.33,0.16111,0.06956999999999999
2023-01-21 11:00:00,0.0383333333333333,569.54,0.297475,91,0.0539795238095238,0.33,0.15264,0.06956999999999999
2023-01-21 12:00:00,0.0349999999999999,573.59,0.270805,91,0.0567028571428571,0.33,0.14322,0.06956999999999999
2023-01-21 13:00:00,0.0366666666666666,577.55,0.280175,91,0.0462961904761904,0.33,0.13249,0.06956999999999999
2023-01-21 14:00:00,0.0333333333333333,583.06,0.258655,91,0.0549804761904761,0.33,0.13175,0.06956999999999999
2023-01-21 15:00:00,0.0366666666666666,590.08,0.252435,91,0.0304647619047619,0.33,0.1359,0.06956999999999999
2023-01-21 16:00:00,0.0366666666666666,590.94,0.297855,91,0.0012590476190476,0.33,0.14422,0.06956999999999999
2023-01-21 17:00:00,0.0366666666666666,594.28,0.320125,91,0.0,0.33,0.17392,0.06956999999999999
2023-01-21 18:00:00,0.0366666666666666,600.0,0.310665,91,0.0,0.33,0.17893,0.06956999999999999
2023-01-21 19:00:00,0.0349999999999999,596.07,0.3026999999999999,91,0.0,0.33,0.14558000000000001,0.06956999999999999
2023-01-21 20:00:00,0.0366666666666666,596.22,0.2400299999999999,91,0.0,0.33,0.14029,0.06956999999999999
2023-01-21 21:00:00,0.0366666666666666,596.83,0.2304749999999999,91,0.0,0.33,0.13124,0.06956999999999999
2023-01-21 22:00:00,0.0366666666666666,596.17,0.31294,91,0.0,0.33,0.12676,0.06956999999999999
2023-01-21 23:00:00,0.0366666666666666,590.65,0.36084,91,0.0,0.33,0.11144,0.06956999999999999
2023-01-22 00:00:00,0.0366666666666666,584.27,0.35566,91,0.0,0.33,0.11854,0.06956999999999999
2023-01-22 01:00:00,0.0366666666666666,589.08,0.3686149999999999,91,0.0,0.33,0.11090000000000001,0.06956999999999999
2023-01-22 02:00:00,0.0349999999999999,571.81,0.3907749999999999,91,0.0,0.33,0.10865999999999999,0.06956999999999999
2023-01-22 03:00:00,0.0383333333333333,583.86,0.37341,91,0.0,0.33,0.10784999999999999,0.06956999999999999
2023-01-22 04:00:00,0.0366666666666666,600.67,0.406605,91,0.0,0.33,0.11028,0.06956999999999999
2023-01-22 05:00:00,0.0349999999999999,605.18,0.55558,91,0.0,0.33,0.11228,0.06956999999999999
2023-01-22 06:00:00,0.0366666666666666,614.45,0.507685,91,0.0,0.33,0.11259999999999999,0.06956999999999999
2023-01-22 07:00:00,0.0349999999999999,608.02,0.384875,91,1.285714285714286e-05,0.33,0.11781,0.06956999999999999
2023-01-22 08:00:00,0.0366666666666666,613.61,0.435745,91,0.0121985714285714,0.33,0.12993000000000002,0.06956999999999999
2023-01-22 09:00:00,0.0366666666666666,603.26,0.4697949999999999,91,0.0267361904761904,0.33,0.1404,0.06956999999999999
2023-01-22 10:00:00,0.0366666666666666,600.48,0.4723599999999999,91,0.0457838095238095,0.33,0.14772,0.06956999999999999
2023-01-22 11:00:00,0.0349999999999999,588.67,0.4335499999999999,91,0.0667785714285714,0.33,0.15697999999999998,0.06956999999999999
2023-01-22 12:00:00,0.0383333333333333,583.45,0.4555799999999999,91,0.0678623809523809,0.33,0.15854,0.06956999999999999
2023-01-22 13:00:00,0.0333333333333333,584.44,0.52124,91,0.0821680952380952,0.33,0.14478,0.06956999999999999
2023-01-22 14:00:00,0.0366666666666666,595.6,0.51564,91,0.0670214285714285,0.33,0.15253,0.06956999999999999
2023-01-22 15:00:00,0.0366666666666666,595.76,0.4864449999999999,91,0.0357523809523809,0.33,0.15511000000000003,0.06956999999999999
2023-01-22 16:00:00,0.0366666666666666,595.04,0.49352,91,0.0063719047619047,0.33,0.17103,0.06956999999999999
2023-01-22 17:00:00,0.0366666666666666,592.74,0.51221,91,0.0,0.33,0.19199000000000002,0.06956999999999999
2023-01-22 18:00:00,0.0383333333333333,594.27,0.544765,91,0.0,0.33,0.19815,0.06956999999999999
2023-01-22 19:00:00,0.0349999999999999,595.83,0.5525,91,0.0,0.33,0.19913,0.06956999999999999
2023-01-22 20:00:00,0.0349999999999999,596.62,0.410985,91,0.0,0.33,0.18034999999999998,0.06956999999999999
2023-01-22 21:00:00,0.0383333333333333,606.04,0.414585,91,0.0,0.33,0.16673,0.06956999999999999
2023-01-22 22:00:00,0.0366666666666666,613.61,0.5249800000000001,91,0.0,0.33,0.15896000000000002,0.06956999999999999
2023-01-22 23:00:00,0.0366666666666666,602.24,0.507185,91,0.0,0.33,0.14879,0.06956999999999999
2023-01-23 00:00:00,0.0383333333333333,588.15,0.5128149999999999,91,0.0,0.33,0.15,0.06956999999999999
2023-01-23 01:00:00,0.0366666666666666,600.03,0.510115,91,0.0,0.33,0.14223,0.06956999999999999
2023-01-23 02:00:00,0.0366666666666666,598.54,0.958515,91,0.0,0.33,0.15083000000000002,0.06956999999999999
2023-01-23 03:00:00,0.0349999999999999,609.04,1.272035,91,0.0,0.33,0.14931999999999998,0.06956999999999999
2023-01-23 04:00:00,0.0366666666666666,603.8,1.1979,91,0.0,0.33,0.15121,0.06956999999999999
2023-01-23 05:00:00,0.0349999999999999,592.27,1.3636349999999997,91,0.0,0.33,0.15172,0.06956999999999999
2023-01-23 06:00:00,0.0366666666666666,593.91,1.537735,91,0.0,0.33,0.19018000000000002,0.06956999999999999
2023-01-23 07:00:00,0.0366666666666666,584.64,1.5461350000000005,91,0.0007642857142857,0.33,0.22655,0.06956999999999999
2023-01-23 08:00:00,0.0366666666666666,589.12,1.47954,91,0.0242795238095238,0.33,0.25803,0.06956999999999999
2023-01-23 09:00:00,0.0383333333333333,584.34,1.5006050000000002,91,0.0430338095238095,0.33,0.27071,0.06956999999999999
2023-01-23 10:00:00,0.04,580.03,1.57079,91,0.0962885714285714,0.33,0.25056,0.06956999999999999
2023-01-23 11:00:00,0.0383333333333333,588.39,1.6344900000000002,91,0.0662338095238095,0.33,0.23069,0.06956999999999999
2023-01-23 12:00:00,0.0433333333333333,593.31,1.643505,91,0.1100347619047619,0.33,0.22138999999999998,0.06956999999999999
2023-01-23 13:00:00,0.0416666666666666,597.33,1.5905950000000002,91,0.0694885714285714,0.33,0.2196,0.06956999999999999
2023-01-23 14:00:00,0.0316666666666666,603.95,1.486175,91,0.079025238095238,0.33,0.22006,0.06956999999999999
2023-01-23 15:00:00,0.0416666666666666,603.11,1.41931,91,0.0516214285714285,0.33,0.21899000000000002,0.06956999999999999
2023-01-23 16:00:00,0.0416666666666666,591.64,1.409715,91,0.0078795238095238,0.33,0.22458,0.06956999999999999
2023-01-23 17:00:00,0.045,592.27,1.4089900000000002,91,0.0,0.33,0.2489,0.06956999999999999
2023-01-23 18:00:00,0.045,598.97,1.184955,91,0.0,0.33,0.24806999999999998,0.06956999999999999
2023-01-23 19:00:00,0.04,601.79,0.6753399999999999,91,0.0,0.33,0.22319,0.06956999999999999
2023-01-23 20:00:00,0.045,600.62,0.29706,91,0.0,0.33,0.20372,0.06956999999999999
2023-01-23 21:00:00,0.045,598.15,0.198515,91,0.0,0.33,0.18439,0.06956999999999999
2023-01-23 22:00:00,0.0416666666666666,601.73,0.29709,91,0.0,0.33,0.17224,0.06956999999999999
2023-01-23 23:00:00,0.045,595.15,0.3843749999999999,91,0.0,0.33,0.16519999999999999,0.06956999999999999
2023-01-24 00:00:00,0.0433333333333333,603.79,0.380005,91,0.0,0.33,0.16485,0.06956999999999999
2023-01-24 01:00:00,0.0416666666666666,607.59,0.410085,91,0.0,0.33,0.16015000000000001,0.06956999999999999
2023-01-24 02:00:00,0.0433333333333333,603.63,0.452785,91,0.0,0.33,0.15630000000000002,0.06956999999999999
2023-01-24 03:00:00,0.0416666666666666,594.52,0.4679199999999999,91,0.0,0.33,0.15036000000000002,0.06956999999999999
2023-01-24 04:00:00,0.0433333333333333,599.29,0.788425,91,0.0,0.33,0.15375,0.06956999999999999
2023-01-24 05:00:00,0.0433333333333333,609.73,1.336735,91,0.0,0.33,0.16404,0.06956999999999999
2023-01-24 06:00:00,0.0433333333333333,619.78,1.580445,91,0.0,0.33,0.18361000000000002,0.06956999999999999
2023-01-24 07:00:00,0.0433333333333333,615.83,1.593265,91,0.0006161904761904,0.33,0.21008000000000002,0.06956999999999999
2023-01-24 08:00:00,0.0366666666666666,610.51,1.649925,91,0.0244547619047619,0.33,0.2511,0.06956999999999999
2023-01-24 09:00:00,0.0283333333333333,604.37,1.71229,91,0.1158957142857142,0.33,0.25643,0.06956999999999999
2023-01-24 10:00:00,0.0249999999999999,603.19,1.691685,91,0.1389391534391534,0.33,0.23865999999999998,0.06956999999999999
2023-01-24 11:00:00,0.0266666666666666,600.01,1.5332549999999998,91,0.17854,0.33,0.22998,0.06956999999999999
2023-01-24 12:00:00,0.0283333333333333,602.61,1.31674,91,0.146037619047619,0.33,0.21791999999999997,0.06956999999999999
2023-01-24 13:00:00,0.0266666666666666,609.95,1.196395,91,0.1941128571428571,0.33,0.20605,0.06956999999999999
2023-01-24 14:00:00,0.0283333333333333,617.05,1.1017,91,0.1764166666666666,0.33,0.21564,0.06956999999999999
2023-01-24 15:00:00,0.0266666666666666,619.57,1.044555,91,0.0551428571428571,0.33,0.21812,0.06956999999999999
2023-01-24 16:00:00,0.0283333333333333,617.43,1.02691,91,0.0080438095238095,0.33,0.22458,0.06956999999999999
2023-01-24 17:00:00,0.0266666666666666,616.39,1.11665,91,0.0,0.33,0.25,0.06956999999999999
2023-01-24 18:00:00,0.0283333333333333,619.05,1.056485,91,0.0,0.33,0.25,0.06956999999999999
2023-01-24 19:00:00,0.0266666666666666,618.28,0.605865,91,0.0,0.33,0.23142,0.06956999999999999
2023-01-24 20:00:00,0.0283333333333333,618.16,0.24938,91,0.0,0.33,0.21462,0.06956999999999999
2023-01-24 21:00:00,0.0266666666666666,617.73,0.251195,91,0.0,0.33,0.18891,0.06956999999999999
2023-01-24 22:00:00,0.0266666666666666,620.86,0.3283,91,0.0,0.33,0.17589,0.06956999999999999
2023-01-24 23:00:00,0.0283333333333333,612.73,0.342895,91,0.0,0.33,0.16224,0.06956999999999999
2023-01-25 00:00:00,0.0283333333333333,604.41,0.36684,91,0.0,0.33,0.15136000000000002,0.06956999999999999
2023-01-25 01:00:00,0.0266666666666666,605.4,0.367855,91,0.0,0.33,0.15043,0.06956999999999999
2023-01-25 02:00:00,0.0266666666666666,605.95,0.35507,91,0.0,0.33,0.15056,0.06956999999999999
2023-01-25 03:00:00,0.0266666666666666,605.18,0.378505,91,0.0,0.33,0.14702,0.06956999999999999
2023-01-25 04:00:00,0.0266666666666666,604.31,0.476205,91,0.0,0.33,0.14598,0.06956999999999999
2023-01-25 05:00:00,0.0283333333333333,620.26,1.05205,91,0.0,0.33,0.15048,0.06956999999999999
2023-01-25 06:00:00,0.0266666666666666,622.22,1.535425,91,0.0,0.33,0.17137,0.06956999999999999
2023-01-25 07:00:00,0.0249999999999999,619.56,1.5022000000000002,91,0.0010157142857142,0.33,0.20056000000000002,0.06956999999999999
2023-01-25 08:00:00,0.0033333333333333,615.66,1.4774649999999998,91,0.0427166666666666,0.33,0.22504,0.06956999999999999
2023-01-25 09:00:00,0.0,618.42,1.42727,91,0.1303509523809523,0.33,0.225,0.06956999999999999
2023-01-25 10:00:00,0.015,619.07,1.3387199999999997,91,0.160837619047619,0.33,0.21242,0.06956999999999999
2023-01-25 11:00:00,0.0433333333333333,620.92,1.29506,91,0.1698761904761905,0.33,0.20098,0.06956999999999999
2023-01-25 12:00:00,0.0433333333333333,613.56,1.3108350000000002,91,0.2728723809523809,0.33,0.19319999999999998,0.06956999999999999
2023-01-25 13:00:00,0.0433333333333333,613.14,1.214405,91,0.2125914285714285,0.33,0.18519999999999998,0.06956999999999999
2023-01-25 14:00:00,0.0416666666666666,620.88,1.14154,91,0.1149309523809523,0.33,0.19183,0.06956999999999999
2023-01-25 15:00:00,0.0283333333333333,618.96,1.18917,91,0.0481704761904761,0.33,0.1973,0.06956999999999999
2023-01-25 16:00:00,0.03,615.0,1.16606,91,0.0083414285714285,0.33,0.19919,0.06956999999999999
2023-01-25 17:00:00,0.0333333333333333,609.86,1.156235,91,0.0,0.33,0.20649,0.06956999999999999
2023-01-25 18:00:00,0.0366666666666666,609.06,0.960915,91,0.0,0.33,0.20995,0.06956999999999999
2023-01-25 19:00:00,0.04,605.43,0.530775,91,0.0,0.33,0.19597,0.06956999999999999
2023-01-25 20:00:00,0.0416666666666666,610.27,0.24683,91,0.0,0.33,0.17664,0.06956999999999999
2023-01-25 21:00:00,0.0416666666666666,606.24,0.224945,91,0.0,0.33,0.16779,0.06956999999999999
2023-01-25 22:00:00,0.04,606.35,0.288495,91,0.0,0.33,0.16512000000000002,0.06956999999999999
2023-01-25 23:00:00,0.0416666666666666,614.8,0.30698,91,0.0,0.33,0.15494999999999998,0.06956999999999999
2023-01-26 00:00:00,0.04,620.24,0.3211599999999999,91,0.0,0.33,0.15,0.06956999999999999
2023-01-26 01:00:00,0.0416666666666666,619.36,0.3324499999999999,91,0.0,0.33,0.14135,0.06956999999999999
2023-01-26 02:00:00,0.04,624.72,0.340175,91,0.0,0.33,0.13788,0.06956999999999999
2023-01-26 03:00:00,0.04,622.89,0.3438049999999999,91,0.0,0.33,0.13534000000000002,0.06956999999999999
2023-01-26 04:00:00,0.04,622.15,0.36716,91,0.0,0.33,0.136,0.06956999999999999
2023-01-26 05:00:00,0.0416666666666666,621.23,0.950635,91,0.0,0.33,0.14301,0.06956999999999999
2023-01-26 06:00:00,0.04,619.52,1.51601,91,0.0,0.33,0.16553,0.06956999999999999
2023-01-26 07:00:00,0.0416666666666666,622.35,1.51152,91,0.0005571428571428,0.33,0.18686000000000003,0.06956999999999999
2023-01-26 08:00:00,0.04,619.11,1.476165,91,0.024415238095238,0.33,0.19895,0.06956999999999999
2023-01-26 09:00:00,0.04,619.42,1.4067999999999998,91,0.1081414285714285,0.33,0.20329,0.06956999999999999
2023-01-26 10:00:00,0.04,616.52,1.27531,91,0.2173333333333333,0.33,0.1973,0.06956999999999999
2023-01-26 11:00:00,0.0066666666666666,603.34,1.195705,91,0.1530071428571428,0.33,0.19584000000000001,0.06956999999999999
2023-01-26 12:00:00,0.0,609.64,1.20847,91,0.1553304761904761,0.33,0.17964,0.06956999999999999
2023-01-26 13:00:00,0.0,603.69,1.22511,91,0.0662614285714285,0.33,0.18234,0.06956999999999999
2023-01-26 14:00:00,0.0,605.3,1.21159,91,0.062117619047619,0.33,0.17944,0.06956999999999999
2023-01-26 15:00:00,0.0,607.06,1.167135,91,0.0562166666666666,0.33,0.17609,0.06956999999999999
2023-01-26 16:00:00,0.015,598.36,1.16205,91,0.0057785714285714,0.33,0.17786000000000002,0.06956999999999999
2023-01-26 17:00:00,0.0416666666666666,600.29,1.17117,91,0.0,0.33,0.18619999999999998,0.06956999999999999
2023-01-26 18:00:00,0.0416666666666666,598.52,0.988775,91,0.0,0.33,0.18639,0.06956999999999999
2023-01-26 19:00:00,0.04,600.24,0.5281999999999999,91,0.0,0.33,0.17756,0.06956999999999999
2023-01-26 20:00:00,0.0416666666666666,601.06,0.1891699999999999,91,0.0,0.33,0.16490000000000002,0.06956999999999999
2023-01-26 21:00:00,0.0433333333333333,601.16,0.12572,91,0.0,0.33,0.15480000000000002,0.06956999999999999
2023-01-26 22:00:00,0.0416666666666666,601.24,0.1897599999999999,91,0.0,0.33,0.1515,0.06956999999999999
2023-01-26 23:00:00,0.04,600.8,0.2494899999999999,91,0.0,0.33,0.13778,0.06956999999999999
2023-01-27 00:00:00,0.04,610.3,0.227295,91,0.0,0.33,0.13518,0.06956999999999999
2023-01-27 01:00:00,0.04,609.15,0.3864399999999999,91,0.0,0.33,0.13374,0.06956999999999999
2023-01-27 02:00:00,0.04,603.77,0.4687099999999999,91,0.0,0.33,0.13138999999999998,0.06956999999999999
2023-01-27 03:00:00,0.04,605.02,0.379715,91,0.0,0.33,0.12495,0.06956999999999999
2023-01-27 04:00:00,0.0416666666666666,599.21,0.381295,91,0.0,0.33,0.12943000000000002,0.06956999999999999
2023-01-27 05:00:00,0.0383333333333333,603.11,0.8764449999999999,91,0.0,0.33,0.13541,0.06956999999999999
2023-01-27 06:00:00,0.04,604.18,1.414565,91,0.0,0.33,0.15215,0.06956999999999999
2023-01-27 07:00:00,0.04,596.78,1.448835,91,0.0006266666666666,0.33,0.1761,0.06956999999999999
2023-01-27 08:00:00,0.04,594.19,1.440785,91,0.0152128571428571,0.33,0.195,0.06956999999999999
2023-01-27 09:00:00,0.0683333333333333,589.22,1.42918,91,0.0622138095238095,0.33,0.19919,0.06956999999999999
2023-01-27 10:00:00,0.04,588.87,1.3822900000000002,91,0.0756257142857142,0.33,0.195,0.06956999999999999
2023-01-27 11:00:00,0.045,580.23,1.38603,91,0.1092547619047619,0.33,0.19,0.06956999999999999
2023-01-27 12:00:00,0.0499999999999999,577.87,1.3998400000000002,91,0.1011628571428571,0.33,0.18306,0.06956999999999999
2023-01-27 13:00:00,0.0533333333333333,582.18,1.3978000000000002,91,0.0847042857142857,0.33,0.18,0.06956999999999999
2023-01-27 14:00:00,0.0499999999999999,595.48,1.381495,91,0.0569119047619047,0.33,0.1815,0.06956999999999999
2023-01-27 15:00:00,0.0999999999999999,593.33,1.299255,91,0.0759580952380952,0.33,0.185,0.06956999999999999
2023-01-27 16:00:00,0.1233333333333333,589.12,1.269795,91,0.0122695238095238,0.33,0.188,0.06956999999999999
2023-01-27 17:00:00,0.0666666666666666,584.53,1.294335,91,1.1428571428571427e-05,0.33,0.19805,0.06956999999999999
2023-01-27 18:00:00,0.0416666666666666,595.59,1.199385,91,0.0,0.33,0.2007,0.06956999999999999
2023-01-27 19:00:00,0.0433333333333333,597.36,0.6467299999999999,91,0.0,0.33,0.19387000000000001,0.06956999999999999
2023-01-27 20:00:00,0.0416666666666666,594.3,0.1500399999999999,91,0.0,0.33,0.18143,0.06956999999999999
2023-01-27 21:00:00,0.0433333333333333,581.09,0.1212999999999999,91,0.0,0.33,0.16596,0.06956999999999999
2023-01-27 22:00:00,0.0433333333333333,580.1,0.183455,91,0.0,0.33,0.15722,0.06956999999999999
2023-01-27 23:00:00,0.0416666666666666,568.76,0.231475,91,0.0,0.33,0.13774,0.06956999999999999
2023-01-28 00:00:00,0.0433333333333333,578.27,0.25173,91,0.0,0.33,0.1399,0.06956999999999999
2023-01-28 01:00:00,0.0416666666666666,579.74,0.311725,91,0.0,0.33,0.13563999999999998,0.06956999999999999
2023-01-28 02:00:00,0.0433333333333333,577.73,0.34157,91,0.0,0.33,0.13399,0.06956999999999999
2023-01-28 03:00:00,0.04,569.53,0.310975,91,0.0,0.33,0.13072999999999999,0.06956999999999999
2023-01-28 04:00:00,0.0416666666666666,564.55,0.287055,91,0.0,0.33,0.12576,0.06956999999999999
2023-01-28 05:00:00,0.0416666666666666,573.87,0.461015,91,0.0,0.33,0.123,0.06956999999999999
2023-01-28 06:00:00,0.0416666666666666,571.83,0.461855,91,0.0,0.33,0.13029,0.06956999999999999
2023-01-28 07:00:00,0.0433333333333333,568.85,0.31073,91,0.0002442857142857,0.33,0.13687,0.06956999999999999
2023-01-28 08:00:00,0.0433333333333333,565.33,0.3458,91,0.0167909523809523,0.33,0.14543,0.06956999999999999
2023-01-28 09:00:00,0.0433333333333333,558.98,0.383235,91,0.0249057142857142,0.33,0.16029,0.06956999999999999
2023-01-28 10:00:00,0.0416666666666666,552.75,0.36627,91,0.0403785714285714,0.33,0.16172,0.06956999999999999
2023-01-28 11:00:00,0.0433333333333333,549.17,0.3237049999999999,91,0.0901290476190476,0.33,0.15765,0.06956999999999999
2023-01-28 12:00:00,0.0416666666666666,552.94,0.3478999999999999,91,0.0612871428571428,0.33,0.14718,0.06956999999999999
2023-01-28 13:00:00,0.0433333333333333,560.51,0.333255,91,0.0422133333333333,0.33,0.14332,0.06956999999999999
2023-01-28 14:00:00,0.0416666666666666,559.56,0.2906249999999999,91,0.0240195238095238,0.33,0.14194,0.06956999999999999
2023-01-28 15:00:00,0.045,558.78,0.28338,91,0.013085238095238,0.33,0.14777,0.06956999999999999
2023-01-28 16:00:00,0.0433333333333333,559.85,0.33976,91,0.0031157142857142,0.33,0.15427000000000002,0.06956999999999999
2023-01-28 17:00:00,0.045,575.15,0.362135,91,0.0,0.33,0.16493,0.06956999999999999
2023-01-28 18:00:00,0.0416666666666666,563.9,0.30709,91,0.0,0.33,0.17484,0.06956999999999999
2023-01-28 19:00:00,0.0433333333333333,573.91,0.2879699999999999,91,0.0,0.33,0.16482,0.06956999999999999
2023-01-28 20:00:00,0.045,582.4,0.2159199999999999,91,0.0,0.33,0.15075,0.06956999999999999
2023-01-28 21:00:00,0.045,591.76,0.2231749999999999,91,0.0,0.33,0.14628,0.06956999999999999
2023-01-28 22:00:00,0.0416666666666666,578.42,0.335375,91,0.0,0.33,0.14231,0.06956999999999999
2023-01-28 23:00:00,0.045,550.36,0.37358,91,0.0,0.33,0.14062,0.06956999999999999
2023-01-29 00:00:00,0.045,556.44,0.3359499999999999,91,0.0,0.33,0.15538,0.06956999999999999
2023-01-29 01:00:00,0.0433333333333333,560.98,0.2905399999999999,91,0.0,0.33,0.13038999999999998,0.06956999999999999
2023-01-29 02:00:00,0.0433333333333333,551.49,0.30096,91,0.0,0.33,0.12047,0.06956999999999999
2023-01-29 03:00:00,0.0433333333333333,559.62,0.337285,91,0.0,0.33,0.10976999999999999,0.06956999999999999
2023-01-29 04:00:00,0.045,565.89,0.36154,91,0.0,0.33,0.11392000000000001,0.06956999999999999
2023-01-29 05:00:00,0.0433333333333333,565.38,0.503705,91,0.0,0.33,0.12437999999999999,0.06956999999999999
2023-01-29 06:00:00,0.045,560.74,0.4512349999999999,91,0.0,0.33,0.13338999999999998,0.06956999999999999
2023-01-29 07:00:00,0.045,562.32,0.294355,91,0.0021561904761904,0.33,0.13419,0.06956999999999999
2023-01-29 08:00:00,0.0433333333333333,550.13,0.3335749999999999,91,0.0450966666666666,0.33,0.15769,0.06956999999999999
2023-01-29 09:00:00,0.0433333333333333,541.2,0.4128199999999999,91,0.0837190476190476,0.33,0.15666999999999998,0.06956999999999999
2023-01-29 10:00:00,0.0433333333333333,535.73,0.434285,91,0.0873690476190476,0.33,0.12806,0.06956999999999999
2023-01-29 11:00:00,0.0416666666666666,527.23,0.31386,91,0.0853257142857142,0.33,0.12445999999999999,0.06956999999999999
2023-01-29 12:00:00,0.0416666666666666,520.91,0.28014,91,0.0938333333333333,0.33,0.11517000000000001,0.06956999999999999
2023-01-29 13:00:00,0.0433333333333333,524.62,0.331465,91,0.0957657142857142,0.33,0.11644,0.06956999999999999
2023-01-29 14:00:00,0.0416666666666666,532.13,0.36429,91,0.1431771428571428,0.33,0.12398,0.06956999999999999
2023-01-29 15:00:00,0.0416666666666666,534.25,0.3339049999999999,91,0.0559928571428571,0.33,0.12997999999999998,0.06956999999999999
2023-01-29 16:00:00,0.0433333333333333,534.97,0.30172,91,0.01326,0.33,0.132,0.06956999999999999
2023-01-29 17:00:00,0.0416666666666666,528.94,0.35381,91,3.0476190476190475e-05,0.33,0.16951,0.06956999999999999
2023-01-29 18:00:00,0.045,521.44,0.422885,91,0.0,0.33,0.15963999999999998,0.06956999999999999
2023-01-29 19:00:00,0.0416666666666666,520.05,0.46735,91,0.0,0.33,0.14812999999999998,0.06956999999999999
2023-01-29 20:00:00,0.045,499.94,0.37957,91,0.0,0.33,0.11654,0.06956999999999999
2023-01-29 21:00:00,0.045,491.75,0.380415,91,0.0,0.33,0.10557,0.06956999999999999
2023-01-29 22:00:00,0.0433333333333333,483.61,0.465765,91,0.0,0.33,0.09591,0.06956999999999999
2023-01-29 23:00:00,0.0433333333333333,476.65,0.4567799999999999,91,0.0,0.33,0.10994,0.06956999999999999
2023-01-30 00:00:00,0.0416666666666666,469.9,0.46771,91,0.0,0.33,0.10195,0.06956999999999999
2023-01-30 01:00:00,0.045,468.67,0.45615,91,0.0,0.33,0.10715999999999999,0.06956999999999999
2023-01-30 02:00:00,0.0416666666666666,459.97,0.8242649999999999,91,0.0,0.33,0.07391,0.06956999999999999
2023-01-30 03:00:00,0.045,477.03,1.158955,91,0.0,0.33,0.018510000000000002,0.06956999999999999
2023-01-30 04:00:00,0.0433333333333333,501.52,1.1278,91,0.0,0.33,0.08896,0.06956999999999999
2023-01-30 05:00:00,0.0416666666666666,516.84,1.27113,91,0.0,0.33,0.12048,0.06956999999999999
2023-01-30 06:00:00,0.0433333333333333,514.92,1.461925,91,0.0,0.33,0.27123,0.06956999999999999
2023-01-30 07:00:00,0.0416666666666666,525.7,1.553445,91,0.0054842857142857,0.33,0.15556999999999999,0.06956999999999999
2023-01-30 08:00:00,0.0433333333333333,534.31,1.575605,91,0.0553204761904761,0.33,0.23665,0.06956999999999999
2023-01-30 09:00:00,0.13,526.99,1.5536900000000002,91,0.1702490476190476,0.33,0.15053,0.06956999999999999
2023-01-30 10:00:00,0.155,517.68,1.5190450000000002,91,0.2993719047619048,0.33,0.14535,0.06956999999999999
2023-01-30 11:00:00,0.1233333333333333,526.59,1.47394,91,0.3367457142857143,0.33,0.13793,0.06956999999999999
2023-01-30 12:00:00,0.1216666666666666,522.47,1.468585,91,0.3402066666666666,0.33,0.13854,0.06956999999999999
2023-01-30 13:00:00,0.125,519.59,1.423565,91,0.2123795238095238,0.33,0.1388,0.06956999999999999
2023-01-30 14:00:00,0.105,527.48,1.3081950000000002,91,0.1798671428571428,0.33,0.22,0.06956999999999999
2023-01-30 15:00:00,0.0416666666666666,528.52,1.26179,91,0.07639,0.33,0.13668,0.06956999999999999
2023-01-30 16:00:00,0.33,531.48,1.247545,91,0.0167485714285714,0.33,0.15117,0.06956999999999999
2023-01-30 17:00:00,0.045,542.2,1.297545,91,3.4285714285714284e-05,0.33,0.139,0.06956999999999999
2023-01-30 18:00:00,0.0416666666666666,536.75,1.107085,91,0.0,0.33,0.14267,0.06956999999999999
2023-01-30 19:00:00,0.0433333333333333,530.04,0.61446,91,0.0,0.33,0.18543,0.06956999999999999
2023-01-30 20:00:00,0.0416666666666666,525.07,0.30556,91,0.0,0.33,0.12908,0.06956999999999999
2023-01-30 21:00:00,0.0433333333333333,522.98,0.27901,91,0.0,0.33,0.11131999999999999,0.06956999999999999
2023-01-30 22:00:00,0.0416666666666666,515.84,0.32326,91,0.0,0.33,0.11073999999999999,0.06956999999999999
2023-01-30 23:00:00,0.0433333333333333,510.99,0.359265,91,0.0,0.33,0.09043999999999999,0.06956999999999999
2023-01-31 00:00:00,0.0433333333333333,505.74,0.3706899999999999,91,0.0,0.33,0.1032,0.06956999999999999
2023-01-31 01:00:00,0.0416666666666666,507.93,0.34091,91,0.0,0.33,0.09661,0.06956999999999999
2023-01-31 02:00:00,0.0433333333333333,504.27,0.3513,91,0.0,0.33,0.09843,0.06956999999999999
2023-01-31 03:00:00,0.0416666666666666,519.45,0.389295,91,0.0,0.33,0.10024,0.06956999999999999
2023-01-31 04:00:00,0.0416666666666666,531.51,0.64988,91,0.0,0.33,0.10585,0.06956999999999999
2023-01-31 05:00:00,0.0433333333333333,528.11,1.1251,91,0.0,0.33,0.10951000000000001,0.06956999999999999
2023-01-31 06:00:00,0.0416666666666666,529.1,1.39736,91,0.0,0.33,0.14424,0.06956999999999999
2023-01-31 07:00:00,0.0433333333333333,534.71,1.466835,91,1.285714285714286e-05,0.33,0.17685,0.06956999999999999
2023-01-31 08:00:00,0.0416666666666666,531.36,1.52794,91,0.0166057142857142,0.33,0.18119,0.06956999999999999
2023-01-31 09:00:00,0.0416666666666666,530.69,1.492875,91,0.0278027472527472,0.33,0.16924,0.06956999999999999
2023-01-31 10:00:00,0.0433333333333333,525.61,1.445055,91,0.1499625850340136,0.33,0.16677,0.06956999999999999
2023-01-31 11:00:00,0.0433333333333333,525.59,1.376125,91,0.0940668367346938,0.33,0.14248,0.06956999999999999
2023-01-31 12:00:00,0.04,534.01,1.209405,91,0.2103966666666666,0.33,0.14161,0.06956999999999999
2023-01-31 13:00:00,0.0466666666666666,536.23,1.05128,91,0.1814533333333333,0.33,0.15284999999999999,0.06956999999999999
2023-01-31 14:00:00,0.0499999999999999,540.96,0.91998,91,0.0879652380952381,0.33,0.18,0.06956999999999999
2023-01-31 15:00:00,0.0866666666666666,538.78,0.839585,91,0.0452771428571428,0.33,0.20768,0.06956999999999999
2023-01-31 16:00:00,0.0983333333333333,531.57,0.7820300000000001,91,0.0100314285714285,0.33,0.2,0.06956999999999999
2023-01-31 17:00:00,0.0433333333333333,525.63,0.90256,91,3.19047619047619e-05,0.33,0.17,0.06956999999999999
2023-01-31 18:00:00,0.0416666666666666,524.41,0.910385,91,0.0,0.33,0.17388,0.06956999999999999
2023-01-31 19:00:00,0.0433333333333333,515.56,0.4743099999999999,91,0.0,0.33,0.16,0.06956999999999999
2023-01-31 20:00:00,0.0416666666666666,512.29,0.16412,91,0.0,0.33,0.1367,0.06956999999999999
2023-01-31 21:00:00,0.0433333333333333,503.33,0.12494,91,0.0,0.33,0.12,0.06956999999999999
2023-01-31 22:00:00,0.0416666666666666,487.21,0.1512,91,0.0,0.33,0.12373999999999999,0.06956999999999999
2023-01-31 23:00:00,0.0416666666666666,462.62,0.2240849999999999,91,0.0,0.33,0.10156,0.06956999999999999
2023-02-01 00:00:00,0.0433333333333333,458.78,0.36354,91,0.0,0.33,0.10264,0.06693
2023-02-01 01:00:00,0.0433333333333333,455.12,0.41792,91,0.0,0.33,0.09620999999999999,0.06693
2023-02-01 02:00:00,0.0416666666666666,455.69,0.365845,91,0.0,0.33,0.08904999999999999,0.06693
2023-02-01 03:00:00,0.0433333333333333,471.35,0.3464799999999999,91,0.0,0.33,0.09584000000000001,0.06693
2023-02-01 04:00:00,0.0416666666666666,485.51,0.439895,91,0.0,0.33,0.09979,0.06693
2023-02-01 05:00:00,0.0416666666666666,510.24,0.945465,91,0.0,0.33,0.11679,0.06693
2023-02-01 06:00:00,0.0433333333333333,515.74,1.359095,91,0.0,0.33,0.175,0.06693
2023-02-01 07:00:00,0.0416666666666666,519.04,1.41199,91,0.0035957142857142,0.33,0.16698,0.06693
2023-02-01 08:00:00,0.04,524.41,1.4550150000000002,91,0.0662142857142857,0.33,0.20403,0.06693
2023-02-01 09:00:00,0.08,521.06,1.4719,91,0.2065780952380952,0.33,0.175,0.06693
2023-02-01 10:00:00,3.295,520.26,1.35943,91,0.3233619047619048,0.33,0.18862,0.06693
2023-02-01 11:00:00,0.7533333333333334,510.99,1.1592,91,0.401902380952381,0.33,0.19474,0.06693
2023-02-01 12:00:00,0.0383333333333333,505.6,0.982585,91,0.3381619047619047,0.33,0.18572,0.06693
2023-02-01 13:00:00,0.0366666666666666,513.21,0.83371,91,0.2175847619047618,0.33,0.17224,0.06693
2023-02-01 14:00:00,0.6516666666666667,523.38,0.71481,91,0.1066214285714285,0.33,0.18488,0.06693
2023-02-01 15:00:00,0.9633333333333334,531.65,0.6849500000000001,91,0.0476647619047619,0.33,0.175,0.06693
2023-02-01 16:00:00,0.7083333333333334,529.05,0.6786499999999999,91,0.0168923809523809,0.33,0.185,0.06693
2023-02-01 17:00:00,0.6366666666666667,529.47,0.8348999999999999,91,6.666666666666668e-06,0.33,0.13846,0.06693
2023-02-01 18:00:00,0.05,526.09,0.83848,91,0.0,0.33,0.15694,0.06693
2023-02-01 19:00:00,0.0483333333333333,515.81,0.41087,91,0.0,0.33,0.16572,0.06693
2023-02-01 20:00:00,0.0499999999999999,511.73,0.14036,91,0.0,0.33,0.16,0.06693
2023-02-01 21:00:00,0.05,495.97,0.05382,91,0.0,0.33,0.11520999999999999,0.06693
2023-02-01 22:00:00,0.05,491.95,0.09178,91,0.0,0.33,0.10773,0.06693
2023-02-01 23:00:00,0.0466666666666666,484.45,0.19007,91,0.0,0.33,0.10001,0.06693
2023-02-02 00:00:00,0.05,489.67,0.194575,91,0.0,0.33,0.09065999999999999,0.06693
2023-02-02 01:00:00,0.0483333333333333,492.7,0.250475,91,0.0,0.33,0.10391,0.06693
2023-02-02 02:00:00,0.0483333333333333,493.45,0.344805,91,0.0,0.33,0.09273,0.06693
2023-02-02 03:00:00,0.0483333333333333,496.1,0.369045,91,0.0,0.33,0.09286,0.06693
2023-02-02 04:00:00,0.0483333333333333,508.47,0.3659699999999999,91,0.0,0.33,0.09501000000000001,0.06693
2023-02-02 05:00:00,0.0466666666666666,521.98,0.854355,91,0.0,0.33,0.10323,0.06693
2023-02-02 06:00:00,0.0499999999999999,533.99,1.422645,91,0.0,0.33,0.13294,0.06693
2023-02-02 07:00:00,0.0466666666666666,544.15,1.487325,91,0.0018519047619047,0.33,0.14874,0.06693
2023-02-02 08:00:00,0.0483333333333333,540.54,1.43495,91,0.0246585714285714,0.33,0.16459000000000001,0.06693
2023-02-02 09:00:00,0.0283333333333333,536.54,1.30182,91,0.0531142857142857,0.33,0.1782,0.06693
2023-02-02 10:00:00,0.0216666666666666,528.28,1.05812,91,0.0989895238095238,0.33,0.17009,0.06693
2023-02-02 11:00:00,0.0249999999999999,503.02,0.87394,91,0.1464957142857142,0.33,0.16721,0.06693
2023-02-02 12:00:00,0.0749999999999999,505.22,0.7892250000000001,91,0.1539390476190476,0.33,0.15686000000000003,0.06693
2023-02-02 13:00:00,0.0233333333333333,507.72,0.682855,91,0.3177604761904762,0.33,0.15274000000000001,0.06693
2023-02-02 14:00:00,0.0333333333333333,516.5,0.5671050000000001,91,0.2389304761904761,0.33,0.16144,0.06693
2023-02-02 15:00:00,1.0016666666666667,551.15,0.5526300000000001,91,0.1138430992736077,0.33,0.16338999999999998,0.06693
2023-02-02 16:00:00,1.13,550.15,0.573665,91,0.0297585714285714,0.33,0.16728,0.06693
2023-02-02 17:00:00,0.0433333333333333,547.6,0.7217699999999999,91,0.0003304761904761,0.33,0.17817,0.06693
2023-02-02 18:00:00,0.0333333333333333,550.62,0.703665,91,0.0,0.33,0.18312,0.06693
2023-02-02 19:00:00,0.03,561.64,0.36929,91,0.0,0.33,0.17259,0.06693
2023-02-02 20:00:00,0.0349999999999999,564.83,0.16124,91,0.0,0.33,0.15722999999999998,0.06693
2023-02-02 21:00:00,0.03,553.26,0.0537999999999999,91,0.0,0.33,0.14912999999999998,0.06693
2023-02-02 22:00:00,0.0316666666666666,560.59,0.09174,91,0.0,0.33,0.13802,0.06693
2023-02-02 23:00:00,0.0316666666666666,527.48,0.15882,91,0.0,0.33,0.12448999999999999,0.06693
2023-02-03 00:00:00,0.0316666666666666,518.42,0.170205,91,0.0,0.33,0.10928,0.06693
2023-02-03 01:00:00,0.03,512.75,0.22274,91,0.0,0.33,0.1016,0.06693
2023-02-03 02:00:00,0.0316666666666666,504.4,0.38683,91,0.0,0.33,0.09526000000000001,0.06693
2023-02-03 03:00:00,0.0316666666666666,505.19,0.460415,91,0.0,0.33,0.08967,0.06693
2023-02-03 04:00:00,0.03,528.71,0.40212,91,0.0,0.33,0.1033,0.06693
2023-02-03 05:00:00,0.0316666666666666,544.03,0.8541250000000001,91,0.0,0.33,0.12114,0.06693
2023-02-03 06:00:00,0.03,542.81,1.429375,91,0.0,0.33,0.13571,0.06693
2023-02-03 07:00:00,0.0316666666666666,533.36,1.547665,91,0.0042142857142857,0.33,0.15208000000000002,0.06693
2023-02-03 08:00:00,0.0316666666666666,526.63,1.5011649999999996,91,0.0615347619047619,0.33,0.15891999999999998,0.06693
2023-02-03 09:00:00,0.0316666666666666,528.18,1.3753149999999998,91,0.1802857142857142,0.33,0.15199000000000001,0.06693
2023-02-03 10:00:00,0.03,527.37,1.249005,91,0.2965373626373626,0.33,0.11284999999999999,0.06693
2023-02-03 11:00:00,0.0316666666666666,531.82,1.138985,91,0.382755238095238,0.33,0.1375,0.06693
2023-02-03 12:00:00,0.0316666666666666,526.87,0.958735,91,0.3874109523809523,0.33,0.1752,0.06693
2023-02-03 13:00:00,0.03,522.44,0.7676050000000001,91,0.3733742857142856,0.33,0.16,0.06693
2023-02-03 14:00:00,0.0316666666666666,520.75,0.71213,91,0.2803485714285714,0.33,0.13185,0.06693
2023-02-03 15:00:00,0.0316666666666666,540.93,0.6049,91,0.1163,0.33,0.17031,0.06693
2023-02-03 16:00:00,0.03,543.37,0.2318499999999999,91,0.0207214285714285,0.33,0.13671,0.06693
2023-02-03 17:00:00,0.0316666666666666,539.27,0.0020749999999999,91,0.0003971428571428,0.33,0.14395,0.06693
2023-02-03 18:00:00,0.03,539.63,0.0004199999999999,91,0.0,0.33,0.14927,0.06693
2023-02-03 19:00:00,0.0316666666666666,517.32,0.0,91,0.0,0.33,0.11714,0.06693
2023-02-03 20:00:00,0.0316666666666666,512.79,0.0,91,0.0,0.33,0.10831,0.06693
2023-02-03 21:00:00,0.0316666666666666,511.72,0.0,91,0.0,0.33,0.11686,0.06693
2023-02-03 22:00:00,0.0316666666666666,508.16,0.0,91,0.0,0.33,0.10365,0.06693
2023-02-03 23:00:00,0.03,500.44,0.0,91,0.0,0.33,0.10905,0.06693
2023-02-04 00:00:00,0.0333333333333333,506.16,0.0,91,0.0,0.33,0.09067,0.06693
2023-02-04 01:00:00,0.03,508.18,0.0,91,0.0,0.33,0.10103,0.06693
2023-02-04 02:00:00,0.0316666666666666,539.98,0.0,91,0.0,0.33,0.10357,0.06693
2023-02-04 03:00:00,0.03,549.55,0.0,91,0.0,0.33,0.11762,0.06693
2023-02-04 04:00:00,0.03,558.9,0.0,91,0.0,0.33,0.12143999999999999,0.06693
2023-02-04 05:00:00,0.0316666666666666,558.31,0.0,91,0.0,0.33,0.11819,0.06693
2023-02-04 06:00:00,0.0283333333333333,568.39,0.0,91,0.0,0.33,0.12906,0.06693
2023-02-04 07:00:00,0.0333333333333333,547.53,0.0,91,0.0046961904761904,0.33,0.155,0.06693
2023-02-04 08:00:00,0.03,533.97,0.0,91,0.0569823809523809,0.33,0.16419,0.06693
2023-02-04 09:00:00,0.0316666666666666,519.79,0.0,91,0.1657395238095238,0.33,0.16983,0.06693
2023-02-04 10:00:00,0.0333333333333333,516.57,0.49128,91,0.3147029556650246,0.33,0.16411,0.06693
2023-02-04 11:00:00,0.03,512.98,0.872525,91,0.4025957142857143,0.33,0.15638,0.06693
2023-02-04 12:00:00,0.0316666666666666,511.95,0.52689,91,0.4256085714285715,0.33,0.14884,0.06693
2023-02-04 13:00:00,0.03,516.61,0.228195,91,0.3855723809523809,0.33,0.13337000000000002,0.06693
2023-02-04 14:00:00,0.03,539.22,0.110425,91,0.2915790476190476,0.33,0.13409000000000001,0.06693
2023-02-04 15:00:00,0.0316666666666666,548.5,0.12065,91,0.1219347619047619,0.33,0.14161,0.06693
2023-02-04 16:00:00,0.0316666666666666,547.91,0.135345,91,0.0218323809523809,0.33,0.15536000000000003,0.06693
2023-02-04 17:00:00,0.0316666666666666,542.62,0.146485,91,0.0005187969924812,0.33,0.17029,0.06693
2023-02-04 18:00:00,0.03,545.5,0.1853399999999999,91,0.0,0.33,0.18416,0.06693
2023-02-04 19:00:00,0.0316666666666666,558.28,0.170485,91,0.0,0.33,0.17996,0.06693
2023-02-04 20:00:00,0.0316666666666666,563.43,0.13939,91,0.0,0.33,0.16808,0.06693
2023-02-04 21:00:00,0.0316666666666666,562.87,0.079445,91,0.0,0.33,0.15821000000000002,0.06693
2023-02-04 22:00:00,0.0316666666666666,555.38,0.09718,91,0.0,0.33,0.15239,0.06693
2023-02-04 23:00:00,0.0316666666666666,537.36,0.1491249999999999,91,0.0,0.33,0.13705,0.06693
2023-02-05 00:00:00,0.0316666666666666,519.29,0.164595,91,0.0,0.33,0.10762000000000001,0.06693
2023-02-05 01:00:00,0.03,519.53,0.1899149999999999,91,0.0,0.33,0.11305,0.06693
2023-02-05 02:00:00,0.0316666666666666,538.33,0.209995,91,0.0,0.33,0.10806,0.06693
2023-02-05 03:00:00,0.03,547.02,0.203285,91,0.0,0.33,0.11767,0.06693
2023-02-05 04:00:00,0.03,518.94,0.19887,91,0.0,0.33,0.11729,0.06693
2023-02-05 05:00:00,0.0316666666666666,525.09,0.3374949999999999,91,0.0,0.33,0.11367000000000001,0.06693
2023-02-05 06:00:00,0.03,532.1,0.3582049999999999,91,0.0,0.33,0.11513,0.06693
2023-02-05 07:00:00,0.0316666666666666,522.97,0.2564,91,0.0049790476190476,0.33,0.11605,0.06693
2023-02-05 08:00:00,0.0283333333333333,477.9,0.3066849999999999,91,0.0577266666666666,0.33,0.12097,0.06693
2023-02-05 09:00:00,0.0316666666666666,474.25,0.3077149999999999,91,0.1705904761904762,0.33,0.11808,0.06693
2023-02-05 10:00:00,0.03,480.88,0.269225,91,0.33685,0.33,0.11761,0.06693
2023-02-05 11:00:00,0.03,486.93,0.213565,91,0.4067152380952381,0.33,0.1225,0.06693
2023-02-05 12:00:00,0.0316666666666666,474.55,0.1942,91,0.4224614285714286,0.33,0.11649,0.06693
2023-02-05 13:00:00,0.0283333333333333,498.6,0.183485,91,0.3851995238095237,0.33,0.10719,0.06693
2023-02-05 14:00:00,0.0316666666666666,514.7,0.1594799999999999,91,0.2563633333333333,0.33,0.10992,0.06693
2023-02-05 15:00:00,0.0316666666666666,546.54,0.1891199999999999,91,0.07041,0.33,0.11637,0.06693
2023-02-05 16:00:00,0.03,548.45,0.2123549999999999,91,0.0142480952380952,0.33,0.13346,0.06693
2023-02-05 17:00:00,0.0316666666666666,554.27,0.2291449999999999,91,0.0001704761904761,0.33,0.15039,0.06693
2023-02-05 18:00:00,0.03,551.9,0.25236,91,0.0,0.33,0.17165,0.06693
2023-02-05 19:00:00,0.0316666666666666,558.09,0.262115,91,0.0,0.33,0.17196,0.06693
2023-02-05 20:00:00,0.0316666666666666,559.71,0.202635,91,0.0,0.33,0.16644,0.06693
2023-02-05 21:00:00,0.0316666666666666,578.2,0.2043749999999999,91,0.0,0.33,0.15371,0.06693
2023-02-05 22:00:00,0.0316666666666666,580.15,0.26635,91,0.0,0.33,0.15583000000000002,0.06693
2023-02-05 23:00:00,0.0316666666666666,579.6,0.30159,91,0.0,0.33,0.14418,0.06693
2023-02-06 00:00:00,0.0316666666666666,586.15,0.339485,91,0.0,0.33,0.145,0.06693
2023-02-06 01:00:00,0.0316666666666666,598.28,0.36287,91,0.0,0.33,0.14373,0.06693
2023-02-06 02:00:00,0.0316666666666666,603.19,0.3572249999999999,91,0.0,0.33,0.14518999999999999,0.06693
2023-02-06 03:00:00,0.03,599.83,0.7464050000000001,91,0.0,0.33,0.1418,0.06693
2023-02-06 04:00:00,0.0316666666666666,606.1,1.106855,91,0.0,0.33,0.1401,0.06693
2023-02-06 05:00:00,0.0316666666666666,606.04,1.149265,91,0.0,0.33,0.14893,0.06693
2023-02-06 06:00:00,0.0316666666666666,602.33,1.310755,91,0.0,0.33,0.17575,0.06693
2023-02-06 07:00:00,0.03,584.93,1.355995,91,0.00121,0.33,0.20065,0.06693
2023-02-06 08:00:00,0.0316666666666666,562.79,1.342805,91,0.0262380952380952,0.33,0.21339,0.06693
2023-02-06 09:00:00,0.03,549.71,1.23901,91,0.0835061224489795,0.33,0.20092,0.06693
2023-02-06 10:00:00,0.0316666666666666,550.61,1.12367,91,0.1007290476190476,0.33,0.1851,0.06693
2023-02-06 11:00:00,0.0316666666666666,558.56,1.101555,91,0.1045119047619047,0.33,0.17926,0.06693
2023-02-06 12:00:00,0.03,561.83,0.92702,91,0.1189485714285714,0.33,0.16816,0.06693
2023-02-06 13:00:00,0.2766666666666666,564.39,0.783065,91,0.1363366666666667,0.33,0.15899000000000002,0.06693
2023-02-06 14:00:00,3.0416666666666665,579.04,0.862175,91,0.1170342857142857,0.33,0.16277,0.06693
2023-02-06 15:00:00,0.655,598.63,0.916285,91,0.0755761904761904,0.33,0.16942,0.06693
2023-02-06 16:00:00,0.0349999999999999,604.51,0.91004,91,0.0158542857142857,0.33,0.18180000000000002,0.06693
2023-02-06 17:00:00,0.03,611.77,0.955205,91,4.619047619047619e-05,0.33,0.19894,0.06693
2023-02-06 18:00:00,0.0333333333333333,611.64,0.851735,91,0.0,0.33,0.2135,0.06693
2023-02-06 19:00:00,0.0316666666666666,613.89,0.46703,91,0.0,0.33,0.20538,0.06693
2023-02-06 20:00:00,0.0333333333333333,610.12,0.1663849999999999,91,0.0,0.33,0.18621000000000001,0.06693
2023-02-06 21:00:00,0.0616666666666666,609.21,0.07297,91,0.0,0.33,0.16652,0.06693
2023-02-06 22:00:00,10.603333333333332,612.91,0.13014,91,0.0,0.33,0.15969999999999998,0.06693
2023-02-06 23:00:00,14.273333333333332,610.6,0.20345,91,0.0,0.33,0.154,0.06693
2023-02-07 00:00:00,12.05,620.69,0.17398,91,0.0,0.33,0.14639,0.06693
2023-02-07 01:00:00,12.533333333333331,626.22,0.2017449999999999,91,0.0,0.33,0.14313,0.06693
2023-02-07 02:00:00,1.7866666666666664,626.54,0.358135,91,0.0,0.33,0.14096,0.06693
2023-02-07 03:00:00,11.353333333333332,620.53,0.376905,91,0.0,0.33,0.14021,0.06693
2023-02-07 04:00:00,12.166666666666666,620.02,0.3587,91,0.0,0.33,0.14162,0.06693
2023-02-07 05:00:00,0.0516666666666666,619.3,0.851245,91,0.0,0.33,0.14915,0.06693
2023-02-07 06:00:00,0.0333333333333333,610.79,1.325445,91,0.0,0.33,0.17054,0.06693
2023-02-07 07:00:00,0.03,596.3,1.394525,91,0.0065266666666666,0.33,0.19804,0.06693
2023-02-07 08:00:00,0.0333333333333333,572.39,1.4013800000000003,91,0.0979719047619047,0.33,0.21416,0.06693
2023-02-07 09:00:00,2.785,551.64,1.40474,91,0.2115919047619048,0.33,0.19185,0.06693
2023-02-07 10:00:00,4.08,551.4,1.22747,91,0.1821342857142857,0.33,0.17316,0.06693
2023-02-07 11:00:00,4.071666666666666,551.81,1.0818200000000002,91,0.1232866666666666,0.33,0.15191,0.06693
2023-02-07 12:00:00,4.073333333333333,557.56,1.00479,91,0.1691828571428571,0.33,0.15124,0.06693
2023-02-07 13:00:00,0.8216666666666667,568.9,0.8608199999999999,91,0.1058595238095238,0.33,0.14836000000000002,0.06693
2023-02-07 14:00:00,0.0333333333333333,576.67,0.7729750000000001,91,0.0629385714285714,0.33,0.158,0.06693
2023-02-07 15:00:00,0.0316666666666666,602.54,0.71355,91,0.0270700808625336,0.33,0.17198,0.06693
2023-02-07 16:00:00,0.17,613.27,0.6259100000000001,91,0.0021017857142857,0.33,0.18997999999999998,0.06693
2023-02-07 17:00:00,12.678333333333333,612.33,0.76966,91,4.095238095238095e-05,0.33,0.22225999999999999,0.06693
2023-02-07 18:00:00,7.196666666666666,613.83,0.8405,91,0.0,0.33,0.24559999999999998,0.06693
2023-02-07 19:00:00,1.88,610.05,0.460625,91,0.0,0.33,0.229,0.06693
2023-02-07 20:00:00,5.09,618.37,0.17976,91,0.0,0.33,0.19907,0.06693
2023-02-07 21:00:00,15.39,624.56,0.161545,91,0.0,0.33,0.18818000000000001,0.06693
2023-02-07 22:00:00,8.078333333333333,613.61,0.2237,91,0.0,0.33,0.17345,0.06693
2023-02-07 23:00:00,7.215,618.24,0.26025,91,0.0,0.33,0.16319999999999998,0.06693
2023-02-08 00:00:00,6.621666666666667,619.14,0.294485,91,0.0,0.33,0.16013999999999998,0.06693
2023-02-08 01:00:00,6.763333333333333,622.6,0.348265,91,0.0,0.33,0.15524000000000002,0.06693
2023-02-08 02:00:00,7.1066666666666665,625.43,0.39566,91,0.0,0.33,0.15001,0.06693
2023-02-08 03:00:00,7.266666666666667,624.63,0.392875,91,0.0,0.33,0.14802,0.06693
2023-02-08 04:00:00,11.405,619.56,0.40101,91,0.0,0.33,0.14597,0.06693
2023-02-08 05:00:00,2.963333333333333,629.59,0.9298,91,0.0,0.33,0.15150999999999998,0.06693
2023-02-08 06:00:00,0.0333333333333333,616.32,1.50735,91,0.0,0.33,0.17571,0.06693
2023-02-08 07:00:00,0.0316666666666666,597.7,1.55171,91,0.0049657142857142,0.33,0.19663999999999998,0.06693
2023-02-08 08:00:00,0.0316666666666666,583.07,1.50585,91,0.0332099999999999,0.33,0.21685,0.06693
2023-02-08 09:00:00,0.06,566.7,1.5131249999999998,91,0.0693590476190476,0.33,0.17892,0.06693
2023-02-08 10:00:00,0.0883333333333333,556.6,1.423205,91,0.1786847619047619,0.33,0.14124,0.06693
2023-02-08 11:00:00,0.0316666666666666,552.83,1.29492,91,0.276012380952381,0.33,0.13726,0.06693
2023-02-08 12:00:00,0.0333333333333333,554.9,1.133035,91,0.3165138095238095,0.33,0.13657,0.06693
2023-02-08 13:00:00,0.0316666666666666,562.09,0.963865,91,0.3321738095238095,0.33,0.13666999999999999,0.06693
2023-02-08 14:00:00,0.0333333333333333,584.51,0.8386149999999999,91,0.2625742857142857,0.33,0.14301,0.06693
2023-02-08 15:00:00,0.1433333333333333,606.95,0.7477899999999998,91,0.1539966666666666,0.33,0.15074,0.06693
2023-02-08 16:00:00,0.8250000000000001,604.67,0.687865,91,0.0434838095238095,0.33,0.16327,0.06693
2023-02-08 17:00:00,0.1583333333333333,615.12,0.8048799999999999,91,0.0018195238095238,0.33,0.18399000000000001,0.06693
2023-02-08 18:00:00,0.0316666666666666,602.23,0.8669249999999998,91,0.0,0.33,0.19244999999999998,0.06693
2023-02-08 19:00:00,0.0333333333333333,601.12,0.4874749999999999,91,0.0,0.33,0.17043,0.06693
2023-02-08 20:00:00,0.0316666666666666,603.54,0.184835,91,0.0,0.33,0.15715,0.06693
2023-02-08 21:00:00,0.0349999999999999,599.7,0.11297,91,0.0,0.33,0.14627,0.06693
2023-02-08 22:00:00,0.03,596.19,0.12853,91,0.0,0.33,0.13388,0.06693
2023-02-08 23:00:00,0.0349999999999999,586.91,0.32231,91,0.0,0.33,0.12717,0.06693
2023-02-09 00:00:00,0.0316666666666666,579.52,0.39797,91,0.0,0.33,0.11702,0.06693
2023-02-09 01:00:00,0.0333333333333333,576.94,0.36134,91,0.0,0.33,0.12395,0.06693
2023-02-09 02:00:00,0.0333333333333333,567.98,0.3846,91,0.0,0.33,0.12074,0.06693
2023-02-09 03:00:00,0.0316666666666666,569.69,0.390295,91,0.0,0.33,0.12015,0.06693
2023-02-09 04:00:00,0.0316666666666666,594.08,0.431525,91,0.0,0.33,0.12513,0.06693
2023-02-09 05:00:00,0.0333333333333333,599.92,0.91429,91,0.0,0.33,0.13796,0.06693
2023-02-09 06:00:00,0.0316666666666666,582.12,1.54282,91,0.0,0.33,0.16187,0.06693
2023-02-09 07:00:00,0.0333333333333333,554.2,1.6823750000000002,91,0.0076742857142857,0.33,0.18430000000000002,0.06693
2023-02-09 08:00:00,0.0316666666666666,545.98,1.632325,91,0.0813466666666666,0.33,0.15944,0.06693
2023-02-09 09:00:00,0.0316666666666666,531.7,1.54959,91,0.2130819047619048,0.33,0.14468999999999999,0.06693
2023-02-09 10:00:00,0.0316666666666666,506.28,1.345955,91,0.3303547619047619,0.33,0.12832,0.06693
2023-02-09 11:00:00,0.0333333333333333,507.19,1.159445,91,0.3937842857142857,0.33,0.11226,0.06693
2023-02-09 12:00:00,0.0316666666666666,512.35,0.997155,91,0.4148190476190476,0.33,0.10981999999999999,0.06693
2023-02-09 13:00:00,0.0333333333333333,533.05,0.8460000000000001,91,0.38301,0.33,0.10987999999999999,0.06693
2023-02-09 14:00:00,0.03,566.49,0.785335,91,0.2894895238095238,0.33,0.11886,0.06693
2023-02-09 15:00:00,2.645,583.1,0.70899,91,0.1521542857142857,0.33,0.15483000000000002,0.06693
2023-02-09 16:00:00,3.42,587.51,0.695335,91,0.0270528571428571,0.33,0.16845,0.06693
2023-02-09 17:00:00,0.0516666666666666,588.9,0.78057,91,0.000945238095238,0.33,0.17,0.06693
2023-02-09 18:00:00,0.0333333333333333,590.64,0.75249,91,0.0,0.33,0.17,0.06693
2023-02-09 19:00:00,0.0316666666666666,592.31,0.448855,91,0.0,0.33,0.15065,0.06693
2023-02-09 20:00:00,0.0349999999999999,594.59,0.167685,91,0.0,0.33,0.16122,0.06693
2023-02-09 21:00:00,0.03,591.13,0.09396,91,0.0,0.33,0.13329,0.06693
2023-02-09 22:00:00,0.0349999999999999,577.85,0.13941,91,0.0,0.33,0.12043999999999999,0.06693
2023-02-09 23:00:00,0.0683333333333333,577.06,0.20123,91,0.0,0.33,0.11612,0.06693
2023-02-10 00:00:00,9.48,573.8,0.3559549999999999,91,0.0,0.33,0.1256,0.06693
2023-02-10 01:00:00,4.343333333333333,573.98,0.4515699999999999,91,0.0,0.33,0.12490000000000001,0.06693
2023-02-10 02:00:00,13.33,581.2,0.3963049999999999,91,0.0,0.33,0.11596,0.06693
2023-02-10 03:00:00,0.8116666666666666,585.81,0.418415,91,0.0,0.33,0.11801,0.06693
2023-02-10 04:00:00,13.801666666666668,591.46,0.456155,91,0.0,0.33,0.12079000000000001,0.06693
2023-02-10 05:00:00,0.7183333333333334,582.3,0.908325,91,0.0,0.33,0.12963999999999998,0.06693
2023-02-10 06:00:00,13.208333333333334,579.1,1.459695,91,0.0,0.33,0.15574000000000002,0.06693
2023-02-10 07:00:00,0.0416666666666666,567.57,1.599755,91,0.0030419047619047,0.33,0.18552000000000002,0.06693
2023-02-10 08:00:00,0.0349999999999999,561.82,1.6084249999999998,91,0.0280061904761904,0.33,0.19702,0.06693
2023-02-10 09:00:00,0.0316666666666666,559.98,1.56864,91,0.1005828571428571,0.33,0.15768000000000001,0.06693
2023-02-10 10:00:00,0.0333333333333333,554.4,1.37467,91,0.1499519047619047,0.33,0.13062,0.06693
2023-02-10 11:00:00,0.0316666666666666,552.84,1.136215,91,0.4270519047619047,0.33,0.13688999999999998,0.06693
2023-02-10 12:00:00,0.0333333333333333,554.18,0.99778,91,0.4340085714285714,0.33,0.12624,0.06693
2023-02-10 13:00:00,0.0333333333333333,569.92,0.903385,91,0.3695161904761905,0.33,0.12462000000000001,0.06693
2023-02-10 14:00:00,0.0333333333333333,584.32,0.844545,91,0.1674223809523809,0.33,0.13054,0.06693
2023-02-10 15:00:00,3.93,603.83,0.7780999999999999,91,0.0919457142857142,0.33,0.14551,0.06693
2023-02-10 16:00:00,10.840000000000002,611.79,0.7063299999999999,91,0.02619,0.33,0.16,0.06693
2023-02-10 17:00:00,1.7383333333333333,604.57,0.831045,91,0.0011504761904761,0.33,0.17,0.06693
2023-02-10 18:00:00,0.0316666666666666,599.11,0.8729100000000001,91,0.0,0.33,0.16774,0.06693
2023-02-10 19:00:00,0.0333333333333333,591.78,0.489745,91,0.0,0.33,0.15028999999999998,0.06693
2023-02-10 20:00:00,0.0316666666666666,591.06,0.179945,91,0.0,0.33,0.1421,0.06693
2023-02-10 21:00:00,0.0333333333333333,554.93,0.1166799999999999,91,0.0,0.33,0.15152000000000002,0.06693
2023-02-10 22:00:00,0.0316666666666666,551.03,0.13132,91,0.0,0.33,0.11864,0.06693
2023-02-10 23:00:00,0.0316666666666666,523.44,0.1731599999999999,91,0.0,0.33,0.11592,0.06693
2023-02-11 00:00:00,0.0316666666666666,519.5,0.179225,91,0.0,0.33,0.12001,0.06693
2023-02-11 01:00:00,0.03,512.46,0.308605,91,0.0,0.33,0.12001,0.06693
2023-02-11 02:00:00,0.0316666666666666,515.53,0.36039,91,0.0,0.33,0.11939,0.06693
2023-02-11 03:00:00,0.0333333333333333,514.81,0.25855,91,0.0,0.33,0.12001,0.06693
2023-02-11 04:00:00,0.03,514.98,0.301625,91,0.0,0.33,0.12001,0.06693
2023-02-11 05:00:00,0.0316666666666666,514.38,0.54116,91,0.0,0.33,0.16463999999999998,0.06693
2023-02-11 06:00:00,0.0316666666666666,514.94,0.5026,91,0.0,0.33,0.14,0.06693
2023-02-11 07:00:00,0.0333333333333333,523.27,0.313075,91,0.0095957142857142,0.33,0.155,0.06693
2023-02-11 08:00:00,0.03,515.83,0.37856,91,0.1015161904761904,0.33,0.157,0.06693
2023-02-11 09:00:00,0.0333333333333333,509.05,0.418265,91,0.246485238095238,0.33,0.157,0.06693
2023-02-11 10:00:00,0.0316666666666666,504.12,0.339375,91,0.3551214285714286,0.33,0.1561,0.06693
2023-02-11 11:00:00,0.0333333333333333,500.04,0.2356399999999999,91,0.4066247619047619,0.33,0.13479,0.06693
2023-02-11 12:00:00,0.0316666666666666,504.41,0.1613899999999999,91,0.2393961904761904,0.33,0.12118000000000001,0.06693
2023-02-11 13:00:00,0.0333333333333333,517.01,0.1039049999999999,91,0.251495238095238,0.33,0.14,0.06693
2023-02-11 14:00:00,0.03,531.89,0.0910199999999999,91,0.3443190476190476,0.33,0.13112000000000001,0.06693
2023-02-11 15:00:00,0.0316666666666666,544.1,0.09035,91,0.1475623809523809,0.33,0.12624,0.06693
2023-02-11 16:00:00,0.0316666666666666,555.59,0.07815,91,0.0407357142857142,0.33,0.14147,0.06693
2023-02-11 17:00:00,0.0316666666666666,564.61,0.13136,91,0.0012347619047619,0.33,0.15997999999999998,0.06693
2023-02-11 18:00:00,0.0316666666666666,570.71,0.1782949999999999,91,0.0,0.33,0.16,0.06693
2023-02-11 19:00:00,0.0316666666666666,578.26,0.1583199999999999,91,0.0,0.33,0.14661000000000002,0.06693
2023-02-11 20:00:00,0.0333333333333333,569.11,0.1160549999999999,91,0.0,0.33,0.14356,0.06693
2023-02-11 21:00:00,0.03,585.56,0.1170899999999999,91,0.0,0.33,0.13797,0.06693
2023-02-11 22:00:00,0.0333333333333333,583.88,0.1684,91,0.0,0.33,0.1438,0.06693
2023-02-11 23:00:00,0.03,594.59,0.31695,91,0.0,0.33,0.13877,0.06693
2023-02-12 00:00:00,0.0316666666666666,603.96,0.331945,91,0.0,0.33,0.1306,0.06693
2023-02-12 01:00:00,0.0333333333333333,607.09,0.2989699999999999,91,0.0,0.33,0.12628,0.06693
2023-02-12 02:00:00,0.03,590.59,0.357815,91,0.0,0.33,0.13177,0.06693
2023-02-12 03:00:00,0.0316666666666666,593.51,0.33157,91,0.0,0.33,0.12792,0.06693
2023-02-12 04:00:00,0.03,608.14,0.3623,91,0.0,0.33,0.12538,0.06693
2023-02-12 05:00:00,0.0333333333333333,607.47,0.54464,91,0.0,0.33,0.1252,0.06693
2023-02-12 06:00:00,0.03,612.25,0.5169549999999999,91,0.0,0.33,0.12639,0.06693
2023-02-12 07:00:00,0.0316666666666666,592.16,0.38077,91,0.0008414285714285,0.33,0.12947,0.06693
2023-02-12 08:00:00,0.03,582.0,0.42413,91,0.0070042857142857,0.33,0.1494,0.06693
2023-02-12 09:00:00,0.0333333333333333,566.94,0.4010599999999999,91,0.0120885714285714,0.33,0.14504,0.06693
2023-02-12 10:00:00,4.64,565.05,0.3265499999999999,91,0.0184228571428571,0.33,0.14556,0.06693
2023-02-12 11:00:00,9.02,555.04,0.23795,91,0.0207228571428571,0.33,0.14007,0.06693
2023-02-12 12:00:00,5.431666666666668,555.66,0.224985,91,0.0337042857142857,0.33,0.12988999999999998,0.06693
2023-02-12 13:00:00,9.81,557.33,0.202785,91,0.0290838095238095,0.33,0.12,0.06693
2023-02-12 14:00:00,4.22,576.4,0.143715,91,0.022527619047619,0.33,0.12,0.06693
2023-02-12 15:00:00,9.45,591.3,0.120385,91,0.0127642857142857,0.33,0.12462999999999999,0.06693
2023-02-12 16:00:00,0.505,588.45,0.095685,91,0.0038795238095238,0.33,0.13516,0.06693
2023-02-12 17:00:00,14.051666666666668,590.3,0.14334,91,5.238095238095238e-06,0.33,0.15854,0.06693
2023-02-12 18:00:00,0.2416666666666666,586.38,0.222365,91,0.0,0.33,0.16842,0.06693
2023-02-12 19:00:00,0.1116666666666666,593.47,0.21341,91,0.0,0.33,0.17004,0.06693
2023-02-12 20:00:00,0.0333333333333333,594.66,0.150585,91,0.0,0.33,0.16090000000000002,0.06693
2023-02-12 21:00:00,0.0416666666666666,595.89,0.138585,91,0.0,0.33,0.14849,0.06693
2023-02-12 22:00:00,10.421666666666669,600.95,0.197085,91,0.0,0.33,0.15669,0.06693
2023-02-12 23:00:00,5.098333333333333,615.47,0.38081,91,0.0,0.33,0.14495,0.06693
2023-02-13 00:00:00,0.0316666666666666,613.74,0.465705,91,0.0,0.33,0.13991,0.06693
2023-02-13 01:00:00,0.0316666666666666,617.07,0.3815549999999999,91,0.0,0.33,0.13208,0.06693
2023-02-13 02:00:00,0.0316666666666666,621.84,0.40745,91,0.0,0.33,0.13205,0.06693
2023-02-13 03:00:00,0.03,625.61,0.917225,91,0.0,0.33,0.12904,0.06693
2023-02-13 04:00:00,0.0316666666666666,630.05,1.18812,91,0.0,0.33,0.13236,0.06693
2023-02-13 05:00:00,0.0316666666666666,626.31,1.224,91,0.0,0.33,0.13726,0.06693
2023-02-13 06:00:00,0.0316666666666666,599.74,0.8228362409845449,91,0.0,0.33,0.16319,0.06693
2023-02-13 07:00:00,0.0316666666666666,600.26,0.4759512409845449,91,0.0010742857142857,0.33,0.19608,0.06693
2023-02-13 08:00:00,0.0316666666666666,595.12,1.15694,91,0.01185,0.33,0.22426,0.06693
2023-02-13 09:00:00,0.0466666666666666,593.54,1.637785,91,0.0280380952380952,0.33,0.19619999999999999,0.06693
2023-02-13 10:00:00,3.44,595.87,1.5232650000000003,91,0.0554671428571428,0.33,0.17335,0.06693
2023-02-13 11:00:00,3.873333333333333,599.63,1.181005,91,0.0729680952380952,0.33,0.15392,0.06693
2023-02-13 12:00:00,0.0333333333333333,598.1,0.96552,91,0.0568233333333333,0.33,0.14146,0.06693
2023-02-13 13:00:00,0.0349999999999999,600.51,0.806185,91,0.0419461904761904,0.33,0.13919,0.06693
2023-02-13 14:00:00,0.0316666666666666,602.67,0.66729,91,0.0225619047619047,0.33,0.14327,0.06693
2023-02-13 15:00:00,0.0333333333333333,609.33,0.5755450000000001,91,0.0051823809523809,0.33,0.15569,0.06693
2023-02-13 16:00:00,0.0333333333333333,589.21,0.511525,91,0.0013985714285714,0.33,0.16756000000000001,0.06693
2023-02-13 17:00:00,0.0333333333333333,591.67,0.59026,91,0.0,0.33,0.17085,0.06693
2023-02-13 18:00:00,0.0316666666666666,591.04,0.5563049999999999,91,0.0,0.33,0.22180000000000002,0.06693
2023-02-13 19:00:00,0.0349999999999999,604.08,0.31482,91,0.0,0.33,0.20655,0.06693
2023-02-13 20:00:00,0.0316666666666666,610.08,0.1567849999999999,91,0.0,0.33,0.18786000000000003,0.06693
2023-02-13 21:00:00,0.0316666666666666,618.06,0.0695549999999999,91,0.0,0.33,0.16822,0.06693
2023-02-13 22:00:00,0.0333333333333333,622.42,0.130375,91,0.0,0.33,0.16097,0.06693
2023-02-13 23:00:00,0.0333333333333333,613.65,0.195195,91,0.0,0.33,0.15012,0.06693
2023-02-14 00:00:00,0.0316666666666666,616.35,0.18849,91,0.0,0.33,0.13562000000000002,0.06693
2023-02-14 01:00:00,0.0333333333333333,613.24,0.20378,91,0.0,0.33,0.13232,0.06693
2023-02-14 02:00:00,0.0333333333333333,609.85,0.281015,91,0.0,0.33,0.13216,0.06693
2023-02-14 03:00:00,0.0316666666666666,616.26,0.39962,91,0.0,0.33,0.13212000000000002,0.06693
2023-02-14 04:00:00,0.0333333333333333,618.89,0.449465,91,0.0,0.33,0.13232,0.06693
2023-02-14 05:00:00,0.0316666666666666,609.18,0.922585,91,0.0,0.33,0.14193,0.06693
2023-02-14 06:00:00,0.0333333333333333,620.02,1.44231,91,0.0,0.33,0.16040000000000001,0.06693
2023-02-14 07:00:00,0.0316666666666666,611.06,1.4661099999999998,91,0.0,0.33,0.19999,0.06693
2023-02-14 08:00:00,0.0333333333333333,604.7,1.43851,91,3.714285714285714e-05,0.33,0.20698,0.06693
2023-02-14 09:00:00,3.233333333333333,597.13,1.3324550000000002,91,0.0022557142857142,0.33,0.18059999999999998,0.06693
2023-02-14 10:00:00,4.073333333333333,582.29,1.08291,91,0.0050861904761904,0.33,0.14846,0.06693
2023-02-14 11:00:00,4.07,581.6,0.901965,91,0.0062266666666666,0.33,0.14343999999999998,0.06693
2023-02-14 12:00:00,4.071666666666666,580.46,0.7608799999999999,91,0.0051190476190476,0.33,0.13273,0.06693
2023-02-14 13:00:00,1.6083333333333334,580.57,0.6215149999999999,91,0.0052371428571428,0.33,0.13135,0.06693
2023-02-14 14:00:00,0.095,586.36,0.52259,91,0.0058609523809523,0.33,0.13443,0.06693
2023-02-14 15:00:00,11.76,589.42,0.38369,91,0.0034214285714285,0.33,0.14438,0.06693
2023-02-14 16:00:00,1.9383333333333328,584.32,0.20934,91,0.0002723809523809,0.33,0.16072,0.06693
2023-02-14 17:00:00,11.646666666666668,587.82,0.058185,91,0.0,0.33,0.18127000000000001,0.06693
2023-02-14 18:00:00,1.7833333333333334,588.08,0.349855,91,0.0,0.33,0.19999,0.06693
2023-02-14 19:00:00,12.233333333333334,590.77,0.54654,91,0.0,0.33,0.19297,0.06693
2023-02-14 20:00:00,1.445,611.34,0.28202,91,0.0,0.33,0.17581,0.06693
2023-02-14 21:00:00,12.916666666666666,604.55,0.17193,91,0.0,0.33,0.16009,0.06693
2023-02-14 22:00:00,1.1266666666666667,605.41,0.278255,91,0.0,0.33,0.15103,0.06693
2023-02-14 23:00:00,0.2716666666666666,608.07,0.3553849999999999,91,0.0,0.33,0.14173,0.06693
2023-02-15 00:00:00,0.3433333333333333,612.96,0.3717349999999999,91,0.0,0.33,0.13625,0.06693
2023-02-15 01:00:00,0.2133333333333333,622.15,0.383605,91,0.0,0.33,0.13094999999999998,0.06693
2023-02-15 02:00:00,13.266666666666666,626.2,0.3957599999999999,91,0.0,0.33,0.13,0.06693
2023-02-15 03:00:00,0.3633333333333333,622.23,0.440415,91,0.0,0.33,0.13001,0.06693
2023-02-15 04:00:00,0.0316666666666666,626.42,0.47234,91,0.0,0.33,0.13171000000000002,0.06693
2023-02-15 05:00:00,0.0333333333333333,620.43,0.715665,91,0.0,0.33,0.14406,0.06693
2023-02-15 06:00:00,0.0316666666666666,608.66,1.022095,91,0.0,0.33,0.16341,0.06693
2023-02-15 07:00:00,0.0349999999999999,594.29,1.15756,91,0.0,0.33,0.185,0.06693
2023-02-15 08:00:00,0.0316666666666666,578.35,1.149015,91,0.0038342857142857,0.33,0.18875999999999998,0.06693
2023-02-15 09:00:00,0.0366666666666666,576.58,1.0059,91,0.015367619047619,0.33,0.17122,0.06693
2023-02-15 10:00:00,0.0316666666666666,574.06,0.932725,91,0.0258847619047619,0.33,0.15578,0.06693
2023-02-15 11:00:00,0.0333333333333333,570.74,0.93953,91,0.0347852380952381,0.33,0.14183,0.06693
2023-02-15 12:00:00,0.0316666666666666,567.32,0.808395,91,0.03821,0.33,0.1352,0.06693
2023-02-15 13:00:00,0.0333333333333333,565.75,0.64999,91,0.0442042857142857,0.33,0.13311,0.06693
2023-02-15 14:00:00,0.03,576.01,0.560755,91,0.030707619047619,0.33,0.13747,0.06693
2023-02-15 15:00:00,0.0916666666666666,585.66,0.5072150000000001,91,0.0179504761904761,0.33,0.14518,0.06693
2023-02-15 16:00:00,0.0333333333333333,587.66,0.413025,91,0.0042414285714285,0.33,0.15850999999999998,0.06693
2023-02-15 17:00:00,0.0316666666666666,585.97,0.336385,91,2.047619047619048e-05,0.33,0.17165,0.06693
2023-02-15 18:00:00,0.0333333333333333,587.06,0.3986249999999999,91,0.0,0.33,0.18975,0.06693
2023-02-15 19:00:00,0.0333333333333333,594.91,0.3290149999999999,91,0.0,0.33,0.18371,0.06693
2023-02-15 20:00:00,0.0316666666666666,598.67,0.16182,91,0.0,0.33,0.16494999999999999,0.06693
2023-02-15 21:00:00,0.0316666666666666,601.72,0.121695,91,0.0,0.33,0.15634,0.06693
2023-02-15 22:00:00,0.0316666666666666,602.76,0.16146,91,0.0,0.33,0.15422999999999998,0.06693
2023-02-15 23:00:00,0.0333333333333333,588.35,0.21092,91,0.0,0.33,0.13472,0.06693
2023-02-16 00:00:00,0.0333333333333333,585.35,0.235175,91,0.0,0.33,0.12888999999999998,0.06693
2023-02-16 01:00:00,0.0316666666666666,585.46,0.255185,91,0.0,0.33,0.12909,0.06693
2023-02-16 02:00:00,0.0333333333333333,584.23,0.2968949999999999,91,0.0,0.33,0.12847999999999998,0.06693
2023-02-16 03:00:00,0.03,588.23,0.36629,91,0.0,0.33,0.12949000000000002,0.06693
2023-02-16 04:00:00,0.0333333333333333,590.51,0.47307,91,0.0,0.33,0.12911,0.06693
2023-02-16 05:00:00,0.0316666666666666,595.41,0.731525,91,0.0,0.33,0.14644,0.06693
2023-02-16 06:00:00,0.0333333333333333,580.44,1.061685,91,0.0,0.33,0.16845,0.06693
2023-02-16 07:00:00,0.0316666666666666,560.33,1.286515,91,0.0006947619047619,0.33,0.17905000000000001,0.06693
2023-02-16 08:00:00,0.0333333333333333,555.73,1.2592299999999998,91,0.0171590476190476,0.33,0.17761000000000002,0.06693
2023-02-16 09:00:00,2.8000000000000003,550.53,1.066765,91,0.0354747619047619,0.33,0.16536,0.06693
2023-02-16 10:00:00,3.925,539.86,0.90567,91,0.096545238095238,0.33,0.15315,0.06693
2023-02-16 11:00:00,3.4966666666666666,520.83,0.748425,91,0.1689695238095238,0.33,0.13986,0.06693
2023-02-16 12:00:00,2.0483333333333333,523.68,0.59033,91,0.2398852380952381,0.33,0.12782,0.06693
2023-02-16 13:00:00,0.0616666666666666,533.75,0.445335,91,0.1089723809523809,0.33,0.1333,0.06693
2023-02-16 14:00:00,0.0316666666666666,557.06,0.195175,91,0.0728438095238095,0.33,0.13956,0.06693
2023-02-16 15:00:00,0.0333333333333333,575.0,0.002365,91,0.046757619047619,0.33,0.14665,0.06693
2023-02-16 16:00:00,5.483333333333333,567.25,0.000515,91,0.0202223809523809,0.33,0.15315,0.06693
2023-02-16 17:00:00,8.766666666666666,569.64,0.0,91,0.001427619047619,0.33,0.16613999999999998,0.06693
2023-02-16 18:00:00,8.168333333333333,565.87,0.413025,91,0.0,0.33,0.18146,0.06693
2023-02-16 19:00:00,5.781666666666666,572.42,0.4398749999999999,91,0.0,0.33,0.17245,0.06693
2023-02-16 20:00:00,2.7266666666666666,564.68,0.107,91,0.0,0.33,0.16102,0.06693
2023-02-16 21:00:00,2.5866666666666664,552.53,0.096095,91,0.0,0.33,0.15388,0.06693
2023-02-16 22:00:00,11.466666666666669,550.52,0.11429,91,0.0,0.33,0.13851,0.06693
2023-02-16 23:00:00,2.248333333333333,536.38,0.21934,91,0.0,0.33,0.12725,0.06693
2023-02-17 00:00:00,11.921666666666669,533.44,0.22657,91,0.0,0.33,0.11628,0.06693
2023-02-17 01:00:00,0.155,516.81,0.2055749999999999,91,0.0,0.33,0.11852,0.06693
2023-02-17 02:00:00,0.1616666666666666,522.97,0.230525,91,0.0,0.33,0.11905,0.06693
2023-02-17 03:00:00,0.1566666666666666,521.33,0.261105,91,0.0,0.33,0.10808,0.06693
2023-02-17 04:00:00,0.1583333333333333,525.44,0.4212849999999999,91,0.0,0.33,0.11863,0.06693
2023-02-17 05:00:00,2.858333333333333,526.95,0.74225,91,0.0,0.33,0.1371,0.06693
2023-02-17 06:00:00,10.583333333333334,507.02,1.03066,91,0.0,0.33,0.15975999999999999,0.06693
2023-02-17 07:00:00,0.0316666666666666,509.8,1.24602,91,0.0137161904761904,0.33,0.17323,0.06693
2023-02-17 08:00:00,0.0349999999999999,505.17,1.194605,91,0.0888399999999999,0.33,0.18191,0.06693
2023-02-17 09:00:00,0.0333333333333333,509.76,1.0091,91,0.1772090476190476,0.33,0.17366,0.06693
2023-02-17 10:00:00,0.0333333333333333,517.73,0.814785,91,0.2509585714285714,0.33,0.18928999999999999,0.06693
2023-02-17 11:00:00,0.0333333333333333,506.87,0.635975,91,0.3151942857142857,0.33,0.18330000000000002,0.06693
2023-02-17 12:00:00,0.0333333333333333,506.25,0.560585,91,0.3633571428571428,0.33,0.16879,0.06693
2023-02-17 13:00:00,0.0333333333333333,501.27,0.467085,91,0.2832909523809523,0.33,0.15546000000000001,0.06693
2023-02-17 14:00:00,0.0333333333333333,494.8,0.371975,91,0.2446852380952381,0.33,0.15483000000000002,0.06693
2023-02-17 15:00:00,0.0316666666666666,492.62,0.1835999999999999,91,0.17704,0.33,0.14984999999999998,0.06693
2023-02-17 16:00:00,0.0333333333333333,484.13,0.08326,91,0.0314109523809523,0.33,0.14993,0.06693
2023-02-17 17:00:00,0.0333333333333333,491.49,0.2162749999999999,91,0.0035771428571428,0.33,0.14501,0.06693
2023-02-17 18:00:00,0.0333333333333333,495.17,0.3040399999999999,91,0.0,0.33,0.14778,0.06693
2023-02-17 19:00:00,0.0333333333333333,498.37,0.16445,91,0.0,0.33,0.14074,0.06693
2023-02-17 20:00:00,0.0316666666666666,473.43,0.0601,91,0.0,0.33,0.11964,0.06693
2023-02-17 21:00:00,0.0333333333333333,497.66,0.046955,91,0.0,0.33,0.08706,0.06693
2023-02-17 22:00:00,0.0316666666666666,486.67,0.002825,91,0.0,0.33,0.08912,0.06693
2023-02-17 23:00:00,0.0333333333333333,459.08,0.0526149999999999,91,0.0,0.33,0.08429,0.06693
2023-02-18 00:00:00,0.0333333333333333,433.78,0.098975,91,0.0,0.33,0.1157,0.06693
2023-02-18 01:00:00,0.0316666666666666,430.01,0.0881449999999999,91,0.0,0.33,0.12026,0.06693
2023-02-18 02:00:00,0.0316666666666666,431.53,0.0814599999999999,91,0.0,0.33,0.10834999999999999,0.06693
2023-02-18 03:00:00,0.0316666666666666,434.63,0.0899999999999999,91,0.0,0.33,0.09409999999999999,0.06693
2023-02-18 04:00:00,0.0316666666666666,431.76,0.0857049999999999,91,0.0,0.33,0.09375,0.06693
2023-02-18 05:00:00,0.0333333333333333,433.01,0.2121849999999999,91,0.0,0.33,0.08608,0.06693
2023-02-18 06:00:00,0.0316666666666666,452.92,0.19709,91,0.0,0.33,0.09409999999999999,0.06693
2023-02-18 07:00:00,0.0316666666666666,452.5,0.10335,91,0.0235128571428571,0.33,0.10473,0.06693
2023-02-18 08:00:00,0.0316666666666666,447.54,0.152605,91,0.1440914285714285,0.33,0.11131999999999999,0.06693
2023-02-18 09:00:00,0.0333333333333333,432.44,0.13699,91,0.2871657142857142,0.33,0.11159999999999999,0.06693
2023-02-18 10:00:00,0.0316666666666666,428.71,0.0972899999999999,91,0.4063171428571428,0.33,0.10915000000000001,0.06693
2023-02-18 11:00:00,0.0316666666666666,409.27,0.0720249999999999,91,0.4670838095238095,0.33,0.10567,0.06693
2023-02-18 12:00:00,0.0316666666666666,399.96,0.0805949999999999,91,0.4900614285714286,0.33,0.08992,0.06693
2023-02-18 13:00:00,0.0333333333333333,404.98,0.0498399999999999,91,0.4573233333333334,0.33,0.08329,0.06693
2023-02-18 14:00:00,0.03,435.39,0.0114099999999999,91,0.3697642857142857,0.33,0.08637,0.06693
2023-02-18 15:00:00,0.0316666666666666,455.19,0.00225,91,0.2320138095238095,0.33,0.10937000000000001,0.06693
2023-02-18 16:00:00,0.0333333333333333,464.29,0.00044,91,0.0632333333333333,0.33,0.12548,0.06693
2023-02-18 17:00:00,0.0316666666666666,478.74,0.08921,91,0.0039966666666666,0.33,0.13206,0.06693
2023-02-18 18:00:00,0.0333333333333333,490.88,0.13442,91,0.0,0.33,0.15356,0.06693
2023-02-18 19:00:00,0.0333333333333333,489.81,0.09375,91,0.0,0.33,0.15537,0.06693
2023-02-18 20:00:00,0.0316666666666666,473.2,0.0758149999999999,91,0.0,0.33,0.14047,0.06693
2023-02-18 21:00:00,0.0333333333333333,482.46,0.0281999999999999,91,0.0,0.33,0.12303,0.06693
2023-02-18 22:00:00,0.0316666666666666,481.8,0.0086449999999999,91,0.0,0.33,0.11861,0.06693
2023-02-18 23:00:00,0.0316666666666666,477.56,0.0545099999999999,91,0.0,0.33,0.11451,0.06693
2023-02-19 00:00:00,0.0333333333333333,468.76,0.091065,91,0.0,0.33,0.10814,0.06693
2023-02-19 01:00:00,0.03,456.3,0.092415,91,0.0,0.33,0.10204,0.06693
2023-02-19 02:00:00,0.0316666666666666,446.9,0.102895,91,0.0,0.33,0.09642,0.06693
2023-02-19 03:00:00,0.0316666666666666,444.94,0.1075299999999999,91,0.0,0.33,0.093,0.06693
2023-02-19 04:00:00,0.0333333333333333,448.4,0.1068399999999999,91,0.0,0.33,0.09255,0.06693
2023-02-19 05:00:00,0.0316666666666666,452.13,0.2516299999999999,91,0.0,0.33,0.09778,0.06693
2023-02-19 06:00:00,0.0316666666666666,467.66,0.409005,91,0.0,0.33,0.09265999999999999,0.06693
2023-02-19 07:00:00,0.0316666666666666,462.11,0.3118249999999999,91,0.0266438095238095,0.33,0.10355,0.06693
2023-02-19 08:00:00,0.0333333333333333,469.27,0.21821,91,0.1582585714285714,0.33,0.11095999999999999,0.06693
2023-02-19 09:00:00,0.0316666666666666,468.78,0.19183,91,0.3101380952380952,0.33,0.11896999999999999,0.06693
2023-02-19 10:00:00,0.5683333333333334,452.69,0.109355,91,0.4292828571428571,0.33,0.11887,0.06693
2023-02-19 11:00:00,13.98,426.65,0.05842,91,0.5023466666666667,0.33,0.11946999999999999,0.06693
2023-02-19 12:00:00,5.376666666666666,416.64,0.04862,91,0.5188623809523809,0.33,0.11456000000000001,0.06693
2023-02-19 13:00:00,11.785000000000002,406.59,0.04308,91,0.4814571428571429,0.33,0.09989,0.06693
2023-02-19 14:00:00,7.181666666666666,433.77,0.029625,91,0.3933671428571428,0.33,0.10125,0.06693
2023-02-19 15:00:00,7.78,468.76,0.046165,91,0.2534295238095238,0.33,0.10901000000000001,0.06693
2023-02-19 16:00:00,14.078333333333331,502.76,0.05935,91,0.0721004761904761,0.33,0.12344,0.06693
2023-02-19 17:00:00,5.196666666666667,511.75,0.09756,91,0.0044123809523809,0.33,0.14548,0.06693
2023-02-19 18:00:00,13.973333333333334,507.11,0.128735,91,0.0,0.33,0.16702,0.06693
2023-02-19 19:00:00,3.3816666666666664,496.15,0.189245,91,0.0,0.33,0.16641999999999998,0.06693
2023-02-19 20:00:00,10.383333333333333,499.56,0.261705,91,0.0,0.33,0.13533,0.06693
2023-02-19 21:00:00,0.1583333333333333,483.92,0.236735,91,0.0,0.33,0.11812,0.06693
2023-02-19 22:00:00,0.1583333333333333,449.49,0.2225899999999999,91,0.0,0.33,0.11120999999999999,0.06693
2023-02-19 23:00:00,0.045,441.41,0.229765,91,0.0,0.33,0.08734,0.06693
2023-02-20 00:00:00,0.0316666666666666,451.15,0.22992,91,0.0,0.33,0.07765000000000001,0.06693
2023-02-20 01:00:00,0.0333333333333333,449.67,0.233455,91,0.0,0.33,0.04888,0.06693
2023-02-20 02:00:00,0.0316666666666666,450.66,0.24395,91,0.0,0.33,0.046310000000000004,0.06693
2023-02-20 03:00:00,0.0333333333333333,465.15,0.2561,91,0.0,0.33,0.032369999999999996,0.06693
2023-02-20 04:00:00,0.0316666666666666,497.87,0.49742,91,0.0,0.33,0.09716,0.06693
2023-02-20 05:00:00,0.0316666666666666,503.59,0.822785,91,0.0,0.33,0.10477,0.06693
2023-02-20 06:00:00,0.0333333333333333,499.0,0.80539,91,0.0,0.33,0.12292,0.06693
2023-02-20 07:00:00,0.0316666666666666,498.58,0.8820600000000001,91,0.0299385714285714,0.33,0.12625,0.06693
2023-02-20 08:00:00,0.0333333333333333,508.62,0.9949600000000002,91,0.1658561904761905,0.33,0.12954,0.06693
2023-02-20 09:00:00,0.0333333333333333,469.79,0.853675,91,0.3087614285714285,0.33,0.14472,0.06693
2023-02-20 10:00:00,0.0349999999999999,459.63,0.65945,91,0.4295909523809523,0.33,0.12138,0.06693
2023-02-20 11:00:00,0.0333333333333333,443.43,0.53211,91,0.5011404761904762,0.33,0.10993,0.06693
2023-02-20 12:00:00,0.0316666666666666,444.06,0.466455,91,0.5110880952380952,0.33,0.09358,0.06693
2023-02-20 13:00:00,0.0316666666666666,452.08,0.355555,91,0.4693423809523809,0.33,0.09358,0.06693
2023-02-20 14:00:00,0.0349999999999999,470.23,0.175755,91,0.3725847619047618,0.33,0.11525,0.06693
2023-02-20 15:00:00,0.0316666666666666,482.53,0.02337,91,0.2247285714285714,0.33,0.175,0.06693
2023-02-20 16:00:00,0.0333333333333333,479.05,0.0008649999999999,91,0.0873242857142857,0.33,0.12554,0.06693
2023-02-20 17:00:00,0.0316666666666666,490.52,5.999999999994999e-05,91,0.0033504761904761,0.33,0.125,0.06693
2023-02-20 18:00:00,0.0333333333333333,505.49,0.0,91,0.0,0.33,0.13711,0.06693
2023-02-20 19:00:00,0.0333333333333333,510.4,0.0,91,0.0,0.33,0.12483,0.06693
2023-02-20 20:00:00,0.0333333333333333,508.92,0.27904,91,0.0,0.33,0.12165999999999999,0.06693
2023-02-20 21:00:00,0.0333333333333333,494.87,0.28016,91,0.0,0.33,0.1032,0.06693
2023-02-20 22:00:00,0.0316666666666666,467.99,0.0274799999999999,91,0.0,0.33,0.1032,0.06693
2023-02-20 23:00:00,0.0333333333333333,460.33,0.0790549999999999,91,0.0,0.33,0.06775,0.06693
2023-02-21 00:00:00,0.0333333333333333,461.46,0.2828099999999999,91,0.0,0.33,0.05124,0.06693
2023-02-21 01:00:00,0.0333333333333333,470.32,0.28469,91,0.0,0.33,0.04933,0.06693
2023-02-21 02:00:00,0.0316666666666666,468.13,0.16849,91,0.0,0.33,0.048799999999999996,0.06693
2023-02-21 03:00:00,0.0333333333333333,476.35,0.2457049999999999,91,0.0,0.33,0.049890000000000004,0.06693
2023-02-21 04:00:00,0.0316666666666666,482.64,0.27002,91,0.0,0.33,0.06396,0.06693
2023-02-21 05:00:00,0.0333333333333333,516.61,0.5855699999999999,91,0.0,0.33,0.09279000000000001,0.06693
2023-02-21 06:00:00,0.0333333333333333,527.36,0.97169,91,0.0,0.33,0.13024000000000002,0.06693
2023-02-21 07:00:00,0.0316666666666666,512.54,1.0531,91,0.010775238095238,0.33,0.15778,0.06693
2023-02-21 08:00:00,0.0333333333333333,491.6,1.0301600000000002,91,0.0583885714285714,0.33,0.1618,0.06693
2023-02-21 09:00:00,1.7916666666666667,467.73,0.87995,91,0.1294714285714286,0.33,0.12032999999999999,0.06693
2023-02-21 10:00:00,3.418333333333333,446.55,0.67603,91,0.1500166666666666,0.33,0.11231000000000001,0.06693
2023-02-21 11:00:00,3.42,446.58,0.542065,91,0.1435942857142857,0.33,0.09762,0.06693
2023-02-21 12:00:00,2.2466666666666666,448.92,0.386285,91,0.1348957142857142,0.33,0.0965,0.06693
2023-02-21 13:00:00,0.0366666666666666,493.23,0.143185,91,0.1193847619047619,0.33,0.10415,0.06693
2023-02-21 14:00:00,0.0333333333333333,520.92,0.001845,91,0.0967638095238095,0.33,0.10993,0.06693
2023-02-21 15:00:00,0.0333333333333333,544.67,0.0003699999999999,91,0.0629647619047619,0.33,0.13056,0.06693
2023-02-21 16:00:00,0.0316666666666666,550.48,0.0,91,0.026637619047619,0.33,0.15008000000000002,0.06693
2023-02-21 17:00:00,0.0333333333333333,557.83,0.0,91,0.0023985714285714,0.33,0.16485,0.06693
2023-02-21 18:00:00,0.0333333333333333,553.25,0.0,91,0.0,0.33,0.17812999999999998,0.06693
2023-02-21 19:00:00,0.0316666666666666,553.87,0.307045,91,0.0,0.33,0.1771,0.06693
2023-02-21 20:00:00,0.15,555.04,0.30825,91,0.0,0.33,0.17,0.06693
2023-02-21 21:00:00,0.155,553.4,0.001525,91,0.0,0.33,0.15880000000000002,0.06693
2023-02-21 22:00:00,0.4033333333333332,553.03,0.0560499999999999,91,0.0,0.33,0.15319999999999998,0.06693
2023-02-21 23:00:00,1.225,545.1,0.1114699999999999,91,0.0,0.33,0.14258,0.06693
2023-02-22 00:00:00,0.1583333333333333,539.17,0.1183599999999999,91,0.0,0.33,0.1399,0.06693
2023-02-22 01:00:00,0.4066666666666667,539.77,0.1219399999999999,91,0.0,0.33,0.12841999999999998,0.06693
2023-02-22 02:00:00,0.6333333333333333,542.34,0.128545,91,0.0,0.33,0.1253,0.06693
2023-02-22 03:00:00,1.085,535.32,0.166535,91,0.0,0.33,0.12841999999999998,0.06693
2023-02-22 04:00:00,0.7799999999999999,542.19,0.1981049999999999,91,0.0,0.33,0.12946000000000002,0.06693
2023-02-22 05:00:00,0.1583333333333333,533.06,0.4715549999999999,91,0.0,0.33,0.14029,0.06693
2023-02-22 06:00:00,0.0833333333333333,510.62,0.854695,91,1.5238095238095238e-05,0.33,0.15836,0.06693
2023-02-22 07:00:00,0.0333333333333333,498.05,1.19118,91,0.0331290476190476,0.33,0.17313,0.06693
2023-02-22 08:00:00,0.015,482.12,1.126305,91,0.1564819047619047,0.33,0.17634,0.06693
2023-02-22 09:00:00,0.0249999999999999,481.7,0.77786,91,0.3016528571428571,0.33,0.16455,0.06693
2023-02-22 10:00:00,0.03,494.6,0.705885,91,0.4158923809523809,0.33,0.15283000000000002,0.06693
2023-02-22 11:00:00,0.0249999999999999,491.31,0.6730499999999999,91,0.4790823809523809,0.33,0.13883,0.06693
2023-02-22 12:00:00,0.0266666666666666,491.71,0.6021899999999999,91,0.4941190476190476,0.33,0.13346,0.06693
2023-02-22 13:00:00,0.0283333333333333,497.12,0.5744699999999999,91,0.4526209523809524,0.33,0.13199,0.06693
2023-02-22 14:00:00,0.0266666666666666,509.67,0.5239349999999999,91,0.3553214285714285,0.33,0.13788999999999998,0.06693
2023-02-22 15:00:00,0.0066666666666666,523.1,0.443035,91,0.2492209523809523,0.33,0.15249000000000001,0.06693
2023-02-22 16:00:00,0.0283333333333333,524.78,0.43581,91,0.0734933333333333,0.33,0.1579,0.06693
2023-02-22 17:00:00,0.15,528.73,0.4614899999999999,91,0.0049271428571428,0.33,0.16501,0.06693
2023-02-22 18:00:00,3.458333333333333,522.63,0.38029,91,0.0,0.33,0.175,0.06693
2023-02-22 19:00:00,0.8366666666666668,519.78,0.19138,91,0.0,0.33,0.17273,0.06693
2023-02-22 20:00:00,6.135000000000001,525.63,0.06732,91,0.0,0.33,0.16206,0.06693
2023-02-22 21:00:00,1.3,529.21,0.0141699999999999,91,0.0,0.33,0.15402000000000002,0.06693
2023-02-22 22:00:00,8.505,531.8,0.0257749999999999,91,0.0,0.33,0.15062,0.06693
2023-02-22 23:00:00,7.666666666666667,523.68,0.0535849999999999,91,0.0,0.33,0.13624,0.06693
2023-02-23 00:00:00,12.123333333333331,525.63,0.056065,91,0.0,0.33,0.13582,0.06693
2023-02-23 01:00:00,0.3899999999999999,523.95,0.06946,91,0.0,0.33,0.13266999999999998,0.06693
2023-02-23 02:00:00,0.0316666666666666,521.14,0.098945,91,0.0,0.33,0.12985,0.06693
2023-02-23 03:00:00,0.0316666666666666,527.57,0.12652,91,0.0,0.33,0.12489,0.06693
2023-02-23 04:00:00,0.0316666666666666,535.57,0.13851,91,0.0,0.33,0.12529,0.06693
2023-02-23 05:00:00,0.0333333333333333,541.28,0.40083,91,0.0,0.33,0.13019999999999998,0.06693
2023-02-23 06:00:00,0.0316666666666666,522.1,0.761785,91,0.0,0.33,0.15397999999999998,0.06693
2023-02-23 07:00:00,0.0333333333333333,518.11,1.073015,91,0.0059685714285714,0.33,0.17,0.06693
2023-02-23 08:00:00,0.0316666666666666,513.92,1.0621349999999998,91,0.0486519047619047,0.33,0.17873,0.06693
2023-02-23 09:00:00,0.03,490.51,0.808865,91,0.1308752380952381,0.33,0.1704,0.06693
2023-02-23 10:00:00,0.0349999999999999,491.75,0.6699449999999999,91,0.1057628571428571,0.33,0.15668,0.06693
2023-02-23 11:00:00,0.03,499.66,0.47597,91,0.1675390476190476,0.33,0.15203999999999998,0.06693
2023-02-23 12:00:00,0.0333333333333333,508.79,0.3668449999999999,91,0.2586828571428571,0.33,0.14339,0.06693
2023-02-23 13:00:00,0.0316666666666666,522.34,0.2783199999999999,91,0.1133838095238095,0.33,0.13871,0.06693
2023-02-23 14:00:00,0.0333333333333333,528.73,0.2744499999999999,91,0.0978042857142857,0.33,0.13836,0.06693
2023-02-23 15:00:00,0.0366666666666666,535.58,0.308895,91,0.0743828571428571,0.33,0.14224,0.06693
2023-02-23 16:00:00,0.0366666666666666,534.65,0.2184749999999999,91,0.0444623809523809,0.33,0.14737999999999998,0.06693
2023-02-23 17:00:00,0.0366666666666666,531.81,0.2462749999999999,91,0.0043485714285714,0.33,0.15512,0.06693
2023-02-23 18:00:00,0.0349999999999999,528.2,0.26852,91,0.0,0.33,0.16522,0.06693
2023-02-23 19:00:00,0.0366666666666666,533.5,0.157645,91,0.0,0.33,0.165,0.06693
2023-02-23 20:00:00,0.0349999999999999,533.78,0.070275,91,0.0,0.33,0.15687,0.06693
2023-02-23 21:00:00,5.808333333333334,528.44,0.0122199999999999,91,0.0,0.33,0.15114,0.06693
2023-02-23 22:00:00,3.015,518.99,0.0009999999999999,91,0.0,0.33,0.14592,0.06693
2023-02-23 23:00:00,2.245,522.11,0.04373,91,0.0,0.33,0.13144999999999998,0.06693
2023-02-24 00:00:00,0.0833333333333333,514.0,0.078345,91,0.0,0.33,0.13491999999999998,0.06693
2023-02-24 01:00:00,0.0366666666666666,514.48,0.104615,91,0.0,0.33,0.11941,0.06693
2023-02-24 02:00:00,0.0366666666666666,518.6,0.175165,91,0.0,0.33,0.11835999999999999,0.06693
2023-02-24 03:00:00,0.0366666666666666,516.43,0.21023,91,0.0,0.33,0.11631,0.06693
2023-02-24 04:00:00,0.0349999999999999,513.66,0.20431,91,0.0,0.33,0.11916,0.06693
2023-02-24 05:00:00,0.0333333333333333,513.95,0.4401599999999999,91,0.0,0.33,0.12018999999999999,0.06693
2023-02-24 06:00:00,0.0383333333333333,511.43,0.79943,91,0.0002571428571428,0.33,0.15093,0.06693
2023-02-24 07:00:00,0.0349999999999999,503.57,0.91529,91,0.0292314285714285,0.33,0.15969999999999998,0.06693
2023-02-24 08:00:00,0.0349999999999999,496.21,0.8660749999999999,91,0.1607938095238095,0.33,0.15665,0.06693
2023-02-24 09:00:00,0.0383333333333333,490.88,0.76343,91,0.2811309523809523,0.33,0.15336000000000002,0.06693
2023-02-24 10:00:00,0.0683333333333333,477.98,0.62381,91,0.4388671428571428,0.33,0.13724,0.06693
2023-02-24 11:00:00,0.0566666666666666,468.99,0.4348599999999999,91,0.4997952380952381,0.33,0.13112000000000001,0.06693
2023-02-24 12:00:00,0.0366666666666666,464.82,0.27102,91,0.5153671428571429,0.33,0.14195,0.06693
2023-02-24 13:00:00,0.0366666666666666,469.89,0.11135,91,0.4807895238095238,0.33,0.12688,0.06693
2023-02-24 14:00:00,2.5166666666666666,481.76,0.0065299999999999,91,0.3883490909090909,0.33,0.12716,0.06693
2023-02-24 15:00:00,0.6733333333333333,492.24,0.0015249999999999,91,0.2179580952380952,0.33,0.15518,0.06693
2023-02-24 16:00:00,0.58,491.79,0.000345,91,0.0950171428571428,0.33,0.16,0.06693
2023-02-24 17:00:00,0.5916666666666667,494.72,0.0,91,0.0037999999999999,0.33,0.16272999999999999,0.06693
2023-02-24 18:00:00,5.098333333333334,497.57,0.0,91,0.0,0.33,0.15928,0.06693
2023-02-24 19:00:00,7.405,486.34,0.0,91,0.0,0.33,0.155,0.06693
2023-02-24 20:00:00,0.0366666666666666,488.21,0.2639649999999999,91,0.0,0.33,0.12877000000000002,0.06693
2023-02-24 21:00:00,0.0366666666666666,478.4,0.2649599999999999,91,0.0,0.33,0.10522,0.06693
2023-02-24 22:00:00,0.0366666666666666,457.92,0.001265,91,0.0,0.33,0.10466,0.06693
2023-02-24 23:00:00,0.0416666666666666,402.39,0.00027,91,0.0,0.33,0.09085,0.06693
2023-02-25 00:00:00,0.0366666666666666,398.11,0.0,91,0.0,0.33,0.07475,0.06693
2023-02-25 01:00:00,0.0349999999999999,391.28,0.017785,91,0.0,0.33,0.07834999999999999,0.06693
2023-02-25 02:00:00,0.0366666666666666,397.56,0.0578899999999999,91,0.0,0.33,0.0611,0.06693
2023-02-25 03:00:00,0.0349999999999999,402.14,0.0921999999999999,91,0.0,0.33,0.059179999999999996,0.06693
2023-02-25 04:00:00,0.0349999999999999,401.91,0.0794349999999999,91,0.0,0.33,0.07418999999999999,0.06693
2023-02-25 05:00:00,0.0366666666666666,412.84,0.1738499999999999,91,0.0,0.33,0.06368,0.06693
2023-02-25 06:00:00,0.0349999999999999,402.78,0.148625,91,0.0,0.33,0.07054,0.06693
2023-02-25 07:00:00,0.0366666666666666,391.83,0.0746899999999999,91,0.020725238095238,0.33,0.07672,0.06693
2023-02-25 08:00:00,0.0349999999999999,385.09,0.13799,91,0.1059333333333333,0.33,0.08489000000000001,0.06693
2023-02-25 09:00:00,0.0366666666666666,386.2,0.1309049999999999,91,0.1005604761904761,0.33,0.09068000000000001,0.06693
2023-02-25 10:00:00,0.0383333333333333,375.91,0.1219199999999999,91,0.1471404761904761,0.33,0.09068000000000001,0.06693
2023-02-25 11:00:00,0.0366666666666666,366.78,0.1105599999999999,91,0.1719033333333333,0.33,0.049460000000000004,0.06693
2023-02-25 12:00:00,0.0349999999999999,360.74,0.076805,91,0.3326023809523809,0.33,0.04428,0.06693
2023-02-25 13:00:00,0.0349999999999999,357.48,0.0599349999999999,91,0.1933128571428571,0.33,0.09387000000000001,0.06693
2023-02-25 14:00:00,0.0366666666666666,380.04,0.08315,91,0.2452295238095238,0.33,0.04939,0.06693
2023-02-25 15:00:00,0.0333333333333333,407.61,0.07795,91,0.2002119047619047,0.33,0.06581000000000001,0.06693
2023-02-25 16:00:00,0.0366666666666666,427.22,0.076305,91,0.0669723809523809,0.33,0.09276999999999999,0.06693
2023-02-25 17:00:00,0.0333333333333333,439.55,0.08666,91,0.0100642857142857,0.33,0.12240999999999999,0.06693
2023-02-25 18:00:00,0.0383333333333333,440.92,0.0910749999999999,91,0.0,0.33,0.14118,0.06693
2023-02-25 19:00:00,0.0349999999999999,418.25,0.1083749999999999,91,0.0,0.33,0.13203,0.06693
2023-02-25 20:00:00,0.0366666666666666,425.1,0.1876799999999999,91,0.0,0.33,0.1139,0.06693
2023-02-25 21:00:00,0.0349999999999999,425.73,0.19507,91,0.0,0.33,0.09988,0.06693
2023-02-25 22:00:00,0.0416666666666666,422.76,0.1707999999999999,91,0.0,0.33,0.10984999999999999,0.06693
2023-02-25 23:00:00,0.0366666666666666,418.72,0.218635,91,0.0,0.33,0.10714,0.06693
2023-02-26 00:00:00,1.836666666666667,415.55,0.21602,91,0.0,0.33,0.10648,0.06693
2023-02-26 01:00:00,2.411666666666666,407.27,0.209245,91,0.0,0.33,0.10201,0.06693
2023-02-26 02:00:00,8.771666666666667,404.92,0.2378249999999999,91,0.0,0.33,0.10253,0.06693
2023-02-26 03:00:00,9.75,406.04,0.24161,91,0.0,0.33,0.10564,0.06693
2023-02-26 04:00:00,0.0333333333333333,411.64,0.23368,91,0.0,0.33,0.10396999999999999,0.06693
2023-02-26 05:00:00,0.0383333333333333,423.29,0.3802999999999999,91,0.0,0.33,0.10518999999999999,0.06693
2023-02-26 06:00:00,0.0366666666666666,422.01,0.36457,91,0.0,0.33,0.10704000000000001,0.06693
2023-02-26 07:00:00,0.0366666666666666,413.04,0.25154,91,0.0248223809523809,0.33,0.11051000000000001,0.06693
2023-02-26 08:00:00,0.0349999999999999,401.26,0.31092,91,0.0756152380952381,0.33,0.10047,0.06693
2023-02-26 09:00:00,0.0433333333333333,386.58,0.305585,91,0.1328071428571428,0.33,0.09376000000000001,0.06693
2023-02-26 10:00:00,0.0349999999999999,379.86,0.2861499999999999,91,0.1860409523809524,0.33,0.09577,0.06693
2023-02-26 11:00:00,0.0349999999999999,369.26,0.2654749999999999,91,0.4101676190476191,0.33,0.09065999999999999,0.06693
2023-02-26 12:00:00,0.0366666666666666,367.7,0.2449349999999999,91,0.1488361904761904,0.33,0.085,0.06693
2023-02-26 13:00:00,0.0366666666666666,382.21,0.25796,91,0.1025495238095238,0.33,0.05842,0.06693
2023-02-26 14:00:00,0.0349999999999999,401.68,0.27923,91,0.0705033333333333,0.33,0.05311,0.06693
2023-02-26 15:00:00,0.06,456.66,0.2838099999999999,91,0.1148652380952381,0.33,0.08574,0.06693
2023-02-26 16:00:00,2.2016666666666667,473.04,0.3072999999999999,91,0.0242104761904761,0.33,0.09892000000000001,0.06693
2023-02-26 17:00:00,4.068333333333334,473.01,0.33722,91,0.0036290476190476,0.33,0.12990000000000002,0.06693
2023-02-26 18:00:00,1.6450000000000002,485.17,0.359905,91,0.0,0.33,0.15369999999999998,0.06693
2023-02-26 19:00:00,0.495,484.53,0.367235,91,0.0,0.33,0.15691,0.06693
2023-02-26 20:00:00,0.0433333333333333,481.46,0.2609649999999999,91,0.0,0.33,0.15364,0.06693
2023-02-26 21:00:00,0.0383333333333333,479.48,0.264645,91,0.0,0.33,0.14164,0.06693
2023-02-26 22:00:00,0.0349999999999999,484.4,0.32243,91,0.0,0.33,0.13829,0.06693
2023-02-26 23:00:00,0.0366666666666666,474.76,0.327115,91,0.0,0.33,0.13298,0.06693
2023-02-27 00:00:00,0.0366666666666666,472.63,0.376635,91,0.0,0.33,0.12283,0.06693
2023-02-27 01:00:00,0.0349999999999999,478.6,0.40117,91,0.0,0.33,0.13141,0.06693
2023-02-27 02:00:00,2.8816666666666664,478.02,0.4263999999999999,91,0.0,0.33,0.13012,0.06693
2023-02-27 03:00:00,6.836666666666667,486.97,0.76347,91,0.0,0.33,0.12503,0.06693
2023-02-27 04:00:00,0.04,507.76,1.111735,91,0.0,0.33,0.12007,0.06693
2023-02-27 05:00:00,0.0366666666666666,517.06,1.170405,91,0.0,0.33,0.13983,0.06693
2023-02-27 06:00:00,0.0383333333333333,512.57,1.3388099999999998,91,0.0,0.33,0.16415000000000002,0.06693
2023-02-27 07:00:00,0.0416666666666666,508.24,1.426125,91,0.005575238095238,0.33,0.18666,0.06693
2023-02-27 08:00:00,0.0366666666666666,518.89,1.385045,91,0.0389219047619047,0.33,0.18249,0.06693
2023-02-27 09:00:00,0.0366666666666666,518.5,1.333805,91,0.1426133333333333,0.33,0.16081,0.06693
2023-02-27 10:00:00,0.0366666666666666,527.5,1.26222,91,0.4402719047619047,0.33,0.14864,0.06693
2023-02-27 11:00:00,0.0366666666666666,530.53,1.15208,91,0.5036861904761905,0.33,0.14014,0.06693
2023-02-27 12:00:00,0.0366666666666666,537.36,1.015175,91,0.5277442857142857,0.33,0.13879,0.06693
2023-02-27 13:00:00,0.0366666666666666,548.09,0.9276,91,0.4204242857142857,0.33,0.1353,0.06693
2023-02-27 14:00:00,0.0349999999999999,554.51,0.89418,91,0.2361661904761904,0.33,0.13135,0.06693
2023-02-27 15:00:00,0.04,567.48,0.83448,91,0.0357238095238095,0.33,0.13202,0.06693
2023-02-27 16:00:00,0.0349999999999999,566.24,0.78118,91,0.0151709523809523,0.33,0.1525,0.06693
2023-02-27 17:00:00,0.0349999999999999,569.57,0.83001,91,0.00421,0.33,0.17037,0.06693
2023-02-27 18:00:00,0.0433333333333333,570.3,0.797565,91,0.0,0.33,0.19,0.06693
2023-02-27 19:00:00,0.0366666666666666,570.43,0.46918,91,0.0,0.33,0.19804,0.06693
2023-02-27 20:00:00,0.0366666666666666,562.22,0.14504,91,0.0,0.33,0.17449,0.06693
2023-02-27 21:00:00,0.0366666666666666,563.18,0.0744399999999999,91,0.0,0.33,0.1603,0.06693
2023-02-27 22:00:00,0.0366666666666666,568.43,0.14657,91,0.0,0.33,0.15346,0.06693
2023-02-27 23:00:00,0.0349999999999999,565.78,0.21313,91,0.0,0.33,0.14946,0.06693
2023-02-28 00:00:00,0.0366666666666666,569.97,0.319605,91,0.0,0.33,0.134,0.06693
2023-02-28 01:00:00,0.0383333333333333,572.75,0.3634299999999999,91,0.0,0.33,0.12490000000000001,0.06693
2023-02-28 02:00:00,2.235,568.97,0.2904049999999999,91,0.0,0.33,0.12394,0.06693
2023-02-28 03:00:00,4.318333333333333,565.42,0.303605,91,0.0,0.33,0.12464,0.06693
2023-02-28 04:00:00,2.7383333333333333,574.62,0.3374649999999999,91,0.0,0.33,0.12631,0.06693
2023-02-28 05:00:00,7.54,579.74,0.85574,91,0.0,0.33,0.14114,0.06693
2023-02-28 06:00:00,5.903333333333333,564.67,1.3677400000000002,91,0.0008804761904761,0.33,0.16301,0.06693
2023-02-28 07:00:00,0.0383333333333333,549.99,1.36965,91,0.0261080952380952,0.33,0.17798,0.06693
2023-02-28 08:00:00,0.0366666666666666,535.38,1.42071,91,0.123845238095238,0.33,0.18159,0.06693
2023-02-28 09:00:00,0.0366666666666666,524.98,1.3514,91,0.1061328571428571,0.33,0.14867,0.06693
2023-02-28 10:00:00,0.0383333333333333,511.86,1.177535,91,0.2865390476190476,0.33,0.12896000000000002,0.06693
2023-02-28 11:00:00,0.0349999999999999,516.67,1.08006,91,0.3100895238095238,0.33,0.12382,0.06693
2023-02-28 12:00:00,0.0383333333333333,520.92,1.002135,91,0.2949490476190476,0.33,0.12323,0.06693
2023-02-28 13:00:00,0.0366666666666666,534.16,1.00713,91,0.1438485714285714,0.33,0.12362999999999999,0.06693
2023-02-28 14:00:00,0.0366666666666666,559.02,0.99638,91,0.2413171428571428,0.33,0.12604,0.06693
2023-02-28 15:00:00,2.316666666666667,583.36,0.95154,91,0.1982914285714285,0.33,0.13897,0.06693
2023-02-28 16:00:00,3.56,583.98,0.989255,91,0.0752442857142857,0.33,0.15461000000000003,0.06693
2023-02-28 17:00:00,2.085,577.89,1.049325,91,0.006347619047619,0.33,0.17313,0.06693
2023-02-28 18:00:00,0.0366666666666666,575.41,0.89206,91,0.0,0.33,0.19387000000000001,0.06693
2023-02-28 19:00:00,0.0366666666666666,557.49,0.470485,91,0.0,0.33,0.19405,0.06693
2023-02-28 20:00:00,0.0383333333333333,576.69,0.1618949999999999,91,0.0,0.33,0.17479,0.06693
2023-02-28 21:00:00,0.0366666666666666,582.66,0.0969699999999999,91,0.0,0.33,0.15913999999999998,0.06693
2023-02-28 22:00:00,0.0366666666666666,578.04,0.213025,91,0.0,0.33,0.15437,0.06693
2023-02-28 23:00:00,0.0383333333333333,581.06,0.2983849999999999,91,0.0,0.33,0.14346,0.06693
2023-03-01 00:00:00,0.0366666666666666,581.88,0.2696749999999999,91,0.0,0.33,0.1346,0.06683
2023-03-01 01:00:00,0.0366666666666666,584.91,0.2961,91,0.0,0.33,0.12632,0.06683
2023-03-01 02:00:00,0.0349999999999999,585.33,0.292045,91,0.0,0.33,0.12495,0.06683
2023-03-01 03:00:00,0.0366666666666666,587.9,0.277795,91,0.0,0.33,0.12875,0.06683
2023-03-01 04:00:00,0.0416666666666666,593.25,0.29039,91,0.0,0.33,0.13063999999999998,0.06683
2023-03-01 05:00:00,0.0349999999999999,597.93,0.7330350000000001,91,0.0,0.33,0.14121,0.06683
2023-03-01 06:00:00,0.0366666666666666,573.07,1.27812,91,0.0,0.33,0.16336,0.06683
2023-03-01 07:00:00,0.0366666666666666,552.5,1.389755,91,0.010087619047619,0.33,0.18587,0.06683
2023-03-01 08:00:00,0.0366666666666666,543.52,1.360205,91,0.045435238095238,0.33,0.18603,0.06683
2023-03-01 09:00:00,0.0366666666666666,536.08,1.291995,91,0.197267619047619,0.33,0.15822,0.06683
2023-03-01 10:00:00,0.02,532.47,1.17031,91,0.1937833333333333,0.33,0.14124,0.06683
2023-03-01 11:00:00,0.0183333333333333,522.7,1.03214,91,0.073197619047619,0.33,0.13294999999999998,0.06683
2023-03-01 12:00:00,0.0166666666666666,517.79,0.93897,91,0.1110447619047619,0.33,0.13133,0.06683
2023-03-01 13:00:00,0.0249999999999999,528.57,0.90653,91,0.0656561904761904,0.33,0.12947999999999998,0.06683
2023-03-01 14:00:00,0.0283333333333333,545.1,0.88318,91,0.0606971428571428,0.33,0.13108,0.06683
2023-03-01 15:00:00,0.0333333333333333,567.66,0.863435,91,0.0593961904761904,0.33,0.12764,0.06683
2023-03-01 16:00:00,0.0233333333333333,579.82,0.89326,91,0.0186190476190476,0.33,0.14536000000000002,0.06683
2023-03-01 17:00:00,0.695,573.12,0.975135,91,0.0041566666666666,0.33,0.16551,0.06683
2023-03-01 18:00:00,0.2533333333333333,574.07,0.974595,91,0.0,0.33,0.185,0.06683
2023-03-01 19:00:00,0.0233333333333333,574.1,0.5668350000000001,91,0.0,0.33,0.18280000000000002,0.06683
2023-03-01 20:00:00,0.0249999999999999,586.6,0.1579599999999999,91,0.0,0.33,0.16695,0.06683
2023-03-01 21:00:00,0.0516666666666666,587.82,0.0975599999999999,91,0.0,0.33,0.14962,0.06683
2023-03-01 22:00:00,0.1516666666666666,583.14,0.11645,91,0.0,0.33,0.1465,0.06683
2023-03-01 23:00:00,0.1416666666666666,592.54,0.1751399999999999,91,0.0,0.33,0.13533,0.06683
2023-03-02 00:00:00,0.0423333333333333,597.95,0.2770149999999999,91,0.0,0.33,0.13169,0.06683
2023-03-02 01:00:00,0.0421666666666666,600.08,0.311865,91,0.0,0.33,0.1308,0.06683
2023-03-02 02:00:00,0.0474999999999999,596.12,0.25988,91,0.0,0.33,0.13191999999999998,0.06683
2023-03-02 03:00:00,0.0421666666666666,578.13,0.2741149999999999,91,0.0,0.33,0.13051,0.06683
2023-03-02 04:00:00,0.0421666666666666,579.69,0.2936299999999999,91,0.0,0.33,0.12940000000000002,0.06683
2023-03-02 05:00:00,0.0425,568.72,0.593745,91,0.0,0.33,0.13957,0.06683
2023-03-02 06:00:00,0.0411666666666666,560.87,1.18426,91,0.0038428571428571,0.33,0.16596,0.06683
2023-03-02 07:00:00,0.0401666666666666,543.02,1.43694,91,0.0677509523809523,0.33,0.18080000000000002,0.06683
2023-03-02 08:00:00,0.0403333333333333,530.52,1.38436,91,0.2175785714285714,0.33,0.18045,0.06683
2023-03-02 09:00:00,0.0406666666666666,527.88,1.184805,91,0.3552285714285714,0.33,0.15761,0.06683
2023-03-02 10:00:00,0.0414999999999999,524.85,0.95052,91,0.4777866666666667,0.33,0.14531,0.06683
2023-03-02 11:00:00,0.0421666666666666,522.46,0.8516050000000001,91,0.5439442857142858,0.33,0.13357,0.06683
2023-03-02 12:00:00,0.0428333333333333,525.0,0.81756,91,0.5613461904761905,0.33,0.13321,0.06683
2023-03-02 13:00:00,0.0479999999999999,530.26,0.754655,91,0.5360361904761906,0.33,0.13206,0.06683
2023-03-02 14:00:00,0.0426666666666666,546.37,0.62739,91,0.4400147619047619,0.33,0.1365,0.06683
2023-03-02 15:00:00,1.8086666666666664,560.26,0.565705,91,0.3097209523809524,0.33,0.14022,0.06683
2023-03-02 16:00:00,2.0381666666666667,565.08,0.286715,91,0.1340390476190476,0.33,0.15537,0.06683
2023-03-02 17:00:00,0.0643333333333333,570.56,0.0,91,0.0135938095238095,0.33,0.16942,0.06683
2023-03-02 18:00:00,0.0864999999999999,571.59,0.0,91,9.523809523809525e-06,0.33,0.18300999999999998,0.06683
2023-03-02 19:00:00,0.0508333333333333,570.19,0.0,91,0.0,0.33,0.18852000000000002,0.06683
2023-03-02 20:00:00,0.2279999999999999,574.14,0.0,91,0.0,0.33,0.16871,0.06683
2023-03-02 21:00:00,1.1295,584.21,0.0,91,0.0,0.33,0.16087,0.06683
2023-03-02 22:00:00,3.315333333333333,586.51,0.0,91,0.0,0.33,0.15315,0.06683
2023-03-02 23:00:00,6.791666666666667,589.26,0.0,91,0.0,0.33,0.14046,0.06683
2023-03-03 00:00:00,0.0756666666666666,591.61,0.0,91,0.0,0.33,0.14084,0.06683
2023-03-03 01:00:00,0.0544999999999999,591.45,0.0,91,0.0,0.33,0.13134,0.06683
2023-03-03 02:00:00,0.0538333333333332,592.98,0.0,91,0.0,0.33,0.13154,0.06683
2023-03-03 03:00:00,0.0534999999999999,592.25,0.0,91,0.0,0.33,0.13040000000000002,0.06683
2023-03-03 04:00:00,0.0538333333333332,590.74,0.0,91,0.0,0.33,0.12987,0.06683
2023-03-03 05:00:00,0.0541666666666666,580.09,0.0,91,0.0,0.33,0.13652,0.06683
2023-03-03 06:00:00,0.0526666666666666,570.54,0.0,91,0.0017538095238095,0.33,0.16219,0.06683
2023-03-03 07:00:00,0.0506666666666666,552.52,0.0,91,0.05002,0.33,0.18703,0.06683
2023-03-03 08:00:00,0.0506666666666666,542.56,0.0,91,0.2093652380952381,0.33,0.19408,0.06683
2023-03-03 09:00:00,0.0508333333333333,534.2,0.0,91,0.3677319047619047,0.33,0.16771,0.06683
2023-03-03 10:00:00,0.1161666666666666,521.8,0.0,91,0.5042971428571428,0.33,0.13457,0.06683
2023-03-03 11:00:00,2.919333333333333,524.64,0.0,91,0.5064390476190476,0.33,0.12232,0.06683
2023-03-03 12:00:00,5.669499999999999,524.36,0.0,91,0.4020171428571429,0.33,0.12516,0.06683
2023-03-03 13:00:00,10.717333333333334,529.96,0.0,91,0.496097619047619,0.33,0.1212,0.06683
2023-03-03 14:00:00,14.731,548.55,0.0,91,0.4110954407294833,0.33,0.11320000000000001,0.06683
2023-03-03 15:00:00,4.815,565.3,0.0,91,0.2687851428571428,0.33,0.12090999999999999,0.06683
2023-03-03 16:00:00,0.2731666666666666,574.53,0.0,91,0.097057619047619,0.33,0.14051,0.06683
2023-03-03 17:00:00,1.2533333333333334,579.32,0.0,91,0.017025238095238,0.33,0.15787,0.06683
2023-03-03 18:00:00,3.5461666666666667,575.47,0.0,91,6.095238095238095e-05,0.33,0.165,0.06683
2023-03-03 19:00:00,6.240333333333333,574.6,0.0,91,0.0,0.33,0.15544,0.06683
2023-03-03 20:00:00,0.0613333333333332,580.04,0.0,91,0.0,0.33,0.13443,0.06683
2023-03-03 21:00:00,0.0543333333333332,580.48,0.0,91,0.0,0.33,0.12383,0.06683
2023-03-03 22:00:00,0.0529999999999999,572.95,0.0,91,0.0,0.33,0.13453,0.06683
2023-03-03 23:00:00,0.0591666666666666,537.22,0.0,91,0.0,0.33,0.11136,0.06683
2023-03-04 00:00:00,0.0544999999999999,524.6,0.0,91,0.0,0.33,0.11154,0.06683
2023-03-04 01:00:00,0.0546666666666666,514.88,0.0,91,0.0,0.33,0.10384,0.06683
2023-03-04 02:00:00,0.0543333333333332,522.98,0.0,91,0.0,0.33,0.1,0.06683
2023-03-04 03:00:00,0.0549999999999999,520.42,0.0,91,0.0,0.33,0.10371999999999999,0.06683
2023-03-04 04:00:00,0.0551666666666665,517.18,0.0,91,0.0,0.33,0.10389,0.06683
2023-03-04 05:00:00,0.0551666666666665,527.91,0.0,91,0.0,0.33,0.10065,0.06683
2023-03-04 06:00:00,0.0546666666666666,534.41,0.0,91,0.0016985714285714,0.33,0.10692,0.06683
2023-03-04 07:00:00,0.0543333333333332,518.19,0.0,91,0.0601,0.33,0.12049,0.06683
2023-03-04 08:00:00,0.0543333333333332,505.21,0.0,91,0.1963404761904761,0.33,0.10959,0.06683
2023-03-04 09:00:00,0.0538333333333332,482.37,0.0,91,0.3193642857142856,0.33,0.11072,0.06683
2023-03-04 10:00:00,0.0598333333333332,465.02,0.0,91,0.4302233333333333,0.33,0.08984,0.06683
2023-03-04 11:00:00,0.0538333333333332,447.68,0.0,91,0.5093433333333333,0.33,0.09527,0.06683
2023-03-04 12:00:00,0.0536666666666666,428.38,0.0,91,0.5479699248120301,0.33,0.09898,0.06683
2023-03-04 13:00:00,0.2279999999999999,452.23,0.0,91,0.4774739495798319,0.33,0.09489,0.06683
2023-03-04 14:00:00,1.0646666666666669,485.85,0.0,91,0.4282119047619047,0.33,0.09788,0.06683
2023-03-04 15:00:00,1.9781666666666664,527.25,0.0,91,0.3027833333333333,0.33,0.10407999999999999,0.06683
2023-03-04 16:00:00,6.803333333333334,515.27,0.0,91,0.1320009523809523,0.33,0.11036,0.06683
2023-03-04 17:00:00,9.399,515.63,0.0,91,0.0197085714285714,0.33,0.14,0.06683
2023-03-04 18:00:00,0.7363333333333334,533.8,0.0,91,5.8571428571428575e-05,0.33,0.15208000000000002,0.06683
2023-03-04 19:00:00,0.1601666666666666,519.16,0.0,91,0.0,0.33,0.15108000000000002,0.06683
2023-03-04 20:00:00,3.7548333333333335,519.62,0.0,91,0.0,0.33,0.14259,0.06683
2023-03-04 21:00:00,17.090666666666667,526.62,0.0,91,0.0,0.33,0.1231,0.06683
2023-03-04 22:00:00,9.662666666666668,513.13,0.0,91,0.0,0.33,0.11435,0.06683
2023-03-04 23:00:00,17.3885,513.73,0.0,91,0.0,0.33,0.10784999999999999,0.06683
2023-03-05 00:00:00,17.597833333333334,498.11,0.0,91,0.0,0.33,0.10723999999999999,0.06683
2023-03-05 01:00:00,8.9425,502.87,0.0,91,0.0,0.33,0.10465,0.06683
2023-03-05 02:00:00,0.0548333333333332,503.85,0.0,91,0.0,0.33,0.10396999999999999,0.06683
2023-03-05 03:00:00,0.0544999999999999,510.47,0.0,91,0.0,0.33,0.1056,0.06683
2023-03-05 04:00:00,0.0543333333333332,508.15,0.0,91,0.0,0.33,0.10361,0.06683
2023-03-05 05:00:00,0.0539999999999999,510.43,0.0,91,0.0,0.33,0.10448,0.06683
2023-03-05 06:00:00,0.0538333333333332,527.88,0.0,91,0.0036833333333333,0.33,0.10385,0.06683
2023-03-05 07:00:00,0.0541666666666666,524.8,0.0,91,0.0785242857142857,0.33,0.10782,0.06683
2023-03-05 08:00:00,0.0543333333333332,523.5,0.0,91,0.2335857142857143,0.33,0.11106999999999999,0.06683
2023-03-05 09:00:00,0.0598333333333333,512.75,0.0,91,0.3970309523809524,0.33,0.10923999999999999,0.06683
2023-03-05 10:00:00,0.0541666666666666,504.63,0.0,91,0.5075480952380952,0.33,0.10661,0.06683
2023-03-05 11:00:00,0.0538333333333332,521.13,0.0,91,0.5624261904761906,0.33,0.11204,0.06683
2023-03-05 12:00:00,0.0539999999999999,527.53,0.0,91,0.5695847619047619,0.33,0.10965000000000001,0.06683
2023-03-05 13:00:00,0.0539999999999999,529.75,0.0,91,0.5333276190476189,0.33,0.11058,0.06683
2023-03-05 14:00:00,0.0916666666666666,549.44,0.0,91,0.449257619047619,0.33,0.10933,0.06683
2023-03-05 15:00:00,3.3363333333333336,551.49,0.0,91,0.3224342857142857,0.33,0.11464,0.06683
2023-03-05 16:00:00,6.723,525.47,0.0,91,0.1549842857142857,0.33,0.13466999999999998,0.06683
2023-03-05 17:00:00,13.713,538.58,0.0,91,0.0171295238095238,0.33,0.14514,0.06683
2023-03-05 18:00:00,15.132333333333332,547.41,0.0,91,4.904761904761905e-05,0.33,0.16633,0.06683
2023-03-05 19:00:00,5.446666666666666,547.19,0.0,91,0.0,0.33,0.17132,0.06683
2023-03-05 20:00:00,8.174333333333333,538.9,0.0,91,0.0,0.33,0.16219999999999998,0.06683
2023-03-05 21:00:00,15.299166666666666,545.94,0.0,91,0.0,0.33,0.15324000000000002,0.06683
2023-03-05 22:00:00,6.689666666666667,544.49,0.0,91,0.0,0.33,0.14495,0.06683
2023-03-05 23:00:00,0.0546666666666666,546.64,0.0,91,0.0,0.33,0.13524,0.06683
2023-03-06 00:00:00,0.0534999999999999,564.59,0.0,91,0.0,0.33,0.13782,0.06683
2023-03-06 01:00:00,0.0534999999999999,561.08,0.0,91,0.0,0.33,0.12538,0.06683
2023-03-06 02:00:00,0.0531666666666666,561.43,0.0,91,0.0,0.33,0.12551,0.06683
2023-03-06 03:00:00,0.0533333333333333,560.45,0.0,91,0.0,0.33,0.12455,0.06683
2023-03-06 04:00:00,0.0534999999999999,559.04,0.0,91,0.0,0.33,0.12428,0.06683
2023-03-06 05:00:00,0.0518333333333333,556.69,0.0,91,0.0,0.33,0.13788,0.06683
2023-03-06 06:00:00,0.0569999999999999,550.2,0.0,91,0.0043095238095238,0.33,0.1598,0.06683
2023-03-06 07:00:00,0.051,537.06,0.0,91,0.0772638095238095,0.33,0.185,0.06683
2023-03-06 08:00:00,0.0515,533.6,0.0,91,0.2237966666666666,0.33,0.21709,0.06683
2023-03-06 09:00:00,0.051,528.34,0.0,91,0.3800466666666667,0.33,0.18835,0.06683
2023-03-06 10:00:00,0.0893333333333333,535.66,0.0,91,0.4894942857142856,0.33,0.17026,0.06683
2023-03-06 11:00:00,0.1258333333333333,535.2,0.0,91,0.5444814285714286,0.33,0.16084,0.06683
2023-03-06 12:00:00,0.4113333333333333,542.61,0.0,91,0.555152380952381,0.33,0.15058000000000002,0.06683
2023-03-06 13:00:00,1.7168333333333334,544.12,0.0,91,0.5230704761904762,0.33,0.14543999999999999,0.06683
2023-03-06 14:00:00,4.39,550.4,0.0,91,0.4288030612244898,0.33,0.14452,0.06683
2023-03-06 15:00:00,4.063833333333333,555.43,0.0,91,0.3066051948051947,0.33,0.14699,0.06683
2023-03-06 16:00:00,13.444833333333332,554.34,0.0,91,0.1473338095238095,0.33,0.15263,0.06683
2023-03-06 17:00:00,10.610833333333334,554.19,0.0,91,0.0212290476190476,0.33,0.16187,0.06683
2023-03-06 18:00:00,5.898833333333333,554.93,0.0,91,7.714285714285714e-05,0.33,0.18472999999999998,0.06683
2023-03-06 19:00:00,2.9025,550.93,0.0,91,0.0,0.33,0.17799,0.06683
2023-03-06 20:00:00,14.5605,547.27,0.0,91,0.0,0.33,0.15108000000000002,0.06683
2023-03-06 21:00:00,19.02533333333333,541.93,0.0,91,0.0,0.33,0.13363999999999998,0.06683
2023-03-06 22:00:00,11.7595,531.7,0.0,91,0.0,0.33,0.11728,0.06683
2023-03-06 23:00:00,6.735666666666667,546.28,0.0,91,0.0,0.33,0.10206,0.06683
2023-03-07 00:00:00,1.0728333333333333,531.02,0.0,91,0.0,0.33,0.11183,0.06683
2023-03-07 01:00:00,0.0559999999999999,503.71,0.0,91,0.0,0.33,0.10851000000000001,0.06683
2023-03-07 02:00:00,0.0558333333333332,484.43,0.0,91,0.0,0.33,0.08792,0.06683
2023-03-07 03:00:00,0.0563333333333332,488.19,0.0,91,0.0,0.33,0.08409,0.06683
2023-03-07 04:00:00,0.0618333333333332,519.38,0.0,91,0.0,0.33,0.08787,0.06683
2023-03-07 05:00:00,0.0558333333333332,532.37,0.0,91,0.0,0.33,0.09955,0.06683
2023-03-07 06:00:00,0.0546666666666666,525.07,0.0,91,0.0047390476190476,0.33,0.12622,0.06683
2023-03-07 07:00:00,0.0539999999999999,525.7,0.0,91,0.0740923809523809,0.33,0.13607,0.06683
2023-03-07 08:00:00,0.0543333333333332,510.96,0.0,91,0.2164971428571428,0.33,0.13858,0.06683
2023-03-07 09:00:00,8.778666666666668,502.64,0.0,91,0.3685290476190476,0.33,0.12583,0.06683
2023-03-07 10:00:00,15.6895,503.7,0.0,91,0.4718928571428571,0.33,0.11771,0.06683
2023-03-07 11:00:00,9.873666666666669,478.45,0.0,91,0.5293814285714286,0.33,0.11520999999999999,0.06683
2023-03-07 12:00:00,18.459166666666665,474.63,0.0,91,0.5434271428571429,0.33,0.10421,0.06683
2023-03-07 13:00:00,14.866333333333335,480.73,0.0,91,0.4964371428571429,0.33,0.1011,0.06683
2023-03-07 14:00:00,14.720166666666666,507.71,0.0,91,0.4053142857142857,0.33,0.10001,0.06683
2023-03-07 15:00:00,13.975,531.09,0.0,91,0.2758542857142857,0.33,0.10976000000000001,0.06683
2023-03-07 16:00:00,0.1411666666666666,542.69,0.0,91,0.1306214285714285,0.33,0.11944,0.06683
2023-03-07 17:00:00,0.1621666666666666,539.9,0.0,91,0.0236433333333333,0.33,0.14562,0.06683
2023-03-07 18:00:00,0.1845,538.12,0.0,91,8.333333333333333e-05,0.33,0.16655,0.06683
2023-03-07 19:00:00,0.1606666666666666,545.54,0.0,91,0.0,0.33,0.14391,0.06683
2023-03-07 20:00:00,0.1686666666666666,543.52,0.0,91,0.0,0.33,0.14830000000000002,0.06683
2023-03-07 21:00:00,1.5085,540.46,0.0,91,0.0,0.33,0.13551,0.06683
2023-03-07 22:00:00,6.7135,532.28,0.0,91,0.0,0.33,0.1174,0.06683
2023-03-07 23:00:00,0.0556666666666666,524.62,0.0,91,0.0,0.33,0.11052,0.06683
2023-03-08 00:00:00,0.0559999999999999,538.48,0.0,91,0.0,0.33,0.11416,0.06683
2023-03-08 01:00:00,0.0563333333333332,540.12,0.0,91,0.0,0.33,0.11184000000000001,0.06683
2023-03-08 02:00:00,0.0564999999999999,540.68,0.0,91,0.0,0.33,0.11058,0.06683
2023-03-08 03:00:00,0.0621666666666665,557.75,0.0,91,0.0,0.33,0.111,0.06683
2023-03-08 04:00:00,0.0568333333333332,565.42,0.0,91,0.0,0.33,0.111,0.06683
2023-03-08 05:00:00,0.0563333333333332,570.57,0.0,91,0.0,0.33,0.11823,0.06683
2023-03-08 06:00:00,0.0554999999999999,555.28,0.0,91,0.0061061904761904,0.33,0.14068,0.06683
2023-03-08 07:00:00,0.0549999999999999,541.25,0.0,91,0.0762561904761904,0.33,0.15853,0.06683
2023-03-08 08:00:00,0.0551666666666666,528.95,0.0,91,0.2222266666666666,0.33,0.1731,0.06683
2023-03-08 09:00:00,0.1003333333333333,528.23,0.48113,91,0.372267619047619,0.33,0.16304,0.06683
2023-03-08 10:00:00,0.1531666666666666,527.36,0.48113,91,0.4825852380952382,0.33,0.15324000000000002,0.06683
2023-03-08 11:00:00,0.1184999999999999,533.14,0.0,91,0.5441314285714286,0.33,0.1441,0.06683
2023-03-08 12:00:00,0.0559999999999999,535.9,0.0,91,0.5356171428571429,0.33,0.13704,0.06683
2023-03-08 13:00:00,0.0558333333333332,545.85,0.0,91,0.5028333333333334,0.33,0.13435,0.06683
2023-03-08 14:00:00,0.0893333333333333,552.08,0.0,91,0.4226514285714285,0.33,0.13806000000000002,0.06683
2023-03-08 15:00:00,0.0559999999999999,564.1,0.0,91,0.3063904761904761,0.33,0.14147,0.06683
2023-03-08 16:00:00,0.4273333333333333,552.84,0.0,91,0.1525557142857143,0.33,0.1446,0.06683
2023-03-08 17:00:00,3.869166666666666,549.22,0.0,91,0.0372071428571428,0.33,0.15305000000000002,0.06683
2023-03-08 18:00:00,11.189666666666668,552.98,0.0,91,0.0004266666666666,0.33,0.16688999999999998,0.06683
2023-03-08 19:00:00,3.9463333333333335,554.39,0.0,91,0.0,0.33,0.17002,0.06683
2023-03-08 20:00:00,6.658333333333334,559.26,0.0,91,0.0,0.33,0.15377000000000002,0.06683
2023-03-08 21:00:00,5.269666666666667,565.08,0.0,91,0.0,0.33,0.13733,0.06683
2023-03-08 22:00:00,5.042166666666667,553.6,0.0,91,0.0,0.33,0.13079,0.06683
2023-03-08 23:00:00,4.312666666666667,559.49,0.0,91,0.0,0.33,0.119,0.06683
2023-03-09 00:00:00,0.0566666666666666,556.44,0.0,91,0.0,0.33,0.11366,0.06683
2023-03-09 01:00:00,0.0618333333333333,551.77,0.0,91,0.0,0.33,0.11139,0.06683
2023-03-09 02:00:00,0.0561666666666666,538.75,0.0,91,0.0,0.33,0.11102,0.06683
2023-03-09 03:00:00,0.0563333333333333,552.75,0.0,91,0.0,0.33,0.10937999999999999,0.06683
2023-03-09 04:00:00,0.0561666666666666,557.03,0.0,91,0.0,0.33,0.11122,0.06683
2023-03-09 05:00:00,0.0556666666666666,564.07,0.0,91,0.0,0.33,0.11302,0.06683
2023-03-09 06:00:00,0.0546666666666666,550.5,0.0,91,0.0061833333333333,0.33,0.13745,0.06683
2023-03-09 07:00:00,0.0538333333333333,544.24,0.0,91,0.0826238095238095,0.33,0.15143,0.06683
2023-03-09 08:00:00,0.053,543.99,0.0,91,0.2316142857142857,0.33,0.15933,0.06683
2023-03-09 09:00:00,0.0533333333333333,531.9,0.0,91,0.3808514285714285,0.33,0.15196,0.06683
2023-03-09 10:00:00,0.0539999999999999,532.93,0.0,91,0.4771047619047619,0.33,0.14317,0.06683
2023-03-09 11:00:00,0.0598333333333333,516.45,0.0,91,0.5258057142857143,0.33,0.13272,0.06683
2023-03-09 12:00:00,0.3823333333333333,509.19,0.0,91,0.5509295238095238,0.33,0.12271,0.06683
2023-03-09 13:00:00,2.5581666666666667,524.23,0.0,91,0.5020119047619048,0.33,0.11711,0.06683
2023-03-09 14:00:00,10.947,531.78,0.0,91,0.3941061904761904,0.33,0.11701,0.06683
2023-03-09 15:00:00,8.481,535.42,0.0,91,0.2633247619047619,0.33,0.1225,0.06683
2023-03-09 16:00:00,3.7466666666666666,517.58,0.0,91,0.07541,0.33,0.12537,0.06683
2023-03-09 17:00:00,0.6016666666666667,516.17,0.0,91,0.0225466666666666,0.33,0.14113,0.06683
2023-03-09 18:00:00,0.0551666666666666,520.69,0.0,91,0.0001733333333333,0.33,0.15046,0.06683
2023-03-09 19:00:00,0.0551666666666666,519.7,0.0,91,0.0,0.33,0.149,0.06683
2023-03-09 20:00:00,0.0558333333333332,513.38,0.0,91,0.0,0.33,0.14074,0.06683
2023-03-09 21:00:00,0.0561666666666666,507.0,0.0,91,0.0,0.33,0.128,0.06683
2023-03-09 22:00:00,0.0564999999999999,506.29,0.0,91,0.0,0.33,0.12382,0.06683
2023-03-09 23:00:00,0.0568333333333332,505.86,0.0,91,0.0,0.33,0.1097,0.06683
2023-03-10 00:00:00,0.0624999999999999,475.36,0.0,91,0.0,0.33,0.10289,0.06683
2023-03-10 01:00:00,0.0564999999999999,460.62,0.0,91,0.0,0.33,0.10068,0.06683
2023-03-10 02:00:00,0.0564999999999999,459.23,0.0,91,0.0,0.33,0.09906000000000001,0.06683
2023-03-10 03:00:00,0.0561666666666666,463.11,0.0,91,0.0,0.33,0.09884,0.06683
2023-03-10 04:00:00,0.0554999999999999,487.89,0.0,91,0.0,0.33,0.09909,0.06683
2023-03-10 05:00:00,0.0549999999999999,495.18,0.0,91,0.0,0.33,0.105,0.06683
2023-03-10 06:00:00,0.0546666666666666,489.23,0.0,91,0.005885238095238,0.33,0.11981,0.06683
2023-03-10 07:00:00,0.0548333333333332,477.61,0.0,91,0.0759066666666666,0.33,0.13721,0.06683
2023-03-10 08:00:00,0.0541666666666666,476.37,0.0,91,0.2024028571428571,0.33,0.14091,0.06683
2023-03-10 09:00:00,0.0541666666666666,476.82,0.0,91,0.2088780952380952,0.33,0.13661,0.06683
2023-03-10 10:00:00,0.0544999999999999,465.56,0.0,91,0.3769957142857142,0.33,0.13188999999999998,0.06683
2023-03-10 11:00:00,4.667833333333333,479.48,0.0,91,0.5494071428571429,0.33,0.1251,0.06683
2023-03-10 12:00:00,8.597166666666666,494.54,0.0,91,0.5346828571428571,0.33,0.11659,0.06683
2023-03-10 13:00:00,5.459499999999999,505.78,0.0,91,0.392427619047619,0.33,0.11331000000000001,0.06683
2023-03-10 14:00:00,8.784333333333334,516.52,0.0,91,0.2386195238095238,0.33,0.11758,0.06683
2023-03-10 15:00:00,4.475666666666666,522.59,0.0,91,0.1166028571428571,0.33,0.11806,0.06683
2023-03-10 16:00:00,4.424333333333333,511.65,0.0,91,0.0656290476190476,0.33,0.11688,0.06683
2023-03-10 17:00:00,0.906,523.45,0.0,91,0.0129995238095238,0.33,0.13391999999999998,0.06683
2023-03-10 18:00:00,4.5456666666666665,502.27,0.0,91,4.761904761904762e-07,0.33,0.14168,0.06683
2023-03-10 19:00:00,4.572666666666667,505.68,0.0,91,0.0,0.33,0.14191,0.06683
2023-03-10 20:00:00,4.605166666666666,498.6,0.0,91,0.0,0.33,0.11442000000000001,0.06683
2023-03-10 21:00:00,4.501,470.54,0.0,91,0.0,0.33,0.10998000000000001,0.06683
2023-03-10 22:00:00,8.720833333333333,446.03,0.0,91,0.0,0.33,0.09356,0.06683
2023-03-10 23:00:00,4.748833333333333,405.09,0.0,91,0.0,0.33,0.07669,0.06683
2023-03-11 00:00:00,0.0614999999999999,404.44,0.0,91,0.0,0.33,0.05922,0.06683
2023-03-11 01:00:00,0.0543333333333332,400.95,0.0,91,0.0,0.33,0.06842000000000001,0.06683
2023-03-11 02:00:00,0.0546666666666666,406.82,0.0,91,0.0,0.33,0.07144,0.06683
2023-03-11 03:00:00,0.0546666666666666,407.05,0.0,91,0.0,0.33,0.08193,0.06683
2023-03-11 04:00:00,0.0543333333333333,421.04,0.0,91,0.0,0.33,0.08534,0.06683
2023-03-11 05:00:00,0.0544999999999999,429.91,0.0,91,0.0,0.33,0.09423000000000001,0.06683
2023-03-11 06:00:00,0.0543333333333332,446.84,0.0,91,0.0067247619047619,0.33,0.10618000000000001,0.06683
2023-03-11 07:00:00,0.0541666666666666,407.66,0.0,91,0.0361757142857142,0.33,0.11255,0.06683
2023-03-11 08:00:00,0.0539999999999999,403.54,0.0,91,0.0879619047619047,0.33,0.11148999999999999,0.06683
2023-03-11 09:00:00,0.1111666666666666,385.51,0.0,91,0.1896042857142857,0.33,0.09897,0.06683
2023-03-11 10:00:00,4.4245,378.01,0.0,91,0.3146990476190476,0.33,0.08879000000000001,0.06683
2023-03-11 11:00:00,4.6225,364.11,0.0,91,0.4774390476190476,0.33,0.07995999999999999,0.06683
2023-03-11 12:00:00,4.4405,360.24,0.0,91,0.352217619047619,0.33,0.07762000000000001,0.06683
2023-03-11 13:00:00,3.864833333333333,367.75,0.0,91,0.5257885714285714,0.33,0.05226,0.06683
2023-03-11 14:00:00,2.3898333333333333,393.53,0.0,91,0.3715871428571428,0.33,0.05164,0.06683
2023-03-11 15:00:00,0.0556666666666665,445.76,0.0,91,0.2138595238095238,0.33,0.07801000000000001,0.06683
2023-03-11 16:00:00,0.0556666666666665,475.82,0.0,91,0.146737619047619,0.33,0.10185,0.06683
2023-03-11 17:00:00,4.641333333333333,468.6,0.0,91,0.0351047619047619,0.33,0.13035,0.06683
2023-03-11 18:00:00,7.963333333333334,465.32,0.0,91,0.0003228571428571,0.33,0.14683000000000002,0.06683
2023-03-11 19:00:00,0.8198333333333333,472.94,0.0,91,0.0,0.33,0.14153,0.06683
2023-03-11 20:00:00,0.0554999999999999,459.84,0.0,91,0.0,0.33,0.1326,0.06683
2023-03-11 21:00:00,0.0566666666666665,457.47,0.0,91,0.0,0.33,0.11996,0.06683
2023-03-11 22:00:00,0.0621666666666666,462.97,0.0,91,0.0,0.33,0.11774,0.06683
2023-03-11 23:00:00,0.0571666666666665,474.03,0.0,91,0.0,0.33,0.10316,0.06683
2023-03-12 00:00:00,0.0561666666666665,453.1,0.0,91,0.0,0.33,0.1266,0.06683
2023-03-12 01:00:00,0.0559999999999999,448.46,0.0,91,0.0,0.33,0.10649,0.06683
2023-03-12 02:00:00,0.0558333333333332,430.77,0.0,91,0.0,0.33,0.10518999999999999,0.06683
2023-03-12 03:00:00,0.0559999999999999,435.36,0.0,91,0.0,0.33,0.09564,0.06683
2023-03-12 04:00:00,0.0559999999999999,432.63,0.0,91,0.0,0.33,0.09741,0.06683
2023-03-12 05:00:00,0.0559999999999999,433.01,0.0,91,0.0,0.33,0.09692,0.06683
2023-03-12 06:00:00,0.0564999999999999,403.59,0.0,91,0.0086938095238095,0.33,0.09684999999999999,0.06683
2023-03-12 07:00:00,0.0559999999999999,384.68,0.0,91,0.075547619047619,0.33,0.09522,0.06683
2023-03-12 08:00:00,0.0553333333333332,350.95,0.0,91,0.2637142857142857,0.33,0.09154000000000001,0.06683
2023-03-12 09:00:00,0.1453333333333333,325.51,0.0,91,0.3444690476190477,0.33,0.08975,0.06683
2023-03-12 10:00:00,1.9908333333333328,315.56,0.0,91,0.3712114285714286,0.33,0.09033,0.06683
2023-03-12 11:00:00,9.234666666666667,319.22,0.0,91,0.2850914285714285,0.33,0.08644,0.06683
2023-03-12 12:00:00,15.084666666666667,324.4,0.0,91,0.201717619047619,0.33,0.07983,0.06683
2023-03-12 13:00:00,1.1121666666666667,344.23,0.0,91,0.111687619047619,0.33,0.06889,0.06683
2023-03-12 14:00:00,2.1846666666666663,372.12,0.0,91,0.0819338095238095,0.33,0.07,0.06683
2023-03-12 15:00:00,8.915333333333333,403.93,0.0,91,0.1276509523809523,0.33,0.07490000000000001,0.06683
2023-03-12 16:00:00,6.751666666666668,422.33,0.0,91,0.0398966666666666,0.33,0.08505,0.06683
2023-03-12 17:00:00,6.739833333333333,425.04,0.0,91,0.0091023809523809,0.33,0.10298,0.06683
2023-03-12 18:00:00,4.402833333333334,447.53,0.0,91,9.047619047619049e-06,0.33,0.12443000000000001,0.06683
2023-03-12 19:00:00,4.6466666666666665,441.25,0.0,91,0.0,0.33,0.14104,0.06683
2023-03-12 20:00:00,8.458833333333333,417.2,0.0,91,0.0,0.33,0.12997,0.06683
2023-03-12 21:00:00,4.815333333333333,407.51,0.0,91,0.0,0.33,0.10744,0.06683
2023-03-12 22:00:00,4.761666666666667,406.46,0.0,91,0.0,0.33,0.09606999999999999,0.06683
2023-03-12 23:00:00,4.544999999999999,393.23,0.0,91,0.0,0.33,0.09575,0.06683
2023-03-13 00:00:00,4.547166666666667,395.18,0.0,91,0.0,0.33,0.069,0.06683
2023-03-13 01:00:00,5.287833333333333,383.56,0.0,91,0.0,0.33,0.052450000000000004,0.06683
2023-03-13 02:00:00,3.394,385.61,0.0,91,0.0,0.33,0.03626,0.06683
2023-03-13 03:00:00,0.0566666666666666,392.79,0.0,91,0.0,0.33,0.039229999999999994,0.06683
2023-03-13 04:00:00,0.0563333333333332,402.39,0.0,91,0.0,0.33,0.07315,0.06683
2023-03-13 05:00:00,0.0556666666666666,420.4,0.0,91,0.0,0.33,0.13079,0.06683
2023-03-13 06:00:00,0.0554999999999999,414.79,0.0,91,0.0,0.33,0.15,0.06683
2023-03-13 07:00:00,0.0549999999999999,417.47,0.0,91,0.004405238095238,0.33,0.15365,0.06683
2023-03-13 08:00:00,0.0548333333333332,417.86,0.0,91,0.0160895238095238,0.33,0.13691,0.06683
2023-03-13 09:00:00,0.0604999999999999,385.27,0.0,91,0.0286833333333333,0.33,0.13043000000000002,0.06683
2023-03-13 10:00:00,0.0548333333333332,376.7,0.0,91,0.0267623809523809,0.33,0.095,0.06683
2023-03-13 11:00:00,0.0548333333333333,364.84,0.0,91,0.044517619047619,0.33,0.11206,0.06683
2023-03-13 12:00:00,0.0544999999999999,378.32,0.0,91,0.1041309523809523,0.33,0.09208,0.06683
2023-03-13 13:00:00,0.0544999999999999,382.12,0.0,91,0.1236161904761904,0.33,0.10006999999999999,0.06683
2023-03-13 14:00:00,0.1858333333333333,391.52,0.0,91,0.1487523809523809,0.33,0.09618,0.06683
2023-03-13 15:00:00,5.3105,404.35,0.0,91,0.0800542857142857,0.33,0.11568,0.06683
2023-03-13 16:00:00,5.046,416.19,0.0,91,0.0396966666666666,0.33,0.13698,0.06683
2023-03-13 17:00:00,8.2385,417.91,0.0,91,0.0078471428571428,0.33,0.135,0.06683
2023-03-13 18:00:00,4.622833333333333,424.97,0.0,91,0.0,0.33,0.145,0.06683
2023-03-13 19:00:00,9.577833333333333,412.88,0.0,91,0.0,0.33,0.15763,0.06683
2023-03-13 20:00:00,4.6306666666666665,395.34,0.0,91,0.0,0.33,0.10826999999999999,0.06683
2023-03-13 21:00:00,0.0569999999999999,394.72,0.0,91,0.0,0.33,0.07507,0.06683
2023-03-13 22:00:00,0.0564999999999999,380.71,0.0,91,0.0,0.33,0.03545,0.06683
2023-03-13 23:00:00,0.0573333333333332,382.64,0.0,91,0.0,0.33,0.02332,0.06683
2023-03-14 00:00:00,0.0559999999999999,377.79,0.0,91,0.0,0.33,0.00957,0.06683
2023-03-14 01:00:00,0.0563333333333332,376.83,0.0,91,0.0,0.33,0.00531,0.06683
2023-03-14 02:00:00,0.0568333333333332,380.21,0.0,91,0.0,0.33,0.00556,0.06683
2023-03-14 03:00:00,0.0568333333333332,381.81,0.0,91,0.0,0.33,0.0067800000000000004,0.06683
2023-03-14 04:00:00,0.0568333333333332,390.98,0.261565,91,0.0,0.33,0.01002,0.06683
2023-03-14 05:00:00,0.0556666666666666,413.71,0.394125,91,0.0,0.33,0.05659,0.06683
2023-03-14 06:00:00,0.0546666666666666,407.6,0.44636,91,0.0018609523809523,0.33,0.13241999999999998,0.06683
2023-03-14 07:00:00,0.0588333333333333,406.58,0.73782,91,0.0301371428571428,0.33,0.1375,0.06683
2023-03-14 08:00:00,0.0538333333333333,390.87,0.7472799999999999,91,0.0675719047619047,0.33,0.1293,0.06683
2023-03-14 09:00:00,0.0546666666666666,376.85,0.597455,91,0.0622504761904761,0.33,0.1,0.06683
2023-03-14 10:00:00,0.0543333333333333,367.36,0.55241,91,0.1471257142857142,0.33,0.07679000000000001,0.06683
2023-03-14 11:00:00,0.0634999999999999,370.49,0.547585,91,0.1134233333333333,0.33,0.06085,0.06683
2023-03-14 12:00:00,0.1091666666666666,370.16,0.53032,91,0.142407619047619,0.33,0.054450000000000005,0.06683
2023-03-14 13:00:00,0.4753333333333333,372.78,0.410765,91,0.0854321428571428,0.33,0.06423999999999999,0.06683
2023-03-14 14:00:00,0.1536666666666666,393.86,0.286495,91,0.1322523809523809,0.33,0.08020999999999999,0.06683
2023-03-14 15:00:00,0.1946666666666666,422.68,0.387485,91,0.0770866666666666,0.33,0.09253,0.06683
2023-03-14 16:00:00,2.0923333333333334,455.66,0.5416249999999999,91,0.0126014285714285,0.33,0.1285,0.06683
2023-03-14 17:00:00,9.545,459.43,0.51677,91,0.0174261904761904,0.33,0.14009,0.06683
2023-03-14 18:00:00,7.276666666666666,475.91,0.39486,91,0.0003719047619047,0.33,0.14952000000000001,0.06683
2023-03-14 19:00:00,0.7925,490.69,0.24442,91,0.0,0.33,0.15868000000000002,0.06683
2023-03-14 20:00:00,4.506166666666667,491.0,0.133385,91,0.0,0.33,0.1453,0.06683
2023-03-14 21:00:00,12.772666666666666,454.91,0.11409,91,0.0,0.33,0.13291,0.06683
2023-03-14 22:00:00,5.287,428.95,0.112785,91,0.0,0.33,0.12612,0.06683
2023-03-14 23:00:00,0.7468333333333333,428.74,0.10017,91,0.0,0.33,0.11059000000000001,0.06683
2023-03-15 00:00:00,0.1128333333333332,434.35,0.044545,91,0.0,0.33,0.10551,0.06683
2023-03-15 01:00:00,0.0566666666666665,435.77,0.054115,91,0.0,0.33,0.10575,0.06683
2023-03-15 02:00:00,0.0556666666666666,441.91,0.116315,91,0.0,0.33,0.10409,0.06683
2023-03-15 03:00:00,0.0561666666666665,449.6,0.1213,91,0.0,0.33,0.10267,0.06683
2023-03-15 04:00:00,0.0551666666666666,465.4,0.13215,91,0.0,0.33,0.10278,0.06683
2023-03-15 05:00:00,0.0548333333333332,469.12,0.397495,91,0.0,0.33,0.11796,0.06683
2023-03-15 06:00:00,0.0599999999999999,456.46,0.85349,91,0.0020642857142857,0.33,0.14206,0.06683
2023-03-15 07:00:00,0.0534999999999999,444.47,1.20484,91,0.0551290476190476,0.33,0.16,0.06683
2023-03-15 08:00:00,0.0533333333333333,435.56,1.095365,91,0.1893271428571428,0.33,0.14385,0.06683
2023-03-15 09:00:00,0.0535,412.08,0.67193,91,0.2276657142857142,0.33,0.12132,0.06683
2023-03-15 10:00:00,0.0538333333333333,435.57,0.5224650000000001,91,0.3063847619047619,0.33,0.10789,0.06683
2023-03-15 11:00:00,0.0824999999999999,437.12,0.2733449999999999,91,0.3930028571428571,0.33,0.10401,0.06683
2023-03-15 12:00:00,0.0706666666666666,438.44,0.0028699999999999,91,0.3834138095238095,0.33,0.09715,0.06683
2023-03-15 13:00:00,0.054,449.29,0.000575,91,0.4357957142857142,0.33,0.09589,0.06683
2023-03-15 14:00:00,0.0549999999999999,478.72,0.0,91,0.4003804761904762,0.33,0.09961,0.06683
2023-03-15 15:00:00,0.0553333333333333,497.69,0.0,91,0.1785490476190476,0.33,0.10528,0.06683
2023-03-15 16:00:00,4.421166666666667,504.23,0.0,91,0.0711838095238095,0.33,0.12035,0.06683
2023-03-15 17:00:00,4.592833333333334,509.18,0.0,91,0.0206204761904761,0.33,0.15080000000000002,0.06683
2023-03-15 18:00:00,8.111833333333333,513.52,0.0,91,0.0002438095238095,0.33,0.18230000000000002,0.06683
2023-03-15 19:00:00,0.8175,516.47,0.0,91,0.0,0.33,0.19931000000000001,0.06683
2023-03-15 20:00:00,0.2029999999999999,527.65,0.0,91,0.0,0.33,0.16988999999999999,0.06683
2023-03-15 21:00:00,4.983333333333333,530.36,0.0,91,0.0,0.33,0.14736000000000002,0.06683
2023-03-15 22:00:00,7.914000000000001,529.79,0.0,91,0.0,0.33,0.13935,0.06683
2023-03-15 23:00:00,4.782,522.22,0.0,91,0.0,0.33,0.12763,0.06683
2023-03-16 00:00:00,4.4431666666666665,523.77,0.0,91,0.0,0.33,0.11739,0.06683
2023-03-16 01:00:00,0.0608333333333332,506.1,0.0,91,0.0,0.33,0.10761,0.06683
2023-03-16 02:00:00,0.0564999999999999,499.57,0.0,91,0.0,0.33,0.1038,0.06683
2023-03-16 03:00:00,0.0563333333333332,514.55,0.0,91,0.0,0.33,0.1,0.06683
2023-03-16 04:00:00,0.0561666666666666,535.82,0.359695,91,0.0,0.33,0.09806999999999999,0.06683
2023-03-16 05:00:00,0.0611666666666666,521.69,0.97332,91,0.0,0.33,0.10386,0.06683
2023-03-16 06:00:00,0.0548333333333333,511.03,1.29627,91,0.0152119047619047,0.33,0.13021000000000002,0.06683
2023-03-16 07:00:00,0.0544999999999999,495.1,1.3205349999999998,91,0.123227619047619,0.33,0.14235,0.06683
2023-03-16 08:00:00,0.0538333333333333,460.58,1.176215,91,0.2873442857142857,0.33,0.13803,0.06683
2023-03-16 09:00:00,0.0538333333333333,430.37,0.85353,91,0.4520804761904762,0.33,0.11712,0.06683
2023-03-16 10:00:00,0.0541666666666666,412.73,0.6041449999999999,91,0.5649195238095238,0.33,0.1032,0.06683
2023-03-16 11:00:00,0.1258333333333333,402.46,0.5126449999999999,91,0.6270561904761905,0.33,0.09169,0.06683
2023-03-16 12:00:00,0.1505,397.83,0.369555,91,0.6287242857142856,0.33,0.08637,0.06683
2023-03-16 13:00:00,0.1515,406.78,0.1863849999999999,91,0.5848,0.33,0.081,0.06683
2023-03-16 14:00:00,0.1653333333333333,419.68,0.0414149999999999,91,0.4964890476190476,0.33,0.0841,0.06683
2023-03-16 15:00:00,8.3305,443.01,0.001055,91,0.3695009523809524,0.33,0.08865,0.06683
2023-03-16 16:00:00,0.4888333333333333,490.25,0.000175,91,0.2034480952380952,0.33,0.10553,0.06683
2023-03-16 17:00:00,0.0611666666666666,503.88,0.0,91,0.0455599999999999,0.33,0.12994999999999998,0.06683
2023-03-16 18:00:00,0.0544999999999999,505.82,0.0,91,0.0010219047619047,0.33,0.13677,0.06683
2023-03-16 19:00:00,0.0551666666666666,494.84,0.0,91,0.0,0.33,0.135,0.06683
2023-03-16 20:00:00,0.0558333333333332,486.39,0.0,91,0.0,0.33,0.12218000000000001,0.06683
2023-03-16 21:00:00,0.0566666666666665,476.49,0.0,91,0.0,0.33,0.10790999999999999,0.06683
2023-03-16 22:00:00,0.0559999999999999,455.05,0.0,91,0.0,0.33,0.09379000000000001,0.06683
2023-03-16 23:00:00,0.0559999999999999,433.35,0.0,91,0.0,0.33,0.08036,0.06683
2023-03-17 00:00:00,0.0563333333333332,438.03,0.0,91,0.0,0.33,0.07449,0.06683
2023-03-17 01:00:00,0.0556666666666666,437.88,0.0,91,0.0,0.33,0.060200000000000004,0.06683
2023-03-17 02:00:00,0.0553333333333332,428.54,0.0,91,0.0,0.33,0.05068,0.06683
2023-03-17 03:00:00,0.0556666666666666,427.54,0.0,91,0.0,0.33,0.06288,0.06683
2023-03-17 04:00:00,0.0604999999999999,438.97,0.278815,91,0.0,0.33,0.06534000000000001,0.06683
2023-03-17 05:00:00,0.0544999999999999,451.99,0.54921,91,0.0,0.33,0.08159000000000001,0.06683
2023-03-17 06:00:00,0.0538333333333333,448.54,0.7019299999999999,91,0.0017857142857142,0.33,0.10559,0.06683
2023-03-17 07:00:00,0.0538333333333333,410.7,1.00302,91,0.0589057142857142,0.33,0.11481,0.06683
2023-03-17 08:00:00,0.0573333333333333,373.21,0.963065,91,0.1766909523809523,0.33,0.10654000000000001,0.06683
2023-03-17 09:00:00,0.1623333333333333,361.76,0.6486299999999999,91,0.30841,0.33,0.09029000000000001,0.06683
2023-03-17 10:00:00,0.3503333333333333,356.22,0.4534499999999999,91,0.2358642857142857,0.33,0.08023999999999999,0.06683
2023-03-17 11:00:00,0.6953333333333335,357.05,0.2302549999999999,91,0.2430833333333333,0.33,0.07474,0.06683
2023-03-17 12:00:00,0.8906666666666667,358.28,0.0346599999999999,91,0.2549380952380952,0.33,0.07386,0.06683
2023-03-17 13:00:00,1.1711666666666667,376.18,0.0008949999999999,91,0.3250942857142856,0.33,0.07157,0.06683
2023-03-17 14:00:00,4.234999999999999,403.89,8.999999999995e-05,91,0.3744504761904762,0.33,0.08637,0.06683
2023-03-17 15:00:00,5.627,440.76,0.0,91,0.3342185714285714,0.33,0.09903,0.06683
2023-03-17 16:00:00,8.113000000000001,470.15,0.0,91,0.224817619047619,0.33,0.10954000000000001,0.06683
2023-03-17 17:00:00,0.1309999999999999,477.8,0.0,91,0.0453614285714285,0.33,0.12769,0.06683
2023-03-17 18:00:00,0.0546666666666666,474.14,0.0,91,0.0013004761904761,0.33,0.13603,0.06683
2023-03-17 19:00:00,0.0544999999999999,474.78,0.0,91,0.0,0.33,0.13608,0.06683
2023-03-17 20:00:00,0.0551666666666666,472.35,0.0,91,0.0,0.33,0.12904,0.06683
2023-03-17 21:00:00,0.0608333333333332,467.55,0.0,91,0.0,0.33,0.11109000000000001,0.06683
2023-03-17 22:00:00,0.0563333333333332,467.87,0.0,91,0.0,0.33,0.10736,0.06683
2023-03-17 23:00:00,0.0563333333333332,456.07,0.0,91,0.0,0.33,0.10225,0.06683
2023-03-18 00:00:00,0.0561666666666665,430.31,0.0,91,0.0,0.33,0.10703,0.06683
2023-03-18 01:00:00,0.0563333333333332,400.01,0.0,91,0.0,0.33,0.09928000000000001,0.06683
2023-03-18 02:00:00,0.0563333333333332,383.97,0.0,91,0.0,0.33,0.097,0.06683
2023-03-18 03:00:00,0.0558333333333332,390.28,0.0,91,0.0,0.33,0.095,0.06683
2023-03-18 04:00:00,0.0556666666666666,404.3,0.0,91,0.0,0.33,0.09618,0.06683
2023-03-18 05:00:00,0.0549999999999999,416.54,0.0,91,0.0,0.33,0.0998,0.06683
2023-03-18 06:00:00,0.0554999999999999,404.33,0.0,91,0.0188471428571428,0.33,0.1035,0.06683
2023-03-18 07:00:00,0.0606666666666666,356.0,0.0,91,0.1406828571428571,0.33,0.10543000000000001,0.06683
2023-03-18 08:00:00,0.0551666666666666,332.43,0.0,91,0.3167393483709273,0.33,0.10006999999999999,0.06683
2023-03-18 09:00:00,0.0546666666666666,304.31,0.0,91,0.4720401002506266,0.33,0.102,0.06683
2023-03-18 10:00:00,0.0544999999999999,303.27,0.0,91,0.5755304761904761,0.33,0.09643,0.06683
2023-03-18 11:00:00,0.0546666666666666,299.96,0.0,91,0.6321433333333334,0.33,0.09086,0.06683
2023-03-18 12:00:00,0.0553333333333332,299.52,0.0,91,0.6417838095238094,0.33,0.08406,0.06683
2023-03-18 13:00:00,6.762166666666666,319.78,0.0,91,0.6045709523809524,0.33,0.08042,0.06683
2023-03-18 14:00:00,6.8198333333333325,357.01,0.0,91,0.52021,0.33,0.08752,0.06683
2023-03-18 15:00:00,0.5513333333333332,394.41,0.0,91,0.39199,0.33,0.09208,0.06683
2023-03-18 16:00:00,0.1659999999999999,411.42,0.0,91,0.2216704761904761,0.33,0.10443000000000001,0.06683
2023-03-18 17:00:00,3.638333333333333,419.58,0.0,91,0.052985238095238,0.33,0.13074000000000002,0.06683
2023-03-18 18:00:00,7.140999999999999,420.83,0.0,91,0.0015542857142857,0.33,0.15694999999999998,0.06683
2023-03-18 19:00:00,3.7835,428.68,0.0,91,0.0,0.33,0.16954,0.06683
2023-03-18 20:00:00,3.4515,430.19,0.0,91,0.0,0.33,0.14415,0.06683
2023-03-18 21:00:00,0.0578333333333333,428.85,0.0,91,0.0,0.33,0.13291999999999998,0.06683
2023-03-18 22:00:00,0.0578333333333332,421.33,0.0,91,0.0,0.33,0.12994999999999998,0.06683
2023-03-18 23:00:00,0.0573333333333332,420.36,0.0,91,0.0,0.33,0.11846,0.06683
2023-03-19 00:00:00,0.0566666666666665,415.47,0.0,91,0.0,0.33,0.11003,0.06683
2023-03-19 01:00:00,0.0559999999999999,412.25,0.0,91,0.0,0.33,0.106,0.06683
2023-03-19 02:00:00,0.0569999999999999,420.51,0.0,91,0.0,0.33,0.0996,0.06683
2023-03-19 03:00:00,0.0614999999999999,428.93,0.0,91,0.0,0.33,0.09918,0.06683
2023-03-19 04:00:00,0.0558333333333332,439.77,0.0,91,0.0,0.33,0.09874,0.06683
2023-03-19 05:00:00,0.0556666666666666,438.5,0.0,91,0.0,0.33,0.10336,0.06683
2023-03-19 06:00:00,0.0554999999999999,417.44,0.0,91,0.0220204761904761,0.33,0.1,0.06683
2023-03-19 07:00:00,0.0554999999999999,392.22,0.0,91,0.1463080952380952,0.33,0.10245,0.06683
2023-03-19 08:00:00,0.0549999999999999,367.22,0.0,91,0.3197857142857143,0.33,0.10144,0.06683
2023-03-19 09:00:00,0.0546666666666666,346.68,0.0,91,0.4753780952380952,0.33,0.10226,0.06683
2023-03-19 10:00:00,0.0548333333333332,348.05,0.0,91,0.5784395238095238,0.33,0.09923,0.06683
2023-03-19 11:00:00,0.0544999999999999,342.25,0.0,91,0.6323733333333333,0.33,0.09822,0.06683
2023-03-19 12:00:00,0.0546666666666666,348.83,0.0,91,0.6406647619047618,0.33,0.09688,0.06683
2023-03-19 13:00:00,0.0603333333333333,376.3,0.0,91,0.6051657142857143,0.33,0.09404000000000001,0.06683
2023-03-19 14:00:00,0.0683333333333333,404.32,0.0,91,0.5183904761904762,0.33,0.09501000000000001,0.06683
2023-03-19 15:00:00,6.946666666666666,450.01,0.0,91,0.3900461904761905,0.33,0.09867000000000001,0.06683
2023-03-19 16:00:00,6.873333333333334,461.57,0.0,91,0.2244457142857142,0.33,0.10609,0.06683
2023-03-19 17:00:00,0.1629999999999999,472.32,0.0,91,0.0555328571428571,0.33,0.13291,0.06683
2023-03-19 18:00:00,0.1613333333333333,482.02,0.0,91,0.0017971428571428,0.33,0.145,0.06683
2023-03-19 19:00:00,6.732666666666667,491.89,0.0,91,0.0,0.33,0.15291,0.06683
2023-03-19 20:00:00,3.9638333333333335,506.79,0.0,91,0.0,0.33,0.14471,0.06683
2023-03-19 21:00:00,6.854666666666667,511.07,0.0,91,0.0,0.33,0.13527,0.06683
2023-03-19 22:00:00,0.1176666666666666,518.24,0.0,91,0.0,0.33,0.13290000000000002,0.06683
2023-03-19 23:00:00,0.0619999999999999,531.32,0.0,91,0.0,0.33,0.13,0.06683
2023-03-20 00:00:00,0.0568333333333332,530.66,0.0,91,0.0,0.33,0.124,0.06683
2023-03-20 01:00:00,0.0569999999999999,527.24,0.0,91,0.0,0.33,0.11494,0.06683
2023-03-20 02:00:00,0.0568333333333332,528.5,0.0,91,0.0,0.33,0.11306000000000001,0.06683
2023-03-20 03:00:00,0.0568333333333332,536.23,0.302205,91,0.0,0.33,0.11018,0.06683
2023-03-20 04:00:00,0.0563333333333332,542.78,0.631005,91,0.0,0.33,0.11025,0.06683
2023-03-20 05:00:00,0.0558333333333332,526.52,0.90513,91,0.0,0.33,0.1164,0.06683
2023-03-20 06:00:00,0.0546666666666666,515.5,1.13129,91,0.0241923809523809,0.33,0.13577,0.06683
2023-03-20 07:00:00,0.0541666666666666,510.62,1.083765,91,0.1438390476190476,0.33,0.14843,0.06683
2023-03-20 08:00:00,0.0536666666666666,498.05,0.97342,91,0.3190338095238095,0.33,0.14851,0.06683
2023-03-20 09:00:00,0.0591666666666666,483.28,0.71633,91,0.4749638095238095,0.33,0.13756000000000002,0.06683
2023-03-20 10:00:00,0.0531666666666666,476.6,0.5317299999999999,91,0.5743009523809524,0.33,0.12275,0.06683
2023-03-20 11:00:00,0.0549999999999999,485.96,0.4845249999999999,91,0.6251104761904762,0.33,0.11579,0.06683
2023-03-20 12:00:00,0.0838333333333333,506.6,0.471205,91,0.6315247619047619,0.33,0.10502,0.06683
2023-03-20 13:00:00,1.3618333333333332,517.15,0.470605,91,0.5941904761904762,0.33,0.10098,0.06683
2023-03-20 14:00:00,1.095,531.12,0.30452,91,0.5078971428571429,0.33,0.10315,0.06683
2023-03-20 15:00:00,1.2093333333333334,536.19,0.0816149999999999,91,0.3803185714285714,0.33,0.10613,0.06683
2023-03-20 16:00:00,0.1634999999999999,548.92,0.0012299999999999,91,0.2147514285714285,0.33,0.11533,0.06683
2023-03-20 17:00:00,1.2221666666666666,551.66,0.000225,91,0.0532752380952381,0.33,0.13596,0.06683
2023-03-20 18:00:00,0.8533333333333334,554.41,0.0,91,0.0015604761904761,0.33,0.15118,0.06683
2023-03-20 19:00:00,0.0624999999999999,550.42,0.0,91,0.0,0.33,0.16547,0.06683
2023-03-20 20:00:00,0.0561666666666665,552.94,0.0,91,0.0,0.33,0.15236000000000002,0.06683
2023-03-20 21:00:00,0.0564999999999999,557.99,0.0,91,0.0,0.33,0.13549,0.06683
2023-03-20 22:00:00,0.0561666666666666,554.05,0.0,91,0.0,0.33,0.1275,0.06683
2023-03-20 23:00:00,0.0561666666666666,563.87,0.0,91,0.0,0.33,0.11704,0.06683
2023-03-21 00:00:00,0.0559999999999999,566.11,0.0,91,0.0,0.33,0.12079000000000001,0.06683
2023-03-21 01:00:00,0.0564999999999999,563.63,0.0,91,0.0,0.33,0.11228,0.06683
2023-03-21 02:00:00,0.0566666666666665,566.75,0.0,91,0.0,0.33,0.11156,0.06683
2023-03-21 03:00:00,0.0561666666666665,568.77,0.0,91,0.0,0.33,0.10865000000000001,0.06683
2023-03-21 04:00:00,0.0558333333333332,562.49,0.30339,91,0.0,0.33,0.11,0.06683
2023-03-21 05:00:00,0.0558333333333332,549.51,0.602015,91,0.0,0.33,0.11821,0.06683
2023-03-21 06:00:00,0.0604999999999999,523.39,0.776965,91,0.0200695238095238,0.33,0.13144,0.06683
2023-03-21 07:00:00,0.0539999999999999,517.41,1.1235,91,0.1268819047619047,0.33,0.1465,0.06683
2023-03-21 08:00:00,0.0536666666666666,511.07,1.05203,91,0.2952038095238095,0.33,0.14471,0.06683
2023-03-21 09:00:00,0.0535,504.34,0.64717,91,0.4420104761904762,0.33,0.12972,0.06683
2023-03-21 10:00:00,0.0539999999999999,497.19,0.40432,91,0.5378890476190477,0.33,0.11563,0.06683
2023-03-21 11:00:00,0.0538333333333333,489.32,0.321115,91,0.58977,0.33,0.10893000000000001,0.06683
2023-03-21 12:00:00,0.3931666666666666,482.82,0.262215,91,0.5973352380952381,0.33,0.10521,0.06683
2023-03-21 13:00:00,2.645,490.24,0.107285,91,0.5632838095238095,0.33,0.10319,0.06683
2023-03-21 14:00:00,6.416666666666667,503.96,0.002685,91,0.4824176190476191,0.33,0.1024,0.06683
2023-03-21 15:00:00,0.2571666666666666,503.88,0.00052,91,0.35588,0.33,0.10295,0.06683
2023-03-21 16:00:00,0.0621666666666666,488.65,0.0,91,0.2011823809523809,0.33,0.11484,0.06683
2023-03-21 17:00:00,0.0558333333333332,488.91,0.0,91,0.0518447619047619,0.33,0.11977,0.06683
2023-03-21 18:00:00,0.0548333333333332,492.17,0.0,91,0.0014095238095238,0.33,0.13728,0.06683
2023-03-21 19:00:00,0.0548333333333332,488.21,0.0,91,0.0,0.33,0.14696,0.06683
2023-03-21 20:00:00,0.0561666666666665,488.79,0.0,91,0.0,0.33,0.13174,0.06683
2023-03-21 21:00:00,0.0566666666666665,476.21,0.0,91,0.0,0.33,0.11556,0.06683
2023-03-21 22:00:00,0.0564999999999999,470.79,0.0,91,0.0,0.33,0.10890000000000001,0.06683
2023-03-21 23:00:00,0.0566666666666666,437.83,0.0,91,0.0,0.33,0.09709000000000001,0.06683
2023-03-22 00:00:00,0.0566666666666666,422.19,0.0,91,0.0,0.33,0.09648000000000001,0.06683
2023-03-22 01:00:00,0.0564999999999999,416.45,0.0,91,0.0,0.33,0.0991,0.06683
2023-03-22 02:00:00,0.0621666666666666,428.83,0.0,91,0.0,0.33,0.09414,0.06683
2023-03-22 03:00:00,0.0563333333333332,431.02,0.0,91,0.0,0.33,0.09467,0.06683
2023-03-22 04:00:00,0.0568333333333332,431.67,0.335415,91,0.0,0.33,0.09401000000000001,0.06683
2023-03-22 05:00:00,0.0561666666666666,425.07,0.520725,91,0.0,0.33,0.10531,0.06683
2023-03-22 06:00:00,0.0554999999999999,411.29,0.57631,91,0.0216461904761904,0.33,0.12185,0.06683
2023-03-22 07:00:00,0.0549999999999999,388.05,0.962535,91,0.1402023809523809,0.33,0.12333,0.06683
2023-03-22 08:00:00,0.0546666666666666,379.14,0.8394150000000001,91,0.3130742857142857,0.33,0.11882,0.06683
2023-03-22 09:00:00,0.0901666666666666,362.01,0.3946449999999999,91,0.4607476190476191,0.33,0.09405,0.06683
2023-03-22 10:00:00,0.0908333333333333,352.42,0.129835,91,0.5675233333333333,0.33,0.08361,0.06683
2023-03-22 11:00:00,0.0443333333333333,352.37,0.0036349999999999,91,0.6232880952380951,0.33,0.08558,0.06683
2023-03-22 12:00:00,0.0423333333333333,362.61,0.000565,91,0.5267490476190476,0.33,0.08265,0.06683
2023-03-22 13:00:00,0.0371666666666666,385.38,0.0,91,0.5136957142857144,0.33,0.08423,0.06683
2023-03-22 14:00:00,0.0373333333333333,392.83,0.0,91,0.3206338095238095,0.33,0.08601,0.06683
2023-03-22 15:00:00,0.0561666666666666,407.74,0.0,91,0.2800814285714285,0.33,0.0955,0.06683
2023-03-22 16:00:00,7.332999999999999,416.12,0.0,91,0.0828895238095238,0.33,0.09651,0.06683
2023-03-22 17:00:00,1.091,428.79,0.0,91,0.0372909523809523,0.33,0.11428,0.06683
2023-03-22 18:00:00,6.603166666666667,433.01,0.0,91,0.002355238095238,0.33,0.13285,0.06683
2023-03-22 19:00:00,5.5683333333333325,434.32,0.0,91,0.0,0.33,0.14055,0.06683
2023-03-22 20:00:00,3.9915,426.54,0.0,91,0.0,0.33,0.13215000000000002,0.06683
2023-03-22 21:00:00,0.0559999999999999,422.33,0.0,91,0.0,0.33,0.11633,0.06683
2023-03-22 22:00:00,4.297666666666667,423.53,0.0,91,0.0,0.33,0.11455,0.06683
2023-03-22 23:00:00,7.983166666666666,404.64,0.0,91,0.0,0.33,0.11,0.06683
2023-03-23 00:00:00,0.47,408.3,0.0,91,0.0,0.33,0.09095,0.06683
2023-03-23 01:00:00,0.0395,407.04,0.0,91,0.0,0.33,0.09201000000000001,0.06683
2023-03-23 02:00:00,0.0391666666666666,410.48,0.0,91,0.0,0.33,0.09601000000000001,0.06683
2023-03-23 03:00:00,0.0386666666666666,400.29,0.0,91,0.0,0.33,0.10301,0.06683
2023-03-23 04:00:00,0.0388333333333333,395.05,0.20762,91,0.0,0.33,0.09994,0.06683
2023-03-23 05:00:00,0.0385,412.31,0.33118,91,0.0,0.33,0.11042,0.06683
2023-03-23 06:00:00,0.0385,408.65,0.327745,91,0.0057019047619047,0.33,0.14082,0.06683
2023-03-23 07:00:00,0.0375,398.54,0.476695,91,0.0283414285714285,0.33,0.15367,0.06683
2023-03-23 08:00:00,0.037,363.87,0.3820999999999999,91,0.0514566666666666,0.33,0.12944999999999998,0.06683
2023-03-23 09:00:00,0.1498333333333333,353.08,0.110725,91,0.0564880952380952,0.33,0.10682,0.06683
2023-03-23 10:00:00,2.8345,353.39,0.00144,91,0.0791219047619047,0.33,0.10765000000000001,0.06683
2023-03-23 11:00:00,2.848833333333333,366.91,0.000305,91,0.0956966666666666,0.33,0.11,0.06683
2023-03-23 12:00:00,2.528166666666667,362.55,0.0,91,0.1630880952380952,0.33,0.10486,0.06683
2023-03-23 13:00:00,1.9791666666666667,376.82,0.0,91,0.2084257142857142,0.33,0.09901,0.06683
2023-03-23 14:00:00,4.704666666666666,396.52,0.1373899999999999,91,0.1054538095238095,0.33,0.09744,0.06683
2023-03-23 15:00:00,0.1563333333333333,408.29,0.1382399999999999,91,0.0427219047619047,0.33,0.10242,0.06683
2023-03-23 16:00:00,4.468833333333333,420.21,0.0010099999999999,91,0.0257442857142857,0.33,0.11325,0.06683
2023-03-23 17:00:00,6.406333333333333,422.98,0.00016,91,0.0084414285714285,0.33,0.125,0.06683
2023-03-23 18:00:00,5.4315,425.68,0.0,91,0.0004742857142857,0.33,0.13669,0.06683
2023-03-23 19:00:00,0.1624999999999999,417.16,0.0,91,0.0,0.33,0.14465,0.06683
2023-03-23 20:00:00,5.266,411.11,0.0,91,0.0,0.33,0.12739,0.06683
2023-03-23 21:00:00,2.8593333333333333,394.49,0.0,91,0.0,0.33,0.11727,0.06683
2023-03-23 22:00:00,7.001833333333334,375.33,0.0,91,0.0,0.33,0.11,0.06683
2023-03-23 23:00:00,4.082666666666667,352.83,0.0,91,0.0,0.33,0.09256,0.06683
2023-03-24 00:00:00,4.900166666666666,345.28,0.0,91,0.0,0.33,0.07022,0.06683
2023-03-24 01:00:00,0.0569999999999999,334.97,0.0,91,0.0,0.33,0.06879,0.06683
2023-03-24 02:00:00,0.0573333333333332,333.21,0.0,91,0.0,0.33,0.07118000000000001,0.06683
2023-03-24 03:00:00,0.0566666666666666,333.3,0.0,91,0.0,0.33,0.07154,0.06683
2023-03-24 04:00:00,0.0563333333333332,350.22,0.2136399999999999,91,0.0,0.33,0.07701000000000001,0.06683
2023-03-24 05:00:00,0.0563333333333332,360.49,0.341965,91,0.0,0.33,0.08749,0.06683
2023-03-24 06:00:00,0.0579999999999999,364.71,0.327395,91,0.0223271428571428,0.33,0.10715999999999999,0.06683
2023-03-24 07:00:00,0.0578333333333333,348.17,0.48788,91,0.0619885714285714,0.33,0.11427,0.06683
2023-03-24 08:00:00,0.0543333333333333,330.83,0.49799,91,0.275117619047619,0.33,0.10142,0.06683
2023-03-24 09:00:00,0.0549999999999999,323.78,0.370235,91,0.3556515306122449,0.33,0.08003,0.06683
2023-03-24 10:00:00,0.0554999999999999,326.02,0.26913,91,0.1574209523809523,0.33,0.07373,0.06683
2023-03-24 11:00:00,2.1053333333333337,325.93,0.1625149999999999,91,0.147247619047619,0.33,0.08002,0.06683
2023-03-24 12:00:00,4.682333333333333,329.05,0.1625399999999998,91,0.0559223809523809,0.33,0.08409,0.06683
2023-03-24 13:00:00,6.590333333333334,352.17,0.2269249999999999,91,0.1471914285714285,0.33,0.09201000000000001,0.06683
2023-03-24 14:00:00,4.8693333333333335,369.8,0.29269,91,0.1066847619047619,0.33,0.08801,0.06683
2023-03-24 15:00:00,0.0729999999999999,380.52,0.17593,91,0.0630219047619047,0.33,0.0853,0.06683
2023-03-24 16:00:00,0.0561666666666666,384.23,0.0025449999999999,91,0.0364295238095238,0.33,0.08607,0.06683
2023-03-24 17:00:00,0.0771666666666666,393.39,0.0004799999999999,91,0.0182228571428571,0.33,0.09975,0.06683
2023-03-24 18:00:00,6.234166666666667,390.84,0.0,91,0.0011204761904761,0.33,0.11094,0.06683
2023-03-24 19:00:00,7.735333333333333,389.43,0.0,91,0.0,0.33,0.11623,0.06683
2023-03-24 20:00:00,4.0440000000000005,364.8,0.0,91,0.0,0.33,0.10145,0.06683
2023-03-24 21:00:00,3.995000000000001,360.28,0.0,91,0.0,0.33,0.08331999999999999,0.06683
2023-03-24 22:00:00,0.1184999999999999,356.79,0.0,91,0.0,0.33,0.0762,0.06683
2023-03-24 23:00:00,0.0586666666666666,337.19,0.0,91,0.0,0.33,0.0649,0.06683
2023-03-25 00:00:00,0.0583333333333333,332.9,0.0,91,0.0,0.33,0.075,0.06683
2023-03-25 01:00:00,0.0564999999999999,318.08,0.0,91,0.0,0.33,0.04614,0.06683
2023-03-25 02:00:00,0.0618333333333333,314.31,0.0,91,0.0,0.33,0.02041,0.06683
2023-03-25 03:00:00,0.0563333333333333,313.97,0.0,91,0.0,0.33,0.0065,0.06683
2023-03-25 04:00:00,0.0559999999999999,313.94,0.0,91,0.0,0.33,0.00996,0.06683
2023-03-25 05:00:00,0.0558333333333333,317.45,0.0,91,0.0,0.33,0.016120000000000002,0.06683
2023-03-25 06:00:00,0.0556666666666666,308.79,0.0,91,0.0233795238095238,0.33,0.016030000000000003,0.06683
2023-03-25 07:00:00,0.0558333333333333,299.33,0.0,91,0.0981338095238095,0.33,0.07446,0.06683
2023-03-25 08:00:00,0.0558333333333333,299.75,0.0,91,0.2610814285714286,0.33,0.02,0.06683
2023-03-25 09:00:00,0.0546666666666666,291.85,0.0,91,0.3966347619047619,0.33,0.00444,0.06683
2023-03-25 10:00:00,0.0553333333333333,288.75,0.0,91,0.2856838095238095,0.33,0.01143,0.06683
2023-03-25 11:00:00,3.8946666666666654,287.39,0.0,91,0.3325314285714285,0.33,0.009699999999999999,0.06683
2023-03-25 12:00:00,4.037333333333334,276.76,0.0,91,0.2697990476190476,0.33,0.009779999999999999,0.06683
2023-03-25 13:00:00,6.613166666666667,283.48,0.0,91,0.5036342857142857,0.33,0.00601,0.06683
2023-03-25 14:00:00,5.217666666666667,292.51,0.0,91,0.4646842857142857,0.33,0.00186,0.06683
2023-03-25 15:00:00,7.7075,303.18,0.0,91,0.3123509523809524,0.33,0.0025099999999999996,0.06683
2023-03-25 16:00:00,5.734000000000001,327.61,0.0,91,0.0914228571428571,0.33,0.0148,0.06683
2023-03-25 17:00:00,2.434333333333333,357.95,0.0,91,0.0473333333333333,0.33,0.06759,0.06683
2023-03-25 18:00:00,0.8008333333333333,363.64,0.0,91,0.0031442857142857,0.33,0.08031999999999999,0.06683
2023-03-25 19:00:00,2.242,349.84,0.0,91,0.0,0.33,0.08137,0.06683
2023-03-25 20:00:00,0.0589999999999999,338.52,0.0,91,0.0,0.33,0.0639,0.06683
2023-03-25 21:00:00,0.0586666666666666,327.24,0.0,91,0.0,0.33,0.052090000000000004,0.06683
2023-03-25 22:00:00,0.0576666666666665,321.81,0.0,91,0.0,0.33,0.04759,0.06683
2023-03-25 23:00:00,0.0629999999999999,317.24,0.0,91,0.0,0.33,0.03742,0.06683
2023-03-26 00:00:00,0.0574999999999999,307.56,0.0,91,0.0,0.33,0.04268,0.06683
2023-03-26 01:00:00,0.0569999999999999,313.2,0.0,91,0.0,0.33,0.039659999999999994,0.06683
2023-03-26 02:00:00,0.0,323.55,0.0,91,0.0,0.33,0.04131,0.06683
2023-03-26 03:00:00,0.0566666666666666,323.8,0.0,91,0.0,0.33,0.04227,0.06683
2023-03-26 04:00:00,0.0559999999999999,329.21,0.0,91,0.0,0.33,0.04249,0.06683
2023-03-26 05:00:00,0.0559999999999999,320.33,0.0,91,5.333333333333334e-05,0.33,0.06349,0.06683
2023-03-26 06:00:00,0.0558333333333332,289.36,0.0,91,0.0225047619047619,0.33,0.07309,0.06683
2023-03-26 07:00:00,0.0556666666666666,284.51,0.0,91,0.0572971428571428,0.33,0.059090000000000004,0.06683
2023-03-26 08:00:00,0.0549999999999999,296.33,0.0,91,0.1359709523809524,0.33,0.07725,0.06683
2023-03-26 09:00:00,0.1501666666666666,303.85,0.0,91,0.1309552380952381,0.33,0.07206,0.06683
2023-03-26 10:00:00,6.764333333333333,286.74,0.0,91,0.1788828571428571,0.33,0.0722,0.06683
2023-03-26 11:00:00,5.475666666666666,277.33,0.0,91,0.1842090476190476,0.33,0.04112,0.06683
2023-03-26 12:00:00,5.557333333333333,278.88,0.0,91,0.16967,0.33,0.03953,0.06683
2023-03-26 13:00:00,6.9446666666666665,301.39,0.0,91,0.1715938095238095,0.33,0.04222,0.06683
2023-03-26 14:00:00,4.9013333333333335,315.39,0.0,91,0.1062104761904762,0.33,0.04185,0.06683
2023-03-26 15:00:00,0.1116666666666666,332.32,0.0,91,0.1173719047619047,0.33,0.048350000000000004,0.06683
2023-03-26 16:00:00,0.1624999999999999,366.27,0.0,91,0.0894480952380952,0.33,0.07709,0.06683
2023-03-26 17:00:00,2.341,382.83,0.0,91,0.0399252380952381,0.33,0.10665000000000001,0.06683
2023-03-26 18:00:00,6.7125,373.74,0.0,91,0.0019409523809523,0.33,0.11785999999999999,0.06683
2023-03-26 19:00:00,5.707,371.27,0.0,91,0.0,0.33,0.11259000000000001,0.06683
2023-03-26 20:00:00,5.419666666666667,352.3,0.0,91,0.0,0.33,0.10463,0.06683
2023-03-26 21:00:00,4.279,343.05,0.0,91,0.0,0.33,0.09942000000000001,0.06683
2023-03-26 22:00:00,5.573833333333333,348.95,0.0,91,0.0,0.33,0.09464,0.06683
2023-03-26 23:00:00,5.903666666666666,363.66,0.0,91,0.0,0.33,0.096,0.06683
2023-03-27 00:00:00,6.564166666666666,350.48,0.0,91,0.0,0.33,0.09328,0.06683
2023-03-27 01:00:00,0.0728333333333332,343.99,0.0,91,0.0,0.33,0.08748,0.06683
2023-03-27 02:00:00,0.0569999999999999,350.75,0.0,91,0.0,0.33,0.08399,0.06683
2023-03-27 03:00:00,0.0573333333333332,379.87,0.25124,91,0.0,0.33,0.0849,0.06683
2023-03-27 04:00:00,0.0566666666666665,401.42,0.7911549999999999,91,0.0,0.33,0.09340000000000001,0.06683
2023-03-27 05:00:00,0.0559999999999999,400.1,1.15733,91,3.523809523809524e-05,0.33,0.115,0.06683
2023-03-27 06:00:00,0.0549999999999999,389.74,1.046755,91,0.0172471428571428,0.33,0.14299,0.06683
2023-03-27 07:00:00,0.0534999999999999,380.09,0.92475,91,0.0564442857142857,0.33,0.1505,0.06683
2023-03-27 08:00:00,0.0578333333333333,366.95,0.95207,91,0.103377619047619,0.33,0.12303,0.06683
2023-03-27 09:00:00,0.0538333333333332,356.44,0.91415,91,0.2001942857142857,0.33,0.10051,0.06683
2023-03-27 10:00:00,0.0539999999999999,342.72,0.842695,91,0.2539333333333333,0.33,0.0855,0.06683
2023-03-27 11:00:00,0.0538333333333333,335.85,0.7379749999999999,91,0.3538090476190476,0.33,0.07617,0.06683
2023-03-27 12:00:00,0.0538333333333332,344.79,0.667785,91,0.4733161904761904,0.33,0.055369999999999996,0.06683
2023-03-27 13:00:00,0.0538333333333332,336.48,0.6771249999999999,91,0.5025619047619047,0.33,0.04347,0.06683
2023-03-27 14:00:00,0.0543333333333332,348.6,0.73459,91,0.4773171428571429,0.33,0.053619999999999994,0.06683
2023-03-27 15:00:00,0.0549999999999999,351.61,0.726105,91,0.3476414285714286,0.33,0.05528,0.06683
2023-03-27 16:00:00,0.0546666666666666,389.36,0.644065,91,0.1862947619047618,0.33,0.07856,0.06683
2023-03-27 17:00:00,4.004833333333333,363.11,0.641555,91,0.0785023809523809,0.33,0.10101,0.06683
2023-03-27 18:00:00,0.1621666666666666,368.36,0.62854,91,0.0046066666666666,0.33,0.12916,0.06683
2023-03-27 19:00:00,3.232833333333333,366.75,0.3817000000000001,91,0.0,0.33,0.12723,0.06683
2023-03-27 20:00:00,4.832166666666667,386.93,0.16628,91,0.0,0.33,0.11313,0.06683
2023-03-27 21:00:00,5.935,382.35,0.12536,91,0.0,0.33,0.10246,0.06683
2023-03-27 22:00:00,2.028833333333333,380.27,0.140165,91,0.0,0.33,0.08916,0.06683
2023-03-27 23:00:00,4.035333333333333,381.7,0.1216999999999999,91,0.0,0.33,0.08537,0.06683
2023-03-28 00:00:00,0.1656666666666666,367.58,0.1915499999999999,91,0.0,0.33,0.08702,0.06683
2023-03-28 01:00:00,4.573166666666667,373.6,0.2237449999999999,91,0.0,0.33,0.08568,0.06683
2023-03-28 02:00:00,6.263333333333333,392.5,0.2014049999999999,91,0.0,0.33,0.08602,0.06683
2023-03-28 03:00:00,1.3295,415.46,0.26869,91,0.0,0.33,0.09118000000000001,0.06683
2023-03-28 04:00:00,0.0559999999999999,445.83,0.303885,91,0.0,0.33,0.09781999999999999,0.06683
2023-03-28 05:00:00,0.0548333333333333,437.42,0.56949,91,0.0011547619047619,0.33,0.13024000000000002,0.06683
2023-03-28 06:00:00,0.0594999999999999,417.19,1.07976,91,0.0369966666666666,0.33,0.15959,0.06683
2023-03-28 07:00:00,0.0533333333333333,405.41,1.361705,91,0.1036647619047619,0.33,0.14014,0.06683
2023-03-28 08:00:00,0.0536666666666666,355.27,1.358875,91,0.2281413793103448,0.33,0.10608,0.06683
2023-03-28 09:00:00,0.0533333333333333,344.45,1.15009,91,0.4942967930029155,0.33,0.06938,0.06683
2023-03-28 10:00:00,2.0976666666666666,335.39,0.7812899999999999,91,0.5982747619047619,0.33,0.0555,0.06683
2023-03-28 11:00:00,4.057833333333334,347.34,0.601065,91,0.5495914285714286,0.33,0.08098999999999999,0.06683
2023-03-28 12:00:00,5.430499999999999,349.18,0.601865,91,0.6417428571428572,0.33,0.0907,0.06683
2023-03-28 13:00:00,4.535833333333334,357.3,0.5532149999999999,91,0.5975685714285714,0.33,0.0877,0.06683
2023-03-28 14:00:00,2.262,381.74,0.4842599999999999,91,0.4984985714285713,0.33,0.09323000000000001,0.06683
2023-03-28 15:00:00,4.031833333333333,419.96,0.365015,91,0.3774114285714285,0.33,0.09691,0.06683
2023-03-28 16:00:00,2.0980000000000003,464.61,0.1405499999999999,91,0.2077866666666666,0.33,0.10859,0.06683
2023-03-28 17:00:00,0.1661666666666666,459.12,0.177015,91,0.059017619047619,0.33,0.13687,0.06683
2023-03-28 18:00:00,0.161,462.54,0.225415,91,0.0051971428571428,0.33,0.16097999999999998,0.06683
2023-03-28 19:00:00,1.4208333333333334,482.42,0.060575,91,0.0,0.33,0.16087,0.06683
2023-03-28 20:00:00,0.1236666666666666,489.18,0.0076049999999999,91,0.0,0.33,0.13302,0.06683
2023-03-28 21:00:00,0.0571666666666665,487.38,0.0012299999999999,91,0.0,0.33,0.12711,0.06683
2023-03-28 22:00:00,0.0561666666666665,485.67,0.000265,91,0.0,0.33,0.11109000000000001,0.06683
2023-03-28 23:00:00,0.0564999999999999,479.6,0.0,91,0.0,0.33,0.09766,0.06683
2023-03-29 00:00:00,0.0558333333333332,479.52,0.0,91,0.0,0.33,0.09511,0.06683
2023-03-29 01:00:00,0.0561666666666665,481.01,0.0,91,0.0,0.33,0.09733,0.06683
2023-03-29 02:00:00,0.0563333333333332,488.29,0.0,91,0.0,0.33,0.09887,0.06683
2023-03-29 03:00:00,0.0591666666666666,499.97,0.0,91,0.0,0.33,0.09820000000000001,0.06683
2023-03-29 04:00:00,0.0586666666666666,500.16,0.1805449999999999,91,0.0,0.33,0.0992,0.06683
2023-03-29 05:00:00,0.0556666666666666,491.35,0.3959749999999999,91,0.0,0.33,0.11704,0.06683
2023-03-29 06:00:00,0.0541666666666666,465.11,0.55189,91,0.0047695238095238,0.33,0.14413,0.06683
2023-03-29 07:00:00,0.0533333333333333,458.8,0.823225,91,0.014695238095238,0.33,0.152,0.06683
2023-03-29 08:00:00,0.0534999999999999,443.39,0.8438650000000001,91,0.0513528571428571,0.33,0.14417,0.06683
2023-03-29 09:00:00,0.0684999999999999,434.68,0.6257,91,0.1229228571428571,0.33,0.1311,0.06683
2023-03-29 10:00:00,0.1108333333333333,435.73,0.45622,91,0.1171695238095238,0.33,0.12034,0.06683
2023-03-29 11:00:00,0.1145,427.71,0.317735,91,0.1235780952380952,0.33,0.11105,0.06683
2023-03-29 12:00:00,0.0983333333333333,419.68,0.1317949999999999,91,0.2996304761904761,0.33,0.1056,0.06683
2023-03-29 13:00:00,0.0796666666666666,444.4,0.0020949999999999,91,0.2622952380952381,0.33,0.10155,0.06683
2023-03-29 14:00:00,0.0745,473.81,0.000415,91,0.1889019047619047,0.33,0.10493999999999999,0.06683
2023-03-29 15:00:00,0.0544999999999999,487.83,0.0,91,0.1801338095238095,0.33,0.10812000000000001,0.06683
2023-03-29 16:00:00,0.0543333333333332,502.62,0.0,91,0.1167380952380952,0.33,0.12788,0.06683
2023-03-29 17:00:00,0.0621666666666666,507.12,0.0,91,0.04706,0.33,0.14475,0.06683
2023-03-29 18:00:00,0.0546666666666666,499.76,0.0,91,0.0015266666666666,0.33,0.15125999999999998,0.06683
2023-03-29 19:00:00,0.0546666666666666,497.38,0.0,91,0.0,0.33,0.1359,0.06683
2023-03-29 20:00:00,0.0536666666666666,500.49,0.0,91,0.0,0.33,0.11492000000000001,0.06683
2023-03-29 21:00:00,0.0544999999999999,478.69,0.0,91,0.0,0.33,0.10990000000000001,0.06683
2023-03-29 22:00:00,0.0556666666666666,443.43,0.0,91,0.0,0.33,0.0948,0.06683
2023-03-29 23:00:00,0.0558333333333332,435.39,0.0,91,0.0,0.33,0.08971,0.06683
2023-03-30 00:00:00,0.0563333333333332,423.65,0.0,91,0.0,0.33,0.08931,0.06683
2023-03-30 01:00:00,0.0614999999999999,409.07,0.0,91,0.0,0.33,0.08401,0.06683
2023-03-30 02:00:00,0.0561666666666665,409.7,0.0,91,,0.33,0.07876999999999999,0.06683
2023-03-30 03:00:00,0.0559999999999999,422.02,0.0,91,0.0,0.33,0.08474,0.06683
2023-03-30 04:00:00,0.0561666666666665,438.56,0.070425,91,0.0,0.33,0.08786,0.06683
2023-03-30 05:00:00,0.0553333333333333,429.22,0.2713399999999999,91,0.0,0.33,0.11729,0.06683
2023-03-30 06:00:00,0.0549999999999999,422.4,0.427885,91,0.0013080952380952,0.33,0.14007,0.06683
2023-03-30 07:00:00,0.0541666666666666,413.42,0.55257,91,0.0411442857142857,0.33,0.1293,0.06683
2023-03-30 08:00:00,0.0538333333333333,400.25,0.54857,91,0.1830485714285714,0.33,0.11,0.06683
2023-03-30 09:00:00,3.2325,373.43,0.40903,91,0.2925057142857142,0.33,0.09065999999999999,0.06683
2023-03-30 10:00:00,3.9655,390.95,0.344055,91,0.4771885714285714,0.33,0.08809,0.06683
2023-03-30 11:00:00,0.0716666666666666,388.5,0.232865,91,0.4221185714285714,0.33,0.09078,0.06683
2023-03-30 12:00:00,0.0614999999999999,396.28,0.076185,91,0.5279652380952381,0.33,0.09131,0.06683
2023-03-30 13:00:00,3.2743333333333333,406.09,0.00166,91,0.414317619047619,0.33,0.11163,0.06683
2023-03-30 14:00:00,1.5183333333333335,413.6,0.000345,91,0.1918866666666666,0.33,0.11691,0.06683
2023-03-30 15:00:00,0.0554999999999999,416.34,0.0,91,0.1048028571428571,0.33,0.12492,0.06683
2023-03-30 16:00:00,0.0556666666666666,423.62,0.0,91,0.0672942857142857,0.33,0.11797,0.06683
2023-03-30 17:00:00,0.0551666666666666,430.72,0.0,91,0.1380952380952381,0.33,0.12093999999999999,0.06683
2023-03-30 18:00:00,0.1944999999999999,437.39,0.0,91,0.045815238095238,0.33,0.13599,0.06683
2023-03-30 19:00:00,0.9125,440.14,0.0,91,0.0008933333333333,0.33,0.13166,0.06683
2023-03-30 20:00:00,1.5208333333333333,439.27,0.0,91,0.0,0.33,0.10328,0.06683
2023-03-30 21:00:00,2.7456666666666667,423.93,0.0,91,0.0,0.33,0.10564,0.06683
2023-03-30 22:00:00,5.7625,396.33,0.0,91,0.0,0.33,0.09076000000000001,0.06683
2023-03-30 23:00:00,6.0683333333333325,391.33,0.0,91,0.0,0.33,0.06513,0.06683
2023-03-31 00:00:00,0.0588333333333332,400.8,0.0,91,0.0,0.33,0.0649,0.06683
2023-03-31 01:00:00,0.0561666666666665,394.69,0.0,91,0.0,0.33,0.0571,0.06683
2023-03-31 02:00:00,0.0559999999999999,397.33,0.0,91,0.0,0.33,0.04862,0.06683
2023-03-31 03:00:00,0.0564999999999999,409.86,0.0,91,0.0,0.33,0.06743,0.06683
2023-03-31 04:00:00,0.0554999999999999,432.66,0.0618149999999999,91,0.0,0.33,0.07840000000000001,0.06683
2023-03-31 05:00:00,0.0549999999999999,434.69,0.2416049999999999,91,0.0,0.33,0.11112000000000001,0.06683
2023-03-31 06:00:00,0.0546666666666666,425.27,0.373065,91,0.0001161904761904,0.33,0.13363,0.06683
2023-03-31 07:00:00,0.0533333333333333,411.5,0.453695,91,0.0300495238095238,0.33,0.13962,0.06683
2023-03-31 08:00:00,0.0541666666666666,408.53,0.449975,91,0.0827657142857142,0.33,0.13357,0.06683
2023-03-31 09:00:00,0.0533333333333333,414.5,0.371955,91,0.1107414285714285,0.33,0.12696,0.06683
2023-03-31 10:00:00,0.0601666666666666,403.04,0.403595,91,0.158237619047619,0.33,0.12108,0.06683
2023-03-31 11:00:00,0.0556666666666666,390.68,0.3499,91,0.1771557142857142,0.33,0.10436,0.06683
2023-03-31 12:00:00,0.0556666666666665,383.49,0.203515,91,0.180646004842615,0.33,0.09727,0.06683
2023-03-31 13:00:00,0.0551666666666666,383.91,0.07581,91,0.1848985714285714,0.33,0.09240000000000001,0.06683
2023-03-31 14:00:00,0.1399999999999999,416.59,0.001275,91,0.1575604761904762,0.33,0.09659999999999999,0.06683
2023-03-31 15:00:00,0.7543333333333333,431.4,0.000275,91,0.1564404761904762,0.33,0.10475,0.06683
2023-03-31 16:00:00,4.287,453.83,0.0,91,0.1515957142857143,0.33,0.10244,0.06683
2023-03-31 17:00:00,5.507333333333334,448.19,0.0,91,0.0877966666666666,0.33,0.12126,0.06683
2023-03-31 18:00:00,5.817333333333333,449.23,0.0,91,0.0404666666666666,0.33,0.12563,0.06683
2023-03-31 19:00:00,5.1335,445.0,0.0,91,0.0038328571428571,0.33,0.12215000000000001,0.06683
2023-03-31 20:00:00,5.794666666666667,440.28,0.0,91,0.0,0.33,0.09883,0.06683
2023-03-31 21:00:00,7.281833333333334,418.22,0.0,91,0.0,0.33,0.08673,0.06683
2023-03-31 22:00:00,9.798666666666668,371.44,0.0,91,0.0,0.33,0.08,0.06683
2023-03-31 23:00:00,16.387666666666664,360.51,0.0,91,0.0,0.33,0.08219,0.06683
2023-04-01 00:00:00,8.856666666666667,369.28,0.0,91,0.0,0.33,0.0639,0.05249
2023-04-01 01:00:00,0.0626666666666666,377.36,0.0,91,0.0,0.33,0.053840000000000006,0.05249
2023-04-01 02:00:00,0.0556666666666666,384.0,0.0,91,0.0,0.33,0.039409999999999994,0.05249
2023-04-01 03:00:00,0.0554999999999999,386.16,0.0,91,0.0,0.33,0.03671,0.05249
2023-04-01 04:00:00,0.0554999999999999,380.24,0.0,91,0.0,0.33,0.036520000000000004,0.05249
2023-04-01 05:00:00,0.0551666666666666,362.45,0.0,91,0.0,0.33,0.0352,0.05249
2023-04-01 06:00:00,0.0551666666666666,326.8,0.0,91,0.0,0.33,0.05217,0.05249
2023-04-01 07:00:00,0.0553333333333332,308.51,0.0,91,0.0094019047619047,0.33,0.06172,0.05249
2023-04-01 08:00:00,0.0593333333333333,291.11,0.0,91,0.0620304761904762,0.33,0.06172,0.05249
2023-04-01 09:00:00,0.0539999999999999,293.61,0.0,91,0.1073009523809523,0.33,0.050409999999999996,0.05249
2023-04-01 10:00:00,0.076,281.63,0.0,91,0.1684204761904762,0.33,0.04682,0.05249
2023-04-01 11:00:00,1.0415,290.93,0.0,91,0.2589457142857143,0.33,0.04127,0.05249
2023-04-01 12:00:00,8.674999999999999,306.72,0.0,91,0.4470814285714286,0.33,0.039130000000000005,0.05249
2023-04-01 13:00:00,2.9003333333333337,330.4,0.0,91,0.5145961904761904,0.33,0.03382,0.05249
2023-04-01 14:00:00,5.351666666666667,350.19,0.0,91,0.4679761904761904,0.33,0.036520000000000004,0.05249
2023-04-01 15:00:00,5.295166666666667,355.96,0.0,91,0.4349547619047618,0.33,0.041409999999999995,0.05249
2023-04-01 16:00:00,5.358833333333333,362.94,0.0,91,0.3699361904761905,0.33,0.0531,0.05249
2023-04-01 17:00:00,4.353000000000001,374.03,0.0,91,0.1587947619047619,0.33,0.0844,0.05249
2023-04-01 18:00:00,3.903,368.46,0.0,91,0.055215238095238,0.33,0.08056,0.05249
2023-04-01 19:00:00,0.7658333333333333,373.93,0.0,91,0.001075238095238,0.33,0.07897,0.05249
2023-04-01 20:00:00,0.095,389.45,0.0,91,0.0,0.33,0.07684,0.05249
2023-04-01 21:00:00,0.0951666666666666,385.74,0.0,91,0.0,0.33,0.08012999999999999,0.05249
2023-04-01 22:00:00,0.094,385.14,0.0,91,0.0,0.33,0.06686,0.05249
2023-04-01 23:00:00,0.0936666666666666,383.79,0.0,91,0.0,0.33,0.07037,0.05249
2023-04-02 00:00:00,0.0948333333333333,386.71,0.0,91,0.0,0.33,0.06116,0.05249
2023-04-02 01:00:00,0.0953333333333333,384.05,0.0,91,0.0,0.33,0.05851,0.05249
2023-04-02 02:00:00,0.096,384.24,0.0,91,0.0,0.33,0.06046,0.05249
2023-04-02 03:00:00,0.0961666666666666,386.07,0.0,91,0.0,0.33,0.05851,0.05249
2023-04-02 04:00:00,0.096,384.49,0.0,91,0.0,0.33,0.06046,0.05249
2023-04-02 05:00:00,0.0956666666666666,372.06,0.0,91,0.0,0.33,0.05872,0.05249
2023-04-02 06:00:00,0.1011666666666666,361.52,0.0,91,0.0016047619047619,0.33,0.07008,0.05249
2023-04-02 07:00:00,0.0956666666666666,350.12,0.0,91,0.03213,0.33,0.07554999999999999,0.05249
2023-04-02 08:00:00,0.0953333333333333,347.88,0.0,91,0.1225271428571428,0.33,0.06609000000000001,0.05249
2023-04-02 09:00:00,0.095,350.21,0.0,91,0.1760738095238095,0.33,0.05232,0.05249
2023-04-02 10:00:00,0.0951666666666666,350.21,0.0,91,0.2778519047619048,0.33,0.05231,0.05249
2023-04-02 11:00:00,0.1009999999999999,329.56,0.0,91,0.3374320802005013,0.33,0.046689999999999995,0.05249
2023-04-02 12:00:00,0.1629999999999999,334.83,0.0,91,0.488147619047619,0.33,0.02739,0.05249
2023-04-02 13:00:00,0.5881666666666666,346.84,0.0,91,0.5740747619047619,0.33,0.01479,0.05249
2023-04-02 14:00:00,4.914166666666667,354.27,0.0,91,0.4974,0.33,0.01595,0.05249
2023-04-02 15:00:00,5.499833333333334,376.77,0.0,91,0.542124761904762,0.33,0.03173,0.05249
2023-04-02 16:00:00,6.457000000000001,420.62,0.0,91,0.4147890476190476,0.33,0.04174,0.05249
2023-04-02 17:00:00,8.187166666666666,437.09,0.0,91,0.2646922305764411,0.33,0.10041,0.05249
2023-04-02 18:00:00,11.190333333333331,451.93,0.0,91,0.0554861904761904,0.33,0.13,0.05249
2023-04-02 19:00:00,17.4265,467.49,0.0,91,0.0081042857142857,0.33,0.13122999999999999,0.05249
2023-04-02 20:00:00,3.929833333333333,474.41,0.0,91,0.0,0.33,0.11928,0.05249
2023-04-02 21:00:00,2.3073333333333337,488.22,0.0,91,0.0,0.33,0.11076000000000001,0.05249
2023-04-02 22:00:00,3.254666666666667,476.02,0.0,91,0.0,0.33,0.10903,0.05249
2023-04-02 23:00:00,2.2103333333333333,493.98,0.0,91,0.0,0.33,0.09443,0.05249
2023-04-03 00:00:00,6.577000000000001,503.59,0.0,91,0.0,0.33,0.09698999999999999,0.05249
2023-04-03 01:00:00,0.3736666666666666,515.17,0.0,91,0.0,0.33,0.09493,0.05249
2023-04-03 02:00:00,0.0563333333333332,521.99,0.0,91,0.0,0.33,0.09322,0.05249
2023-04-03 03:00:00,0.0556666666666665,541.32,0.29952,91,0.0,0.33,0.10043,0.05249
2023-04-03 04:00:00,0.0603333333333332,551.02,0.62672,91,0.0,0.33,0.11006999999999999,0.05249
2023-04-03 05:00:00,0.0544999999999999,536.78,0.87848,91,0.0,0.33,0.13796,0.05249
2023-04-03 06:00:00,0.0525,517.95,1.03165,91,0.003805238095238,0.33,0.16627,0.05249
2023-04-03 07:00:00,0.0524999999999999,519.62,0.98359,91,0.0583133333333333,0.33,0.14665,0.05249
2023-04-03 08:00:00,0.0533333333333333,506.85,0.921395,91,0.1940434065934066,0.33,0.11256999999999999,0.05249
2023-04-03 09:00:00,0.0536666666666666,493.66,0.77134,91,0.3764733333333334,0.33,0.09601000000000001,0.05249
2023-04-03 10:00:00,0.0534999999999999,497.26,0.6167250000000001,91,0.5125280952380953,0.33,0.0864,0.05249
2023-04-03 11:00:00,0.0534999999999999,493.38,0.6296700000000001,91,0.6070157142857143,0.33,0.08216,0.05249
2023-04-03 12:00:00,0.0531666666666666,490.04,0.62516,91,0.6595804761904762,0.33,0.07825,0.05249
2023-04-03 13:00:00,0.0534999999999999,504.06,0.49942,91,0.6667261904761904,0.33,0.07189,0.05249
2023-04-03 14:00:00,0.0533333333333333,527.41,0.4771,91,0.6249928571428571,0.33,0.07891,0.05249
2023-04-03 15:00:00,0.0554999999999999,560.51,0.429875,91,0.5389038095238096,0.33,0.082,0.05249
2023-04-03 16:00:00,0.0581666666666666,576.26,0.27464,91,0.415327619047619,0.33,0.10035,0.05249
2023-04-03 17:00:00,3.1053333333333337,584.73,0.37477,91,0.2584333333333333,0.33,0.13377,0.05249
2023-04-03 18:00:00,4.460333333333334,577.69,0.3979999999999999,91,0.0906514285714285,0.33,0.15811,0.05249
2023-04-03 19:00:00,1.338666666666667,578.54,0.1817149999999999,91,0.0078685714285714,0.33,0.15287,0.05249
2023-04-03 20:00:00,6.300166666666667,576.45,0.1242149999999999,91,0.0,0.33,0.13776,0.05249
2023-04-03 21:00:00,6.8385,568.45,0.11984,91,0.0,0.33,0.13099,0.05249
2023-04-03 22:00:00,5.392500000000001,569.59,0.1439749999999999,91,0.0,0.33,0.11312,0.05249
2023-04-03 23:00:00,1.7793333333333334,560.73,0.1093949999999999,91,0.0,0.33,0.11084999999999999,0.05249
2023-04-04 00:00:00,6.160833333333334,568.89,0.045245,91,0.0,0.33,0.10955,0.05249
2023-04-04 01:00:00,13.132333333333332,559.03,0.085145,91,0.0,0.33,0.10898000000000001,0.05249
2023-04-04 02:00:00,0.1513333333333333,554.54,0.13445,91,0.0,0.33,0.10805,0.05249
2023-04-04 03:00:00,0.1001666666666666,570.88,0.133265,91,0.0,0.33,0.11367000000000001,0.05249
2023-04-04 04:00:00,0.0951666666666666,570.58,0.324355,91,0.0,0.33,0.12190999999999999,0.05249
2023-04-04 05:00:00,0.0946666666666666,566.12,0.6961499999999999,91,0.0,0.33,0.1421,0.05249
2023-04-04 06:00:00,0.0934999999999999,552.53,1.035515,91,0.0040609523809523,0.33,0.16877,0.05249
2023-04-04 07:00:00,0.093,551.64,1.164715,91,0.0552390476190476,0.33,0.159,0.05249
2023-04-04 08:00:00,0.092,544.32,1.096525,91,0.2010295238095238,0.33,0.13246,0.05249
2023-04-04 09:00:00,0.0659999999999999,536.56,1.01322,91,0.368697619047619,0.33,0.11844,0.05249
2023-04-04 10:00:00,0.0536666666666666,513.71,0.95503,91,0.4995995238095238,0.33,0.11202,0.05249
2023-04-04 11:00:00,0.0628333333333333,502.71,0.8620950000000001,91,0.5904495238095239,0.33,0.10972,0.05249
2023-04-04 12:00:00,1.0581666666666667,506.85,0.78572,91,0.6343633333333333,0.33,0.10812000000000001,0.05249
2023-04-04 13:00:00,0.5288333333333334,530.79,0.7067749999999999,91,0.6357895238095238,0.33,0.10731,0.05249
2023-04-04 14:00:00,0.3385,548.28,0.617835,91,0.5971414285714285,0.33,0.10870999999999999,0.05249
2023-04-04 15:00:00,0.268,554.37,0.5338799999999999,91,0.5179528571428571,0.33,0.11273000000000001,0.05249
2023-04-04 16:00:00,0.484,573.34,0.3536899999999999,91,0.3974347619047618,0.33,0.122,0.05249
2023-04-04 17:00:00,0.3296666666666666,578.85,0.402285,91,0.2444661904761904,0.33,0.14709999999999998,0.05249
2023-04-04 18:00:00,1.3658333333333337,573.3,0.39456,91,0.0884371428571428,0.33,0.18,0.05249
2023-04-04 19:00:00,1.9463333333333328,576.27,0.1839899999999999,91,0.00868,0.33,0.17732,0.05249
2023-04-04 20:00:00,5.274666666666667,574.43,0.1236999999999999,91,0.0,0.33,0.15536000000000003,0.05249
2023-04-04 21:00:00,6.892833333333333,590.7,0.098565,91,0.0,0.33,0.14111,0.05249
2023-04-04 22:00:00,1.1918333333333333,587.67,0.1084049999999999,91,0.0,0.33,0.13019999999999998,0.05249
2023-04-04 23:00:00,0.0958333333333333,588.56,0.0811749999999999,91,0.0,0.33,0.12877000000000002,0.05249
2023-04-05 00:00:00,0.0954999999999999,586.12,0.025135,91,0.0,0.33,0.1194,0.05249
2023-04-05 01:00:00,0.0998333333333333,580.59,0.0681949999999999,91,0.0,0.33,0.12021,0.05249
2023-04-05 02:00:00,0.0971666666666666,587.84,0.152535,91,0.0,0.33,0.11879,0.05249
2023-04-05 03:00:00,0.0956666666666666,585.45,0.1829849999999999,91,0.0,0.33,0.12644,0.05249
2023-04-05 04:00:00,0.0946666666666666,580.99,0.2330949999999999,91,0.0,0.33,0.13591999999999999,0.05249
2023-04-05 05:00:00,0.0933333333333333,570.03,0.66918,91,0.0,0.33,0.16597,0.05249
2023-04-05 06:00:00,0.077,538.81,1.16685,91,0.0047680952380952,0.33,0.195,0.05249
2023-04-05 07:00:00,0.0533333333333333,528.07,1.215925,91,0.0559942857142857,0.33,0.1785,0.05249
2023-04-05 08:00:00,0.0535,519.22,1.142225,91,0.1396414285714285,0.33,0.13863999999999999,0.05249
2023-04-05 09:00:00,0.0538333333333333,520.78,1.04144,91,0.325517619047619,0.33,0.12154000000000001,0.05249
2023-04-05 10:00:00,0.0546666666666666,514.62,0.694695,91,0.4482180952380952,0.33,0.11541,0.05249
2023-04-05 11:00:00,0.0546666666666666,506.84,0.506535,91,0.4373809523809524,0.33,0.11347,0.05249
2023-04-05 12:00:00,0.0549999999999999,514.12,0.537375,91,0.39214,0.33,0.11363,0.05249
2023-04-05 13:00:00,0.0606666666666666,529.45,0.477675,91,0.36478,0.33,0.11365,0.05249
2023-04-05 14:00:00,0.0553333333333332,550.98,0.43826,91,0.3769023809523809,0.33,0.11464,0.05249
2023-04-05 15:00:00,0.0549999999999999,557.76,0.368695,91,0.462882380952381,0.33,0.11741,0.05249
2023-04-05 16:00:00,0.0544999999999999,571.98,0.2225149999999999,91,0.3256519047619047,0.33,0.13577,0.05249
2023-04-05 17:00:00,0.0678333333333333,574.35,0.3489549999999999,91,0.2415133333333333,0.33,0.15662,0.05249
2023-04-05 18:00:00,2.1805,579.65,0.3317699999999999,91,0.0832709523809523,0.33,0.19956000000000002,0.05249
2023-04-05 19:00:00,4.652,580.98,0.0933549999999999,91,0.0108819047619047,0.33,0.19188999999999998,0.05249
2023-04-05 20:00:00,1.5921666666666667,584.64,0.0948549999999999,91,0.0,0.33,0.16498,0.05249
2023-04-05 21:00:00,0.0554999999999999,592.93,0.089065,91,0.0,0.33,0.15139,0.05249
2023-04-05 22:00:00,0.0546666666666666,591.5,0.098035,91,0.0,0.33,0.13913,0.05249
2023-04-05 23:00:00,0.0551666666666665,599.09,0.08241,91,0.0,0.33,0.13554,0.05249
2023-04-06 00:00:00,0.0601666666666666,606.4,0.032215,91,0.0,0.33,0.12412000000000001,0.05249
2023-04-06 01:00:00,0.0551666666666666,608.54,0.05862,91,0.0,0.33,0.12,0.05249
2023-04-06 02:00:00,0.0549999999999999,608.57,0.10467,91,0.0,0.33,0.11533,0.05249
2023-04-06 03:00:00,0.0548333333333333,602.35,0.1439649999999999,91,0.0,0.33,0.11485,0.05249
2023-04-06 04:00:00,0.0548333333333333,599.36,0.17794,91,0.0,0.33,0.12491,0.05249
2023-04-06 05:00:00,0.0545,580.13,0.431795,91,0.0,0.33,0.14251,0.05249
2023-04-06 06:00:00,0.054,562.21,0.8774850000000001,91,0.0050633333333333,0.33,0.16163,0.05249
2023-04-06 07:00:00,0.053,539.06,1.16219,91,0.0643566666666666,0.33,0.15199000000000001,0.05249
2023-04-06 08:00:00,0.0531666666666666,523.83,1.215255,91,0.2180123809523809,0.33,0.12079000000000001,0.05249
2023-04-06 09:00:00,0.0531666666666666,519.54,0.8601800000000001,91,0.4101604761904762,0.33,0.10495,0.05249
2023-04-06 10:00:00,0.0541666666666666,510.09,0.5039999999999999,91,0.5364147619047619,0.33,0.10229,0.05249
2023-04-06 11:00:00,0.0541666666666666,504.3,0.4270199999999999,91,0.4894990476190476,0.33,0.10229,0.05249
2023-04-06 12:00:00,0.0598333333333333,511.26,0.3360749999999999,91,0.4329457142857143,0.33,0.10622,0.05249
2023-04-06 13:00:00,0.0761666666666666,520.53,0.13595,91,0.6043828571428571,0.33,0.11001000000000001,0.05249
2023-04-06 14:00:00,0.6983333333333334,531.8,0.0040049999999999,91,0.4952152380952381,0.33,0.11298,0.05249
2023-04-06 15:00:00,0.1399999999999999,562.34,0.0005899999999999,91,0.6449319047619048,0.33,0.10987000000000001,0.05249
2023-04-06 16:00:00,0.0946666666666666,582.28,0.0,91,0.3909257142857143,0.33,0.12279000000000001,0.05249
2023-04-06 17:00:00,0.0946666666666666,589.81,0.0,91,0.233907619047619,0.33,0.14,0.05249
2023-04-06 18:00:00,0.0696666666666666,598.01,0.0,91,0.0711923809523809,0.33,0.15497999999999998,0.05249
2023-04-06 19:00:00,0.0554999999999999,605.84,0.0,91,0.0099047619047619,0.33,0.13843,0.05249
2023-04-06 20:00:00,0.0553333333333332,595.78,0.0,91,0.0,0.33,0.13127,0.05249
2023-04-06 21:00:00,0.0554999999999999,597.54,0.0,91,0.0,0.33,0.12219,0.05249
2023-04-06 22:00:00,0.0553333333333333,597.82,0.0,91,0.0,0.33,0.10887000000000001,0.05249
2023-04-06 23:00:00,0.0611666666666666,600.43,0.0,91,0.0,0.33,0.10373,0.05249
2023-04-07 00:00:00,0.0556666666666666,597.34,0.0,91,0.0,0.33,0.10088,0.05249
2023-04-07 01:00:00,0.0554999999999999,595.24,0.0,91,0.0,0.33,0.09793,0.05249
2023-04-07 02:00:00,0.0554999999999999,604.78,0.0,91,0.0,0.33,0.09722,0.05249
2023-04-07 03:00:00,0.0548333333333333,606.82,0.0,91,0.0,0.33,0.10052,0.05249
2023-04-07 04:00:00,0.0546666666666666,600.08,0.322225,91,0.0,0.33,0.10773,0.05249
2023-04-07 05:00:00,0.0539999999999999,586.82,0.580565,91,0.0,0.33,0.10312,0.05249
2023-04-07 06:00:00,0.0533333333333333,576.26,0.67792,91,0.0038595238095238,0.33,0.11559,0.05249
2023-04-07 07:00:00,0.0529999999999999,563.85,1.001325,91,0.01548,0.33,0.12043000000000001,0.05249
2023-04-07 08:00:00,0.0521666666666666,557.7,0.943415,91,0.0579499999999999,0.33,0.11895,0.05249
2023-04-07 09:00:00,0.049,545.76,0.607445,91,0.0886602597402597,0.33,0.1156,0.05249
2023-04-07 10:00:00,0.0536666666666666,538.49,0.6094149999999999,91,0.1330473867595819,0.33,0.1143,0.05249
2023-04-07 11:00:00,6.424333333333333,533.31,0.6452249999999999,91,0.3170885714285714,0.33,0.10538,0.05249
2023-04-07 12:00:00,4.6225,533.59,0.49621,91,0.3260347619047619,0.33,0.1008,0.05249
2023-04-07 13:00:00,0.0544999999999999,548.5,0.400385,91,0.279077619047619,0.33,0.10001,0.05249
2023-04-07 14:00:00,0.0548333333333332,571.33,0.2825049999999999,91,0.2962228571428572,0.33,0.10726999999999999,0.05249
2023-04-07 15:00:00,0.0546666666666666,590.95,0.16078,91,0.339757619047619,0.33,0.1097,0.05249
2023-04-07 16:00:00,0.0544999999999999,604.37,0.0647449999999999,91,0.1982799999999999,0.33,0.11526,0.05249
2023-04-07 17:00:00,0.0546666666666666,619.63,0.0007849999999999,91,0.1000600985221674,0.33,0.13029,0.05249
2023-04-07 18:00:00,0.0551666666666666,633.04,7.5e-05,91,0.0763042857142857,0.33,0.13959,0.05249
2023-04-07 19:00:00,0.0554999999999999,659.9,0.0,91,0.01219,0.33,0.14045,0.05249
2023-04-07 20:00:00,0.0553333333333332,670.07,0.0,91,0.0,0.33,0.13675,0.05249
2023-04-07 21:00:00,0.0609999999999999,667.96,0.0,91,0.0,0.33,0.13713,0.05249
2023-04-07 22:00:00,0.0561666666666665,664.98,0.0,91,0.0,0.33,0.13255,0.05249
2023-04-07 23:00:00,0.0569999999999999,669.52,0.0,91,0.0,0.33,0.12412000000000001,0.05249
2023-04-08 00:00:00,0.0569999999999999,672.09,0.0,91,0.0,0.33,0.11389,0.05249
2023-04-08 01:00:00,0.1394999999999999,673.81,0.0,91,0.0,0.33,0.11438,0.05249
2023-04-08 02:00:00,6.546666666666667,675.12,0.0,91,0.0,0.33,0.11075,0.05249
2023-04-08 03:00:00,3.3938333333333333,677.16,0.0,91,0.0,0.33,0.11078,0.05249
2023-04-08 04:00:00,0.0564999999999999,676.72,0.0,91,0.0,0.33,0.11216,0.05249
2023-04-08 05:00:00,0.0559999999999999,670.89,0.0,91,0.0,0.33,0.11492000000000001,0.05249
2023-04-08 06:00:00,0.0558333333333332,663.96,0.0,91,0.0009238095238095,0.33,0.12935,0.05249
2023-04-08 07:00:00,0.0554999999999999,645.35,0.0,91,0.0127966666666666,0.33,0.13344,0.05249
2023-04-08 08:00:00,0.0601666666666666,638.09,0.0,91,0.0937180952380952,0.33,0.12971000000000002,0.05249
2023-04-08 09:00:00,0.0543333333333332,626.78,0.0,91,0.1335952380952381,0.33,0.11702,0.05249
2023-04-08 10:00:00,0.0539999999999999,607.47,0.3102749999999999,91,0.2235961904761904,0.33,0.10694,0.05249
2023-04-08 11:00:00,1.0166666666666666,599.45,0.3115699999999999,91,0.25929,0.33,0.1013,0.05249
2023-04-08 12:00:00,6.1795,587.97,0.0016849999999999,91,0.4618140435835351,0.33,0.09811,0.05249
2023-04-08 13:00:00,9.452333333333334,601.86,0.00039,91,0.4038119047619047,0.33,0.09433,0.05249
2023-04-08 14:00:00,1.1711666666666665,612.8,0.0,91,0.4882171428571428,0.33,0.09405,0.05249
2023-04-08 15:00:00,0.0559999999999999,634.1,0.0,91,0.514972380952381,0.33,0.09964,0.05249
2023-04-08 16:00:00,0.0559999999999999,650.9,0.0,91,0.3996204761904762,0.33,0.10707,0.05249
2023-04-08 17:00:00,0.0549999999999999,659.46,0.0,91,0.2374066666666666,0.33,0.12501,0.05249
2023-04-08 18:00:00,0.0994999999999999,658.14,0.0,91,0.1109128571428571,0.33,0.14239,0.05249
2023-04-08 19:00:00,3.9036666666666666,664.62,0.0,91,0.0126747619047619,0.33,0.142,0.05249
2023-04-08 20:00:00,11.800333333333333,667.76,0.0,91,0.0,0.33,0.13731000000000002,0.05249
2023-04-08 21:00:00,12.076666666666666,662.31,0.0,91,0.0,0.33,0.1349,0.05249
2023-04-08 22:00:00,2.490333333333333,677.71,0.0,91,0.0,0.33,0.12698,0.05249
2023-04-08 23:00:00,0.5415,674.98,0.0,91,0.0,0.33,0.12799,0.05249
2023-04-09 00:00:00,8.439,675.88,0.0,91,0.0,0.33,0.11785999999999999,0.05249
2023-04-09 01:00:00,5.530166666666666,667.42,0.0,91,0.0,0.33,0.11982999999999999,0.05249
2023-04-09 02:00:00,0.0564999999999999,664.66,0.0,91,0.0,0.33,0.11799,0.05249
2023-04-09 03:00:00,0.0564999999999999,668.92,0.0,91,0.0,0.33,0.11824,0.05249
2023-04-09 04:00:00,0.0568333333333332,660.44,0.0,91,0.0,0.33,0.11785999999999999,0.05249
2023-04-09 05:00:00,0.0623333333333332,652.14,0.0,91,0.0,0.33,0.12,0.05249
2023-04-09 06:00:00,0.0569999999999999,643.27,0.0,91,0.0025347619047619,0.33,0.1189,0.05249
2023-04-09 07:00:00,0.0566666666666665,592.81,0.0,91,0.0265485714285714,0.33,0.12298,0.05249
2023-04-09 08:00:00,0.0558333333333332,481.92,0.0,91,0.0675847619047619,0.33,0.11220999999999999,0.05249
2023-04-09 09:00:00,0.0551666666666665,436.16,0.0,91,0.1336647619047619,0.33,0.1,0.05249
2023-04-09 10:00:00,0.0549999999999999,429.75,0.0,91,0.3587352380952381,0.33,0.087,0.05249
2023-04-09 11:00:00,0.5359999999999999,428.08,0.0,91,0.5273038095238095,0.33,0.08195999999999999,0.05249
2023-04-09 12:00:00,6.953333333333333,436.5,0.0,91,0.394294761904762,0.33,0.06001,0.05249
2023-04-09 13:00:00,3.7095,443.21,0.0,91,0.2206026455026455,0.33,0.055,0.05249
2023-04-09 14:00:00,0.1618333333333333,450.96,0.0,91,0.28655,0.33,0.056,0.05249
2023-04-09 15:00:00,0.0989999999999999,475.0,0.0,91,0.3774828571428571,0.33,0.074,0.05249
2023-04-09 16:00:00,0.0616666666666666,516.06,0.0,91,0.2687271428571429,0.33,0.08635,0.05249
2023-04-09 17:00:00,0.0546666666666666,553.05,0.0,91,0.1819185714285714,0.33,0.1152,0.05249
2023-04-09 18:00:00,0.0553333333333333,550.54,0.0,91,0.0478590476190476,0.33,0.12997,0.05249
2023-04-09 19:00:00,0.0559999999999999,534.57,0.0,91,0.0050819047619047,0.33,0.13346,0.05249
2023-04-09 20:00:00,0.0561666666666666,509.13,0.0,91,0.0,0.33,0.12639,0.05249
2023-04-09 21:00:00,0.0566666666666666,493.45,0.0,91,0.0,0.33,0.115,0.05249
2023-04-09 22:00:00,0.0574999999999999,507.86,0.0,91,0.0,0.33,0.10694,0.05249
2023-04-09 23:00:00,0.0579999999999999,493.83,0.0,91,0.0,0.33,0.09820999999999999,0.05249
2023-04-10 00:00:00,0.0576666666666666,497.36,0.0,91,0.0,0.33,0.08184999999999999,0.05249
2023-04-10 01:00:00,0.0573333333333332,493.32,0.0,91,0.0,0.33,0.07814,0.05249
2023-04-10 02:00:00,0.0571666666666666,493.4,0.0,91,0.0,0.33,0.0719,0.05249
2023-04-10 03:00:00,0.0569999999999999,494.19,0.16669,91,0.0,0.33,0.07,0.05249
2023-04-10 04:00:00,0.0623333333333333,487.98,0.314425,91,0.0,0.33,0.07296,0.05249
2023-04-10 05:00:00,0.0561666666666666,463.74,0.61988,91,0.0,0.33,0.08,0.05249
2023-04-10 06:00:00,0.0563333333333332,429.38,0.782095,91,0.0102138095238095,0.33,0.07686,0.05249
2023-04-10 07:00:00,0.0566666666666665,398.33,0.8859400000000001,91,0.088775238095238,0.33,0.06864,0.05249
2023-04-10 08:00:00,0.0563333333333332,356.91,0.915235,91,0.0655333333333333,0.33,0.054520000000000006,0.05249
2023-04-10 09:00:00,0.0559999999999999,330.88,0.534385,91,0.2101861904761905,0.33,0.02318,0.05249
2023-04-10 10:00:00,0.0558333333333332,335.98,0.1971549999999999,91,0.3659861904761904,0.33,0.01446,0.05249
2023-04-10 11:00:00,0.0563333333333332,346.93,0.0025499999999999,91,0.4802342857142856,0.33,0.01109,0.05249
2023-04-10 12:00:00,0.0563333333333332,344.21,0.000535,91,0.3909085714285714,0.33,-0.002,0.05249
2023-04-10 13:00:00,0.0556666666666666,353.15,0.0,91,0.4844757142857142,0.33,-1e-05,0.05249
2023-04-10 14:00:00,0.0551666666666666,369.87,0.0,91,0.4397961904761904,0.33,0.00138,0.05249
2023-04-10 15:00:00,0.0613333333333333,390.07,0.0,91,0.4742133333333332,0.33,0.011179999999999999,0.05249
2023-04-10 16:00:00,0.0559999999999999,416.78,0.0,91,0.3996590476190476,0.33,0.02207,0.05249
2023-04-10 17:00:00,3.997666666666667,443.39,0.0,91,0.2488147619047619,0.33,0.1271,0.05249
2023-04-10 18:00:00,9.299833333333334,433.05,0.0,91,0.1230361904761905,0.33,0.15372999999999998,0.05249
2023-04-10 19:00:00,7.845833333333332,420.26,0.0,91,0.0165490476190476,0.33,0.21584,0.05249
2023-04-10 20:00:00,0.1636666666666665,423.84,0.0,91,5.8571428571428575e-05,0.33,0.20414,0.05249
2023-04-10 21:00:00,0.1638333333333332,432.39,0.0,91,0.0,0.33,0.22635,0.05249
2023-04-10 22:00:00,2.338,415.04,0.0,91,0.0,0.33,0.18699000000000002,0.05249
2023-04-10 23:00:00,0.0583333333333332,415.83,0.0,91,0.0,0.33,0.07964,0.05249
2023-04-11 00:00:00,0.0579999999999999,421.78,0.0,91,0.0,0.33,0.00242,0.05249
2023-04-11 01:00:00,0.0573333333333332,418.67,0.0,91,0.0,0.33,0.00289,0.05249
2023-04-11 02:00:00,0.0571666666666666,422.04,0.0,91,0.0,0.33,0.00109,0.05249
2023-04-11 03:00:00,0.0624999999999999,446.12,0.0,91,0.0,0.33,0.0061600000000000005,0.05249
2023-04-11 04:00:00,0.0788333333333333,478.47,0.0406749999999999,91,0.0,0.33,0.06891,0.05249
2023-04-11 05:00:00,5.131,491.96,0.2450899999999999,91,0.0,0.33,0.13193000000000002,0.05249
2023-04-11 06:00:00,1.6446666666666667,497.05,0.437235,91,0.0127033333333333,0.33,0.20065,0.05249
2023-04-11 07:00:00,0.1626666666666666,487.79,0.508185,91,0.0960795238095238,0.33,0.2,0.05249
2023-04-11 08:00:00,4.024333333333334,460.67,0.48745,91,0.2302828571428571,0.33,0.2,0.05249
2023-04-11 09:00:00,0.0559999999999999,444.48,0.44537,91,0.3720509523809523,0.33,0.08771,0.05249
2023-04-11 10:00:00,0.0558333333333332,412.79,0.440935,91,0.5150985714285714,0.33,0.105,0.05249
2023-04-11 11:00:00,0.0559999999999999,414.18,0.338365,91,0.6188338095238095,0.33,0.05681,0.05249
2023-04-11 12:00:00,0.0558333333333332,405.84,0.219325,91,0.6138528571428572,0.33,0.052969999999999996,0.05249
2023-04-11 13:00:00,2.4643333333333333,421.66,0.0915599999999999,91,0.4569085714285714,0.33,0.04151,0.05249
2023-04-11 14:00:00,0.1654999999999999,436.86,0.003475,91,0.3449195238095238,0.33,0.07089,0.05249
2023-04-11 15:00:00,0.6688333333333333,460.14,0.000525,91,0.2210771428571428,0.33,0.13,0.05249
2023-04-11 16:00:00,9.242166666666668,497.8,0.0,91,0.243647619047619,0.33,0.105,0.05249
2023-04-11 17:00:00,9.275333333333334,537.78,0.0,91,0.044785238095238,0.33,0.1308,0.05249
2023-04-11 18:00:00,9.593833333333334,554.86,0.0,91,0.0127109523809523,0.33,0.16246000000000002,0.05249
2023-04-11 19:00:00,11.902,555.79,0.0,91,0.0023938095238095,0.33,0.16538,0.05249
2023-04-11 20:00:00,11.899333333333333,541.7,0.0,91,0.0,0.33,0.14139,0.05249
2023-04-11 21:00:00,9.547,510.4,0.0,91,0.0,0.33,0.1308,0.05249
2023-04-11 22:00:00,13.336333333333334,529.53,0.0,91,0.0,0.33,0.111,0.05249
2023-04-11 23:00:00,9.52,538.07,0.0,91,0.0,0.33,0.09768,0.05249
2023-04-12 00:00:00,0.0556666666666666,536.12,0.0,91,0.0,0.33,0.08657,0.05249
2023-04-12 01:00:00,0.0554999999999999,508.68,0.0,91,0.0,0.33,0.08144,0.05249
2023-04-12 02:00:00,0.0608333333333332,491.76,0.0,91,0.0,0.33,0.07997,0.05249
2023-04-12 03:00:00,0.0551666666666666,506.53,0.0,91,0.0,0.33,0.08148000000000001,0.05249
2023-04-12 04:00:00,0.0556666666666666,508.86,0.0657249999999999,91,0.0,0.33,0.09784000000000001,0.05249
2023-04-12 05:00:00,0.0551666666666666,512.9,0.2631249999999999,91,0.0,0.33,0.12718000000000002,0.05249
2023-04-12 06:00:00,0.0553333333333332,486.42,0.42116,91,0.0113961904761904,0.33,0.145,0.05249
2023-04-12 07:00:00,0.0546666666666666,478.17,0.535975,91,0.0845499999999999,0.33,0.13641,0.05249
2023-04-12 08:00:00,0.0533333333333333,459.83,0.5074799999999999,91,0.2143314285714286,0.33,0.13199,0.05249
2023-04-12 09:00:00,0.0529999999999999,453.76,0.3429999999999999,91,0.373227619047619,0.33,0.12,0.05249
2023-04-12 10:00:00,0.0533333333333333,435.49,0.2834299999999999,91,0.4756471428571429,0.33,0.11156,0.05249
2023-04-12 11:00:00,0.0548333333333332,436.1,0.1636249999999999,91,0.6021590476190476,0.33,0.10071,0.05249
2023-04-12 12:00:00,0.0608333333333332,455.69,0.028755,91,0.5688309523809524,0.33,0.09736,0.05249
2023-04-12 13:00:00,0.0554999999999999,470.63,0.00095,91,0.5921357142857143,0.33,0.09762,0.05249
2023-04-12 14:00:00,0.0563333333333332,485.12,0.000125,91,0.6012738095238095,0.33,0.09706999999999999,0.05249
2023-04-12 15:00:00,0.0563333333333332,495.45,0.0,91,0.5354571428571429,0.33,0.10034,0.05249
2023-04-12 16:00:00,0.3283333333333333,504.17,0.0,91,0.4078004761904761,0.33,0.10998999999999999,0.05249
2023-04-12 17:00:00,0.7631666666666667,511.62,0.0,91,0.2710128571428571,0.33,0.13359000000000001,0.05249
2023-04-12 18:00:00,0.0636666666666666,507.41,0.0,91,0.1127390476190476,0.33,0.15136000000000002,0.05249
2023-04-12 19:00:00,0.0558333333333332,515.73,0.0,91,0.0141914285714285,0.33,0.145,0.05249
2023-04-12 20:00:00,0.0556666666666665,521.56,0.0,91,3.904761904761905e-05,0.33,0.125,0.05249
2023-04-12 21:00:00,0.0556666666666665,533.26,0.0,91,0.0,0.33,0.1093,0.05249
2023-04-12 22:00:00,0.0621666666666665,533.43,0.0,91,0.0,0.33,0.09795000000000001,0.05249
2023-04-12 23:00:00,0.0569999999999999,521.11,0.0,91,0.0,0.33,0.09723000000000001,0.05249
2023-04-13 00:00:00,0.0564999999999999,514.42,0.0,91,0.0,0.33,0.08509,0.05249
2023-04-13 01:00:00,0.0566666666666665,496.87,0.0,91,0.0,0.33,0.08803,0.05249
2023-04-13 02:00:00,0.0568333333333332,521.39,0.0,91,0.0,0.33,0.07286,0.05249
2023-04-13 03:00:00,0.0568333333333332,547.26,0.0,91,0.0,0.33,0.08803,0.05249
2023-04-13 04:00:00,0.0564999999999999,543.62,0.255855,91,0.0,0.33,0.09478,0.05249
2023-04-13 05:00:00,0.0549999999999999,549.79,0.492545,91,0.0,0.33,0.15337,0.05249
2023-04-13 06:00:00,0.0543333333333333,543.02,0.64674,91,0.010757619047619,0.33,0.16155,0.05249
2023-04-13 07:00:00,0.0539999999999999,532.3,0.953715,91,0.0945723809523809,0.33,0.1534,0.05249
2023-04-13 08:00:00,0.0533333333333333,529.26,0.904395,91,0.1940738095238095,0.33,0.14074,0.05249
2023-04-13 09:00:00,0.0531666666666666,506.05,0.596125,91,0.377827619047619,0.33,0.17057,0.05249
2023-04-13 10:00:00,0.0603333333333333,498.31,0.3862699999999999,91,0.4667242857142857,0.33,0.09819,0.05249
2023-04-13 11:00:00,0.0548333333333332,491.88,0.390085,91,0.5837519047619049,0.33,0.09284999999999999,0.05249
2023-04-13 12:00:00,0.0549999999999999,508.56,0.663065,91,0.4610295238095239,0.33,0.09944,0.05249
2023-04-13 13:00:00,0.0551666666666666,537.45,0.4587050000000001,91,0.4899209523809523,0.33,0.10859999999999999,0.05249
2023-04-13 14:00:00,0.0558333333333332,549.84,0.299805,91,0.3285738095238095,0.33,0.11571,0.05249
2023-04-13 15:00:00,0.0543333333333332,552.51,0.39606,91,0.2076909523809524,0.33,0.11278,0.05249
2023-04-13 16:00:00,0.9885,564.94,0.3834299999999999,91,0.1703499999999999,0.33,0.12733,0.05249
2023-04-13 17:00:00,4.114166666666667,571.45,0.2531349999999999,91,0.1395833333333333,0.33,0.13903000000000001,0.05249
2023-04-13 18:00:00,5.8183333333333325,574.56,0.001,91,0.0566647619047619,0.33,0.17112,0.05249
2023-04-13 19:00:00,9.936,574.06,0.0001899999999999,91,0.012887619047619,0.33,0.18056999999999998,0.05249
2023-04-13 20:00:00,16.7,568.19,0.0,91,1.9047619047619047e-06,0.33,0.15981,0.05249
2023-04-13 21:00:00,5.1275,573.97,0.0,91,0.0,0.33,0.13899,0.05249
2023-04-13 22:00:00,5.012166666666666,589.21,0.0,91,0.0,0.33,0.13182,0.05249
2023-04-13 23:00:00,9.635,612.83,0.0,91,0.0,0.33,0.11809,0.05249
2023-04-14 00:00:00,8.14,627.01,0.0,91,0.0,0.33,0.1128,0.05249
2023-04-14 01:00:00,0.0559999999999999,626.52,0.0,91,0.0,0.33,0.11654,0.05249
2023-04-14 02:00:00,0.0561666666666665,622.18,0.0,91,0.0,0.33,0.1128,0.05249
2023-04-14 03:00:00,0.0554999999999999,611.36,0.0,91,0.0,0.33,0.11314,0.05249
2023-04-14 04:00:00,0.0551666666666665,596.37,0.29885,91,0.0,0.33,0.1274,0.05249
2023-04-14 05:00:00,0.0549999999999999,582.49,0.5322399999999999,91,0.0,0.33,0.14474,0.05249
2023-04-14 06:00:00,0.0539999999999999,580.38,0.6292949999999999,91,0.0101747619047619,0.33,0.17195,0.05249
2023-04-14 07:00:00,0.0536666666666666,598.86,0.958755,91,0.0680604761904761,0.33,0.17131,0.05249
2023-04-14 08:00:00,0.0529999999999999,595.44,0.917895,91,0.1468804761904762,0.33,0.15111000000000002,0.05249
2023-04-14 09:00:00,0.0539999999999999,601.11,0.589245,91,0.2931852380952381,0.33,0.13296,0.05249
2023-04-14 10:00:00,0.0591666666666666,600.87,0.3659649999999999,91,0.3976423809523809,0.33,0.12111,0.05249
2023-04-14 11:00:00,0.0551666666666666,593.99,0.306315,91,0.4536557142857143,0.33,0.10892,0.05249
2023-04-14 12:00:00,0.0553333333333332,591.92,0.30853,91,0.5839442857142857,0.33,0.10659,0.05249
2023-04-14 13:00:00,0.1396666666666667,602.77,0.1837899999999999,91,0.5860690476190477,0.33,0.1072,0.05249
2023-04-14 14:00:00,0.2125,600.45,0.05094,91,0.5525838095238096,0.33,0.10937999999999999,0.05249
2023-04-14 15:00:00,0.4784999999999999,587.89,0.0014099999999999,91,0.3844304761904762,0.33,0.10629000000000001,0.05249
2023-04-14 16:00:00,0.1804999999999999,589.1,0.00028,91,0.4214447619047619,0.33,0.11665,0.05249
2023-04-14 17:00:00,2.417666666666667,593.48,0.0,91,0.1910804761904762,0.33,0.13816,0.05249
2023-04-14 18:00:00,6.103000000000001,595.87,0.0,91,0.0657347619047619,0.33,0.14936000000000002,0.05249
2023-04-14 19:00:00,0.1263333333333333,600.99,0.0,91,0.0141319047619047,0.33,0.15058000000000002,0.05249
2023-04-14 20:00:00,0.1538333333333333,595.25,0.0,91,0.00019,0.33,0.1262,0.05249
2023-04-14 21:00:00,0.6176666666666667,598.68,0.0,91,0.0,0.33,0.12498000000000001,0.05249
2023-04-14 22:00:00,2.789333333333333,565.42,0.0,91,0.0,0.33,0.12029000000000001,0.05249
2023-04-14 23:00:00,5.506,555.75,0.0,91,0.0,0.33,0.12390000000000001,0.05249
2023-04-15 00:00:00,7.771166666666666,548.34,0.0,91,0.0,0.33,0.112,0.05249
2023-04-15 01:00:00,8.933166666666667,549.0,0.0,91,0.0,0.33,0.11438,0.05249
2023-04-15 02:00:00,7.926166666666667,547.23,0.0,91,0.0,0.33,0.108,0.05249
2023-04-15 03:00:00,0.0946666666666666,544.46,0.0,91,0.0,0.33,0.10514,0.05249
2023-04-15 04:00:00,0.0725,540.32,0.0,91,0.0,0.33,0.10355,0.05249
2023-04-15 05:00:00,0.0548333333333332,536.2,0.0,91,0.0,0.33,0.10556,0.05249
2023-04-15 06:00:00,0.0551666666666666,526.29,0.0,91,0.0025409523809523,0.33,0.10485,0.05249
2023-04-15 07:00:00,0.0548333333333332,519.07,0.0,91,0.0317614285714285,0.33,0.10621,0.05249
2023-04-15 08:00:00,0.0544999999999999,509.65,0.0,91,0.0806438095238095,0.33,0.10189,0.05249
2023-04-15 09:00:00,0.0539999999999999,479.59,0.0,91,0.1349690476190476,0.33,0.09827,0.05249
2023-04-15 10:00:00,0.0535,454.27,0.0,91,0.1936214285714285,0.33,0.09397,0.05249
2023-04-15 11:00:00,0.0609999999999999,453.05,0.0,91,0.3202395238095238,0.33,0.08823,0.05249
2023-04-15 12:00:00,0.0554999999999999,459.89,0.0,91,0.4536228571428571,0.33,0.08302,0.05249
2023-04-15 13:00:00,1.406,456.87,0.0,91,0.5475847619047619,0.33,0.08268,0.05249
2023-04-15 14:00:00,0.658,505.87,0.0,91,0.4286152380952381,0.33,0.08256000000000001,0.05249
2023-04-15 15:00:00,0.1538333333333333,511.07,0.0,91,0.3852219047619047,0.33,0.0928,0.05249
2023-04-15 16:00:00,0.7021666666666667,526.59,0.0,91,0.2429714285714285,0.33,0.09881000000000001,0.05249
2023-04-15 17:00:00,2.2456666666666667,536.13,0.0,91,0.1698304761904762,0.33,0.11266,0.05249
2023-04-15 18:00:00,0.1623333333333333,546.99,0.0,91,0.0570185714285714,0.33,0.13279,0.05249
2023-04-15 19:00:00,3.955833333333333,550.69,0.0,91,0.0185347619047619,0.33,0.13451,0.05249
2023-04-15 20:00:00,8.725166666666667,553.83,0.0,91,1.6666666666666664e-05,0.33,0.1278,0.05249
2023-04-15 21:00:00,5.723833333333332,550.88,0.0,91,0.0,0.33,0.12771,0.05249
2023-04-15 22:00:00,0.1628333333333332,564.75,0.0,91,0.0,0.33,0.1193,0.05249
2023-04-15 23:00:00,0.3211666666666666,563.75,0.0,91,0.0,0.33,0.11155,0.05249
2023-04-16 00:00:00,3.894333333333333,563.17,0.0,91,0.0,0.33,0.10349,0.05249
2023-04-16 01:00:00,6.379833333333333,561.25,0.0,91,0.0,0.33,0.10268000000000001,0.05249
2023-04-16 02:00:00,9.749166666666667,559.98,0.0,91,0.0,0.33,0.10109,0.05249
2023-04-16 03:00:00,9.853166666666668,559.12,0.0,91,0.0,0.33,0.10263,0.05249
2023-04-16 04:00:00,0.0576666666666665,553.83,0.0,91,0.0,0.33,0.1035,0.05249
2023-04-16 05:00:00,0.0576666666666665,539.34,0.0,91,0.0,0.33,0.1035,0.05249
2023-04-16 06:00:00,0.0568333333333332,509.15,0.0,91,0.0144738095238095,0.33,0.10337,0.05249
2023-04-16 07:00:00,0.0564999999999999,491.73,0.0,91,0.08854,0.33,0.11043,0.05249
2023-04-16 08:00:00,0.0563333333333332,465.84,0.0,91,0.2273495238095238,0.33,0.11468,0.05249
2023-04-16 09:00:00,0.0641666666666666,456.29,0.0,91,0.3602514285714285,0.33,0.11104,0.05249
2023-04-16 10:00:00,7.267666666666667,445.62,0.0018599999999999,91,0.4476357142857143,0.33,0.10783,0.05249
2023-04-16 11:00:00,3.396333333333333,458.36,0.259755,91,0.5243338095238095,0.33,0.10405,0.05249
2023-04-16 12:00:00,6.313833333333334,441.08,0.25862,91,0.6054161904761904,0.33,0.09816,0.05249
2023-04-16 13:00:00,0.1649999999999999,444.24,0.0008399999999999,91,0.61536,0.33,0.09448999999999999,0.05249
2023-04-16 14:00:00,0.9408333333333332,491.32,0.000115,91,0.5838533333333333,0.33,0.09404000000000001,0.05249
2023-04-16 15:00:00,0.1633333333333332,509.13,0.0,91,0.5151361904761905,0.33,0.09581999999999999,0.05249
2023-04-16 16:00:00,0.1619999999999999,507.83,0.0,91,0.4096285714285714,0.33,0.10074,0.05249
2023-04-16 17:00:00,1.839,522.2,0.0,91,0.2554190476190476,0.33,0.11520999999999999,0.05249
2023-04-16 18:00:00,6.601166666666667,514.21,0.0,91,0.1153019047619047,0.33,0.13288,0.05249
2023-04-16 19:00:00,11.344500000000002,529.97,0.0,91,0.0201590476190476,0.33,0.14,0.05249
2023-04-16 20:00:00,16.731166666666667,525.54,0.0,91,5.809523809523809e-05,0.33,0.135,0.05249
2023-04-16 21:00:00,0.1628333333333332,520.94,0.0,91,0.0,0.33,0.12997,0.05249
2023-04-16 22:00:00,0.1611666666666666,547.57,0.0,91,0.0,0.33,0.12535,0.05249
2023-04-16 23:00:00,0.3233333333333332,554.54,0.0,91,0.0,0.33,0.11475,0.05249
2023-04-17 00:00:00,3.991666666666666,564.14,0.0,91,0.0,0.33,0.11114,0.05249
2023-04-17 01:00:00,7.7505,554.25,0.0,91,0.0,0.33,0.10895999999999999,0.05249
2023-04-17 02:00:00,13.362166666666669,561.54,0.0,91,0.0,0.33,0.09956,0.05249
2023-04-17 03:00:00,13.008666666666668,554.31,0.250715,91,0.0,0.33,0.11,0.05249
2023-04-17 04:00:00,0.0624999999999999,531.24,0.90878,91,0.0,0.33,0.11279,0.05249
2023-04-17 05:00:00,0.0563333333333332,513.74,1.136935,91,0.0,0.33,0.13643,0.05249
2023-04-17 06:00:00,0.0548333333333332,506.88,0.916985,91,0.0139690476190476,0.33,0.1688,0.05249
2023-04-17 07:00:00,0.0544999999999999,491.1,0.953905,91,0.0947038095238095,0.33,0.16583,0.05249
2023-04-17 08:00:00,0.0544999999999999,484.91,0.96657,91,0.2444642857142857,0.33,0.13051,0.05249
2023-04-17 09:00:00,0.1134999999999999,491.81,0.8639550000000001,91,0.3811509523809524,0.33,0.12686,0.05249
2023-04-17 10:00:00,0.1501666666666666,488.49,0.72436,91,0.4752990476190476,0.33,0.10176,0.05249
2023-04-17 11:00:00,0.15,465.55,0.6051399999999999,91,0.4953119047619047,0.33,0.10176,0.05249
2023-04-17 12:00:00,0.1506666666666666,470.11,0.59909,91,0.3199771428571428,0.33,0.10136,0.05249
2023-04-17 13:00:00,0.1503333333333333,498.94,0.58258,91,0.2699219047619047,0.33,0.09742,0.05249
2023-04-17 14:00:00,0.1568333333333333,512.37,0.520665,91,0.3737361904761905,0.33,0.09688,0.05249
2023-04-17 15:00:00,0.1583333333333333,542.67,0.436725,91,0.2512719047619047,0.33,0.09683,0.05249
2023-04-17 16:00:00,0.2144999999999999,545.87,0.2946049999999999,91,0.1291095238095238,0.33,0.10099,0.05249
2023-04-17 17:00:00,0.244,549.67,0.2112399999999999,91,0.0838073891625615,0.33,0.12233,0.05249
2023-04-17 18:00:00,0.2516666666666666,541.94,0.111875,91,0.0379766666666666,0.33,0.14361000000000002,0.05249
2023-04-17 19:00:00,0.2533333333333333,553.27,0.00217,91,0.0071847619047619,0.33,0.14278,0.05249
2023-04-17 20:00:00,0.2546666666666666,556.84,0.000435,91,0.0,0.33,0.13425,0.05249
2023-04-17 21:00:00,0.255,558.44,0.0,91,0.0,0.33,0.12282,0.05249
2023-04-17 22:00:00,0.2596666666666666,557.86,0.0,91,0.0,0.33,0.10916,0.05249
2023-04-17 23:00:00,0.2556666666666666,563.14,0.0,91,0.0,0.33,0.10531,0.05249
2023-04-18 00:00:00,0.2563333333333333,555.37,0.0,91,0.0,0.33,0.10207,0.05249
2023-04-18 01:00:00,0.2565,564.23,0.0,91,0.0,0.33,0.1011,0.05249
2023-04-18 02:00:00,0.2566666666666666,560.94,0.0,91,0.0,0.33,0.10129,0.05249
2023-04-18 03:00:00,0.2558333333333333,564.77,0.0,91,0.0,0.33,0.10055,0.05249
2023-04-18 04:00:00,0.2556666666666666,562.36,0.163195,91,0.0,0.33,0.10127,0.05249
2023-04-18 05:00:00,0.2613333333333333,554.65,0.44635,91,0.0,0.33,0.127,0.05249
2023-04-18 06:00:00,0.255,549.74,0.651225,91,0.0054947619047619,0.33,0.14027,0.05249
2023-04-18 07:00:00,0.2535,539.68,0.8380000000000001,91,0.0178723809523809,0.33,0.15488,0.05249
2023-04-18 08:00:00,0.2538333333333333,518.17,0.81658,91,0.0119657142857142,0.33,0.13399,0.05249
2023-04-18 09:00:00,0.2485,509.42,0.6433649999999999,91,0.0388342857142857,0.33,0.10621,0.05249
2023-04-18 10:00:00,0.2536666666666666,499.6,0.4999999999999999,91,0.0894733333333333,0.33,0.10862000000000001,0.05249
2023-04-18 11:00:00,0.2591666666666667,489.02,0.29961,91,0.0588642857142857,0.33,0.125,0.05249
2023-04-18 12:00:00,0.1426666666666666,484.02,0.1597599999999999,91,0.0425033333333333,0.33,0.12181,0.05249
2023-04-18 13:00:00,0.0596666666666666,490.45,0.06499,91,0.0773271428571428,0.33,0.11375,0.05249
2023-04-18 14:00:00,0.0561666666666665,509.08,0.00196,91,0.0703361904761904,0.33,0.125,0.05249
2023-04-18 15:00:00,0.0568333333333332,515.73,0.000405,91,0.0803914285714285,0.33,0.12389,0.05249
2023-04-18 16:00:00,0.0571666666666665,530.22,0.0,91,0.0541523809523809,0.33,0.09845000000000001,0.05249
2023-04-18 17:00:00,0.0564999999999999,540.86,0.0,91,0.0174342857142857,0.33,0.10821,0.05249
2023-04-18 18:00:00,0.0559999999999999,544.02,0.0,91,0.0115833333333333,0.33,0.13046000000000002,0.05249
2023-04-18 19:00:00,0.0561666666666665,546.24,0.0,91,0.0023414285714285,0.33,0.13513999999999998,0.05249
2023-04-18 20:00:00,0.0563333333333332,552.72,0.0,91,0.0,0.33,0.12153,0.05249
2023-04-18 21:00:00,0.0576666666666665,554.81,0.0,91,0.0,0.33,0.10978,0.05249
2023-04-18 22:00:00,0.0574999999999999,542.84,0.0,91,0.0,0.33,0.10061,0.05249
2023-04-18 23:00:00,0.0579999999999999,538.8,0.0,91,0.0,0.33,0.10312,0.05249
2023-04-19 00:00:00,0.0616666666666666,538.57,0.0,91,0.0,0.33,0.09754,0.05249
2023-04-19 01:00:00,0.0559999999999999,535.82,0.0,91,0.0,0.33,0.09992,0.05249
2023-04-19 02:00:00,0.0564999999999999,542.01,0.0,91,0.0,0.33,0.09895,0.05249
2023-04-19 03:00:00,0.0553333333333333,547.06,0.0,91,0.0,0.33,0.10133,0.05249
2023-04-19 04:00:00,0.0546666666666666,543.79,0.151345,91,0.0,0.33,0.10587,0.05249
2023-04-19 05:00:00,0.0551666666666666,551.89,0.423625,91,0.0,0.33,0.13,0.05249
2023-04-19 06:00:00,0.0543333333333333,535.3,0.6384949999999999,91,0.0162142857142857,0.33,0.14034,0.05249
2023-04-19 07:00:00,0.0538333333333333,504.0,0.86322,91,0.0678890476190476,0.33,0.14028,0.05249
2023-04-19 08:00:00,0.0534999999999999,478.8,0.83794,91,0.1568009523809523,0.33,0.12283,0.05249
2023-04-19 09:00:00,0.0536666666666666,464.53,0.520405,91,0.2184404761904761,0.33,0.10395,0.05249
2023-04-19 10:00:00,0.0731666666666666,462.92,0.2789649999999999,91,0.2667638095238095,0.33,0.10251,0.05249
2023-04-19 11:00:00,0.0591666666666666,435.0,0.194135,91,0.52444,0.33,0.09193000000000001,0.05249
2023-04-19 12:00:00,0.0541666666666666,439.83,0.096825,91,0.2984266666666667,0.33,0.10845999999999999,0.05249
2023-04-19 13:00:00,0.0551666666666666,451.22,0.00273,91,0.3821542857142856,0.33,0.10649,0.05249
2023-04-19 14:00:00,0.0566666666666665,463.43,0.000545,91,0.3414842857142857,0.33,0.08421,0.05249
2023-04-19 15:00:00,0.0568333333333332,471.19,0.0,91,0.2797604761904761,0.33,0.1134,0.05249
2023-04-19 16:00:00,0.0568333333333332,493.27,0.0,91,0.3650361904761905,0.33,0.1156,0.05249
2023-04-19 17:00:00,0.0561666666666665,506.31,0.0,91,0.2944042857142857,0.33,0.12865000000000001,0.05249
2023-04-19 18:00:00,0.0563333333333332,508.47,0.0,91,0.1309985714285714,0.33,0.14182,0.05249
2023-04-19 19:00:00,0.0569999999999999,517.22,0.0,91,0.0241261904761904,0.33,0.13076,0.05249
2023-04-19 20:00:00,0.0576666666666665,522.0,0.0,91,0.0003038095238095,0.33,0.12282,0.05249
2023-04-19 21:00:00,0.0624999999999999,531.3,0.0,91,0.0,0.33,0.10990000000000001,0.05249
2023-04-19 22:00:00,0.0573333333333332,534.52,0.0,91,0.0,0.33,0.10166,0.05249
2023-04-19 23:00:00,0.0573333333333332,526.06,0.0,91,0.0,0.33,0.10019,0.05249
2023-04-20 00:00:00,0.0571666666666666,525.82,0.0,91,0.0,0.33,0.09434999999999999,0.05249
2023-04-20 01:00:00,0.0566666666666666,521.34,0.0,91,0.0,0.33,0.09676,0.05249
2023-04-20 02:00:00,0.0566666666666666,532.61,0.0,91,0.0,0.33,0.09498000000000001,0.05249
2023-04-20 03:00:00,0.0566666666666666,543.96,0.0,91,0.0,0.33,0.09718,0.05249
2023-04-20 04:00:00,0.0563333333333333,533.33,0.095405,91,0.0,0.33,0.10278,0.05249
2023-04-20 05:00:00,0.0558333333333333,525.96,0.288805,91,0.0,0.33,0.12797,0.05249
2023-04-20 06:00:00,0.0551666666666666,518.84,0.453305,91,0.0184233333333333,0.33,0.14448,0.05249
2023-04-20 07:00:00,0.0543333333333333,482.68,0.6143,91,0.1090814285714285,0.33,0.14468999999999999,0.05249
2023-04-20 08:00:00,0.0533333333333333,455.06,0.583405,91,0.2724314285714286,0.33,0.13002,0.05249
2023-04-20 09:00:00,0.0594999999999999,456.18,0.4137549999999999,91,0.4365504761904761,0.33,0.10740999999999999,0.05249
2023-04-20 10:00:00,0.0543333333333333,449.72,0.417105,91,0.5630728571428572,0.33,0.09694,0.05249
2023-04-20 11:00:00,0.0551666666666666,449.52,0.350205,91,0.6455385714285714,0.33,0.09423000000000001,0.05249
2023-04-20 12:00:00,0.0548333333333333,450.58,0.122705,91,0.6564428571428571,0.33,0.08961,0.05249
2023-04-20 13:00:00,0.0546666666666666,458.15,0.0054549999999999,91,0.6827052380952381,0.33,0.0887,0.05249
2023-04-20 14:00:00,0.0556666666666666,469.08,0.0005949999999999,91,0.6297914285714287,0.33,0.08763,0.05249
2023-04-20 15:00:00,0.0554999999999999,466.7,0.0,91,0.4998985714285714,0.33,0.09209,0.05249
2023-04-20 16:00:00,0.0554999999999999,476.88,0.0,91,0.4080385714285714,0.33,0.10376,0.05249
2023-04-20 17:00:00,0.0613333333333332,503.44,0.0,91,0.2583638095238095,0.33,0.12899000000000002,0.05249
2023-04-20 18:00:00,0.0563333333333332,509.0,0.0,91,0.1060990476190476,0.33,0.1421,0.05249
2023-04-20 19:00:00,0.0564999999999999,498.61,0.0,91,0.0145328571428571,0.33,0.14621,0.05249
2023-04-20 20:00:00,0.0563333333333332,493.43,0.0,91,0.0001923809523809,0.33,0.13457,0.05249
2023-04-20 21:00:00,0.0573333333333332,499.23,0.0,91,0.0,0.33,0.1296,0.05249
2023-04-20 22:00:00,0.0571666666666665,508.36,0.0,91,0.0,0.33,0.09748,0.05249
2023-04-20 23:00:00,0.0569999999999999,529.59,0.0,91,0.0,0.33,0.09151999999999999,0.05249
2023-04-21 00:00:00,0.0569999999999999,532.53,0.0,91,0.0,0.33,0.08719,0.05249
2023-04-21 01:00:00,0.0568333333333332,526.11,0.0,91,0.0,0.33,0.09026,0.05249
2023-04-21 02:00:00,0.0564999999999999,531.97,0.0,91,0.0,0.33,0.09251999999999999,0.05249
2023-04-21 03:00:00,0.0566666666666666,539.62,0.0,91,0.0,0.33,0.09258,0.05249
2023-04-21 04:00:00,0.0559999999999999,525.62,0.1200899999999999,91,0.0,0.33,0.09705,0.05249
2023-04-21 05:00:00,0.0554999999999999,510.73,0.342215,91,0.0,0.33,0.12207,0.05249
2023-04-21 06:00:00,0.0606666666666666,482.11,0.53233,91,0.0312309523809523,0.33,0.13538999999999998,0.05249
2023-04-21 07:00:00,0.0541666666666666,445.12,0.7211850000000001,91,0.1423409523809523,0.33,0.13457,0.05249
2023-04-21 08:00:00,0.0536666666666666,407.12,0.6972550000000001,91,0.2944561904761905,0.33,0.10687999999999999,0.05249
2023-04-21 09:00:00,0.0538333333333333,380.49,0.419255,91,0.2998271428571428,0.33,0.09015999999999999,0.05249
2023-04-21 10:00:00,0.0541666666666666,373.91,0.2027249999999999,91,0.3961509523809524,0.33,0.07544,0.05249
2023-04-21 11:00:00,0.0556666666666666,365.28,0.0887299999999999,91,0.372987619047619,0.33,0.08906,0.05249
2023-04-21 12:00:00,0.0561666666666665,368.67,0.02005,91,0.3936795238095238,0.33,0.09647,0.05249
2023-04-21 13:00:00,0.0563333333333332,375.56,0.0013449999999999,91,0.3464095238095238,0.33,0.095,0.05249
2023-04-21 14:00:00,0.0563333333333332,380.15,0.00028,91,0.3715447619047619,0.33,0.09765,0.05249
2023-04-21 15:00:00,0.0559999999999999,411.97,0.0,91,0.4062642857142857,0.33,0.08807999999999999,0.05249
2023-04-21 16:00:00,0.0618333333333332,459.41,0.0,91,0.2509561904761904,0.33,0.09985,0.05249
2023-04-21 17:00:00,0.0568333333333332,486.39,0.0,91,0.1919047619047619,0.33,0.126,0.05249
2023-04-21 18:00:00,0.0554999999999999,496.2,0.0,91,0.10894,0.33,0.14312,0.05249
2023-04-21 19:00:00,0.0554999999999999,496.9,0.0,91,0.026917619047619,0.33,0.14884999999999998,0.05249
2023-04-21 20:00:00,0.0549999999999999,492.09,0.0,91,0.0005495238095238,0.33,0.13,0.05249
2023-04-21 21:00:00,0.0554999999999999,481.48,0.0,91,0.0,0.33,0.1184,0.05249
2023-04-21 22:00:00,0.0558333333333333,455.42,0.0,91,0.0,0.33,0.10003000000000001,0.05249
2023-04-21 23:00:00,0.0563333333333332,467.51,0.0,91,0.0,0.33,0.10218,0.05249
2023-04-22 00:00:00,0.0566666666666666,471.78,0.0,91,0.0,0.33,0.09606,0.05249
2023-04-22 01:00:00,0.0576666666666665,477.04,0.0,91,0.0,0.33,0.09401999999999999,0.05249
2023-04-22 02:00:00,0.0573333333333332,464.15,0.0,91,0.0,0.33,0.09298999999999999,0.05249
2023-04-22 03:00:00,0.0573333333333332,462.97,0.0,91,0.0,0.33,0.09129000000000001,0.05249
2023-04-22 04:00:00,0.0628333333333333,443.81,0.0,91,0.0,0.33,0.096,0.05249
2023-04-22 05:00:00,0.0574999999999999,423.24,0.0,91,0.0,0.33,0.09981999999999999,0.05249
2023-04-22 06:00:00,0.0571666666666666,388.67,0.0,91,0.0105309523809523,0.33,0.10319,0.05249
2023-04-22 07:00:00,0.0566666666666666,357.31,0.0,91,0.0991533333333333,0.33,0.10063,0.05249
2023-04-22 08:00:00,0.0559999999999999,329.0,0.0,91,0.2794366666666666,0.33,0.08895,0.05249
2023-04-22 09:00:00,0.0558333333333333,327.64,0.0,91,0.44948,0.33,0.07656,0.05249
2023-04-22 10:00:00,0.0559999999999999,331.91,0.0,91,0.5728455205811138,0.33,0.048960000000000004,0.05249
2023-04-22 11:00:00,0.0554999999999999,316.51,0.0,91,0.6622114285714286,0.33,0.0297,0.05249
2023-04-22 12:00:00,0.0558333333333332,329.83,0.0,91,0.675624761904762,0.33,0.01309,0.05249
2023-04-22 13:00:00,0.0563333333333333,333.61,0.0,91,0.7032419047619047,0.33,0.00844,0.05249
2023-04-22 14:00:00,0.0569999999999999,329.96,0.0,91,0.6777382653061225,0.33,0.032780000000000004,0.05249
2023-04-22 15:00:00,0.0564999999999999,360.93,0.0,91,0.6170838095238095,0.33,0.07712000000000001,0.05249
2023-04-22 16:00:00,0.0558333333333333,397.77,0.0,91,0.4711723809523809,0.33,0.095,0.05249
2023-04-22 17:00:00,0.0608333333333333,411.07,0.0,91,0.2148336734693877,0.33,0.11297,0.05249
2023-04-22 18:00:00,0.0558333333333333,433.61,0.0,91,0.1257447619047619,0.33,0.13191999999999998,0.05249
2023-04-22 19:00:00,0.0559999999999999,447.97,0.0,91,0.0362019047619047,0.33,0.13047,0.05249
2023-04-22 20:00:00,0.0561666666666666,454.47,0.0,91,0.000537619047619,0.33,0.127,0.05249
2023-04-22 21:00:00,0.0563333333333332,447.32,0.0,91,0.0,0.33,0.10581,0.05249
2023-04-22 22:00:00,0.0568333333333332,423.17,0.0,91,0.0,0.33,0.10126,0.05249
2023-04-22 23:00:00,0.0579999999999999,400.1,0.0,91,0.0,0.33,0.1051,0.05249
2023-04-23 00:00:00,0.0578333333333332,399.64,0.0,91,0.0,0.33,0.09726,0.05249
2023-04-23 01:00:00,0.0574999999999999,407.04,0.0,91,0.0,0.33,0.09489,0.05249
2023-04-23 02:00:00,0.0581666666666666,394.39,0.0,91,0.0,0.33,0.08929000000000001,0.05249
2023-04-23 03:00:00,0.0588333333333333,400.86,0.0,91,0.0,0.33,0.08656,0.05249
2023-04-23 04:00:00,0.0574999999999999,381.82,0.0,91,0.0,0.33,0.08854000000000001,0.05249
2023-04-23 05:00:00,0.0623333333333333,363.83,0.0,91,0.0,0.33,0.08964,0.05249
2023-04-23 06:00:00,0.0564999999999999,339.06,0.0,91,0.0216990476190476,0.33,0.0928,0.05249
2023-04-23 07:00:00,0.0566666666666666,323.34,0.0,91,0.1184623809523809,0.33,0.09283,0.05249
2023-04-23 08:00:00,0.0563333333333333,330.21,0.0,91,0.2662890476190476,0.33,0.0881,0.05249
2023-04-23 09:00:00,0.0564999999999999,318.06,0.0,91,0.4451909523809524,0.33,0.08195000000000001,0.05249
2023-04-23 10:00:00,0.0573333333333333,305.63,0.0,91,0.5668490476190476,0.33,0.048240000000000005,0.05249
2023-04-23 11:00:00,0.0566666666666666,294.89,0.0,91,0.636312380952381,0.33,0.03576,0.05249
2023-04-23 12:00:00,0.0584999999999999,295.35,0.0,91,0.6194871428571428,0.33,0.0101,0.05249
2023-04-23 13:00:00,0.0586666666666666,321.14,0.0,91,0.613682380952381,0.33,0.004900000000000001,0.05249
2023-04-23 14:00:00,0.0579999999999999,341.01,0.0,91,0.3533852380952381,0.33,0.03477,0.05249
2023-04-23 15:00:00,0.0586666666666666,369.54,0.0,91,0.2191433333333333,0.33,0.06427,0.05249
2023-04-23 16:00:00,0.0581666666666666,392.9,0.0,91,0.2103757142857143,0.33,0.09956,0.05249
2023-04-23 17:00:00,0.0569999999999999,423.97,0.0,91,0.1738909523809524,0.33,0.1253,0.05249
2023-04-23 18:00:00,0.0623333333333333,427.62,0.0,91,0.0879571428571428,0.33,0.137,0.05249
2023-04-23 19:00:00,0.0561666666666666,421.94,0.0,91,0.0335809523809523,0.33,0.13608,0.05249
2023-04-23 20:00:00,0.0558333333333333,415.87,0.0,91,0.0008509523809523,0.33,0.12502,0.05249
2023-04-23 21:00:00,0.0563333333333333,404.5,0.0,91,0.0,0.33,0.11695,0.05249
2023-04-23 22:00:00,0.0569999999999999,425.78,0.0,91,0.0,0.33,0.10926000000000001,0.05249
2023-04-23 23:00:00,0.0581666666666666,430.75,0.0,91,0.0,0.33,0.0877,0.05249
2023-04-24 00:00:00,0.0574999999999999,435.35,0.0,91,0.0,0.33,0.08358,0.05249
2023-04-24 01:00:00,0.0569999999999999,447.57,0.0,91,0.0,0.33,0.08209000000000001,0.05249
2023-04-24 02:00:00,0.0579999999999999,469.57,0.0,91,0.0,0.33,0.07640000000000001,0.05249
2023-04-24 03:00:00,0.0581666666666666,473.37,0.0912212409845449,91,0.0,0.33,0.07508,0.05249
2023-04-24 04:00:00,0.0574999999999999,477.51,0.2123012409845449,91,0.0,0.33,0.08655,0.05249
2023-04-24 05:00:00,0.0566666666666666,502.35,0.43029,91,0.0,0.33,0.1146,0.05249
2023-04-24 06:00:00,0.0606666666666666,495.14,0.4565749999999999,91,0.0003466666666666,0.33,0.1338,0.05249
2023-04-24 07:00:00,0.054,484.5,0.51945,91,0.0062295238095238,0.33,0.135,0.05249
2023-04-24 08:00:00,0.0651666666666666,472.18,0.63492,91,0.03723,0.33,0.12692,0.05249
2023-04-24 09:00:00,7.258833333333333,473.01,0.45048,91,0.0288842857142857,0.33,0.11081,0.05249
2023-04-24 10:00:00,9.188833333333331,471.36,0.371565,91,0.0263961904761904,0.33,0.10801000000000001,0.05249
2023-04-24 11:00:00,2.9895,471.36,0.25175,91,0.0304571428571428,0.33,0.09809,0.05249
2023-04-24 12:00:00,12.648666666666664,466.49,0.072705,91,0.07368,0.33,0.09493,0.05249
2023-04-24 13:00:00,1.5921666666666667,445.31,0.005565,91,0.1369585714285714,0.33,0.08705,0.05249
2023-04-24 14:00:00,0.1501666666666666,444.26,0.00069,91,0.0382042857142857,0.33,0.08497,0.05249
2023-04-24 15:00:00,1.4145,453.38,0.0,91,0.0988557142857142,0.33,0.09154999999999999,0.05249
2023-04-24 16:00:00,11.298166666666669,471.3,0.0,91,0.0662271428571428,0.33,0.10281,0.05249
2023-04-24 17:00:00,10.708166666666664,482.87,0.0,91,0.0327719047619047,0.33,0.11849,0.05249
2023-04-24 18:00:00,5.793833333333335,496.37,0.0,91,0.0338428571428571,0.33,0.13457,0.05249
2023-04-24 19:00:00,4.932333333333333,507.93,0.0,91,0.0132819047619047,0.33,0.13597,0.05249
2023-04-24 20:00:00,3.9515000000000007,510.9,0.0,91,8.666666666666667e-05,0.33,0.13283,0.05249
2023-04-24 21:00:00,0.0825,502.57,0.0,91,0.0,0.33,0.12127,0.05249
2023-04-24 22:00:00,0.078,508.0,0.0,91,0.0,0.33,0.10472,0.05249
2023-04-24 23:00:00,0.0785,513.96,0.0,91,0.0,0.33,0.09797,0.05249
2023-04-25 00:00:00,0.0778333333333333,504.28,0.0,91,0.0,0.33,0.09589,0.05249
2023-04-25 01:00:00,0.0783333333333333,504.5,0.0,91,0.0,0.33,0.094,0.05249
2023-04-25 02:00:00,0.0838333333333333,515.12,0.0,91,0.0,0.33,0.09231,0.05249
2023-04-25 03:00:00,0.0786666666666666,498.65,0.0,91,0.0,0.33,0.09194,0.05249
2023-04-25 04:00:00,0.0783333333333333,519.23,0.0,91,0.0,0.33,0.09754,0.05249
2023-04-25 05:00:00,0.0771666666666666,525.72,0.28057,91,0.0,0.33,0.1216,0.05249
2023-04-25 06:00:00,0.0748333333333333,510.01,0.453265,91,0.00813,0.33,0.1341,0.05249
2023-04-25 07:00:00,0.0735,481.76,0.419305,91,0.0306580952380952,0.33,0.13493,0.05249
2023-04-25 08:00:00,0.0808333333333333,487.4,0.291575,91,0.0309428571428571,0.33,0.11239,0.05249
2023-04-25 09:00:00,0.6786666666666666,488.04,0.0457799999999999,91,0.0371057142857142,0.33,0.09824,0.05249
2023-04-25 10:00:00,2.172833333333333,469.12,0.000915,91,0.0559423809523809,0.33,0.0873,0.05249
2023-04-25 11:00:00,4.9595,450.67,0.0001,91,0.1022014285714285,0.33,0.08302,0.05249
2023-04-25 12:00:00,1.4666666666666668,428.72,0.0,91,0.1315780952380952,0.33,0.07834,0.05249
2023-04-25 13:00:00,6.441333333333333,447.17,0.0,91,0.1453661904761904,0.33,0.07006,0.05249
2023-04-25 14:00:00,8.675333333333333,464.12,0.0,91,0.1203952380952381,0.33,0.07127,0.05249
2023-04-25 15:00:00,2.074333333333333,484.71,0.0,91,0.0925719047619047,0.33,0.08002,0.05249
2023-04-25 16:00:00,0.6329999999999999,512.63,0.0,91,0.1104852380952381,0.33,0.09132,0.05249
2023-04-25 17:00:00,5.368333333333333,524.92,0.0,91,0.0696261904761904,0.33,0.10917,0.05249
2023-04-25 18:00:00,8.43,522.4,0.0,91,0.033427619047619,0.33,0.13307,0.05249
2023-04-25 19:00:00,8.422833333333333,541.11,0.0,91,0.009937619047619,0.33,0.14416,0.05249
2023-04-25 20:00:00,8.047333333333333,536.23,0.0,91,0.0003814285714285,0.33,0.13368,0.05249
2023-04-25 21:00:00,5.182166666666666,520.69,0.0,91,0.0,0.33,0.12623,0.05249
2023-04-25 22:00:00,0.0564999999999999,527.77,0.0,91,0.0,0.33,0.10381,0.05249
2023-04-25 23:00:00,0.0601666666666666,537.19,0.0,91,0.0,0.33,0.09719,0.05249
2023-04-26 00:00:00,0.0564999999999999,534.35,0.0,91,0.0,0.33,0.09298000000000001,0.05249
2023-04-26 01:00:00,0.0566666666666665,533.05,0.0,91,0.0,0.33,0.09406,0.05249
2023-04-26 02:00:00,0.0566666666666666,556.24,0.0,91,0.0,0.33,0.09165999999999999,0.05249
2023-04-26 03:00:00,0.0563333333333332,552.63,0.0,91,0.0,0.33,0.09333,0.05249
2023-04-26 04:00:00,0.0558333333333333,565.36,0.0,91,0.0,0.33,0.1006,0.05249
2023-04-26 05:00:00,0.0546666666666666,548.82,0.342655,91,0.0009838095238095,0.33,0.12516,0.05249
2023-04-26 06:00:00,0.0541666666666666,517.53,0.700435,91,0.0255161904761904,0.33,0.13991,0.05249
2023-04-26 07:00:00,0.0528333333333333,494.63,0.7619199999999999,91,0.1297204761904762,0.33,0.13022,0.05249
2023-04-26 08:00:00,0.0536666666666666,479.72,0.674715,91,0.3072028571428571,0.33,0.09874,0.05249
2023-04-26 09:00:00,0.0534999999999999,508.11,0.2847399999999999,91,0.4822595238095238,0.33,0.09201999999999999,0.05249
2023-04-26 10:00:00,0.0336666666666666,507.17,0.0148749999999999,91,0.6056319047619048,0.33,0.09842000000000001,0.05249
2023-04-26 11:00:00,0.0256666666666666,524.25,0.0007249999999999,91,0.6861457142857142,0.33,0.09404000000000001,0.05249
2023-04-26 12:00:00,0.0203333333333333,530.74,1.5e-05,91,0.7266276190476191,0.33,0.09470999999999999,0.05249
2023-04-26 13:00:00,0.0205,532.65,0.0,91,0.7275966666666667,0.33,0.09508,0.05249
2023-04-26 14:00:00,0.0203333333333333,550.04,0.0,91,0.6995228571428571,0.33,0.09284999999999999,0.05249
2023-04-26 15:00:00,0.0243333333333333,569.11,0.0,91,0.620007619047619,0.33,0.09820000000000001,0.05249
2023-04-26 16:00:00,0.6526666666666667,591.05,0.0,91,0.4967171428571428,0.33,0.11241,0.05249
2023-04-26 17:00:00,1.8171666666666668,599.32,0.0,91,0.2832557142857143,0.33,0.12807,0.05249
2023-04-26 18:00:00,0.1823333333333333,596.69,0.0,91,0.108955238095238,0.33,0.14811000000000002,0.05249
2023-04-26 19:00:00,11.636666666666663,601.98,0.0,91,0.0227647619047619,0.33,0.15497,0.05249
2023-04-26 20:00:00,7.110500000000001,606.94,0.0,91,0.0015280952380952,0.33,0.14565999999999998,0.05249
2023-04-26 21:00:00,13.092166666666666,610.27,0.0,91,0.0,0.33,0.13058,0.05249
2023-04-26 22:00:00,12.808333333333332,603.15,0.0,91,0.0,0.33,0.12140000000000001,0.05249
2023-04-26 23:00:00,13.044333333333334,607.9,0.0,91,0.0,0.33,0.10712999999999999,0.05249
2023-04-27 00:00:00,12.834666666666664,619.56,0.0,91,0.0,0.33,0.10119,0.05249
2023-04-27 01:00:00,9.588,613.67,0.0,91,0.0,0.33,0.0985,0.05249
2023-04-27 02:00:00,0.0578333333333332,624.01,0.0,91,0.0,0.33,0.09684999999999999,0.05249
2023-04-27 03:00:00,0.0576666666666665,629.44,0.0,91,0.0,0.33,0.09770999999999999,0.05249
2023-04-27 04:00:00,0.0566666666666666,607.6,0.0,91,0.0,0.33,0.10786,0.05249
2023-04-27 05:00:00,0.0556666666666666,582.31,0.274765,91,0.0012185714285714,0.33,0.12626,0.05249
2023-04-27 06:00:00,0.0539999999999999,564.02,0.423805,91,0.031235238095238,0.33,0.1432,0.05249
2023-04-27 07:00:00,0.0591666666666666,515.04,0.421445,91,0.1353866666666666,0.33,0.13416,0.05249
2023-04-27 08:00:00,0.0473333333333333,496.63,0.307795,91,0.3169357142857142,0.33,0.1098,0.05249
2023-04-27 09:00:00,0.031,504.97,0.036175,91,0.4861890476190476,0.33,0.09556999999999999,0.05249
2023-04-27 10:00:00,10.7515,520.13,0.0008849999999999,91,0.6141747619047618,0.33,0.09469,0.05249
2023-04-27 11:00:00,12.225499999999998,517.07,0.0001,91,0.6867238095238096,0.33,0.09375,0.05249
2023-04-27 12:00:00,6.234166666666667,496.56,0.0,91,0.7093947619047619,0.33,0.09175,0.05249
2023-04-27 13:00:00,0.0548333333333333,508.06,0.0,91,0.7117114285714287,0.33,0.09275,0.05249
2023-04-27 14:00:00,0.049,514.03,0.0,91,0.6778742857142858,0.33,0.09409999999999999,0.05249
2023-04-27 15:00:00,2.01,530.19,0.0,91,0.6157276190476191,0.33,0.09556,0.05249
2023-04-27 16:00:00,11.221666666666666,576.61,0.0,91,0.4958709523809524,0.33,0.10213,0.05249
2023-04-27 17:00:00,5.1610000000000005,600.44,0.0,91,0.3414319047619047,0.33,0.12523,0.05249
2023-04-27 18:00:00,7.0985000000000005,605.27,0.0,91,0.1666428571428571,0.33,0.15163,0.05249
2023-04-27 19:00:00,0.054,607.63,0.0,91,0.034255238095238,0.33,0.15996000000000002,0.05249
2023-04-27 20:00:00,0.0593333333333333,602.39,0.0,91,0.001425238095238,0.33,0.1401,0.05249
2023-04-27 21:00:00,0.049,607.63,0.0,91,0.0,0.33,0.12479000000000001,0.05249
2023-04-27 22:00:00,0.0488333333333333,610.24,0.0,91,0.0,0.33,0.10133,0.05249
2023-04-27 23:00:00,0.0493333333333333,603.47,0.0,91,0.0,0.33,0.10203,0.05249
2023-04-28 00:00:00,0.0496666666666666,598.52,0.0,91,0.0,0.33,0.09297,0.05249
2023-04-28 01:00:00,0.0504999999999999,595.06,0.0,91,0.0,0.33,0.09035,0.05249
2023-04-28 02:00:00,0.0503333333333333,599.99,0.0,91,0.0,0.33,0.09234,0.05249
2023-04-28 03:00:00,0.0491666666666666,605.2,0.0,91,0.0,0.33,0.09287999999999999,0.05249
2023-04-28 04:00:00,0.0491666666666666,595.71,0.0,91,0.0,0.33,0.09584999999999999,0.05249
2023-04-28 05:00:00,0.049,583.53,0.0,91,0.0013661904761904,0.33,0.11374,0.05249
2023-04-28 06:00:00,0.0478333333333333,550.75,0.25533,91,0.029345238095238,0.33,0.12398999999999999,0.05249
2023-04-28 07:00:00,0.0513333333333333,519.83,0.32073,91,0.1362238095238095,0.33,0.12775,0.05249
2023-04-28 08:00:00,0.0471666666666666,500.24,0.07196,91,0.3100242857142857,0.33,0.12161,0.05249
2023-04-28 09:00:00,4.705666666666667,504.38,0.00729,91,0.4703609523809523,0.33,0.11404,0.05249
2023-04-28 10:00:00,10.459833333333334,508.0,0.0007599999999999,91,0.5883928571428572,0.33,0.10698,0.05249
2023-04-28 11:00:00,13.117166666666668,521.4,3e-05,91,0.6563185714285714,0.33,0.10282,0.05249
2023-04-28 12:00:00,9.995333333333331,542.51,0.0,91,0.6792119047619048,0.33,0.09376999999999999,0.05249
2023-04-28 13:00:00,11.280833333333334,560.85,0.0,91,0.6800642857142858,0.33,0.09087999999999999,0.05249
2023-04-28 14:00:00,11.2525,582.89,0.0,91,0.6580680952380953,0.33,0.08954999999999999,0.05249
2023-04-28 15:00:00,9.696,602.98,0.0,91,0.5988528571428572,0.33,0.09067,0.05249
2023-04-28 16:00:00,3.47,600.45,0.0,91,0.477465238095238,0.33,0.09993,0.05249
2023-04-28 17:00:00,8.956666666666667,600.64,0.0,91,0.330717619047619,0.33,0.11556999999999999,0.05249
2023-04-28 18:00:00,6.957333333333334,594.31,0.0,91,0.1586533333333333,0.33,0.12279000000000001,0.05249
2023-04-28 19:00:00,6.872833333333333,587.89,0.0,91,0.0371057142857142,0.33,0.12893000000000002,0.05249
2023-04-28 20:00:00,12.2545,587.36,0.0,91,0.0022147619047619,0.33,0.12434,0.05249
2023-04-28 21:00:00,3.839166666666667,590.88,0.0,91,0.0,0.33,0.11671,0.05249
2023-04-28 22:00:00,0.0541666666666666,574.11,0.0,91,0.0,0.33,0.10548,0.05249
2023-04-28 23:00:00,0.0533333333333332,579.4,0.0,91,0.0,0.33,0.11559,0.05249
2023-04-29 00:00:00,0.0543333333333332,576.28,0.0,91,0.0,0.33,0.10856,0.05249
2023-04-29 01:00:00,0.0546666666666666,574.93,0.0,91,0.0,0.33,0.1061,0.05249
2023-04-29 02:00:00,0.0554999999999999,561.57,0.0,91,0.0,0.33,0.105,0.05249
2023-04-29 03:00:00,0.0554999999999999,558.65,0.0,91,0.0,0.33,0.10124,0.05249
2023-04-29 04:00:00,0.0551666666666665,521.69,0.0,91,0.0,0.33,0.10275,0.05249
2023-04-29 05:00:00,0.0546666666666666,517.13,0.0,91,0.0014857142857142,0.33,0.10324,0.05249
2023-04-29 06:00:00,0.0594999999999999,507.06,0.0,91,0.0298219047619047,0.33,0.10940000000000001,0.05249
2023-04-29 07:00:00,0.0531666666666666,486.76,0.0,91,0.1393842857142857,0.33,0.11564,0.05249
2023-04-29 08:00:00,0.0525,460.65,0.0,91,0.3126695238095238,0.33,0.10661,0.05249
2023-04-29 09:00:00,0.0523333333333333,454.14,0.0,91,0.4693633333333333,0.33,0.10359,0.05249
2023-04-29 10:00:00,3.6341666666666654,438.45,0.0,91,0.5910885714285714,0.33,0.09287999999999999,0.05249
2023-04-29 11:00:00,4.680833333333333,414.47,0.0,91,0.6646809523809524,0.33,0.08223,0.05249
2023-04-29 12:00:00,0.1096666666666666,417.87,0.0,91,0.6802547619047619,0.33,0.07934999999999999,0.05249
2023-04-29 13:00:00,5.087666666666666,442.1,0.0,91,0.6547319047619048,0.33,0.06620000000000001,0.05249
2023-04-29 14:00:00,0.0679999999999999,470.37,0.0,91,0.6347866666666666,0.33,0.06905,0.05249
2023-04-29 15:00:00,0.0711666666666666,498.83,0.0,91,0.5696995238095238,0.33,0.08,0.05249
2023-04-29 16:00:00,2.168333333333333,512.55,0.0,91,0.4886709523809524,0.33,0.085,0.05249
2023-04-29 17:00:00,9.4075,513.57,0.0,91,0.34061,0.33,0.1001,0.05249
2023-04-29 18:00:00,9.9575,516.33,0.0,91,0.1703185714285714,0.33,0.11827,0.05249
2023-04-29 19:00:00,9.3735,523.15,0.0,91,0.0322061904761904,0.33,0.11936,0.05249
2023-04-29 20:00:00,6.168666666666667,515.05,0.0,91,0.0012514285714285,0.33,0.12,0.05249
2023-04-29 21:00:00,5.482833333333333,506.04,0.0,91,0.0,0.33,0.11556999999999999,0.05249
2023-04-29 22:00:00,7.429833333333334,502.8,0.0,91,0.0,0.33,0.11,0.05249
2023-04-29 23:00:00,5.0648333333333335,506.61,0.0,91,0.0,0.33,0.09928000000000001,0.05249
2023-04-30 00:00:00,0.0524999999999999,502.96,0.0,91,0.0,0.33,0.09109,0.05249
2023-04-30 01:00:00,0.0516666666666666,490.71,0.0,91,0.0,0.33,0.08838,0.05249
2023-04-30 02:00:00,0.0524999999999999,494.42,0.0,91,0.0,0.33,0.08558,0.05249
2023-04-30 03:00:00,0.0529999999999999,495.06,0.0,91,0.0,0.33,0.08515,0.05249
2023-04-30 04:00:00,0.0533333333333332,485.24,0.0,91,0.0,0.33,0.08784,0.05249
2023-04-30 05:00:00,0.0529999999999999,463.58,0.0,91,0.0017238095238095,0.33,0.0858,0.05249
2023-04-30 06:00:00,0.0533333333333332,416.28,0.0,91,0.0331319047619047,0.33,0.082,0.05249
2023-04-30 07:00:00,0.0533333333333332,376.96,0.0,91,0.1249128571428571,0.33,0.075,0.05249
2023-04-30 08:00:00,0.6086666666666667,367.65,0.0,91,0.2941457142857143,0.33,0.05003,0.05249
2023-04-30 09:00:00,7.268499999999999,367.91,0.0,91,0.4547561904761904,0.33,0.0277,0.05249
2023-04-30 10:00:00,7.376166666666666,354.68,0.0,91,0.5633909523809524,0.33,0.00876,0.05249
2023-04-30 11:00:00,7.265333333333333,371.95,0.0,91,0.6447461904761905,0.33,0.00475,0.05249
2023-04-30 12:00:00,6.775166666666667,375.24,0.0,91,0.654347619047619,0.33,-0.00135,0.05249
2023-04-30 13:00:00,7.393999999999999,380.83,0.0,91,0.6506519047619048,0.33,-0.00064,0.05249
2023-04-30 14:00:00,7.071833333333333,392.15,0.0,91,0.6199480952380952,0.33,0.00123,0.05249
2023-04-30 15:00:00,9.739833333333332,425.92,0.0,91,0.5745214285714286,0.33,0.014,0.05249
2023-04-30 16:00:00,6.937666666666668,488.39,0.0,91,0.4596109523809524,0.33,0.07057,0.05249
2023-04-30 17:00:00,12.286333333333332,493.94,0.0,91,0.3200947619047619,0.33,0.10634,0.05249
2023-04-30 18:00:00,10.815166666666668,496.41,0.0,91,0.1656623809523809,0.33,0.12028,0.05249
2023-04-30 19:00:00,2.0976666666666666,499.95,0.0,91,0.0391347619047619,0.33,0.12328,0.05249
2023-04-30 20:00:00,0.0591666666666666,498.23,0.0,91,0.0019680952380952,0.33,0.1222,0.05249
2023-04-30 21:00:00,0.0534999999999999,497.98,0.0,91,0.0,0.33,0.11712,0.05249
2023-04-30 22:00:00,0.0538333333333332,502.86,0.0,91,0.0,0.33,0.10870999999999999,0.05249
2023-04-30 23:00:00,0.0539999999999999,496.6,0.0,91,0.0,0.33,0.10990000000000001,0.05249
2023-05-01 00:00:00,0.0524999999999999,486.16,0.0,91,0.0,0.33,0.0999,0.05255
2023-05-01 01:00:00,0.0528333333333333,475.88,0.0,91,0.0,0.33,0.09548999999999999,0.05255
2023-05-01 02:00:00,0.0521666666666666,470.35,0.0,91,0.0,0.33,0.09003,0.05255
2023-05-01 03:00:00,0.052,462.26,0.0,91,0.0,0.33,0.08734,0.05255
2023-05-01 04:00:00,0.0518333333333333,456.19,0.0,91,0.0,0.33,0.088,0.05255
2023-05-01 05:00:00,0.0515,428.55,0.0,91,0.0020380952380952,0.33,0.08714,0.05255
2023-05-01 06:00:00,0.0516666666666666,390.55,0.0,91,0.0294342857142857,0.33,0.08553,0.05255
2023-05-01 07:00:00,0.0518333333333333,368.88,0.0,91,0.1204038095238095,0.33,0.07003,0.05255
2023-05-01 08:00:00,0.1256666666666666,338.45,0.0,91,0.2881623809523809,0.33,0.04894,0.05255
2023-05-01 09:00:00,6.591,327.81,0.0,91,0.4351709523809524,0.33,0.05398,0.05255
2023-05-01 10:00:00,6.5605,320.39,0.0,91,0.5513328571428572,0.33,0.04992,0.05255
2023-05-01 11:00:00,6.771666666666667,312.76,0.0,91,0.6293004761904762,0.33,0.046520000000000006,0.05255
2023-05-01 12:00:00,6.574666666666666,318.47,0.0,91,0.6477657142857143,0.33,0.034159999999999996,0.05255
2023-05-01 13:00:00,6.594,339.37,0.0,91,0.6319619047619047,0.33,0.029920000000000002,0.05255
2023-05-01 14:00:00,6.094,391.5,0.0,91,0.6169090476190476,0.33,0.03995,0.05255
2023-05-01 15:00:00,5.4093333333333335,442.08,0.0,91,0.5537514285714287,0.33,0.07343999999999999,0.05255
2023-05-01 16:00:00,4.7058333333333335,482.21,0.0,91,0.4494690476190476,0.33,0.09038,0.05255
2023-05-01 17:00:00,5.151166666666667,489.15,0.0,91,0.3056371428571428,0.33,0.11323,0.05255
2023-05-01 18:00:00,7.2815,507.21,0.0,91,0.1544919047619047,0.33,0.12271,0.05255
2023-05-01 19:00:00,7.382833333333333,512.33,0.0,91,0.0371314285714285,0.33,0.12518,0.05255
2023-05-01 20:00:00,10.41,510.54,0.0,91,0.0027957142857142,0.33,0.12165000000000001,0.05255
2023-05-01 21:00:00,10.4225,514.07,0.0,91,0.0,0.33,0.1179,0.05255
2023-05-01 22:00:00,11.594333333333331,505.51,0.0,91,0.0,0.33,0.11104,0.05255
2023-05-01 23:00:00,0.1669999999999999,491.91,0.0,91,0.0,0.33,0.09848,0.05255
2023-05-02 00:00:00,0.0554999999999999,488.95,0.0,91,0.0,0.33,0.0856,0.05255
2023-05-02 01:00:00,0.0531666666666666,484.6,0.3400399999999999,91,0.0,0.33,0.0833,0.05255
2023-05-02 02:00:00,0.0535,490.75,0.41563,91,0.0,0.33,0.0809,0.05255
2023-05-02 03:00:00,0.0541666666666666,504.22,0.215395,91,0.0,0.33,0.08122,0.05255
2023-05-02 04:00:00,0.0533333333333333,515.76,0.282565,91,0.0,0.33,0.09039,0.05255
2023-05-02 05:00:00,0.0534999999999999,518.35,0.3635649999999999,91,0.0021604761904761,0.33,0.11106,0.05255
2023-05-02 06:00:00,0.0526666666666666,509.93,0.33581,91,0.0451061904761904,0.33,0.13003,0.05255
2023-05-02 07:00:00,0.051,494.63,0.4089899999999999,91,0.1275938095238095,0.33,0.13801,0.05255
2023-05-02 08:00:00,0.0504999999999999,486.8,0.4298749999999999,91,0.2685638095238095,0.33,0.12337999999999999,0.05255
2023-05-02 09:00:00,0.056,484.82,0.1374049999999999,91,0.4533066666666667,0.33,0.11742,0.05255
2023-05-02 10:00:00,0.0528333333333333,500.37,0.2482899999999999,91,0.4802338095238095,0.33,0.10895999999999999,0.05255
2023-05-02 11:00:00,0.0533333333333332,515.58,0.249495,91,0.6284266666666667,0.33,0.09845999999999999,0.05255
2023-05-02 12:00:00,0.0534999999999999,524.72,0.003245,91,0.5522642857142857,0.33,0.09276000000000001,0.05255
2023-05-02 13:00:00,0.0594999999999999,532.62,0.000525,91,0.6805861904761904,0.33,0.08632,0.05255
2023-05-02 14:00:00,0.0521666666666666,548.27,0.0,91,0.6122414285714286,0.33,0.08197,0.05255
2023-05-02 15:00:00,0.0728333333333333,567.15,0.0,91,0.5758333333333333,0.33,0.0872,0.05255
2023-05-02 16:00:00,9.535833333333333,584.43,0.0,91,0.4291209523809524,0.33,0.09443,0.05255
2023-05-02 17:00:00,12.3195,583.1,0.0,91,0.2855176190476191,0.33,0.11738,0.05255
2023-05-02 18:00:00,12.325166666666666,577.01,0.0,91,0.1366671428571428,0.33,0.13,0.05255
2023-05-02 19:00:00,12.312,579.06,0.0,91,0.0389390476190476,0.33,0.14286000000000001,0.05255
2023-05-02 20:00:00,12.302,583.94,0.0,91,0.0029328571428571,0.33,0.13369,0.05255
2023-05-02 21:00:00,12.291666666666666,576.85,0.0,91,0.0,0.33,0.12401999999999999,0.05255
2023-05-02 22:00:00,0.8026666666666666,556.6,0.0,91,0.0,0.33,0.11613,0.05255
2023-05-02 23:00:00,0.0808333333333333,558.52,0.0,91,0.0,0.33,0.10765000000000001,0.05255
2023-05-03 00:00:00,0.0811666666666666,571.64,0.0,91,0.0,0.33,0.10263,0.05255
2023-05-03 01:00:00,0.0865,572.47,0.0,91,0.0,0.33,0.10097,0.05255
2023-05-03 02:00:00,0.0813333333333333,562.88,0.0,91,0.0,0.33,0.0978,0.05255
2023-05-03 03:00:00,0.0811666666666666,548.88,0.0,91,0.0,0.33,0.10085,0.05255
2023-05-03 04:00:00,0.0805,543.24,0.0,91,0.0,0.33,0.11028,0.05255
2023-05-03 05:00:00,0.0805,537.63,0.0,91,0.0014,0.33,0.12393000000000001,0.05255
2023-05-03 06:00:00,0.0805,520.54,0.0,91,0.0231304761904761,0.33,0.13301,0.05255
2023-05-03 07:00:00,0.0793333333333333,513.27,0.0,91,0.1027080952380952,0.33,0.1251,0.05255
2023-05-03 08:00:00,0.082,516.45,0.0,91,0.2003114285714285,0.33,0.11009999999999999,0.05255
2023-05-03 09:00:00,0.094,506.32,0.0,91,0.4101652380952381,0.33,0.09115999999999999,0.05255
2023-05-03 10:00:00,0.0766666666666666,493.16,0.0,91,0.5021361904761905,0.33,0.08416,0.05255
2023-05-03 11:00:00,0.0523333333333333,479.36,0.0,91,0.4074980952380951,0.33,0.07744,0.05255
2023-05-03 12:00:00,0.0531666666666666,454.85,0.0,91,0.2720395238095238,0.33,0.07572,0.05255
2023-05-03 13:00:00,0.0606666666666666,456.94,0.0,91,0.1352047619047619,0.33,0.06994,0.05255
2023-05-03 14:00:00,0.0589999999999999,461.71,0.0,91,0.2231404761904761,0.33,0.07045,0.05255
2023-05-03 15:00:00,6.408333333333334,502.81,0.0,91,0.1522490476190476,0.33,0.08123999999999999,0.05255
2023-05-03 16:00:00,12.319666666666665,511.71,0.0,91,0.0723228571428571,0.33,0.09689,0.05255
2023-05-03 17:00:00,4.515833333333334,525.42,0.0,91,0.0842819047619047,0.33,0.12138,0.05255
2023-05-03 18:00:00,0.0516666666666666,526.14,0.0,91,0.039637619047619,0.33,0.13794,0.05255
2023-05-03 19:00:00,0.0554999999999999,535.7,0.0,91,0.0502066666666666,0.33,0.16663,0.05255
2023-05-03 20:00:00,0.0541666666666666,545.24,0.0,91,0.0037304761904761,0.33,0.13143000000000002,0.05255
2023-05-03 21:00:00,0.0529999999999999,543.63,0.0,91,0.0,0.33,0.11907999999999999,0.05255
2023-05-03 22:00:00,0.0538333333333332,531.79,0.0,91,0.0,0.33,0.11188,0.05255
2023-05-03 23:00:00,0.0539999999999999,531.46,0.0,91,0.0,0.33,0.09902,0.05255
2023-05-04 00:00:00,0.0524999999999999,524.19,0.0,91,0.0,0.33,0.09398999999999999,0.05255
2023-05-04 01:00:00,0.1139999999999999,524.84,0.0,91,0.0,0.33,0.09303,0.05255
2023-05-04 02:00:00,0.1721666666666666,535.94,0.0,91,0.0,0.33,0.09394,0.05255
2023-05-04 03:00:00,0.1111666666666666,537.65,0.0,91,0.0,0.33,0.09434999999999999,0.05255
2023-05-04 04:00:00,0.0528333333333332,523.91,0.0,91,0.0,0.33,0.10499,0.05255
2023-05-04 05:00:00,0.0541666666666665,512.35,0.0,91,0.000415238095238,0.33,0.12159,0.05255
2023-05-04 06:00:00,0.0526666666666666,489.39,0.0,91,0.006925238095238,0.33,0.12994999999999998,0.05255
2023-05-04 07:00:00,0.0508333333333333,466.99,0.0,91,0.0492090476190476,0.33,0.1199,0.05255
2023-05-04 08:00:00,0.0508333333333333,457.67,0.0,91,0.0409285714285714,0.33,0.10442,0.05255
2023-05-04 09:00:00,8.993833333333333,435.32,0.0,91,0.0571809523809523,0.33,0.09,0.05255
2023-05-04 10:00:00,12.275333333333334,441.78,0.0,91,0.1620809523809523,0.33,0.07959999999999999,0.05255
2023-05-04 11:00:00,12.292666666666667,435.61,0.0,91,0.3797757142857143,0.33,0.07631,0.05255
2023-05-04 12:00:00,12.314833333333333,434.93,0.0,91,0.4577471428571428,0.33,0.07332999999999999,0.05255
2023-05-04 13:00:00,8.837,465.71,0.0,91,0.4725671428571428,0.33,0.07271,0.05255
2023-05-04 14:00:00,1.5275,499.1,0.0,91,0.4179638095238095,0.33,0.07848000000000001,0.05255
2023-05-04 15:00:00,0.0589999999999999,511.85,0.0,91,0.344627619047619,0.33,0.09076999999999999,0.05255
2023-05-04 16:00:00,0.0544999999999999,521.53,0.0,91,0.3503928571428572,0.33,0.10895,0.05255
2023-05-04 17:00:00,0.0598333333333333,532.67,0.0,91,0.1685257142857142,0.33,0.12077,0.05255
2023-05-04 18:00:00,0.0546666666666665,538.5,0.0,91,0.0828528571428571,0.33,0.1326,0.05255
2023-05-04 19:00:00,0.1546666666666666,537.97,0.0,91,0.0615952380952381,0.33,0.13562000000000002,0.05255
2023-05-04 20:00:00,0.9663333333333334,537.86,0.0,91,0.004017619047619,0.33,0.12247,0.05255
2023-05-04 21:00:00,1.3618333333333332,550.62,0.0,91,0.0,0.33,0.11425,0.05255
2023-05-04 22:00:00,1.7581666666666669,524.7,0.0,91,0.0,0.33,0.09904,0.05255
2023-05-04 23:00:00,2.234833333333333,522.58,0.0,91,0.0,0.33,0.0915,0.05255
2023-05-05 00:00:00,2.718166666666667,512.24,0.0,91,0.0,0.33,0.0818,0.05255
2023-05-05 01:00:00,3.2046666666666668,514.63,0.0,91,0.0,0.33,0.07848999999999999,0.05255
2023-05-05 02:00:00,3.8013333333333335,522.26,0.0,91,0.0,0.33,0.07951000000000001,0.05255
2023-05-05 03:00:00,4.527833333333334,527.85,0.0,91,0.0,0.33,0.07848999999999999,0.05255
2023-05-05 04:00:00,5.3745,503.57,0.0,91,0.0,0.33,0.08752,0.05255
2023-05-05 05:00:00,3.318,490.79,0.0,91,0.0054280952380952,0.33,0.10122,0.05255
2023-05-05 06:00:00,0.0553333333333332,460.93,0.0,91,0.0528828571428571,0.33,0.11375,0.05255
2023-05-05 07:00:00,0.0594999999999999,423.55,0.0,91,0.1452523809523809,0.33,0.11094,0.05255
2023-05-05 08:00:00,0.0531666666666666,388.16,0.0,91,0.3282966666666666,0.33,0.09833,0.05255
2023-05-05 09:00:00,0.0524999999999999,383.3,0.0,91,0.3608628571428571,0.33,0.09132,0.05255
2023-05-05 10:00:00,0.0588333333333332,392.33,0.0,91,0.2695028571428571,0.33,0.083,0.05255
2023-05-05 11:00:00,0.3751666666666666,390.4,0.0,91,0.3871895238095238,0.33,0.07978,0.05255
2023-05-05 12:00:00,4.6365,390.47,0.0,91,0.3301566666666666,0.33,0.07665000000000001,0.05255
2023-05-05 13:00:00,6.6610000000000005,426.64,0.0,91,0.3850823809523809,0.33,0.07890000000000001,0.05255
2023-05-05 14:00:00,7.621833333333334,457.67,0.0,91,0.3089242857142857,0.33,0.08108,0.05255
2023-05-05 15:00:00,8.723333333333333,471.06,0.0,91,0.2653995238095238,0.33,0.09115999999999999,0.05255
2023-05-05 16:00:00,9.311666666666667,493.83,0.0,91,0.1855033333333333,0.33,0.0999,0.05255
2023-05-05 17:00:00,10.692333333333332,506.43,0.0,91,0.2556838095238095,0.33,0.1128,0.05255
2023-05-05 18:00:00,12.3715,510.02,0.0,91,0.0546547619047619,0.33,0.12054000000000001,0.05255
2023-05-05 19:00:00,14.1625,508.2,0.0,91,0.0226923809523809,0.33,0.12929,0.05255
2023-05-05 20:00:00,16.155,507.27,0.0,91,0.0008157142857142,0.33,0.12631,0.05255
2023-05-05 21:00:00,18.4185,507.08,0.0,91,0.0,0.33,0.11556,0.05255
2023-05-05 22:00:00,19.78683333333333,501.98,0.0,91,0.0,0.33,0.10479000000000001,0.05255
2023-05-05 23:00:00,17.663833333333333,506.04,0.0,91,0.0,0.33,0.10671,0.05255
2023-05-06 00:00:00,15.442166666666669,503.04,0.0,91,0.0,0.33,0.09962,0.05255
2023-05-06 01:00:00,13.447166666666666,488.19,0.0,91,0.0,0.33,0.09570999999999999,0.05255
2023-05-06 02:00:00,11.659833333333331,485.03,0.0,91,0.0,0.33,0.0917,0.05255
2023-05-06 03:00:00,8.709,482.8,0.0,91,0.0,0.33,0.08993000000000001,0.05255
2023-05-06 04:00:00,0.2726666666666666,458.96,0.0,91,0.0,0.33,0.0917,0.05255
2023-05-06 05:00:00,0.0574999999999999,440.75,0.0,91,0.0041685714285714,0.33,0.09720000000000001,0.05255
2023-05-06 06:00:00,0.0636666666666666,417.93,0.0,91,0.0521999999999999,0.33,0.09902,0.05255
2023-05-06 07:00:00,0.0559999999999999,387.89,0.0,91,0.1576033333333333,0.33,0.09512999999999999,0.05255
2023-05-06 08:00:00,0.0596666666666666,369.78,0.0,91,0.2971899999999999,0.33,0.09328,0.05255
2023-05-06 09:00:00,0.0544999999999999,353.12,0.0,91,0.5183233333333334,0.33,0.08253,0.05255
2023-05-06 10:00:00,0.0591666666666666,348.36,0.0,91,0.4008380952380952,0.33,0.07442,0.05255
2023-05-06 11:00:00,0.0784999999999999,350.06,0.0,91,0.5837704761904762,0.33,0.07112,0.05255
2023-05-06 12:00:00,2.743,357.77,0.0,91,0.6891971428571428,0.33,0.05576,0.05255
2023-05-06 13:00:00,9.195833333333333,377.14,0.0,91,0.5133380952380953,0.33,0.05,0.05255
2023-05-06 14:00:00,7.881,400.77,0.0,91,0.6946952380952381,0.33,0.06316,0.05255
2023-05-06 15:00:00,6.668500000000001,421.22,0.0,91,0.5244238095238095,0.33,0.07464,0.05255
2023-05-06 16:00:00,5.624,421.5,0.0,91,0.3763457142857143,0.33,0.09029999999999999,0.05255
2023-05-06 17:00:00,3.657833333333333,442.69,0.0,91,0.3252414285714285,0.33,0.10279,0.05255
2023-05-06 18:00:00,0.0618333333333332,452.6,0.0,91,0.1779333333333333,0.33,0.10853,0.05255
2023-05-06 19:00:00,0.0628333333333332,460.21,0.0,91,0.0470528571428571,0.33,0.11206,0.05255
2023-05-06 20:00:00,0.6421666666666667,454.38,0.0,91,0.0041019047619047,0.33,0.10870999999999999,0.05255
2023-05-06 21:00:00,4.149333333333334,454.73,0.0,91,0.0,0.33,0.10312,0.05255
2023-05-06 22:00:00,3.425333333333333,448.42,0.0,91,0.0,0.33,0.09237999999999999,0.05255
2023-05-06 23:00:00,0.1934999999999999,447.72,0.0,91,0.0,0.33,0.09579,0.05255
2023-05-07 00:00:00,1.6605,442.86,0.0,91,0.0,0.33,0.08769,0.05255
2023-05-07 01:00:00,2.873333333333333,440.33,0.0,91,0.0,0.33,0.0835,0.05255
2023-05-07 02:00:00,2.2816666666666667,438.87,0.0,91,0.0,0.33,0.08362,0.05255
2023-05-07 03:00:00,1.7968333333333335,438.45,0.0,91,0.0,0.33,0.08301,0.05255
2023-05-07 04:00:00,1.3641666666666667,428.55,0.0,91,0.0,0.33,0.08409,0.05255
2023-05-07 05:00:00,0.7603333333333332,416.06,0.0,91,0.0053933333333333,0.33,0.0831,0.05255
2023-05-07 06:00:00,0.0584999999999999,396.85,0.0,91,0.0414323809523809,0.33,0.08201,0.05255
2023-05-07 07:00:00,0.0636666666666666,389.15,0.0,91,0.148705238095238,0.33,0.07614,0.05255
2023-05-07 08:00:00,0.0578333333333332,373.2,0.0,91,0.3134966666666666,0.33,0.06827,0.05255
2023-05-07 09:00:00,0.0624999999999999,376.63,0.0,91,0.4501214285714285,0.33,0.041030000000000004,0.05255
2023-05-07 10:00:00,0.0566666666666665,367.72,0.0,91,0.5515214285714286,0.33,0.016980000000000002,0.05255
2023-05-07 11:00:00,0.0613333333333332,359.98,0.0,91,0.4217019047619047,0.33,0.0136,0.05255
2023-05-07 12:00:00,0.0559999999999999,369.29,0.0,91,0.306697619047619,0.33,0.01022,0.05255
2023-05-07 13:00:00,0.1368333333333333,382.33,0.0,91,0.3557914285714286,0.33,0.00587,0.05255
2023-05-07 14:00:00,0.1903333333333333,393.41,0.0,91,0.2837614285714285,0.33,0.01771,0.05255
2023-05-07 15:00:00,0.2726666666666666,414.81,0.0,91,0.2381619047619047,0.33,0.05686,0.05255
2023-05-07 16:00:00,0.4421666666666666,438.17,0.0,91,0.2053952380952381,0.33,0.07636,0.05255
2023-05-07 17:00:00,0.6675,439.27,0.0,91,0.1491266666666666,0.33,0.09519,0.05255
2023-05-07 18:00:00,1.024166666666667,451.72,0.0,91,0.0675833333333333,0.33,0.10058,0.05255
2023-05-07 19:00:00,3.560666666666666,451.47,0.0,91,0.02261,0.33,0.10557,0.05255
2023-05-07 20:00:00,4.6433333333333335,467.62,0.0,91,0.0013814285714285,0.33,0.10611,0.05255
2023-05-07 21:00:00,6.753,463.79,0.0,91,0.0,0.33,0.10133,0.05255
2023-05-07 22:00:00,8.322333333333333,451.94,0.0,91,0.0,0.33,0.09665,0.05255
2023-05-07 23:00:00,0.4001666666666666,448.31,0.0,91,0.0,0.33,0.08848,0.05255
2023-05-08 00:00:00,0.0574999999999999,449.66,0.0,91,0.0,0.33,0.08481,0.05255
2023-05-08 01:00:00,0.0636666666666666,444.72,0.0,91,0.0,0.33,0.08439,0.05255
2023-05-08 02:00:00,0.0583333333333332,452.11,0.0,91,0.0,0.33,0.08328,0.05255
2023-05-08 03:00:00,0.0626666666666666,450.16,0.0,91,0.0,0.33,0.0841,0.05255
2023-05-08 04:00:00,0.0566666666666666,448.35,0.0,91,0.0,0.33,0.09090999999999999,0.05255
2023-05-08 05:00:00,0.0614999999999999,440.0,0.0,91,0.0046571428571428,0.33,0.10344,0.05255
2023-05-08 06:00:00,0.0554999999999999,409.14,0.0,91,0.0485614285714285,0.33,0.11783,0.05255
2023-05-08 07:00:00,0.0556666666666665,385.28,0.0,91,0.1352823809523809,0.33,0.11097,0.05255
2023-05-08 08:00:00,0.0598333333333333,371.47,0.0,91,0.2326904761904761,0.33,0.10001,0.05255
2023-05-08 09:00:00,0.0543333333333332,358.61,0.0,91,0.4264895238095238,0.33,0.09179999999999999,0.05255
2023-05-08 10:00:00,0.7200000000000001,356.94,0.0,91,0.5727000000000001,0.33,0.08193,0.05255
2023-05-08 11:00:00,6.380333333333333,362.03,0.0,91,0.6156204761904762,0.33,0.08105,0.05255
2023-05-08 12:00:00,8.549333333333333,365.2,0.0,91,0.5063314285714285,0.33,0.07559,0.05255
2023-05-08 13:00:00,0.5375,373.23,0.0,91,0.4584357142857142,0.33,0.07432,0.05255
2023-05-08 14:00:00,0.0606666666666666,395.39,0.0,91,0.3936004761904761,0.33,0.078,0.05255
2023-05-08 15:00:00,0.0553333333333333,410.79,0.0,91,0.3636333333333333,0.33,0.08401,0.05255
2023-05-08 16:00:00,0.0558333333333332,421.51,0.0,91,0.2312742857142857,0.33,0.09705,0.05255
2023-05-08 17:00:00,0.0623333333333332,437.87,0.0,91,0.2359857142857142,0.33,0.10973999999999999,0.05255
2023-05-08 18:00:00,0.0554999999999999,452.47,0.0,91,0.1023409523809523,0.33,0.1345,0.05255
2023-05-08 19:00:00,0.0608333333333332,447.85,0.0,91,0.0293861904761904,0.33,0.14168,0.05255
2023-05-08 20:00:00,0.0556666666666665,451.91,0.0,91,0.0019361904761904,0.33,0.12199,0.05255
2023-05-08 21:00:00,0.0611666666666666,450.88,0.0,91,0.0,0.33,0.11319,0.05255
2023-05-08 22:00:00,0.0558333333333332,453.92,0.0,91,0.0,0.33,0.10011,0.05255
2023-05-08 23:00:00,0.0621666666666666,444.4,0.0,91,0.0,0.33,0.09595999999999999,0.05255
2023-05-09 00:00:00,0.0573333333333332,449.7,0.0,91,0.0,0.33,0.08752,0.05255
2023-05-09 01:00:00,0.0574999999999999,451.82,0.0,91,0.0,0.33,0.0846,0.05255
2023-05-09 02:00:00,0.0628333333333333,463.97,0.0,91,0.0,0.33,0.08417,0.05255
2023-05-09 03:00:00,0.0555,477.05,0.0,91,0.0,0.33,0.08525,0.05255
2023-05-09 04:00:00,0.0606666666666666,461.72,0.0,91,0.0,0.33,0.09245,0.05255
2023-05-09 05:00:00,0.0559999999999999,454.17,0.0,91,0.0082538095238095,0.33,0.11158,0.05255
2023-05-09 06:00:00,0.0593333333333333,422.43,0.0,91,0.0468938095238095,0.33,0.121,0.05255
2023-05-09 07:00:00,0.0523333333333333,438.35,0.0,91,0.1581280952380952,0.33,0.11788,0.05255
2023-05-09 08:00:00,0.0891666666666666,400.01,0.0,91,0.3202904761904762,0.33,0.10471,0.05255
2023-05-09 09:00:00,0.1486666666666666,391.49,0.0,91,0.4592071428571428,0.33,0.08675,0.05255
2023-05-09 10:00:00,0.1493333333333333,386.87,0.0,91,0.5774433333333333,0.33,0.08228,0.05255
2023-05-09 11:00:00,0.155,387.57,0.0,91,0.6546638095238095,0.33,0.08091,0.05255
2023-05-09 12:00:00,0.15,394.62,0.0,91,0.6850966666666667,0.33,0.08194,0.05255
2023-05-09 13:00:00,0.1551666666666666,408.05,0.0,91,0.66546,0.33,0.08177,0.05255
2023-05-09 14:00:00,0.1556666666666666,431.15,0.0,91,0.5819933333333334,0.33,0.08054,0.05255
2023-05-09 15:00:00,0.1883333333333333,470.74,0.0,91,0.5128442857142856,0.33,0.08444,0.05255
2023-05-09 16:00:00,0.2169999999999999,505.68,0.0,91,0.3311652380952381,0.33,0.10006,0.05255
2023-05-09 17:00:00,0.251,524.52,0.0,91,0.1282519047619047,0.33,0.11589,0.05255
2023-05-09 18:00:00,0.248,529.43,0.0,91,0.1273228571428571,0.33,0.12182,0.05255
2023-05-09 19:00:00,0.248,527.47,0.0,91,0.0302971428571428,0.33,0.11932999999999999,0.05255
2023-05-09 20:00:00,0.2535,497.21,0.0,91,0.0047428571428571,0.33,0.11103,0.05255
2023-05-09 21:00:00,0.2515,500.02,0.0,91,0.0,0.33,0.10467,0.05255
2023-05-09 22:00:00,0.2608333333333333,500.19,0.0,91,0.0,0.33,0.08993000000000001,0.05255
2023-05-09 23:00:00,0.2571666666666667,504.57,0.0,91,0.0,0.33,0.09659000000000001,0.05255
2023-05-10 00:00:00,0.2615,519.52,0.0,91,0.0,0.33,0.09038,0.05255
2023-05-10 01:00:00,0.2568333333333333,522.31,0.0,91,0.0,0.33,0.08838,0.05255
2023-05-10 02:00:00,0.2611666666666667,533.96,0.0,91,0.0,0.33,0.08619,0.05255
2023-05-10 03:00:00,0.256,540.24,0.0,91,0.0,0.33,0.08816,0.05255
2023-05-10 04:00:00,0.2551666666666667,549.12,0.0,91,0.0,0.33,0.08949,0.05255
2023-05-10 05:00:00,0.2611666666666666,543.7,0.0,91,0.0043923809523809,0.33,0.10629000000000001,0.05255
2023-05-10 06:00:00,0.2573333333333333,522.5,0.0,91,0.0415080952380952,0.33,0.12,0.05255
2023-05-10 07:00:00,0.2506666666666666,507.97,0.0,91,0.1102209523809523,0.33,0.13211,0.05255
2023-05-10 08:00:00,0.2563333333333333,484.71,0.0,91,0.2508519047619048,0.33,0.11304,0.05255
2023-05-10 09:00:00,0.3643333333333333,483.72,0.0,91,0.3534471428571428,0.33,0.09755,0.05255
2023-05-10 10:00:00,0.3156666666666667,491.38,0.0,91,0.5613066666666667,0.33,0.09594,0.05255
2023-05-10 11:00:00,0.3073333333333333,499.91,0.0,91,0.6236623809523809,0.33,0.09204000000000001,0.05255
2023-05-10 12:00:00,0.2523333333333333,517.69,0.0,91,0.6639180952380953,0.33,0.09536,0.05255
2023-05-10 13:00:00,0.6236666666666667,529.36,0.0,91,0.6362247619047618,0.33,0.09414,0.05255
2023-05-10 14:00:00,0.6401666666666667,554.72,0.0,91,0.56795,0.33,0.09919,0.05255
2023-05-10 15:00:00,0.5765,580.27,0.0,91,0.5478671428571429,0.33,0.10783,0.05255
2023-05-10 16:00:00,2.416,586.35,0.0,91,0.4527966666666666,0.33,0.11588,0.05255
2023-05-10 17:00:00,0.2568333333333333,579.84,0.0,91,0.3130080952380952,0.33,0.12222,0.05255
2023-05-10 18:00:00,2.9835,563.4,0.0,91,0.1551380952380952,0.33,0.14701,0.05255
2023-05-10 19:00:00,12.392833333333334,565.69,0.0,91,0.0521004761904761,0.33,0.15514,0.05255
2023-05-10 20:00:00,11.434,582.72,0.0,91,0.0050428571428571,0.33,0.13743,0.05255
2023-05-10 21:00:00,0.2921666666666666,587.81,0.0,91,0.0,0.33,0.11943000000000001,0.05255
2023-05-10 22:00:00,2.7183333333333333,595.8,0.0,91,0.0,0.33,0.11147,0.05255
2023-05-10 23:00:00,14.3095,595.38,0.0,91,0.0,0.33,0.1,0.05255
2023-05-11 00:00:00,6.084499999999999,593.11,0.0,91,0.0,0.33,0.09694,0.05255
2023-05-11 01:00:00,0.5313333333333333,590.15,0.0,91,0.0,0.33,0.096,0.05255
2023-05-11 02:00:00,11.138166666666669,587.5,0.0,91,0.0,0.33,0.09637000000000001,0.05255
2023-05-11 03:00:00,10.938333333333333,593.52,0.0,91,0.0,0.33,0.09653,0.05255
2023-05-11 04:00:00,0.4613333333333332,569.34,0.0,91,0.0,0.33,0.10371999999999999,0.05255
2023-05-11 05:00:00,5.2395,542.03,0.0,91,0.0059657142857142,0.33,0.11912,0.05255
2023-05-11 06:00:00,5.031833333333333,526.82,0.0,91,0.0457504761904761,0.33,0.14833000000000002,0.05255
2023-05-11 07:00:00,0.0721666666666666,511.99,0.0,91,0.1627042857142857,0.33,0.16269999999999998,0.05255
2023-05-11 08:00:00,0.0661666666666666,497.5,0.0,91,0.2700166666666667,0.33,0.13645,0.05255
2023-05-11 09:00:00,0.0683333333333333,494.87,0.0,91,0.3945333333333333,0.33,0.10944,0.05255
2023-05-11 10:00:00,0.0569999999999999,507.84,0.0,91,0.5262071428571429,0.33,0.10901000000000001,0.05255
2023-05-11 11:00:00,0.0623333333333332,526.41,0.0,91,0.4884933333333333,0.33,0.11191,0.05255
2023-05-11 12:00:00,0.0564999999999999,534.04,0.0,91,0.6027485714285714,0.33,0.09931999999999999,0.05255
2023-05-11 13:00:00,0.0589999999999999,543.46,0.0,91,0.6559357142857143,0.33,0.09884,0.05255
2023-05-11 14:00:00,0.0591666666666666,552.02,0.0,91,0.6086233333333334,0.33,0.11316,0.05255
2023-05-11 15:00:00,0.0559999999999999,555.44,0.0,91,0.5721823809523809,0.33,0.11484,0.05255
2023-05-11 16:00:00,0.0611666666666666,559.4,0.0,91,0.4599257142857143,0.33,0.11473,0.05255
2023-05-11 17:00:00,0.0568333333333332,561.0,0.0,91,0.2714328571428571,0.33,0.12362999999999999,0.05255
2023-05-11 18:00:00,0.0623333333333332,571.42,0.0,91,0.1132095238095238,0.33,0.14633000000000002,0.05255
2023-05-11 19:00:00,0.0566666666666666,572.02,0.0,91,0.0754547619047619,0.33,0.1328,0.05255
2023-05-11 20:00:00,0.0624999999999999,583.81,0.0,91,0.00549,0.33,0.11408,0.05255
2023-05-11 21:00:00,0.0569999999999999,594.66,0.0,91,0.0,0.33,0.11399,0.05255
2023-05-11 22:00:00,0.0628333333333332,582.58,0.0,91,0.0,0.33,0.10166,0.05255
2023-05-11 23:00:00,0.0576666666666665,574.71,0.0,91,0.0,0.33,0.09853,0.05255
2023-05-12 00:00:00,0.0626666666666666,575.89,0.0,91,0.0,0.33,0.09054999999999999,0.05255
2023-05-12 01:00:00,0.0578333333333332,578.32,0.0,91,0.0,0.33,0.08984,0.05255
2023-05-12 02:00:00,0.0636666666666666,582.22,0.0,91,0.0,0.33,0.09,0.05255
2023-05-12 03:00:00,0.0568333333333333,583.99,0.0,91,0.0,0.33,0.09082,0.05255
2023-05-12 04:00:00,0.0619999999999999,572.18,0.0,91,0.0,0.33,0.09881000000000001,0.05255
2023-05-12 05:00:00,0.0576666666666666,550.93,0.0,91,0.0062790476190476,0.33,0.11511,0.05255
2023-05-12 06:00:00,0.0571666666666666,539.55,0.0,91,0.0455219047619047,0.33,0.13005,0.05255
2023-05-12 07:00:00,0.0614999999999999,533.3,0.0,91,0.1629423809523809,0.33,0.13948,0.05255
2023-05-12 08:00:00,0.0556666666666666,511.63,0.0,91,0.3222061904761905,0.33,0.115,0.05255
2023-05-12 09:00:00,0.0614999999999999,503.54,0.0,91,0.4603404761904762,0.33,0.11354,0.05255
2023-05-12 10:00:00,0.0561666666666666,497.34,0.0,91,0.5719666666666666,0.33,0.11655,0.05255
2023-05-12 11:00:00,0.0618333333333332,508.4,0.0,91,0.5898719047619048,0.33,0.10516,0.05255
2023-05-12 12:00:00,0.0566666666666666,493.21,0.0,91,0.6358571428571429,0.33,0.09384,0.05255
2023-05-12 13:00:00,0.0623333333333332,507.3,0.0,91,0.6583771428571428,0.33,0.08803,0.05255
2023-05-12 14:00:00,0.0568333333333333,510.13,0.0,91,0.6288857142857143,0.33,0.08888,0.05255
2023-05-12 15:00:00,0.0621666666666666,536.65,0.0,91,0.5766423809523809,0.33,0.08220000000000001,0.05255
2023-05-12 16:00:00,0.0563333333333333,552.64,0.0,91,0.4715223809523809,0.33,0.09564,0.05255
2023-05-12 17:00:00,0.0623333333333332,550.49,0.0,91,0.3321704761904762,0.33,0.11265,0.05255
2023-05-12 18:00:00,0.0564999999999999,554.23,0.0,91,0.1844004761904761,0.33,0.12354000000000001,0.05255
2023-05-12 19:00:00,0.0611666666666666,547.81,0.0,91,0.0544514285714285,0.33,0.12498000000000001,0.05255
2023-05-12 20:00:00,0.0564999999999999,532.95,0.0,91,0.0061133333333333,0.33,0.11946,0.05255
2023-05-12 21:00:00,1.5186666666666666,515.75,0.0,91,0.0,0.33,0.10606,0.05255
2023-05-12 22:00:00,10.316666666666666,491.22,0.0,91,0.0,0.33,0.09799,0.05255
2023-05-12 23:00:00,13.593833333333334,493.56,0.0,91,0.0,0.33,0.10491,0.05255
2023-05-13 00:00:00,12.475333333333332,485.96,0.0,91,0.0,0.33,0.09978000000000001,0.05255
2023-05-13 01:00:00,0.9123333333333332,487.74,0.0,91,0.0,0.33,0.09559999999999999,0.05255
2023-05-13 02:00:00,5.656166666666667,494.29,0.0,91,0.0,0.33,0.09797,0.05255
2023-05-13 03:00:00,16.4665,487.49,0.0,91,0.0,0.33,0.09889,0.05255
2023-05-13 04:00:00,3.0118333333333336,459.81,0.0,91,0.0,0.33,0.09993,0.05255
2023-05-13 05:00:00,0.0603333333333333,447.96,0.0,91,0.0068247619047619,0.33,0.09636,0.05255
2023-05-13 06:00:00,0.0638333333333333,446.92,0.0,91,0.0491447619047619,0.33,0.09411,0.05255
2023-05-13 07:00:00,0.0571666666666666,427.22,0.0,91,0.1641995238095238,0.33,0.09447,0.05255
2023-05-13 08:00:00,0.0628333333333333,391.42,0.0,91,0.3213504761904761,0.33,0.08907999999999999,0.05255
2023-05-13 09:00:00,0.0729999999999999,380.39,0.0,91,0.456382380952381,0.33,0.07374,0.05255
2023-05-13 10:00:00,6.535,382.48,0.0,91,0.5450533333333334,0.33,0.03322,0.05255
2023-05-13 11:00:00,15.973999999999998,381.43,0.0,91,0.6016523809523809,0.33,0.02113,0.05255
2023-05-13 12:00:00,1.741,371.23,0.0,91,0.6855061904761904,0.33,0.01289,0.05255
2023-05-13 13:00:00,0.0595,369.66,0.0,91,0.6790419047619047,0.33,0.0028399999999999996,0.05255
2023-05-13 14:00:00,0.0653333333333333,408.5,0.0,91,0.6439333333333334,0.33,0.00617,0.05255
2023-05-13 15:00:00,4.5425,416.17,0.0,91,0.5735861904761905,0.33,0.027719999999999998,0.05255
2023-05-13 16:00:00,10.778833333333331,425.22,0.0,91,0.4618776190476191,0.33,0.07656,0.05255
2023-05-13 17:00:00,0.1318333333333333,437.43,0.0,91,0.329042380952381,0.33,0.10437,0.05255
2023-05-13 18:00:00,0.0781666666666666,453.84,0.0,91,0.1798871428571428,0.33,0.11220999999999999,0.05255
2023-05-13 19:00:00,4.009333333333333,445.89,0.0,91,0.0557461904761904,0.33,0.11935,0.05255
2023-05-13 20:00:00,8.0045,444.95,0.0,91,0.0078433333333333,0.33,0.11492000000000001,0.05255
2023-05-13 21:00:00,0.1643333333333332,457.32,0.0,91,0.0,0.33,0.11,0.05255
2023-05-13 22:00:00,0.7999999999999999,432.92,0.0,91,0.0,0.33,0.10496,0.05255
2023-05-13 23:00:00,11.046166666666666,423.84,0.0,91,0.0,0.33,0.10237,0.05255
2023-05-14 00:00:00,0.6756666666666667,438.85,0.0,91,0.0,0.33,0.09818,0.05255
2023-05-14 01:00:00,10.3595,432.25,0.0,91,0.0,0.33,0.0943,0.05255
2023-05-14 02:00:00,0.1425,437.61,0.0,91,0.0,0.33,0.08573,0.05255
2023-05-14 03:00:00,0.0571666666666666,425.88,0.0,91,0.0,0.33,0.08697,0.05255
2023-05-14 04:00:00,0.0624999999999999,411.39,0.0,91,0.0,0.33,0.09334999999999999,0.05255
2023-05-14 05:00:00,0.0571666666666666,398.36,0.0,91,0.00697,0.33,0.08133,0.05255
2023-05-14 06:00:00,0.0625,400.76,0.0,91,0.0634390476190476,0.33,0.07387,0.05255
2023-05-14 07:00:00,0.0566666666666666,417.98,0.0,91,0.1692328571428571,0.33,0.07569,0.05255
2023-05-14 08:00:00,0.0616666666666666,401.22,0.0,91,0.3012828571428571,0.33,0.0549,0.05255
2023-05-14 09:00:00,0.0563333333333333,378.71,0.0,91,0.4341995238095238,0.33,0.02509,0.05255
2023-05-14 10:00:00,0.0609999999999999,371.57,0.0,91,0.5151966666666666,0.33,0.013890000000000001,0.05255
2023-05-14 11:00:00,9.920833333333334,366.24,0.0,91,0.6365547619047619,0.33,0.00973,0.05255
2023-05-14 12:00:00,2.3765,378.83,0.0,91,0.6507780952380953,0.33,0.00185,0.05255
2023-05-14 13:00:00,1.9450000000000005,405.12,0.0,91,0.6476338095238094,0.33,0.00016,0.05255
2023-05-14 14:00:00,15.154833333333334,414.98,0.0,91,0.5909185714285715,0.33,0.0017800000000000001,0.05255
2023-05-14 15:00:00,1.4646666666666668,446.43,0.0,91,0.4905604761904762,0.33,0.03134,0.05255
2023-05-14 16:00:00,8.674,454.18,0.0,91,0.4516590476190476,0.33,0.08723,0.05255
2023-05-14 17:00:00,8.515666666666666,429.78,0.0,91,0.3293128571428571,0.33,0.10477,0.05255
2023-05-14 18:00:00,1.9296666666666664,445.81,0.0,91,0.2009723809523809,0.33,0.11502,0.05255
2023-05-14 19:00:00,12.4945,454.02,0.0,91,0.0466852380952381,0.33,0.12623,0.05255
2023-05-14 20:00:00,4.989,451.58,0.0,91,0.0057961904761904,0.33,0.12657,0.05255
2023-05-14 21:00:00,0.0638333333333332,473.47,0.0,91,0.0,0.33,0.11828,0.05255
2023-05-14 22:00:00,0.0579999999999999,460.22,0.0,91,0.0,0.33,0.10740999999999999,0.05255
2023-05-14 23:00:00,0.0628333333333332,458.02,0.0,91,0.0,0.33,0.11615,0.05255
2023-05-15 00:00:00,0.0574999999999999,458.16,0.0,91,0.0,0.33,0.10479000000000001,0.05255
2023-05-15 01:00:00,0.0623333333333332,473.03,0.0,91,0.0,0.33,0.10275,0.05255
2023-05-15 02:00:00,0.0581666666666666,511.7,0.0,91,0.0,0.33,0.10601999999999999,0.05255
2023-05-15 03:00:00,0.0633333333333333,548.49,0.0,91,0.0,0.33,0.10518999999999999,0.05255
2023-05-15 04:00:00,0.0583333333333333,537.64,0.0,91,0.0,0.33,0.12236,0.05255
2023-05-15 05:00:00,0.0628333333333333,509.69,0.0,91,0.0019204761904761,0.33,0.14333,0.05255
2023-05-15 06:00:00,0.0564999999999999,492.33,0.0,91,0.0152628571428571,0.33,0.16879,0.05255
2023-05-15 07:00:00,0.0603333333333333,472.9,0.0,91,0.0440247619047619,0.33,0.14912,0.05255
2023-05-15 08:00:00,0.0555,461.77,0.0,91,0.2255933333333333,0.33,0.12456999999999999,0.05255
2023-05-15 09:00:00,0.0608333333333333,452.66,0.0,91,0.3154709523809524,0.33,0.10978,0.05255
2023-05-15 10:00:00,0.0556666666666666,437.02,0.0,91,0.3612171428571428,0.33,0.104,0.05255
2023-05-15 11:00:00,0.0553333333333333,433.38,0.0,91,0.4348695238095237,0.33,0.1,0.05255
2023-05-15 12:00:00,0.0609999999999999,442.23,0.0,91,0.6547395238095238,0.33,0.096,0.05255
2023-05-15 13:00:00,0.0556666666666666,456.1,0.0,91,0.6310085714285715,0.33,0.09322,0.05255
2023-05-15 14:00:00,0.0619999999999999,478.98,0.0,91,0.484415238095238,0.33,0.09694,0.05255
2023-05-15 15:00:00,0.3324999999999999,489.16,0.0,91,0.3200028571428571,0.33,0.09795999999999999,0.05255
2023-05-15 16:00:00,0.1678333333333332,506.77,0.0,91,0.3051752380952381,0.33,0.10357999999999999,0.05255
2023-05-15 17:00:00,0.1591666666666666,517.68,0.0,91,0.1127861904761905,0.33,0.11658,0.05255
2023-05-15 18:00:00,0.1546666666666666,518.39,0.0,91,0.1146738095238095,0.33,0.12896000000000002,0.05255
2023-05-15 19:00:00,0.0676666666666666,510.45,0.0,91,0.0637471428571428,0.33,0.13569,0.05255
2023-05-15 20:00:00,0.0563333333333332,494.63,0.0,91,0.0050538095238095,0.33,0.1269,0.05255
2023-05-15 21:00:00,0.0621666666666666,475.08,0.0,91,0.0,0.33,0.11295000000000001,0.05255
2023-05-15 22:00:00,0.0564999999999999,492.39,0.0,91,0.0,0.33,0.09651,0.05255
2023-05-15 23:00:00,0.0563333333333333,498.37,0.0,91,0.0,0.33,0.07895999999999999,0.05255
2023-05-16 00:00:00,0.0618333333333332,507.45,0.0,91,0.0,0.33,0.0731,0.05255
2023-05-16 01:00:00,0.0568333333333332,500.25,0.0,91,0.0,0.33,0.07001,0.05255
2023-05-16 02:00:00,0.0626666666666666,491.92,0.0,91,0.0,0.33,0.06356,0.05255
2023-05-16 03:00:00,0.0568333333333333,483.5,0.0,91,0.0,0.33,0.0659,0.05255
2023-05-16 04:00:00,0.0563333333333333,482.35,0.0,91,0.0,0.33,0.07428,0.05255
2023-05-16 05:00:00,0.0616666666666666,471.84,0.0,91,0.002795238095238,0.33,0.1027,0.05255
2023-05-16 06:00:00,0.0561666666666666,450.18,0.0,91,0.0273995238095238,0.33,0.11569,0.05255
2023-05-16 07:00:00,0.0611666666666666,434.6,0.0,91,0.0584495238095238,0.33,0.11954000000000001,0.05255
2023-05-16 08:00:00,0.0961666666666666,418.39,0.0,91,0.1414285714285714,0.33,0.1042,0.05255
2023-05-16 09:00:00,0.1508333333333333,430.96,0.0,91,0.1824880952380952,0.33,0.08294,0.05255
2023-05-16 10:00:00,0.1565,427.24,0.0,91,0.2482038095238095,0.33,0.07669,0.05255
2023-05-16 11:00:00,12.503166666666669,437.5,0.0,91,0.3728609523809523,0.33,0.07415000000000001,0.05255
2023-05-16 12:00:00,11.8715,442.65,0.0,91,0.2941990476190476,0.33,0.08777,0.05255
2023-05-16 13:00:00,2.2031666666666667,460.11,0.0,91,0.644982380952381,0.33,0.105,0.05255
2023-05-16 14:00:00,0.3223333333333333,461.15,0.0,91,0.38579,0.33,0.11622,0.05255
2023-05-16 15:00:00,0.403,464.74,0.0,91,0.1958661904761904,0.33,0.11,0.05255
2023-05-16 16:00:00,6.416833333333334,473.28,0.0,91,0.2576047619047619,0.33,0.096,0.05255
2023-05-16 17:00:00,5.817166666666666,476.04,0.0,91,0.3524742857142857,0.33,0.09838,0.05255
2023-05-16 18:00:00,4.201666666666667,487.62,0.0,91,0.0350923809523809,0.33,0.11485,0.05255
2023-05-16 19:00:00,1.9105,491.12,0.0,91,0.0297961904761904,0.33,0.12028,0.05255
2023-05-16 20:00:00,6.650333333333333,503.05,0.0,91,0.0072971428571428,0.33,0.11625,0.05255
2023-05-16 21:00:00,7.175166666666667,486.57,0.0,91,0.0,0.33,0.10845999999999999,0.05255
2023-05-16 22:00:00,7.846,481.59,0.0,91,0.0,0.33,0.09723000000000001,0.05255
2023-05-16 23:00:00,7.556333333333334,450.12,0.0,91,0.0,0.33,0.07762000000000001,0.05255
2023-05-17 00:00:00,3.939,450.14,0.0,91,0.0,0.33,0.07096,0.05255
2023-05-17 01:00:00,0.5495,445.79,0.0,91,0.0,0.33,0.071,0.05255
2023-05-17 02:00:00,0.25,440.02,0.0,91,0.0,0.33,0.07,0.05255
2023-05-17 03:00:00,0.2486666666666666,437.47,0.0,91,0.0,0.33,0.07252,0.05255
2023-05-17 04:00:00,0.254,476.14,0.0,91,0.0,0.33,0.07983,0.05255
2023-05-17 05:00:00,0.2491666666666666,481.85,0.0,91,0.0053842857142857,0.33,0.10647,0.05255
2023-05-17 06:00:00,0.253,469.6,0.0,91,0.0417390476190476,0.33,0.11449,0.05255
2023-05-17 07:00:00,0.247,463.33,0.0,91,0.1640990476190476,0.33,0.11749,0.05255
2023-05-17 08:00:00,0.2061666666666666,439.92,0.0,91,0.2504504761904762,0.33,0.11,0.05255
2023-05-17 09:00:00,0.1306666666666666,446.65,0.0,91,0.4809052380952381,0.33,0.08083,0.05255
2023-05-17 10:00:00,0.8171666666666666,443.23,0.0,91,0.5320742857142857,0.33,0.0881,0.05255
2023-05-17 11:00:00,0.0571666666666665,442.95,0.0,91,0.3256714285714285,0.33,0.07801000000000001,0.05255
2023-05-17 12:00:00,0.0621666666666666,444.01,0.0,91,0.3787866666666666,0.33,0.07801000000000001,0.05255
2023-05-17 13:00:00,0.0569999999999999,438.05,0.0,91,0.2860404761904762,0.33,0.07801000000000001,0.05255
2023-05-17 14:00:00,0.0569999999999999,437.5,0.0,91,0.2359152380952381,0.33,0.06495000000000001,0.05255
2023-05-17 15:00:00,2.4381666666666666,461.88,0.0,91,0.3044390476190476,0.33,0.07107,0.05255
2023-05-17 16:00:00,2.5791666666666666,483.3,0.0,91,0.3256880952380952,0.33,0.07909000000000001,0.05255
2023-05-17 17:00:00,2.465,484.09,0.0,91,0.0797495238095238,0.33,0.10219,0.05255
2023-05-17 18:00:00,3.5595,480.69,0.0,91,0.1029399999999999,0.33,0.12,0.05255
2023-05-17 19:00:00,4.2045,472.7,0.0,91,0.0070061904761904,0.33,0.13352,0.05255
2023-05-17 20:00:00,2.763,456.03,0.0,91,0.0013080952380952,0.33,0.13004,0.05255
2023-05-17 21:00:00,0.0596666666666666,481.83,0.0,91,0.0,0.33,0.111,0.05255
2023-05-17 22:00:00,0.0626666666666666,492.52,0.0,91,0.0,0.33,0.10274,0.05255
2023-05-17 23:00:00,0.0581666666666665,442.61,0.0,91,0.0,0.33,0.10059,0.05255
2023-05-18 00:00:00,0.0584999999999999,424.57,0.0,91,0.0,0.33,0.09115000000000001,0.05255
2023-05-18 01:00:00,0.0633333333333333,413.27,0.0,91,0.0,0.33,0.08924,0.05255
2023-05-18 02:00:00,0.059,407.81,0.0,91,0.0,0.33,0.08718000000000001,0.05255
2023-05-18 03:00:00,0.0638333333333333,430.14,0.0,91,0.0,0.33,0.09072,0.05255
2023-05-18 04:00:00,0.0583333333333332,455.31,0.0,91,0.0,0.33,0.09603,0.05255
2023-05-18 05:00:00,0.0614999999999999,464.22,0.0,91,0.0115404761904761,0.33,0.10067,0.05255
2023-05-18 06:00:00,0.0603333333333332,444.52,0.0,91,0.0453871428571428,0.33,0.09902,0.05255
2023-05-18 07:00:00,0.0563333333333332,421.33,0.0,91,0.0970152380952381,0.33,0.095,0.05255
2023-05-18 08:00:00,0.1181666666666666,401.45,0.0,91,0.2941614285714286,0.33,0.08774,0.05255
2023-05-18 09:00:00,3.58,402.92,0.0,91,0.3104614285714285,0.33,0.078,0.05255
2023-05-18 10:00:00,1.524166666666667,385.66,0.0,91,0.321037619047619,0.33,0.07582,0.05255
2023-05-18 11:00:00,2.8913333333333333,374.55,0.0,91,0.4705185714285714,0.33,0.07311,0.05255
2023-05-18 12:00:00,1.417166666666667,372.29,0.0,91,0.3671847619047619,0.33,0.045759999999999995,0.05255
2023-05-18 13:00:00,1.268833333333333,384.17,0.0,91,0.6989309523809524,0.33,0.02941,0.05255
2023-05-18 14:00:00,3.001,399.61,0.0,91,0.5796133333333333,0.33,0.04789,0.05255
2023-05-18 15:00:00,2.5253333333333337,435.38,0.0,91,0.2597661904761905,0.33,0.07156,0.05255
2023-05-18 16:00:00,3.849,461.8,0.0,91,0.1585361904761905,0.33,0.08455,0.05255
2023-05-18 17:00:00,4.470833333333333,476.14,0.0,91,0.26804,0.33,0.10282,0.05255
2023-05-18 18:00:00,2.921333333333333,483.36,0.0,91,0.0350657142857142,0.33,0.11652,0.05255
2023-05-18 19:00:00,1.0571666666666666,489.51,0.0,91,0.0231185714285714,0.33,0.12414,0.05255
2023-05-18 20:00:00,1.2461666666666666,487.25,0.0,91,0.0045690476190476,0.33,0.11704,0.05255
2023-05-18 21:00:00,1.274333333333333,495.59,0.0,91,0.0,0.33,0.10961,0.05255
2023-05-18 22:00:00,0.1816666666666666,464.73,0.0,91,0.0,0.33,0.09876,0.05255
2023-05-18 23:00:00,0.0621666666666666,447.49,0.0,91,0.0,0.33,0.09301999999999999,0.05255
2023-05-19 00:00:00,0.0573333333333332,429.4,0.0,91,0.0,0.33,0.0832,0.05255
2023-05-19 01:00:00,0.0636666666666666,418.15,0.0,91,0.0,0.33,0.08023000000000001,0.05255
2023-05-19 02:00:00,0.0583333333333332,433.35,0.0,91,0.0,0.33,0.07703,0.05255
2023-05-19 03:00:00,0.0574999999999999,448.55,0.0,91,0.0,0.33,0.08379,0.05255
2023-05-19 04:00:00,0.0623333333333332,455.16,0.0,91,0.0,0.33,0.09878,0.05255
2023-05-19 05:00:00,0.0578333333333332,448.2,0.0,91,0.0047695238095238,0.33,0.11,0.05255
2023-05-19 06:00:00,0.0633333333333333,435.64,0.0,91,0.0232809523809523,0.33,0.10958,0.05255
2023-05-19 07:00:00,0.0561666666666666,399.19,0.0,91,0.0514209523809523,0.33,0.106,0.05255
2023-05-19 08:00:00,0.0611666666666666,396.15,0.0,91,0.0738209523809523,0.33,0.09375,0.05255
2023-05-19 09:00:00,0.0623333333333332,404.56,0.0,91,0.1260319047619047,0.33,0.07037,0.05255
2023-05-19 10:00:00,0.0569999999999999,390.93,0.0,91,0.1795009523809523,0.33,0.06032,0.05255
2023-05-19 11:00:00,0.0619999999999999,381.23,0.0,91,0.1546461904761905,0.33,0.06055,0.05255
2023-05-19 12:00:00,4.839833333333334,394.84,0.0,91,0.2540128571428572,0.33,0.05769,0.05255
2023-05-19 13:00:00,6.2045,393.62,0.0,91,0.2993423809523809,0.33,0.05787,0.05255
2023-05-19 14:00:00,0.1568333333333333,405.52,0.0,91,0.1456066666666666,0.33,0.06356,0.05255
2023-05-19 15:00:00,7.229333333333333,405.98,0.0,91,0.2571747619047619,0.33,0.07141,0.05255
2023-05-19 16:00:00,7.724,426.75,0.0,91,0.1736961904761904,0.33,0.0865,0.05255
2023-05-19 17:00:00,3.1446666666666663,440.56,0.0,91,0.0870004761904762,0.33,0.10540000000000001,0.05255
2023-05-19 18:00:00,2.637,447.18,0.0,91,0.0532561904761904,0.33,0.12,0.05255
2023-05-19 19:00:00,2.4995000000000003,447.49,0.0,91,0.0149280952380952,0.33,0.12462000000000001,0.05255
2023-05-19 20:00:00,0.0598333333333332,433.35,0.0,91,0.001357619047619,0.33,0.11065000000000001,0.05255
2023-05-19 21:00:00,0.0636666666666666,433.26,0.0,91,0.0,0.33,0.09979,0.05255
2023-05-19 22:00:00,0.0583333333333333,413.04,0.0,91,0.0,0.33,0.08578,0.05255
2023-05-19 23:00:00,0.0626666666666666,386.97,0.0,91,0.0,0.33,0.07873999999999999,0.05255
2023-05-20 00:00:00,0.0583333333333333,378.4,0.0,91,0.0,0.33,0.074,0.05255
2023-05-20 01:00:00,0.0584999999999999,373.98,0.0,91,0.0,0.33,0.06806999999999999,0.05255
2023-05-20 02:00:00,0.0639999999999999,376.27,0.0,91,0.0,0.33,0.06567,0.05255
2023-05-20 03:00:00,0.0583333333333333,369.89,0.0,91,0.0,0.33,0.0649,0.05255
2023-05-20 04:00:00,0.0636666666666666,364.92,0.0,91,0.0,0.33,0.06534000000000001,0.05255
2023-05-20 05:00:00,0.0586666666666666,348.74,0.0,91,0.0037057142857142,0.33,0.062079999999999996,0.05255
2023-05-20 06:00:00,0.0625,335.45,0.0,91,0.029017619047619,0.33,0.06246,0.05255
2023-05-20 07:00:00,0.651,333.14,0.0,91,0.0613171428571428,0.33,0.05976,0.05255
2023-05-20 08:00:00,3.0185,351.43,0.0,91,0.1683609523809524,0.33,0.04004,0.05255
2023-05-20 09:00:00,2.3565,330.55,0.0,91,0.214397619047619,0.33,0.0047,0.05255
2023-05-20 10:00:00,5.248,314.53,0.0,91,0.2777042857142857,0.33,0.00078,0.05255
2023-05-20 11:00:00,0.104,322.73,0.0,91,0.3072442857142857,0.33,0.00026000000000000003,0.05255
2023-05-20 12:00:00,0.06,329.88,0.0,91,0.2380871428571428,0.33,-0.00032,0.05255
2023-05-20 13:00:00,1.1115000000000002,334.99,0.0,91,0.2843319047619048,0.33,-8e-05,0.05255
2023-05-20 14:00:00,8.852666666666666,358.61,0.0,91,0.3575404761904762,0.33,0.0,0.05255
2023-05-20 15:00:00,0.0593333333333333,389.41,0.0,91,0.4291547619047619,0.33,0.00132,0.05255
2023-05-20 16:00:00,0.7869999999999999,375.41,0.0,91,0.4147319047619048,0.33,0.02594,0.05255
2023-05-20 17:00:00,3.1995,393.5,0.0,91,0.3553528571428571,0.33,0.05368,0.05255
2023-05-20 18:00:00,0.314,400.66,0.0,91,0.2119452380952381,0.33,0.07844,0.05255
2023-05-20 19:00:00,0.3156666666666666,416.01,0.0,91,0.0686819047619047,0.33,0.08769,0.05255
2023-05-20 20:00:00,0.158,422.53,0.0,91,0.0093747619047619,0.33,0.08106000000000001,0.05255
2023-05-20 21:00:00,0.0643333333333333,420.06,0.0,91,3.0476190476190475e-05,0.33,0.07859999999999999,0.05255
2023-05-20 22:00:00,0.0583333333333333,420.93,0.0,91,0.0,0.33,0.07302,0.05255
2023-05-20 23:00:00,0.0609999999999999,388.47,0.0,91,0.0,0.33,0.0522,0.05255
2023-05-21 00:00:00,0.0614999999999999,384.8,0.0,91,0.0,0.33,0.04004,0.05255
2023-05-21 01:00:00,0.0593333333333333,379.68,0.0,91,0.0,0.33,0.03388,0.05255
2023-05-21 02:00:00,0.0656666666666666,381.1,0.0,91,0.0,0.33,0.02875,0.05255
2023-05-21 03:00:00,0.0588333333333333,367.47,0.0,91,0.0,0.33,0.02983,0.05255
2023-05-21 04:00:00,0.0638333333333333,362.69,0.0,91,0.0,0.33,0.027559999999999998,0.05255
2023-05-21 05:00:00,0.0584999999999999,348.7,0.0,91,0.0128023809523809,0.33,0.03073,0.05255
2023-05-21 06:00:00,0.0581666666666666,334.36,0.0,91,0.06456,0.33,0.02755,0.05255
2023-05-21 07:00:00,0.0641666666666666,334.16,0.0,91,0.2090104761904762,0.33,0.02,0.05255
2023-05-21 08:00:00,0.0586666666666666,324.79,0.0,91,0.202557619047619,0.33,0.00214,0.05255
2023-05-21 09:00:00,2.424,327.9,0.0,91,0.2444090476190476,0.33,0.0,0.05255
2023-05-21 10:00:00,3.325833333333333,338.1,0.0,91,0.5953080952380952,0.33,-0.00047,0.05255
2023-05-21 11:00:00,1.3831666666666669,330.96,0.0,91,0.6580519047619048,0.33,-0.0067,0.05255
2023-05-21 12:00:00,2.3623333333333334,322.13,0.0,91,0.5954866666666666,0.33,-0.02247,0.05255
2023-05-21 13:00:00,6.402,332.29,0.0,91,0.4025614285714285,0.33,-0.02296,0.05255
2023-05-21 14:00:00,3.2596666666666665,349.43,0.0,91,0.2821433333333333,0.33,-0.016120000000000002,0.05255
2023-05-21 15:00:00,5.547,377.59,0.0,91,0.1916504761904761,0.33,-0.00041,0.05255
2023-05-21 16:00:00,0.0628333333333333,401.14,0.0,91,0.0837280952380952,0.33,0.00222,0.05255
2023-05-21 17:00:00,0.064,416.62,0.0,91,0.2699090476190476,0.33,0.04134,0.05255
2023-05-21 18:00:00,0.0586666666666666,413.94,0.0,91,0.2266438095238095,0.33,0.08549,0.05255
2023-05-21 19:00:00,0.0626666666666666,424.17,0.0,91,0.0488019047619047,0.33,0.09087,0.05255
2023-05-21 20:00:00,0.0634999999999999,441.16,0.0,91,0.0087057142857142,0.33,0.091,0.05255
2023-05-21 21:00:00,0.0576666666666665,444.85,0.0,91,0.0,0.33,0.08993999999999999,0.05255
2023-05-21 22:00:00,0.0631666666666666,442.73,0.0,91,0.0,0.33,0.0835,0.05255
2023-05-21 23:00:00,0.0638333333333333,443.24,0.0,91,0.0,0.33,0.08829000000000001,0.05255
2023-05-22 00:00:00,0.0583333333333333,434.03,0.0,91,0.0,0.33,0.08006,0.05255
2023-05-22 01:00:00,0.065,433.0,0.0,91,0.0,0.33,0.07831,0.05255
2023-05-22 02:00:00,0.0634999999999999,430.43,0.0,91,0.0,0.33,0.0778,0.05255
2023-05-22 03:00:00,0.0571666666666666,446.88,0.0,91,0.0,0.33,0.081,0.05255
2023-05-22 04:00:00,0.0624999999999999,423.61,0.0,91,0.0,0.33,0.09824,0.05255
2023-05-22 05:00:00,0.0631666666666666,390.76,0.0,91,0.003815238095238,0.33,0.11578000000000001,0.05255
2023-05-22 06:00:00,0.0559999999999999,357.62,0.0,91,0.0234261904761904,0.33,0.12301000000000001,0.05255
2023-05-22 07:00:00,0.06,347.22,0.0,91,0.0702971428571428,0.33,0.11342,0.05255
2023-05-22 08:00:00,0.0601666666666666,344.06,0.0,91,0.2517457142857143,0.33,0.10443000000000001,0.05255
2023-05-22 09:00:00,0.0574999999999999,339.5,0.0,91,0.2909823809523809,0.33,0.09034,0.05255
2023-05-22 10:00:00,0.0576666666666666,327.12,0.0,91,0.3101028571428571,0.33,0.07851999999999999,0.05255
2023-05-22 11:00:00,0.0609999999999999,330.53,0.0,91,0.1933138095238095,0.33,0.06931999999999999,0.05255
2023-05-22 12:00:00,0.0611666666666666,338.84,0.0,91,0.1344952380952381,0.33,0.06581000000000001,0.05255
2023-05-22 13:00:00,5.223333333333334,365.05,0.0,91,0.1158833333333333,0.33,0.06808,0.05255
2023-05-22 14:00:00,5.969166666666666,383.53,0.0,91,0.0978438095238095,0.33,0.07248,0.05255
2023-05-22 15:00:00,0.1639999999999999,394.73,0.0,91,0.0426871428571428,0.33,0.08245999999999999,0.05255
2023-05-22 16:00:00,5.7505,413.63,0.0,91,0.0365995238095238,0.33,0.09845000000000001,0.05255
2023-05-22 17:00:00,0.0813333333333333,422.72,0.0,91,0.0579671428571428,0.33,0.11252,0.05255
2023-05-22 18:00:00,0.0544999999999999,445.16,0.0,91,0.0546799999999999,0.33,0.14284,0.05255
2023-05-22 19:00:00,1.468,438.64,0.0,91,0.0518709523809523,0.33,0.1571,0.05255
2023-05-22 20:00:00,8.094833333333332,432.83,0.0,91,0.0034009523809523,0.33,0.12709,0.05255
2023-05-22 21:00:00,0.0598333333333332,436.2,0.0,91,5.7142857142857145e-06,0.33,0.11153,0.05255
2023-05-22 22:00:00,0.0541666666666666,451.17,0.0,91,0.0,0.33,0.10196,0.05255
2023-05-22 23:00:00,0.0596666666666666,461.08,0.0,91,0.0,0.33,0.09123,0.05255
2023-05-23 00:00:00,0.0601666666666666,471.06,0.0,91,0.0,0.33,0.07806999999999999,0.05255
2023-05-23 01:00:00,0.0599999999999999,457.6,0.0,91,0.0,0.33,0.07648,0.05255
2023-05-23 02:00:00,0.0556666666666665,454.76,0.0,91,0.0,0.33,0.06886,0.05255
2023-05-23 03:00:00,0.0613333333333332,451.83,0.0,91,0.0,0.33,0.06831999999999999,0.05255
2023-05-23 04:00:00,0.0608333333333333,444.57,0.0,91,0.0,0.33,0.08201,0.05255
2023-05-23 05:00:00,0.0593333333333332,422.77,0.0,91,0.0118366666666666,0.33,0.10415,0.05255
2023-05-23 06:00:00,0.0533333333333333,396.28,0.0,91,0.0619523809523809,0.33,0.10629999999999999,0.05255
2023-05-23 07:00:00,0.0568333333333333,378.42,0.0,91,0.1779385714285714,0.33,0.101,0.05255
2023-05-23 08:00:00,0.056,366.22,0.0,91,0.3110404761904762,0.33,0.09176999999999999,0.05255
2023-05-23 09:00:00,0.0568333333333333,362.28,0.0,91,0.5371409523809524,0.33,0.08320999999999999,0.05255
2023-05-23 10:00:00,7.5515,373.54,0.0,91,0.6053119047619048,0.33,0.07259,0.05255
2023-05-23 11:00:00,0.1581666666666666,386.03,0.0,91,0.5785652380952382,0.33,0.04936,0.05255
2023-05-23 12:00:00,0.1573333333333333,401.49,0.0,91,0.4045942857142857,0.33,0.07590999999999999,0.05255
2023-05-23 13:00:00,0.1568333333333333,413.36,0.0,91,0.3549066666666666,0.33,0.08201,0.05255
2023-05-23 14:00:00,5.8155,378.75,0.0,91,0.517862380952381,0.33,0.09934,0.05255
2023-05-23 15:00:00,0.1585,375.11,0.0,91,0.5702942857142858,0.33,0.10256,0.05255
2023-05-23 16:00:00,8.696333333333333,402.65,0.0,91,0.2089290476190476,0.33,0.09969,0.05255
2023-05-23 17:00:00,0.0594999999999999,419.79,0.0,91,0.1689895238095238,0.33,0.10141,0.05255
2023-05-23 18:00:00,0.0541666666666666,412.83,0.0,91,0.2297161904761904,0.33,0.11810999999999999,0.05255
2023-05-23 19:00:00,0.0598333333333332,418.47,0.0,91,0.0892404761904761,0.33,0.12473999999999999,0.05255
2023-05-23 20:00:00,0.0593333333333332,423.23,0.0,91,0.0114295238095238,0.33,0.11419,0.05255
2023-05-23 21:00:00,0.0536666666666666,433.07,0.0,91,5.2380952380952384e-05,0.33,0.10496,0.05255
2023-05-23 22:00:00,0.0581666666666666,441.27,0.0,91,0.0,0.33,0.09893,0.05255
2023-05-23 23:00:00,0.0531666666666666,451.08,0.0,91,0.0,0.33,0.083,0.05255
2023-05-24 00:00:00,0.0598333333333332,449.66,0.0,91,0.0,0.33,0.07609,0.05255
2023-05-24 01:00:00,0.0558333333333332,449.64,0.0,91,0.0,0.33,0.07513,0.05255
2023-05-24 02:00:00,0.06,433.82,0.0,91,0.0,0.33,0.07618000000000001,0.05255
2023-05-24 03:00:00,0.0538333333333333,420.96,0.0,91,0.0,0.33,0.0765,0.05255
2023-05-24 04:00:00,0.059,410.35,0.0,91,0.0,0.33,0.08585,0.05255
2023-05-24 05:00:00,0.0534999999999999,411.17,0.0,91,0.0,0.33,0.11026000000000001,0.05255
2023-05-24 06:00:00,0.0581666666666666,410.15,0.0,91,0.0,0.33,0.12512,0.05255
2023-05-24 07:00:00,0.0504999999999999,391.01,0.0,91,0.0,0.33,0.10966,0.05255
2023-05-24 08:00:00,0.0563333333333333,390.44,0.0,91,0.0,0.33,0.09895,0.05255
2023-05-24 09:00:00,0.051,403.46,0.0,91,0.0,0.33,0.08592,0.05255
2023-05-24 10:00:00,0.0569999999999999,419.75,0.0,91,0.0,0.33,0.081,0.05255
2023-05-24 11:00:00,0.0523333333333332,411.81,0.0,91,0.0,0.33,0.08058,0.05255
2023-05-24 12:00:00,0.0581666666666666,411.39,0.0,91,0.0,0.33,0.08151,0.05255
2023-05-24 13:00:00,0.0523333333333333,399.27,0.0,91,0.0,0.33,0.07521,0.05255
2023-05-24 14:00:00,0.0524999999999999,408.9,0.0,91,0.0,0.33,0.08523,0.05255
2023-05-24 15:00:00,0.0573333333333333,443.24,0.0,91,0.0,0.33,0.09295999999999999,0.05255
2023-05-24 16:00:00,0.0518333333333333,477.3,0.0,91,0.0,0.33,0.10334,0.05255
2023-05-24 17:00:00,0.0574999999999999,484.16,0.0,91,0.0,0.33,0.1167,0.05255
2023-05-24 18:00:00,0.0511666666666666,481.82,0.0,91,0.0,0.33,0.1621,0.05255
2023-05-24 19:00:00,0.0579999999999999,473.36,0.0,91,0.0,0.33,0.18025,0.05255
2023-05-24 20:00:00,0.0526666666666666,461.95,0.0,91,0.0,0.33,0.15371,0.05255
2023-05-24 21:00:00,0.0543333333333332,468.24,0.0,91,0.0,0.33,0.12138,0.05255
2023-05-24 22:00:00,0.0589999999999999,461.37,0.0,91,0.0,0.33,0.10535,0.05255
2023-05-24 23:00:00,0.0539999999999999,440.5,0.0,91,0.0,0.33,0.10194,0.05255
2023-05-25 00:00:00,0.0598333333333332,439.51,0.0,91,0.0,0.33,0.09354000000000001,0.05255
2023-05-25 01:00:00,0.0556666666666665,432.22,0.0,91,0.0,0.33,0.09024,0.05255
2023-05-25 02:00:00,0.0606666666666666,429.41,0.0,91,0.0,0.33,0.0879,0.05255
2023-05-25 03:00:00,0.0549999999999999,416.35,0.0,91,0.0,0.33,0.08959,0.05255
2023-05-25 04:00:00,0.0564999999999999,430.35,0.0,91,0.0,0.33,0.09801,0.05255
2023-05-25 05:00:00,0.0589999999999999,438.64,0.0,91,0.0,0.33,0.12027,0.05255
2023-05-25 06:00:00,0.0531666666666666,411.18,0.0,91,0.0,0.33,0.12448000000000001,0.05255
2023-05-25 07:00:00,0.0574999999999999,402.83,0.0,91,0.0,0.33,0.104,0.05255
2023-05-25 08:00:00,0.0506666666666666,386.87,0.0,91,0.106567619047619,0.33,0.08335,0.05255
2023-05-25 09:00:00,0.0578333333333333,363.83,0.0,91,0.312787619047619,0.33,0.07085,0.05255
2023-05-25 10:00:00,0.6425,346.28,0.0,91,0.3008342857142857,0.33,0.05478,0.05255
2023-05-25 11:00:00,8.994166666666667,350.04,0.0,91,0.2006314285714285,0.33,0.040740000000000005,0.05255
2023-05-25 12:00:00,1.8396666666666668,356.57,0.0,91,0.1860242857142857,0.33,0.01736,0.05255
2023-05-25 13:00:00,12.036,358.04,0.0,91,0.2149923809523809,0.33,0.07193000000000001,0.05255
2023-05-25 14:00:00,5.048666666666667,380.75,0.0,91,0.2617366666666667,0.33,0.0741,0.05255
2023-05-25 15:00:00,11.547833333333331,391.27,0.0,91,0.2005919047619047,0.33,0.08511,0.05255
2023-05-25 16:00:00,2.563833333333333,440.62,0.0,91,0.2239628571428571,0.33,0.07216,0.05255
2023-05-25 17:00:00,5.171833333333333,452.22,0.0,91,0.1527171428571428,0.33,0.09295,0.05255
2023-05-25 18:00:00,7.945,437.19,0.0,91,0.0527190476190476,0.33,0.11931,0.05255
2023-05-25 19:00:00,4.906000000000001,449.13,0.0,91,0.0243957142857142,0.33,0.13201,0.05255
2023-05-25 20:00:00,0.2476666666666666,449.8,0.0,91,0.0044190476190476,0.33,0.11826,0.05255
2023-05-25 21:00:00,0.2421666666666666,428.71,0.0,91,4.761904761904762e-07,0.33,0.10193,0.05255
2023-05-25 22:00:00,0.2485,392.03,0.0,91,0.0,0.33,0.09094,0.05255
2023-05-25 23:00:00,0.2426666666666666,375.02,0.0,91,0.0,0.33,0.08811,0.05255
2023-05-26 00:00:00,0.2414999999999999,366.64,0.0,91,0.0,0.33,0.07640000000000001,0.05255
2023-05-26 01:00:00,0.2474999999999999,368.06,0.0,91,0.0,0.33,0.07454999999999999,0.05255
2023-05-26 02:00:00,0.2425,363.29,0.0,91,0.0,0.33,0.07424,0.05255
2023-05-26 03:00:00,0.2413333333333333,372.16,0.0,91,0.0,0.33,0.07815000000000001,0.05255
2023-05-26 04:00:00,0.2465,379.71,0.0,91,0.0,0.33,0.08748,0.05255
2023-05-26 05:00:00,0.2571666666666666,377.14,0.0,91,0.0151961904761904,0.33,0.10396999999999999,0.05255
2023-05-26 06:00:00,0.251,354.13,0.0,91,0.0399580952380952,0.33,0.10536,0.05255
2023-05-26 07:00:00,0.2508333333333333,329.41,0.0,91,0.0566695238095238,0.33,0.09958,0.05255
2023-05-26 08:00:00,0.255,328.72,0.0,91,0.2453661904761904,0.33,0.08062000000000001,0.05255
2023-05-26 09:00:00,0.2508333333333333,318.81,0.0,91,0.3797990476190476,0.33,0.054490000000000004,0.05255
2023-05-26 10:00:00,0.2445,315.48,0.0,91,0.4231647619047619,0.33,0.03105,0.05255
2023-05-26 11:00:00,0.1351666666666666,321.76,0.0,91,0.585735960591133,0.33,0.01905,0.05255
2023-05-26 12:00:00,0.0586666666666666,330.65,0.0,91,0.3890733333333333,0.33,0.00619,0.05255
2023-05-26 13:00:00,0.0538333333333332,335.97,0.0,91,0.3448933333333333,0.33,0.00698,0.05255
2023-05-26 14:00:00,0.0589999999999999,359.6,0.0,91,0.2201761904761904,0.33,0.04,0.05255
2023-05-26 15:00:00,0.0543333333333332,365.87,0.0,91,0.38182,0.33,0.04501,0.05255
2023-05-26 16:00:00,0.0883333333333333,390.73,0.0,91,0.157957619047619,0.33,0.05828,0.05255
2023-05-26 17:00:00,8.309166666666668,404.92,0.0,91,0.1563557142857143,0.33,0.08702,0.05255
2023-05-26 18:00:00,2.223666666666667,421.61,0.0,91,0.1184514285714285,0.33,0.10842,0.05255
2023-05-26 19:00:00,11.704666666666666,420.98,0.0,91,0.0452552380952381,0.33,0.11602,0.05255
2023-05-26 20:00:00,2.3015000000000003,412.3,0.0,91,0.010915238095238,0.33,0.11072,0.05255
2023-05-26 21:00:00,3.089833333333333,391.79,0.0,91,3.571428571428572e-05,0.33,0.0995,0.05255
2023-05-26 22:00:00,12.6455,406.99,0.0,91,0.0,0.33,0.0925,0.05255
2023-05-26 23:00:00,8.427166666666666,389.65,0.0,91,0.0,0.33,0.08973,0.05255
2023-05-27 00:00:00,0.0668333333333333,377.27,0.0,91,0.0,0.33,0.08375,0.05255
2023-05-27 01:00:00,0.0631666666666666,395.51,0.0,91,0.0,0.33,0.08473,0.05255
2023-05-27 02:00:00,0.0648333333333333,397.79,0.0,91,0.0,0.33,0.085,0.05255
2023-05-27 03:00:00,0.0621666666666666,386.2,0.0,91,0.0,0.33,0.08685,0.05255
2023-05-27 04:00:00,0.0595,380.22,0.0,91,0.0,0.33,0.08481,0.05255
2023-05-27 05:00:00,0.0646666666666666,379.57,0.0,91,0.0120604761904761,0.33,0.08270000000000001,0.05255
2023-05-27 06:00:00,0.0595,348.91,0.0,91,0.0770861904761904,0.33,0.08299,0.05255
2023-05-27 07:00:00,0.0643333333333333,333.18,0.0,91,0.1812571428571428,0.33,0.07261,0.05255
2023-05-27 08:00:00,0.0579999999999999,328.79,0.0,91,0.3526342857142857,0.33,0.055060000000000005,0.05255
2023-05-27 09:00:00,0.0578333333333333,301.97,0.0,91,0.4657319047619048,0.33,0.016370000000000003,0.05255
2023-05-27 10:00:00,0.0639999999999999,299.8,0.0,91,0.6144352380952381,0.33,0.00145,0.05255
2023-05-27 11:00:00,6.600333333333334,297.96,0.0,91,0.4781514285714286,0.33,0.0,0.05255
2023-05-27 12:00:00,9.0665,306.63,0.0,91,0.5958223809523809,0.33,-0.004719999999999999,0.05255
2023-05-27 13:00:00,0.064,314.21,0.0,91,0.7129685714285715,0.33,-0.0033399999999999997,0.05255
2023-05-27 14:00:00,0.0625,335.36,0.0,91,0.593745238095238,0.33,0.00023,0.05255
2023-05-27 15:00:00,0.0676666666666666,366.93,0.0,91,0.4488390476190476,0.33,0.00226,0.05255
2023-05-27 16:00:00,0.0623333333333333,404.57,0.0,91,0.2339533333333333,0.33,0.05508,0.05255
2023-05-27 17:00:00,0.0678333333333333,420.02,0.0,91,0.2497506053268765,0.33,0.08485,0.05255
2023-05-27 18:00:00,0.0584999999999999,414.96,0.0,91,0.2011344262295082,0.33,0.1,0.05255
2023-05-27 19:00:00,0.0606666666666666,396.57,0.0,91,0.035957619047619,0.33,0.1199,0.05255
2023-05-27 20:00:00,0.0618333333333333,391.46,0.0,91,0.0118058111380145,0.33,0.11308,0.05255
2023-05-27 21:00:00,0.0591666666666666,383.22,0.0,91,3.571428571428572e-05,0.33,0.1,0.05255
2023-05-27 22:00:00,0.0635,400.37,0.0,91,0.0,0.33,0.09470999999999999,0.05255
2023-05-27 23:00:00,0.0584999999999999,396.45,0.0,91,0.0,0.33,0.08709,0.05255
2023-05-28 00:00:00,0.0653333333333333,373.08,0.0,91,0.0,0.33,0.084,0.05255
2023-05-28 01:00:00,0.0615,379.35,0.0,91,0.0,0.33,0.08192,0.05255
2023-05-28 02:00:00,0.0606666666666666,373.91,0.0,91,0.0,0.33,0.07787000000000001,0.05255
2023-05-28 03:00:00,0.0643333333333333,365.4,0.0,91,0.0,0.33,0.07786,0.05255
2023-05-28 04:00:00,0.0588333333333333,355.77,0.0,91,0.0,0.33,0.0742,0.05255
2023-05-28 05:00:00,0.0646666666666666,343.89,0.0,91,0.0058147619047619,0.33,0.06883,0.05255
2023-05-28 06:00:00,0.0586666666666666,339.68,0.0,91,0.0391290476190476,0.33,0.05967,0.05255
2023-05-28 07:00:00,0.0584999999999999,337.46,0.0,91,0.08795,0.33,0.03718,0.05255
2023-05-28 08:00:00,0.064,322.28,0.0,91,0.1544466666666666,0.33,0.0,0.05255
2023-05-28 09:00:00,0.0658333333333333,301.78,0.0,91,0.0895719047619047,0.33,-0.0035800000000000003,0.05255
2023-05-28 10:00:00,6.440166666666666,302.72,0.0,91,0.0995799999999999,0.33,-0.01295,0.05255
2023-05-28 11:00:00,9.533666666666669,299.72,0.0,91,0.1513709523809523,0.33,-0.03536,0.05255
2023-05-28 12:00:00,9.3535,296.48,0.0,91,0.2161252380952381,0.33,-0.06854,0.05255
2023-05-28 13:00:00,10.010333333333334,321.5,0.0,91,0.2189019047619047,0.33,-0.06366,0.05255
2023-05-28 14:00:00,10.329833333333331,336.94,0.0,91,0.1800304761904761,0.33,-0.048600000000000004,0.05255
2023-05-28 15:00:00,9.508,358.73,0.0,91,0.226577619047619,0.33,-0.01354,0.05255
2023-05-28 16:00:00,10.393666666666666,396.14,0.0,91,0.1295557142857143,0.33,-5.9999999999999995e-05,0.05255
2023-05-28 17:00:00,0.0916666666666666,409.73,0.0,91,0.23228,0.33,0.05,0.05255
2023-05-28 18:00:00,0.063,401.76,0.0,91,0.0031361904761904,0.33,0.0729,0.05255
2023-05-28 19:00:00,0.0633333333333333,400.2,0.0,91,0.0098347619047619,0.33,0.08404,0.05255
2023-05-28 20:00:00,2.1503333333333337,397.06,0.0,91,0.0053395238095238,0.33,0.08209999999999999,0.05255
2023-05-28 21:00:00,4.2411666666666665,394.94,0.0,91,5.238095238095238e-06,0.33,0.07625,0.05255
2023-05-28 22:00:00,0.4353333333333333,412.36,0.0,91,0.0,0.33,0.0695,0.05255
2023-05-28 23:00:00,0.0618333333333333,417.49,0.0,91,0.0,0.33,0.05923,0.05255
2023-05-29 00:00:00,0.0601666666666666,415.15,0.0,91,0.0,0.33,0.053899999999999997,0.05255
2023-05-29 01:00:00,0.0615,414.8,0.0,91,0.0,0.33,0.05182,0.05255
2023-05-29 02:00:00,0.058,423.56,0.0,91,0.0,0.33,0.048310000000000006,0.05255
2023-05-29 03:00:00,0.0635,401.49,0.0,91,0.0,0.33,0.05355,0.05255
2023-05-29 04:00:00,0.0581666666666666,392.72,0.0,91,0.0,0.33,0.062130000000000005,0.05255
2023-05-29 05:00:00,0.0631666666666666,369.05,0.0,91,0.0020847619047619,0.33,0.06619,0.05255
2023-05-29 06:00:00,0.0574999999999999,336.61,0.0,91,0.0294290476190476,0.33,0.05871,0.05255
2023-05-29 07:00:00,0.0566666666666666,324.83,0.0,91,0.0882695238095238,0.33,0.029920000000000002,0.05255
2023-05-29 08:00:00,0.0625,315.04,0.0,91,0.2491838095238095,0.33,4e-05,0.05255
2023-05-29 09:00:00,0.0573333333333333,314.0,0.0,91,0.5657395238095239,0.33,-0.00213,0.05255
2023-05-29 10:00:00,0.0641666666666666,297.64,0.0,91,0.4041309523809523,0.33,-0.018850000000000002,0.05255
2023-05-29 11:00:00,0.0593333333333333,292.4,0.0,91,0.3995033333333333,0.33,-0.03781,0.05255
2023-05-29 12:00:00,0.0613333333333333,298.28,0.0,91,0.6437842857142857,0.33,-0.03993,0.05255
2023-05-29 13:00:00,0.0638333333333333,320.15,0.0,91,0.618907619047619,0.33,-0.01747,0.05255
2023-05-29 14:00:00,0.0593333333333333,316.03,0.0,91,0.6478685714285713,0.33,-0.01532,0.05255
2023-05-29 15:00:00,0.0636666666666666,333.79,0.0,91,0.4726414285714285,0.33,0.00512,0.05255
2023-05-29 16:00:00,0.0583333333333333,365.49,0.0,91,0.4538966666666666,0.33,0.05912,0.05255
2023-05-29 17:00:00,0.0633333333333333,383.36,0.0,91,0.38209,0.33,0.15019,0.05255
2023-05-29 18:00:00,0.059,396.66,0.0,91,0.1995661904761904,0.33,0.07978,0.05255
2023-05-29 19:00:00,0.06,400.47,0.0,91,0.0807738095238095,0.33,0.09173999999999999,0.05255
2023-05-29 20:00:00,0.0646666666666666,392.48,0.0,91,0.0163771428571428,0.33,0.09218000000000001,0.05255
2023-05-29 21:00:00,0.0595,398.54,0.0,91,8.428571428571429e-05,0.33,0.085,0.05255
2023-05-29 22:00:00,0.0631666666666666,409.95,0.0,91,0.0,0.33,0.07501000000000001,0.05255
2023-05-29 23:00:00,0.0574999999999999,404.81,0.0,91,0.0,0.33,0.07501999999999999,0.05255
2023-05-30 00:00:00,0.0645,399.28,0.0,91,0.0,0.33,0.07105,0.05255
2023-05-30 01:00:00,0.0595,407.79,0.0,91,0.0,0.33,0.0689,0.05255
2023-05-30 02:00:00,0.0583333333333333,402.1,0.0,91,0.0,0.33,0.06869,0.05255
2023-05-30 03:00:00,0.062,397.59,0.0,91,0.0,0.33,0.07468999999999999,0.05255
2023-05-30 04:00:00,0.0573333333333333,393.17,0.0,91,0.0,0.33,0.08436,0.05255
2023-05-30 05:00:00,0.0621666666666666,375.14,0.0,91,0.0038890476190476,0.33,0.1,0.05255
2023-05-30 06:00:00,0.0569999999999999,364.41,0.0,91,0.0215447619047619,0.33,0.11796,0.05255
2023-05-30 07:00:00,0.0548333333333333,378.13,0.0,91,0.0559099999999999,0.33,0.10864,0.05255
2023-05-30 08:00:00,0.0605,360.97,0.0,91,0.0890380952380952,0.33,0.09006,0.05255
2023-05-30 09:00:00,6.3725,341.66,0.0,91,0.2185785714285714,0.33,0.08237,0.05255
2023-05-30 10:00:00,8.32,337.33,0.0,91,0.3459695238095238,0.33,0.07134,0.05255
2023-05-30 11:00:00,6.886666666666667,340.27,0.0,91,0.4644,0.33,0.06702,0.05255
2023-05-30 12:00:00,7.713333333333334,339.62,0.0,91,0.3808819047619048,0.33,0.05982,0.05255
2023-05-30 13:00:00,9.078833333333334,344.32,0.0,91,0.5435866666666667,0.33,0.060840000000000005,0.05255
2023-05-30 14:00:00,9.756666666666666,359.07,0.0,91,0.4740642857142856,0.33,0.06911,0.05255
2023-05-30 15:00:00,7.239999999999999,375.83,0.0,91,0.4189617021276595,0.33,0.07708,0.05255
2023-05-30 16:00:00,7.175,421.46,0.0,91,0.3741523809523809,0.33,0.08793000000000001,0.05255
2023-05-30 17:00:00,7.033666666666666,430.39,0.0,91,0.2737157142857143,0.33,0.09221,0.05255
2023-05-30 18:00:00,4.099666666666667,422.88,0.0,91,0.2403709523809523,0.33,0.12448000000000001,0.05255
2023-05-30 19:00:00,0.608,419.35,0.0,91,0.0881609523809523,0.33,0.15024,0.05255
2023-05-30 20:00:00,12.731,421.67,0.0,91,0.0139871428571428,0.33,0.12484,0.05255
2023-05-30 21:00:00,15.674166666666666,423.2,0.0,91,0.0002947619047619,0.33,0.09634999999999999,0.05255
2023-05-30 22:00:00,2.6628333333333334,413.68,0.0,91,0.0,0.33,0.08965000000000001,0.05255
2023-05-30 23:00:00,0.1043333333333333,416.69,0.0,91,0.0,0.33,0.08592,0.05255
2023-05-31 00:00:00,0.0673333333333333,416.32,0.0,91,0.0,0.33,0.08136,0.05255
2023-05-31 01:00:00,0.0625,414.88,0.0,91,0.0,0.33,0.0742,0.05255
2023-05-31 02:00:00,0.0656666666666666,420.69,0.0,91,0.0,0.33,0.0787,0.05255
2023-05-31 03:00:00,0.061,419.4,0.0,91,0.0,0.33,0.08426,0.05255
2023-05-31 04:00:00,0.0598333333333333,406.53,0.0,91,4.428571428571428e-05,0.33,0.09051000000000001,0.05255
2023-05-31 05:00:00,0.0638333333333333,408.09,0.0,91,0.0133771428571428,0.33,0.1138,0.05255
2023-05-31 06:00:00,0.0586666666666666,401.18,0.0,91,0.0622242857142857,0.33,0.11846,0.05255
2023-05-31 07:00:00,0.0621666666666666,368.52,0.0,91,0.1969457142857142,0.33,0.10355,0.05255
2023-05-31 08:00:00,0.0568333333333333,337.16,0.0,91,0.36165,0.33,0.08641,0.05255
2023-05-31 09:00:00,0.0596666666666666,325.66,0.0,91,0.5007852380952381,0.33,0.06692000000000001,0.05255
2023-05-31 10:00:00,0.0671666666666666,322.48,0.0,91,0.6131085714285714,0.33,0.049,0.05255
2023-05-31 11:00:00,0.0613333333333333,318.36,0.0,91,0.608825238095238,0.33,0.08669,0.05255
2023-05-31 12:00:00,0.0626666666666666,315.67,0.0,91,0.6510866666666667,0.33,0.04316,0.05255
2023-05-31 13:00:00,0.0584999999999999,326.75,0.0,91,0.4996847619047618,0.33,0.04931,0.05255
2023-05-31 14:00:00,0.0643333333333333,348.52,0.0,91,0.7205066666666666,0.33,0.06321,0.05255
2023-05-31 15:00:00,0.0593333333333333,365.55,0.0,91,0.183555238095238,0.33,0.095,0.05255
2023-05-31 16:00:00,0.0745,407.31,0.0,91,0.1067942857142857,0.33,0.077,0.05255
2023-05-31 17:00:00,0.2166666666666666,433.68,0.0,91,0.4045028571428571,0.33,0.09353,0.05255
2023-05-31 18:00:00,0.0626666666666666,437.59,0.0,91,0.228627619047619,0.33,0.1171,0.05255
2023-05-31 19:00:00,0.1316666666666666,436.84,0.0,91,0.0692247619047619,0.33,0.11270999999999999,0.05255
2023-05-31 20:00:00,0.1676666666666666,441.09,0.0,91,0.0168295238095238,0.33,0.10147,0.05255
2023-05-31 21:00:00,0.968,454.61,0.0,91,9.23809523809524e-05,0.33,0.09439,0.05255
2023-05-31 22:00:00,2.853666666666667,431.9,0.0,91,0.0,0.33,0.07998000000000001,0.05255
2023-05-31 23:00:00,6.196333333333333,427.74,0.0,91,0.0,0.33,0.08415,0.05255
2023-06-01 00:00:00,11.239,434.99,0.0,91,0.0,0.33,0.07429999999999999,0.05276
2023-06-01 01:00:00,9.2995,441.64,0.0,91,0.0,0.33,0.0701,0.05276
2023-06-01 02:00:00,0.0665,446.94,0.0,91,0.0,0.33,0.06656000000000001,0.05276
2023-06-01 03:00:00,0.0596666666666666,433.02,0.0,91,0.0,0.33,0.06767000000000001,0.05276
2023-06-01 04:00:00,0.0595,416.93,0.0,91,0.0,0.33,0.07997,0.05276
2023-06-01 05:00:00,0.0643333333333333,397.57,0.0,91,0.0112719047619047,0.33,0.09626,0.05276
2023-06-01 06:00:00,0.0581666666666666,379.69,0.0,91,0.0252761904761904,0.33,0.10767,0.05276
2023-06-01 07:00:00,0.0624999999999999,371.95,0.0,91,0.0649609523809523,0.33,0.09906999999999999,0.05276
2023-06-01 08:00:00,0.0564999999999999,358.52,0.0,91,0.1296319047619047,0.33,0.0873,0.05276
2023-06-01 09:00:00,0.0593333333333332,334.95,0.0,91,0.2893480952380952,0.33,0.06819,0.05276
2023-06-01 10:00:00,0.0604999999999999,327.05,0.0,91,0.4646604761904762,0.33,0.05992,0.05276
2023-06-01 11:00:00,0.0574999999999999,325.6,0.0,91,0.46844,0.33,0.039369999999999995,0.05276
2023-06-01 12:00:00,0.0628333333333333,331.14,0.0,91,0.1643490476190476,0.33,0.009349999999999999,0.05276
2023-06-01 13:00:00,0.0571666666666666,340.98,0.0,91,0.1520304761904762,0.33,0.0058200000000000005,0.05276
2023-06-01 14:00:00,0.0621666666666666,353.09,0.0,91,0.3036538095238095,0.33,0.03907,0.05276
2023-06-01 15:00:00,1.5008333333333337,393.76,0.0,91,0.3970833333333333,0.33,0.05907,0.05276
2023-06-01 16:00:00,4.618666666666667,410.37,0.0,91,0.3959138095238095,0.33,0.0778,0.05276
2023-06-01 17:00:00,2.5531666666666664,413.02,0.0,91,0.2652038095238095,0.33,0.08811,0.05276
2023-06-01 18:00:00,3.558666666666667,415.77,0.0,91,0.2341347619047619,0.33,0.10491,0.05276
2023-06-01 19:00:00,0.0639999999999999,409.55,0.0,91,0.0634504761904762,0.33,0.12156,0.05276
2023-06-01 20:00:00,0.0581666666666665,413.54,0.0,91,0.008345238095238,0.33,0.10324,0.05276
2023-06-01 21:00:00,0.0645,429.34,0.0,91,0.0,0.33,0.09541,0.05276
2023-06-01 22:00:00,0.0591666666666666,425.44,0.0,91,0.0,0.33,0.08653,0.05276
2023-06-01 23:00:00,0.0593333333333333,433.39,0.0,91,0.0,0.33,0.08359,0.05276
2023-06-02 00:00:00,0.0643333333333333,442.8,0.0,91,0.0,0.33,0.07940000000000001,0.05276
2023-06-02 01:00:00,0.0591666666666666,431.96,0.0,91,0.0,0.33,0.07952,0.05276
2023-06-02 02:00:00,0.0645,429.55,0.0,91,0.0,0.33,0.07665000000000001,0.05276
2023-06-02 03:00:00,0.0593333333333333,424.81,0.0,91,0.0,0.33,0.07994,0.05276
2023-06-02 04:00:00,0.0601666666666666,397.42,0.0,91,0.0001861904761904,0.33,0.08926,0.05276
2023-06-02 05:00:00,0.0625,377.58,0.0,91,0.0035214285714285,0.33,0.11495,0.05276
2023-06-02 06:00:00,0.0588333333333333,362.25,0.0,91,0.0124614285714285,0.33,0.11701,0.05276
2023-06-02 07:00:00,0.0628333333333333,350.5,0.0,91,0.0442142857142857,0.33,0.09555,0.05276
2023-06-02 08:00:00,0.0563333333333333,335.88,0.0,91,0.177125238095238,0.33,0.08437,0.05276
2023-06-02 09:00:00,0.0618333333333333,346.72,0.0,91,0.2982690476190476,0.33,0.07209,0.05276
2023-06-02 10:00:00,0.0579999999999999,338.89,0.0,91,0.4175171428571428,0.33,0.06315,0.05276
2023-06-02 11:00:00,0.1743333333333333,331.2,0.0,91,0.4542871428571429,0.33,0.056060000000000006,0.05276
2023-06-02 12:00:00,3.206833333333333,344.42,0.0,91,0.5652442857142858,0.33,0.04261,0.05276
2023-06-02 13:00:00,6.237666666666667,356.41,0.0,91,0.3855714285714285,0.33,0.03682,0.05276
2023-06-02 14:00:00,0.1416666666666666,390.38,0.0,91,0.2131523809523809,0.33,0.044899999999999995,0.05276
2023-06-02 15:00:00,0.0588333333333333,417.82,0.0,91,0.1766052380952381,0.33,0.05827,0.05276
2023-06-02 16:00:00,0.0641666666666666,436.41,0.0,91,0.1763342857142857,0.33,0.07662000000000001,0.05276
2023-06-02 17:00:00,0.0591666666666666,463.4,0.0,91,0.1313871428571428,0.33,0.08593,0.05276
2023-06-02 18:00:00,0.0579999999999999,451.31,0.0,91,0.2067066666666666,0.33,0.10046,0.05276
2023-06-02 19:00:00,0.0631666666666666,452.44,0.0,91,0.0694304761904761,0.33,0.1105,0.05276
2023-06-02 20:00:00,0.0653333333333333,467.93,0.0,91,0.022665238095238,0.33,0.10131,0.05276
2023-06-02 21:00:00,0.1126666666666666,456.08,0.0,91,0.0001409523809523,0.33,0.09256,0.05276
2023-06-02 22:00:00,0.9136666666666664,448.08,0.0,91,0.0,0.33,0.08506,0.05276
2023-06-02 23:00:00,9.251,431.62,0.0,91,0.0,0.33,0.08495,0.05276
2023-06-03 00:00:00,7.825666666666667,379.3,0.0,91,0.0,0.33,0.0803,0.05276
2023-06-03 01:00:00,2.374,371.21,0.0,91,0.0,0.33,0.07779000000000001,0.05276
2023-06-03 02:00:00,0.0653333333333333,378.17,0.0,91,0.0,0.33,0.0752,0.05276
2023-06-03 03:00:00,0.0596666666666666,386.09,0.0,91,0.0,0.33,0.07997,0.05276
2023-06-03 04:00:00,0.0648333333333333,385.24,0.0,91,0.0,0.33,0.07837999999999999,0.05276
2023-06-03 05:00:00,0.0584999999999999,358.49,0.0,91,0.0142971428571428,0.33,0.07754000000000001,0.05276
2023-06-03 06:00:00,0.0586666666666666,337.67,0.0,91,0.0608733333333333,0.33,0.07363,0.05276
2023-06-03 07:00:00,0.0626666666666666,304.9,0.0,91,0.1455642857142857,0.33,0.07,0.05276
2023-06-03 08:00:00,0.0568333333333333,347.77,0.0,91,0.1924704761904762,0.33,0.059969999999999996,0.05276
2023-06-03 09:00:00,0.0629999999999999,332.13,0.0,91,0.2531990476190476,0.33,0.02736,0.05276
2023-06-03 10:00:00,0.0581666666666666,320.18,0.0,91,0.6069242857142857,0.33,0.005,0.05276
2023-06-03 11:00:00,0.0611666666666666,326.63,0.0,91,0.6352238095238095,0.33,-1e-05,0.05276
2023-06-03 12:00:00,0.0606666666666666,321.68,0.0,91,0.647432380952381,0.33,-0.00445,0.05276
2023-06-03 13:00:00,0.059,360.88,0.0,91,0.4966142857142857,0.33,-0.0033900000000000002,0.05276
2023-06-03 14:00:00,0.065,392.45,0.0,91,0.3292780952380952,0.33,-7.000000000000001e-05,0.05276
2023-06-03 15:00:00,0.0596666666666666,430.52,0.0,91,0.5251138095238095,0.33,0.00504,0.05276
2023-06-03 16:00:00,0.0643333333333333,476.0,0.0,91,0.3573766666666667,0.33,0.04566,0.05276
2023-06-03 17:00:00,0.0588333333333333,508.32,0.0,91,0.3447328571428572,0.33,0.075,0.05276
2023-06-03 18:00:00,0.0593333333333333,515.18,0.0,91,0.1776452380952381,0.33,0.08475,0.05276
2023-06-03 19:00:00,0.0758333333333333,512.33,0.0,91,0.0609690476190476,0.33,0.09709000000000001,0.05276
2023-06-03 20:00:00,0.1748333333333332,505.01,0.0,91,0.0195757142857142,0.33,0.09625,0.05276
2023-06-03 21:00:00,0.4933333333333333,505.84,0.0,91,0.0002219047619047,0.33,0.08829000000000001,0.05276
2023-06-03 22:00:00,0.5491666666666667,439.51,0.0,91,0.0,0.33,0.08117,0.05276
2023-06-03 23:00:00,1.825,410.41,0.0,91,0.0,0.33,0.08112,0.05276
2023-06-04 00:00:00,0.0876666666666666,375.38,0.0,91,0.0,0.33,0.07490000000000001,0.05276
2023-06-04 01:00:00,0.0606666666666666,355.23,0.0,91,0.0,0.33,0.07251,0.05276
2023-06-04 02:00:00,0.0658333333333333,355.63,0.0,91,0.0,0.33,0.07161,0.05276
2023-06-04 03:00:00,0.0588333333333333,350.33,0.0,91,0.0,0.33,0.07302,0.05276
2023-06-04 04:00:00,0.0643333333333333,363.13,0.0,91,0.0,0.33,0.07212,0.05276
2023-06-04 05:00:00,0.0586666666666666,350.33,0.0,91,0.0185595238095238,0.33,0.06899,0.05276
2023-06-04 06:00:00,0.0595,356.15,0.0,91,0.0759571428571428,0.33,0.06477,0.05276
2023-06-04 07:00:00,0.0635,341.48,0.0,91,0.1999699999999999,0.33,0.05081,0.05276
2023-06-04 08:00:00,0.0583333333333333,310.23,0.0,91,0.3306309523809523,0.33,0.02189,0.05276
2023-06-04 09:00:00,0.0631666666666666,305.23,0.0,91,0.3619138095238095,0.33,0.00511,0.05276
2023-06-04 10:00:00,0.0874999999999999,301.49,0.0,91,0.6162066666666667,0.33,0.0,0.05276
2023-06-04 11:00:00,3.563,294.42,0.0,91,0.5392966666666666,0.33,-0.00206,0.05276
2023-06-04 12:00:00,7.184833333333334,298.89,0.0,91,0.6816090476190477,0.33,-0.01732,0.05276
2023-06-04 13:00:00,8.1775,301.67,0.0,91,0.6400180952380952,0.33,-0.02767,0.05276
2023-06-04 14:00:00,11.520833333333334,324.42,0.0,91,0.5107196125907991,0.33,-0.00364,0.05276
2023-06-04 15:00:00,0.0643333333333333,378.99,0.0,91,0.5314519047619047,0.33,0.0,0.05276
2023-06-04 16:00:00,0.0686666666666666,404.61,0.0,91,0.3158619047619048,0.33,0.0345,0.05276
2023-06-04 17:00:00,0.0628333333333333,442.71,0.0,91,0.3292642857142857,0.33,0.07820999999999999,0.05276
2023-06-04 18:00:00,0.0625,451.38,0.0,91,0.1901871428571428,0.33,0.09781999999999999,0.05276
2023-06-04 19:00:00,0.0648333333333333,444.14,0.0,91,0.0937004761904762,0.33,0.10890999999999999,0.05276
2023-06-04 20:00:00,0.0584999999999999,449.63,0.0,91,0.0277514285714285,0.33,0.10215,0.05276
2023-06-04 21:00:00,0.3391666666666666,466.57,0.0,91,0.000175238095238,0.33,0.0989,0.05276
2023-06-04 22:00:00,0.0741666666666666,452.87,0.0,91,0.0,0.33,0.08698,0.05276
2023-06-04 23:00:00,0.0636666666666666,448.4,0.0,91,0.0,0.33,0.07870999999999999,0.05276
2023-06-05 00:00:00,0.0626666666666666,426.54,0.0,91,0.0,0.33,0.0711,0.05276
2023-06-05 01:00:00,0.0611666666666666,435.91,0.0,91,0.0,0.33,0.07007,0.05276
2023-06-05 02:00:00,0.0651666666666666,437.09,0.0,91,0.0,0.33,0.07068,0.05276
2023-06-05 03:00:00,0.0598333333333333,434.41,0.0,91,0.0,0.33,0.07366,0.05276
2023-06-05 04:00:00,0.0656666666666666,420.31,0.0,91,0.0,0.33,0.08702,0.05276
2023-06-05 05:00:00,0.0593333333333333,411.87,0.0,91,0.0163595238095238,0.33,0.11177,0.05276
2023-06-05 06:00:00,0.0594999999999999,417.15,0.0,91,0.076135238095238,0.33,0.11419,0.05276
2023-06-05 07:00:00,0.0624999999999999,404.85,0.0,91,0.2211742857142857,0.33,0.09995,0.05276
2023-06-05 08:00:00,0.0561666666666666,356.59,0.0,91,0.1721414285714285,0.33,0.08631,0.05276
2023-06-05 09:00:00,0.0623333333333333,328.35,0.0,91,0.2406509523809523,0.33,0.075,0.05276
2023-06-05 10:00:00,0.0574999999999999,342.41,0.0,91,0.2413166666666666,0.33,0.07008,0.05276
2023-06-05 11:00:00,0.1151666666666666,350.73,0.0,91,0.248255238095238,0.33,0.06928,0.05276
2023-06-05 12:00:00,0.0598333333333333,383.32,0.0,91,0.2843504761904762,0.33,0.0695,0.05276
2023-06-05 13:00:00,0.0591666666666666,387.2,0.0,91,0.1918719047619047,0.33,0.07325,0.05276
2023-06-05 14:00:00,0.0658333333333333,390.19,0.0,91,0.1358295238095238,0.33,0.07301,0.05276
2023-06-05 15:00:00,0.06,392.21,0.0,91,0.090257619047619,0.33,0.07845999999999999,0.05276
2023-06-05 16:00:00,2.6121666666666665,399.68,0.0,91,0.1281495238095238,0.33,0.08952,0.05276
2023-06-05 17:00:00,2.77,401.11,0.0,91,0.2131338095238095,0.33,0.09996,0.05276
2023-06-05 18:00:00,2.769666666666667,407.67,0.0,91,0.1988457142857143,0.33,0.13234,0.05276
2023-06-05 19:00:00,4.9015,413.22,0.0,91,0.0656442857142857,0.33,0.15294,0.05276
2023-06-05 20:00:00,10.724833333333336,406.84,0.0,91,0.0135490476190476,0.33,0.12709,0.05276
2023-06-05 21:00:00,10.725166666666668,398.58,0.0,91,1.809523809523809e-05,0.33,0.10102,0.05276
2023-06-05 22:00:00,10.714999999999998,376.51,0.0,91,0.0,0.33,0.08895,0.05276
2023-06-05 23:00:00,3.547833333333333,378.99,0.0,91,0.0,0.33,0.08022,0.05276
2023-06-06 00:00:00,1.7403333333333333,382.32,0.0,91,0.0,0.33,0.07922,0.05276
2023-06-06 01:00:00,6.288166666666666,386.54,0.0,91,0.0,0.33,0.07866,0.05276
2023-06-06 02:00:00,0.0625,399.88,0.0,91,0.0,0.33,0.08122,0.05276
2023-06-06 03:00:00,0.0658333333333333,430.35,0.0,91,0.0,0.33,0.08446,0.05276
2023-06-06 04:00:00,0.0606666666666666,434.54,0.0,91,0.0,0.33,0.089,0.05276
2023-06-06 05:00:00,0.0651666666666666,438.38,0.0,91,0.0061528571428571,0.33,0.12,0.05276
2023-06-06 06:00:00,0.0593333333333333,445.93,0.0,91,0.0330442857142857,0.33,0.14243,0.05276
2023-06-06 07:00:00,0.0579999999999999,459.34,0.0,91,0.1321890476190476,0.33,0.12251999999999999,0.05276
2023-06-06 08:00:00,0.0625,459.63,0.0,91,0.2246690476190476,0.33,0.09490000000000001,0.05276
2023-06-06 09:00:00,0.0574999999999999,434.6,0.0,91,0.2581161904761904,0.33,0.08678,0.05276
2023-06-06 10:00:00,0.0624999999999999,408.44,0.0,91,0.4585057142857143,0.33,0.08231000000000001,0.05276
2023-06-06 11:00:00,0.0573333333333333,391.8,0.0,91,0.3415614285714285,0.33,0.07753,0.05276
2023-06-06 12:00:00,0.0571666666666666,391.82,0.0,91,0.4083247619047619,0.33,0.07376,0.05276
2023-06-06 13:00:00,0.0623333333333333,407.5,0.0,91,0.5718357142857142,0.33,0.07013,0.05276
2023-06-06 14:00:00,0.0568333333333333,422.51,0.0,91,0.4767261904761904,0.33,0.0736,0.05276
2023-06-06 15:00:00,0.0598333333333333,451.93,0.0,91,0.0644466666666666,0.33,0.07944,0.05276
2023-06-06 16:00:00,0.0605,454.56,0.0,91,0.0953779761904762,0.33,0.08846,0.05276
2023-06-06 17:00:00,0.0573333333333333,473.29,0.0,91,0.3059180952380952,0.33,0.1004,0.05276
2023-06-06 18:00:00,0.0623333333333333,478.65,0.0,91,0.1916780952380952,0.33,0.13071000000000002,0.05276
2023-06-06 19:00:00,0.0565,478.06,0.0,91,0.1000485714285714,0.33,0.14895,0.05276
2023-06-06 20:00:00,0.0605,459.59,0.0,91,0.0196704761904761,0.33,0.12456,0.05276
2023-06-06 21:00:00,0.0586666666666666,491.83,0.0,91,0.0004109523809523,0.33,0.1016,0.05276
2023-06-06 22:00:00,0.0565,486.68,0.0,91,0.0,0.33,0.08999,0.05276
2023-06-06 23:00:00,0.0626666666666666,477.75,0.0,91,0.0,0.33,0.09295999999999999,0.05276
2023-06-07 00:00:00,0.0578333333333333,474.65,0.0,91,0.0,0.33,0.08845,0.05276
2023-06-07 01:00:00,0.059,472.3,0.0,91,0.0,0.33,0.08837,0.05276
2023-06-07 02:00:00,0.0655,478.83,0.0,91,0.0,0.33,0.08904000000000001,0.05276
2023-06-07 03:00:00,0.059,478.48,0.0,91,0.0,0.33,0.0888,0.05276
2023-06-07 04:00:00,0.0643333333333333,472.21,0.0,91,0.0,0.33,0.09440000000000001,0.05276
2023-06-07 05:00:00,0.0584999999999999,462.38,0.0,91,0.0067104761904761,0.33,0.12190999999999999,0.05276
2023-06-07 06:00:00,0.0583333333333333,452.46,0.0,91,0.0391771428571428,0.33,0.14031,0.05276
2023-06-07 07:00:00,0.0625,460.65,0.0,91,0.0752704761904762,0.33,0.11423,0.05276
2023-06-07 08:00:00,0.0486666666666666,463.04,0.0,91,0.1347019047619047,0.33,0.09841,0.05276
2023-06-07 09:00:00,0.0285,454.84,0.0,91,0.12143,0.33,0.09308,0.05276
2023-06-07 10:00:00,0.037,431.37,0.0,91,0.1017628571428571,0.33,0.0866,0.05276
2023-06-07 11:00:00,0.1061666666666666,431.02,0.0,91,0.0810066666666666,0.33,0.07995000000000001,0.05276
2023-06-07 12:00:00,0.0986666666666666,429.71,0.0,91,0.0967404761904762,0.33,0.07728,0.05276
2023-06-07 13:00:00,0.0984999999999999,459.82,0.0,91,0.1445838095238095,0.33,0.07645,0.05276
2023-06-07 14:00:00,0.6076666666666667,470.58,0.0,91,0.1220723809523809,0.33,0.07915000000000001,0.05276
2023-06-07 15:00:00,0.7805000000000001,485.33,0.0,91,0.1089823809523809,0.33,0.08306000000000001,0.05276
2023-06-07 16:00:00,2.5391666666666666,495.6,0.0,91,0.1125771428571428,0.33,0.09255,0.05276
2023-06-07 17:00:00,7.144166666666666,500.73,0.0,91,0.1132419047619047,0.33,0.1008,0.05276
2023-06-07 18:00:00,8.026166666666667,507.7,0.0,91,0.0486947619047619,0.33,0.13646,0.05276
2023-06-07 19:00:00,9.197166666666666,514.83,0.0,91,0.0341904761904761,0.33,0.14538,0.05276
2023-06-07 20:00:00,0.1393333333333333,516.87,0.0,91,0.004587619047619,0.33,0.12638,0.05276
2023-06-07 21:00:00,0.421,518.68,0.0,91,0.0003595238095238,0.33,0.10582,0.05276
2023-06-07 22:00:00,0.395,471.15,0.0,91,0.0,0.33,0.09490000000000001,0.05276
2023-06-07 23:00:00,0.0613333333333333,450.53,0.0,91,0.0,0.33,0.09393000000000001,0.05276
2023-06-08 00:00:00,0.0368333333333333,463.55,0.0,91,0.0,0.33,0.08926,0.05276
2023-06-08 01:00:00,0.0363333333333333,461.86,0.0,91,0.0,0.33,0.08301,0.05276
2023-06-08 02:00:00,0.0376666666666666,466.94,0.0,91,0.0,0.33,0.07953,0.05276
2023-06-08 03:00:00,0.0371666666666666,451.7,0.0,91,0.0,0.33,0.08091,0.05276
2023-06-08 04:00:00,0.037,434.06,0.0,91,7.000000000000001e-05,0.33,0.08701,0.05276
2023-06-08 05:00:00,0.0375,429.49,0.0,91,0.014865238095238,0.33,0.09294,0.05276
2023-06-08 06:00:00,0.0361666666666666,425.47,0.0,91,0.021677619047619,0.33,0.09322,0.05276
2023-06-08 07:00:00,0.0346666666666666,400.97,0.0,91,0.0732071428571428,0.33,0.09140000000000001,0.05276
2023-06-08 08:00:00,0.0343333333333333,402.06,0.0,91,0.0414947619047619,0.33,0.08381999999999999,0.05276
2023-06-08 09:00:00,0.1965,377.54,0.0,91,0.1517952380952381,0.33,0.07464,0.05276
2023-06-08 10:00:00,0.223,366.48,0.0,91,0.1990038095238095,0.33,0.0685,0.05276
2023-06-08 11:00:00,0.1328333333333333,358.92,0.0,91,0.2565161904761905,0.33,0.06422,0.05276
2023-06-08 12:00:00,0.1381666666666666,352.58,0.0,91,0.6726438095238095,0.33,0.06392,0.05276
2023-06-08 13:00:00,0.1335,366.07,0.0,91,0.1904533333333333,0.33,0.06406,0.05276
2023-06-08 14:00:00,1.691,365.89,0.0,91,0.2806642857142857,0.33,0.06793,0.05276
2023-06-08 15:00:00,9.276166666666668,402.32,0.0,91,0.4133957142857143,0.33,0.07117,0.05276
2023-06-08 16:00:00,9.031333333333334,423.67,0.0,91,0.2857957142857142,0.33,0.0761,0.05276
2023-06-08 17:00:00,7.609166666666667,443.14,0.0,91,0.1489990476190476,0.33,0.09029999999999999,0.05276
2023-06-08 18:00:00,6.9415,461.33,0.0,91,0.2018238095238095,0.33,0.10196,0.05276
2023-06-08 19:00:00,13.839333333333334,463.45,0.0,91,0.0898195238095238,0.33,0.11291,0.05276
2023-06-08 20:00:00,13.728666666666667,456.4,0.0,91,0.0053395238095238,0.33,0.10473,0.05276
2023-06-08 21:00:00,1.8706666666666667,443.07,0.0,91,0.0002909523809523,0.33,0.09658,0.05276
2023-06-08 22:00:00,0.2788333333333333,432.95,0.0,91,0.0,0.33,0.091,0.05276
2023-06-08 23:00:00,0.2394999999999999,435.13,0.0,91,0.0,0.33,0.095,0.05276
2023-06-09 00:00:00,0.2625,435.25,0.0,91,0.0,0.33,0.0897,0.05276
2023-06-09 01:00:00,0.2575,422.42,0.0,91,0.0,0.33,0.07973000000000001,0.05276
2023-06-09 02:00:00,0.2621666666666666,404.98,0.0,91,0.0,0.33,0.076,0.05276
2023-06-09 03:00:00,0.2565,411.76,0.0,91,0.0,0.33,0.07623999999999999,0.05276
2023-06-09 04:00:00,0.2613333333333333,421.64,0.0,91,0.0001838095238095,0.33,0.08832,0.05276
2023-06-09 05:00:00,0.257,410.35,0.0,91,0.0175371428571428,0.33,0.10231,0.05276
2023-06-09 06:00:00,0.256,405.0,0.0,91,0.0751995238095238,0.33,0.10396999999999999,0.05276
2023-06-09 07:00:00,0.2588333333333333,386.29,0.0,91,0.1921128571428571,0.33,0.10394,0.05276
2023-06-09 08:00:00,0.2523333333333333,358.5,0.0,91,0.3411547619047619,0.33,0.09139,0.05276
2023-06-09 09:00:00,0.5896666666666667,332.51,0.0,91,0.4856338095238095,0.33,0.08226,0.05276
2023-06-09 10:00:00,1.2673333333333332,320.66,0.0,91,0.6105306122448979,0.33,0.07543000000000001,0.05276
2023-06-09 11:00:00,1.6865,318.91,0.0,91,0.613622380952381,0.33,0.07003,0.05276
2023-06-09 12:00:00,0.3111666666666666,325.9,0.0,91,0.6185428571428571,0.33,0.06558,0.05276
2023-06-09 13:00:00,1.7028333333333334,343.1,0.0,91,0.4951690476190475,0.33,0.06406,0.05276
2023-06-09 14:00:00,1.4383333333333337,363.06,0.0,91,0.4628885714285714,0.33,0.06839,0.05276
2023-06-09 15:00:00,3.3375000000000004,376.23,0.0,91,0.4687423809523809,0.33,0.07264,0.05276
2023-06-09 16:00:00,0.0616666666666666,399.57,0.0,91,0.5128885714285715,0.33,0.08063,0.05276
2023-06-09 17:00:00,0.0619999999999999,434.25,0.0,91,0.3537742857142857,0.33,0.095,0.05276
2023-06-09 18:00:00,0.0604999999999999,435.16,0.0,91,0.1943209523809523,0.33,0.10412,0.05276
2023-06-09 19:00:00,0.0601666666666666,445.26,0.0,91,0.0879623809523809,0.33,0.10645,0.05276
2023-06-09 20:00:00,0.0603333333333333,418.06,0.0,91,0.0291357142857142,0.33,0.10412,0.05276
2023-06-09 21:00:00,0.0614999999999999,427.02,0.0,91,0.0007933333333333,0.33,0.09748,0.05276
2023-06-09 22:00:00,0.0609999999999999,434.6,0.0,91,0.0,0.33,0.086,0.05276
2023-06-09 23:00:00,2.146,390.62,0.0,91,0.0,0.33,0.08903,0.05276
2023-06-10 00:00:00,0.1738333333333332,381.83,0.0,91,0.0,0.33,0.0841,0.05276
2023-06-10 01:00:00,0.0624999999999999,375.42,0.0,91,0.0,0.33,0.08413,0.05276
2023-06-10 02:00:00,0.0624999999999999,353.67,0.0,91,0.0,0.33,0.08031999999999999,0.05276
2023-06-10 03:00:00,0.0613333333333333,338.77,0.0,91,0.0,0.33,0.07744,0.05276
2023-06-10 04:00:00,0.0614999999999999,329.05,0.0,91,0.0001180952380952,0.33,0.07987000000000001,0.05276
2023-06-10 05:00:00,0.0613333333333332,327.08,0.0,91,0.0174047619047619,0.33,0.07943,0.05276
2023-06-10 06:00:00,0.0605,324.08,0.0,91,0.0693371428571428,0.33,0.085,0.05276
2023-06-10 07:00:00,0.0603333333333333,332.34,0.0,91,0.1958271428571428,0.33,0.08174,0.05276
2023-06-10 08:00:00,0.0601666666666666,282.97,0.0,91,0.3572247619047619,0.33,0.06444,0.05276
2023-06-10 09:00:00,0.0606666666666666,253.99,0.0,91,0.4963671428571428,0.33,0.02489,0.05276
2023-06-10 10:00:00,1.2768333333333333,243.25,0.0,91,0.60195,0.33,0.01309,0.05276
2023-06-10 11:00:00,7.543833333333333,239.6,0.0,91,0.6266480952380953,0.33,0.0033900000000000002,0.05276
2023-06-10 12:00:00,3.3556666666666666,248.16,0.0,91,0.6194795238095239,0.33,-0.00244,0.05276
2023-06-10 13:00:00,4.022166666666666,256.28,0.0,91,0.4407095238095238,0.33,-0.00792,0.05276
2023-06-10 14:00:00,7.3405,264.2,0.0,91,0.4775990476190476,0.33,0.00113,0.05276
2023-06-10 15:00:00,6.746166666666666,290.52,0.0,91,0.3927223809523809,0.33,0.006679999999999999,0.05276
2023-06-10 16:00:00,1.5646666666666669,329.14,0.0,91,0.1910266666666666,0.33,0.0445,0.05276
2023-06-10 17:00:00,0.5518333333333333,343.36,0.0,91,0.1651057142857143,0.33,0.07497,0.05276
2023-06-10 18:00:00,1.5833333333333333,344.26,0.0,91,0.0765123809523809,0.33,0.08616,0.05276
2023-06-10 19:00:00,1.1973333333333334,356.33,0.0,91,0.0972787061994609,0.33,0.08445,0.05276
2023-06-10 20:00:00,6.200500000000001,358.11,0.0,91,,0.33,0.07598999999999999,0.05276
2023-06-10 21:00:00,0.4661666666666667,347.46,0.0,91,,0.33,0.08223,0.05276
2023-06-10 22:00:00,0.7071666666666667,347.11,0.0,91,,0.33,0.07110999999999999,0.05276
2023-06-10 23:00:00,0.3721666666666666,335.27,0.0,91,,0.33,0.06801,0.05276
2023-06-11 00:00:00,0.0636666666666666,334.49,0.0,91,,0.33,0.06068,0.05276
2023-06-11 01:00:00,0.0638333333333332,339.94,0.0,91,,0.33,0.05391,0.05276
2023-06-11 02:00:00,0.0631666666666665,335.25,0.0,91,,0.33,0.04992,0.05276
2023-06-11 03:00:00,0.0621666666666666,323.78,0.0,91,,0.33,0.05172,0.05276
2023-06-11 04:00:00,0.0614999999999999,318.89,0.0,91,,0.33,0.04839,0.05276
2023-06-11 05:00:00,0.0634999999999999,303.41,0.0,91,,0.33,0.04988,0.05276
2023-06-11 06:00:00,0.0649999999999999,289.31,0.0,91,0.106121978021978,0.33,0.04675,0.05276
2023-06-11 07:00:00,0.0614999999999999,271.71,0.0,91,0.1365361904761904,0.33,0.02844,0.05276
2023-06-11 08:00:00,0.0611666666666666,256.19,0.0,91,0.19391,0.33,0.0159,0.05276
2023-06-11 09:00:00,0.0618333333333332,239.83,0.0,91,0.3278782857142857,0.33,2e-05,0.05276
2023-06-11 10:00:00,1.0423333333333331,242.59,0.0,91,0.3254566666666666,0.33,-0.00101,0.05276
2023-06-11 11:00:00,3.5018333333333334,239.76,0.0,91,0.4646261904761904,0.33,-0.014070000000000001,0.05276
2023-06-11 12:00:00,5.914000000000001,241.51,0.0,91,0.6560390476190476,0.33,-0.02035,0.05276
2023-06-11 13:00:00,2.5196666666666667,242.97,0.0,91,0.72778,0.33,-0.02104,0.05276
2023-06-11 14:00:00,0.1348333333333332,253.87,0.0,91,0.5450047619047619,0.33,-0.00899,0.05276
2023-06-11 15:00:00,0.0636666666666666,272.79,0.0,91,0.6780019047619048,0.33,-8.999999999999999e-05,0.05276
2023-06-11 16:00:00,0.0656666666666666,316.45,0.0,91,0.5527104761904762,0.33,0.02792,0.05276
2023-06-11 17:00:00,0.0636666666666666,358.92,0.0,91,0.3715466666666666,0.33,0.08381999999999999,0.05276
2023-06-11 18:00:00,0.0618333333333332,368.59,0.0,91,0.2389761904761904,0.33,0.09991,0.05276
2023-06-11 19:00:00,0.0633333333333332,379.45,0.0,91,0.1014680952380952,0.33,0.10701000000000001,0.05276
2023-06-11 20:00:00,0.0614999999999999,384.17,0.0,91,0.0195114285714285,0.33,0.10728,0.05276
2023-06-11 21:00:00,0.0626666666666665,370.78,0.0,91,0.0009533333333333,0.33,0.10011,0.05276
2023-06-11 22:00:00,0.0624999999999999,352.67,0.0,91,0.0,0.33,0.09047,0.05276
2023-06-11 23:00:00,0.0621666666666666,342.4,0.0,91,0.0,0.33,0.09433,0.05276
2023-06-12 00:00:00,0.0623333333333332,333.65,0.0,91,0.0,0.33,0.08508,0.05276
2023-06-12 01:00:00,0.0638333333333332,331.8,0.0,91,0.0,0.33,0.08502,0.05276
2023-06-12 02:00:00,0.0648333333333333,329.05,0.0,91,0.0,0.33,0.08163,0.05276
2023-06-12 03:00:00,0.0639999999999999,313.58,0.0,91,0.0,0.33,0.08395,0.05276
2023-06-12 04:00:00,0.0649999999999999,306.22,0.0,91,0.0002733333333333,0.33,0.09309,0.05276
2023-06-12 05:00:00,0.062,306.06,0.0,91,0.0169209523809523,0.33,0.10812999999999999,0.05276
2023-06-12 06:00:00,0.0589999999999999,309.41,0.0,91,0.0712057142857142,0.33,0.12425,0.05276
2023-06-12 07:00:00,0.0586666666666666,302.87,0.0,91,0.1985104761904762,0.33,0.12439,0.05276
2023-06-12 08:00:00,0.0843333333333333,287.07,0.0,91,0.3544652380952381,0.33,0.10601000000000001,0.05276
2023-06-12 09:00:00,0.1608333333333333,276.41,0.0,91,0.4599523809523809,0.33,0.09043000000000001,0.05276
2023-06-12 10:00:00,0.1948333333333333,275.38,0.0,91,0.6274495238095238,0.33,0.07811,0.05276
2023-06-12 11:00:00,0.5496666666666666,280.66,0.0,91,0.694172380952381,0.33,0.07094,0.05276
2023-06-12 12:00:00,1.2385,277.68,0.0,91,0.7003561904761905,0.33,0.06789,0.05276
2023-06-12 13:00:00,1.6093333333333335,288.72,0.0,91,0.7029947619047618,0.33,0.06846,0.05276
2023-06-12 14:00:00,0.508,321.1,0.0,91,0.6881166666666667,0.33,0.07686,0.05276
2023-06-12 15:00:00,0.282,344.66,0.0,91,0.6450466666666667,0.33,0.08481999999999999,0.05276
2023-06-12 16:00:00,4.378,362.15,0.0,91,0.5377247619047619,0.33,0.09759999999999999,0.05276
2023-06-12 17:00:00,6.932333333333333,369.12,0.0,91,0.4013485714285714,0.33,0.10968000000000001,0.05276
2023-06-12 18:00:00,1.606333333333333,389.2,0.0,91,0.24454,0.33,0.13304,0.05276
2023-06-12 19:00:00,0.265,405.44,0.0,91,0.0971319047619047,0.33,0.14239,0.05276
2023-06-12 20:00:00,0.2598333333333333,402.32,0.0,91,0.0209242857142857,0.33,0.11693,0.05276
2023-06-12 21:00:00,1.4218333333333335,401.25,0.0,91,0.0012738095238095,0.33,0.10697,0.05276
2023-06-12 22:00:00,14.9375,376.71,0.0,91,0.0,0.33,0.09809999999999999,0.05276
2023-06-12 23:00:00,9.871333333333334,379.77,0.0,91,0.0,0.33,0.08911,0.05276
2023-06-13 00:00:00,5.8555,372.7,0.0,91,0.0,0.33,0.08278,0.05276
2023-06-13 01:00:00,0.5323333333333333,367.98,0.0,91,0.0,0.33,0.08329,0.05276
2023-06-13 02:00:00,0.2676666666666666,378.73,0.0,91,0.0,0.33,0.08275,0.05276
2023-06-13 03:00:00,0.2675,388.82,0.0,91,0.0,0.33,0.08477,0.05276
2023-06-13 04:00:00,0.261,399.79,0.0,91,0.0003147619047619,0.33,0.09004000000000001,0.05276
2023-06-13 05:00:00,0.2671666666666666,373.61,0.0,91,0.017267619047619,0.33,0.11322,0.05276
2023-06-13 06:00:00,0.2671666666666666,352.85,0.0,91,0.0701957142857142,0.33,0.11934,0.05276
2023-06-13 07:00:00,0.2621666666666666,330.93,0.0,91,0.1960347619047618,0.33,0.12004000000000001,0.05276
2023-06-13 08:00:00,0.2645,325.7,0.0,91,0.3601680952380952,0.33,0.10312,0.05276
2023-06-13 09:00:00,0.2661666666666666,294.76,0.0,91,0.4993604761904761,0.33,0.08508,0.05276
2023-06-13 10:00:00,0.3434999999999999,280.22,0.0,91,0.6139228571428571,0.33,0.07770999999999999,0.05276
2023-06-13 11:00:00,7.880166666666667,288.41,0.0,91,0.6828914285714286,0.33,0.06781000000000001,0.05276
2023-06-13 12:00:00,2.6163333333333334,296.08,0.0,91,0.6884838095238095,0.33,0.06498000000000001,0.05276
2023-06-13 13:00:00,4.210833333333333,310.83,0.0,91,0.699742380952381,0.33,0.06302,0.05276
2023-06-13 14:00:00,6.429833333333334,318.25,0.0,91,0.6838509523809524,0.33,0.06961,0.05276
2023-06-13 15:00:00,5.344666666666666,344.51,0.0,91,0.6396504761904762,0.33,0.07801000000000001,0.05276
2023-06-13 16:00:00,11.014833333333334,375.82,0.0,91,0.5390714285714286,0.33,0.08501,0.05276
2023-06-13 17:00:00,2.5931666666666664,400.83,0.0,91,0.400117619047619,0.33,0.1052,0.05276
2023-06-13 18:00:00,0.0721666666666666,411.39,0.0,91,0.2412914285714285,0.33,0.12345,0.05276
2023-06-13 19:00:00,0.0708333333333333,416.75,0.0,91,0.0964566666666666,0.33,0.13025,0.05276
2023-06-13 20:00:00,1.3113333333333337,418.02,0.0,91,0.019255238095238,0.33,0.11495999999999999,0.05276
2023-06-13 21:00:00,1.896,421.61,0.0,91,0.001047619047619,0.33,0.105,0.05276
2023-06-13 22:00:00,3.8995,408.86,0.0,91,0.0,0.33,0.09838,0.05276
2023-06-13 23:00:00,0.3943333333333333,388.61,0.0,91,0.0,0.33,0.09628,0.05276
2023-06-14 00:00:00,0.0738333333333333,378.02,0.0,91,0.0,0.33,0.08868000000000001,0.05276
2023-06-14 01:00:00,0.0671666666666666,380.18,0.0,91,0.0,0.33,0.08698,0.05276
2023-06-14 02:00:00,0.0676666666666666,384.15,0.0,91,0.0,0.33,0.08625,0.05276
2023-06-14 03:00:00,0.0715,402.11,0.0,91,0.0,0.33,0.08814,0.05276
2023-06-14 04:00:00,0.0673333333333333,394.63,0.0,91,0.0003319047619047,0.33,0.09795000000000001,0.05276
2023-06-14 05:00:00,0.0699999999999999,380.31,0.0,91,0.0175019047619047,0.33,0.1252,0.05276
2023-06-14 06:00:00,0.0689999999999999,363.6,0.0,91,0.0711871428571428,0.33,0.13616999999999999,0.05276
2023-06-14 07:00:00,0.0651666666666666,351.88,0.0,91,0.1999780952380952,0.33,0.128,0.05276
2023-06-14 08:00:00,0.0705,309.89,0.0,91,0.3634857142857143,0.33,0.10332,0.05276
2023-06-14 09:00:00,0.06,296.74,0.0,91,0.5060771428571429,0.33,0.08766,0.05276
2023-06-14 10:00:00,0.0453333333333333,289.44,0.0,91,0.6235623809523809,0.33,0.08329,0.05276
2023-06-14 11:00:00,0.0548333333333333,285.72,0.0,91,0.6951619047619048,0.33,0.08496,0.05276
2023-06-14 12:00:00,0.045,293.72,0.0,91,0.6752961904761905,0.33,0.07897,0.05276
2023-06-14 13:00:00,0.0476666666666666,326.1,0.0,91,0.6801957142857142,0.33,0.0836,0.05276
2023-06-14 14:00:00,0.0498333333333333,350.8,0.0,91,0.6619071428571428,0.33,0.09354000000000001,0.05276
2023-06-14 15:00:00,0.0436666666666666,380.8,0.0,91,0.6234657142857144,0.33,0.09794,0.05276
2023-06-14 16:00:00,7.328166666666667,405.47,0.0,91,0.5233185714285715,0.33,0.10479999999999999,0.05276
2023-06-14 17:00:00,12.725166666666668,429.14,0.0,91,0.3915457142857143,0.33,0.11653,0.05276
2023-06-14 18:00:00,0.2298333333333333,436.22,0.0,91,0.2372471428571428,0.33,0.14171,0.05276
2023-06-14 19:00:00,1.059,445.9,0.0,91,0.0953057142857142,0.33,0.15172999999999998,0.05276
2023-06-14 20:00:00,3.197,437.03,0.0,91,0.0220309523809523,0.33,0.14015,0.05276
2023-06-14 21:00:00,6.826666666666667,437.07,0.0,91,0.0009514285714285,0.33,0.11955,0.05276
2023-06-14 22:00:00,12.82,438.67,0.0,91,0.0,0.33,0.10865999999999999,0.05276
2023-06-14 23:00:00,3.671333333333333,425.44,0.0,91,0.0,0.33,0.10712,0.05276
2023-06-15 00:00:00,0.0645,422.54,0.0,91,0.0,0.33,0.10277,0.05276
2023-06-15 01:00:00,0.0668333333333333,422.02,0.0,91,0.0,0.33,0.10062,0.05276
2023-06-15 02:00:00,0.0738333333333333,426.53,0.0,91,0.0,0.33,0.10038,0.05276
2023-06-15 03:00:00,0.0664999999999999,428.93,0.0,91,0.0,0.33,0.10037,0.05276
2023-06-15 04:00:00,0.0661666666666666,416.78,0.0,91,0.0003157142857142,0.33,0.11288,0.05276
2023-06-15 05:00:00,0.0725,398.48,0.0,91,0.0175838095238095,0.33,0.14233,0.05276
2023-06-15 06:00:00,0.0663333333333333,377.78,0.0,91,0.0665733333333333,0.33,0.16163,0.05276
2023-06-15 07:00:00,0.0636666666666666,364.99,0.0,91,0.1909157142857142,0.33,0.14007,0.05276
2023-06-15 08:00:00,0.1078333333333333,364.7,0.0,91,0.3491366666666666,0.33,0.116,0.05276
2023-06-15 09:00:00,2.1525,359.38,0.0,91,0.4875452380952381,0.33,0.10366,0.05276
2023-06-15 10:00:00,13.322666666666668,359.9,0.0,91,0.5974128571428572,0.33,0.09802,0.05276
2023-06-15 11:00:00,12.094,365.06,0.0,91,0.6471847619047618,0.33,0.09223999999999999,0.05276
2023-06-15 12:00:00,11.505833333333332,370.08,0.0,91,0.6452385714285714,0.33,0.09,0.05276
2023-06-15 13:00:00,12.607833333333332,379.41,0.0,91,0.6298714285714285,0.33,0.09,0.05276
2023-06-15 14:00:00,20.238333333333333,394.78,0.0,91,0.625672380952381,0.33,0.09201000000000001,0.05276
2023-06-15 15:00:00,17.182333333333332,400.64,0.0,91,0.5930733333333333,0.33,0.09675,0.05276
2023-06-15 16:00:00,16.429333333333332,420.07,0.0,91,0.4953566666666666,0.33,0.10490000000000001,0.05276
2023-06-15 17:00:00,2.4051666666666667,431.36,0.0,91,0.2690990476190476,0.33,0.12539,0.05276
2023-06-15 18:00:00,1.147,439.38,0.0,91,0.0415509523809523,0.33,0.1564,0.05276
2023-06-15 19:00:00,3.1605000000000003,443.55,0.0,91,0.00383,0.33,0.17951,0.05276
2023-06-15 20:00:00,6.677333333333333,439.61,0.0,91,0.0019561904761904,0.33,0.17149,0.05276
2023-06-15 21:00:00,12.3975,447.82,0.0,91,9.666666666666668e-05,0.33,0.15034,0.05276
2023-06-15 22:00:00,5.201333333333333,457.33,0.0,91,0.0,0.33,0.12519,0.05276
2023-06-15 23:00:00,0.2596666666666666,459.68,0.0,91,0.0,0.33,0.12616,0.05276
2023-06-16 00:00:00,0.266,465.16,0.0,91,0.0,0.33,0.12172,0.05276
2023-06-16 01:00:00,0.2648333333333333,465.62,0.0,91,0.0,0.33,0.11567,0.05276
2023-06-16 02:00:00,0.265,468.98,0.0,91,0.0,0.33,0.11278,0.05276
2023-06-16 03:00:00,0.2598333333333333,468.7,0.0,91,0.0,0.33,0.11315,0.05276
2023-06-16 04:00:00,0.265,458.65,0.0,91,0.0,0.33,0.11787,0.05276
2023-06-16 05:00:00,0.2648333333333333,444.49,0.0,91,0.0021495238095238,0.33,0.1425,0.05276
2023-06-16 06:00:00,0.262,437.31,0.0,91,0.0140242857142857,0.33,0.15418,0.05276
2023-06-16 07:00:00,0.2588333333333333,425.85,0.0,91,0.0271299999999999,0.33,0.14559,0.05276
2023-06-16 08:00:00,0.2625,407.94,0.0,91,0.0949423809523809,0.33,0.12415999999999999,0.05276
2023-06-16 09:00:00,12.982,403.2,0.0,91,0.1825657142857143,0.33,0.11220000000000001,0.05276
2023-06-16 10:00:00,18.1525,405.78,0.0,91,0.1738366666666667,0.33,0.10898999999999999,0.05276
2023-06-16 11:00:00,17.922,419.14,0.0,91,0.21426,0.33,0.10735,0.05276
2023-06-16 12:00:00,18.666,433.14,0.0,91,0.4488909523809524,0.33,0.10204,0.05276
2023-06-16 13:00:00,20.4985,443.25,0.0,91,0.5181495238095237,0.33,0.09969,0.05276
2023-06-16 14:00:00,20.1435,441.74,0.0,91,0.47117,0.33,0.10165,0.05276
2023-06-16 15:00:00,19.55366666666667,443.68,0.0,91,0.4183733333333333,0.33,0.10848999999999999,0.05276
2023-06-16 16:00:00,20.471833333333333,471.12,0.0,91,0.3558057142857143,0.33,0.11519,0.05276
2023-06-16 17:00:00,8.493666666666666,478.64,0.0,91,0.1948461904761904,0.33,0.13535,0.05276
2023-06-16 18:00:00,0.3951666666666666,477.71,0.0,91,0.2809585714285714,0.33,0.16197999999999999,0.05276
2023-06-16 19:00:00,1.645333333333333,481.23,0.0,91,0.0970814285714285,0.33,0.17518,0.05276
2023-06-16 20:00:00,4.2700000000000005,477.42,0.0,91,0.0202990476190476,0.33,0.17,0.05276
2023-06-16 21:00:00,8.5305,472.4,0.0,91,0.0009585714285714,0.33,0.15247,0.05276
2023-06-16 22:00:00,12.879833333333332,456.81,0.0,91,0.0,0.33,0.13499,0.05276
2023-06-16 23:00:00,0.0693333333333333,455.38,0.0,91,0.0,0.33,0.13081,0.05276
2023-06-17 00:00:00,0.0745,434.82,0.0,91,0.0,0.33,0.12279999999999999,0.05276
2023-06-17 01:00:00,0.0694999999999999,434.06,0.0,91,0.0,0.33,0.12007,0.05276
2023-06-17 02:00:00,0.0686666666666666,429.56,0.0,91,0.0,0.33,0.11652,0.05276
2023-06-17 03:00:00,0.0708333333333333,408.68,0.0,91,0.0,0.33,0.11108,0.05276
2023-06-17 04:00:00,0.0706666666666666,470.85,0.0,91,0.0004142857142857,0.33,0.11001000000000001,0.05276
2023-06-17 05:00:00,0.0678333333333333,472.61,0.0,91,0.0178985714285714,0.33,0.11045,0.05276
2023-06-17 06:00:00,0.0671666666666666,440.71,0.0,91,0.0690480952380952,0.33,0.10814,0.05276
2023-06-17 07:00:00,0.0718333333333333,421.26,0.0,91,0.1962571428571428,0.33,0.101,0.05276
2023-06-17 08:00:00,0.065,384.86,0.0,91,0.3565628571428571,0.33,0.09559999999999999,0.05276
2023-06-17 09:00:00,0.1478333333333333,370.36,0.0,91,0.4695580952380951,0.33,0.085,0.05276
2023-06-17 10:00:00,0.1733333333333332,368.83,0.0,91,0.5142309523809524,0.33,0.06999,0.05276
2023-06-17 11:00:00,0.2903333333333333,361.22,0.0,91,0.56938,0.33,0.059359999999999996,0.05276
2023-06-17 12:00:00,1.2813333333333332,359.96,0.0,91,0.5957933333333334,0.33,0.0484,0.05276
2023-06-17 13:00:00,3.6135,369.88,0.0,91,0.564152380952381,0.33,0.039380000000000005,0.05276
2023-06-17 14:00:00,7.508666666666667,421.5,0.0,91,0.5961057142857142,0.33,0.05608,0.05276
2023-06-17 15:00:00,14.0725,439.88,0.0,91,0.6087128571428572,0.33,0.085,0.05276
2023-06-17 16:00:00,1.1078333333333332,431.89,0.0,91,0.5257819047619048,0.33,0.10152,0.05276
2023-06-17 17:00:00,0.1718333333333332,448.29,0.0,91,0.3913785714285714,0.33,0.11531,0.05276
2023-06-17 18:00:00,0.1734999999999999,459.02,0.0,91,0.2210347619047619,0.33,0.13779,0.05276
2023-06-17 19:00:00,0.501,453.29,0.0,91,0.0942423809523809,0.33,0.14697,0.05276
2023-06-17 20:00:00,1.9351666666666667,449.19,0.0,91,0.021087619047619,0.33,0.15459,0.05276
2023-06-17 21:00:00,4.766500000000001,448.9,0.0,91,0.0007304761904761,0.33,0.1462,0.05276
2023-06-17 22:00:00,9.313833333333331,434.59,0.0,91,0.0,0.33,0.13665,0.05276
2023-06-17 23:00:00,11.213,434.82,0.0,91,0.0,0.33,0.12881,0.05276
2023-06-18 00:00:00,0.0658333333333333,427.8,0.0,91,0.0,0.33,0.11823,0.05276
2023-06-18 01:00:00,0.0653333333333333,425.32,0.0,91,0.0,0.33,0.11092,0.05276
2023-06-18 02:00:00,0.0654999999999999,422.84,0.0,91,0.0,0.33,0.10872,0.05276
2023-06-18 03:00:00,0.0725,414.86,0.0,91,0.0,0.33,0.10362,0.05276
2023-06-18 04:00:00,0.0666666666666666,409.16,0.0,91,0.0006066666666666,0.33,0.10235999999999999,0.05276
2023-06-18 05:00:00,0.0664999999999999,390.76,0.0,91,0.0163142857142857,0.33,0.09781000000000001,0.05276
2023-06-18 06:00:00,0.0648333333333333,343.81,0.0,91,0.0654214285714285,0.33,0.09206,0.05276
2023-06-18 07:00:00,0.0698333333333333,329.63,0.0,91,0.1986823809523809,0.33,0.085,0.05276
2023-06-18 08:00:00,0.0645,264.74,0.0,91,0.3536128571428571,0.33,0.07720999999999999,0.05276
2023-06-18 09:00:00,10.1435,254.31,0.0,91,0.4798038095238095,0.33,0.06322,0.05276
2023-06-18 10:00:00,16.4145,252.92,0.0,91,0.5966304761904762,0.33,0.05346,0.05276
2023-06-18 11:00:00,15.748666666666669,251.68,0.0,91,0.6137209523809524,0.33,0.045630000000000004,0.05276
2023-06-18 12:00:00,16.483833333333333,254.26,0.0,91,0.593097619047619,0.33,0.02898,0.05276
2023-06-18 13:00:00,15.682166666666667,271.17,0.0,91,0.5141204761904762,0.33,0.02466,0.05276
2023-06-18 14:00:00,14.795666666666667,298.31,0.0,91,0.651012030075188,0.33,0.04846,0.05276
2023-06-18 15:00:00,16.9475,329.34,0.0,91,0.5759309523809524,0.33,0.07418000000000001,0.05276
2023-06-18 16:00:00,18.85633333333333,373.05,0.0,91,0.4985819047619047,0.33,0.0935,0.05276
2023-06-18 17:00:00,20.51633333333333,428.16,0.0,91,0.3288147619047619,0.33,0.10723,0.05276
2023-06-18 18:00:00,20.53983333333333,464.85,0.0,91,0.2391919047619047,0.33,0.13056,0.05276
2023-06-18 19:00:00,16.216833333333334,452.87,0.0,91,0.0967938095238095,0.33,0.13963,0.05276
2023-06-18 20:00:00,19.79233333333333,459.94,0.0,91,0.0247923809523809,0.33,0.13732,0.05276
2023-06-18 21:00:00,14.937333333333331,446.85,0.0,91,0.0007671428571428,0.33,0.13826,0.05276
2023-06-18 22:00:00,14.543833333333334,421.82,0.0,91,0.0,0.33,0.11777,0.05276
2023-06-18 23:00:00,2.9251666666666662,426.03,0.0,91,0.0,0.33,0.10076,0.05276
2023-06-19 00:00:00,0.0688333333333333,447.9,0.0,91,0.0,0.33,0.09441,0.05276
2023-06-19 01:00:00,0.0684999999999999,438.14,0.0,91,0.0,0.33,0.08928,0.05276
2023-06-19 02:00:00,0.0685,437.87,0.0,91,0.0,0.33,0.09038,0.05276
2023-06-19 03:00:00,0.0741666666666666,439.95,0.0,91,0.0,0.33,0.09477,0.05276
2023-06-19 04:00:00,0.0678333333333333,436.17,0.0,91,0.0001771428571428,0.33,0.09666,0.05276
2023-06-19 05:00:00,0.0665,423.48,0.0,91,0.0179138095238095,0.33,0.11859,0.05276
2023-06-19 06:00:00,0.065,414.57,0.0,91,0.06686,0.33,0.13558,0.05276
2023-06-19 07:00:00,0.0708333333333333,395.18,0.0,91,0.1686657142857142,0.33,0.13366999999999998,0.05276
2023-06-19 08:00:00,0.1113333333333333,386.26,0.0,91,0.3343166666666666,0.33,0.11653,0.05276
2023-06-19 09:00:00,0.6136666666666667,388.61,0.0,91,0.4750585714285714,0.33,0.10501,0.05276
2023-06-19 10:00:00,4.320333333333333,385.71,0.0,91,0.5296780952380952,0.33,0.09793,0.05276
2023-06-19 11:00:00,9.7155,390.69,0.0,91,0.5587114285714286,0.33,0.09381,0.05276
2023-06-19 12:00:00,0.5133333333333333,403.18,0.0,91,0.5459909523809524,0.33,0.09015999999999999,0.05276
2023-06-19 13:00:00,1.7578333333333334,420.83,0.0,91,0.4942485714285714,0.33,0.08821,0.05276
2023-06-19 14:00:00,4.353833333333333,439.46,0.0,91,0.6642085714285714,0.33,0.09483,0.05276
2023-06-19 15:00:00,4.122833333333333,452.95,0.0,91,0.6520852380952381,0.33,0.09831999999999999,0.05276
2023-06-19 16:00:00,14.197666666666668,460.15,0.0,91,0.541037619047619,0.33,0.11008,0.05276
2023-06-19 17:00:00,15.678833333333335,466.38,0.0,91,0.4083309523809524,0.33,0.137,0.05276
2023-06-19 18:00:00,17.136,473.12,0.0,91,0.2553609523809524,0.33,0.17042,0.05276
2023-06-19 19:00:00,18.413833333333333,467.3,0.0,91,0.1017466666666666,0.33,0.19609000000000001,0.05276
2023-06-19 20:00:00,19.987666666666662,456.2,0.0,91,0.0196661904761904,0.33,0.17681,0.05276
2023-06-19 21:00:00,21.1335,458.11,0.0,91,0.001315238095238,0.33,0.14976,0.05276
2023-06-19 22:00:00,19.81833333333333,469.53,0.0,91,0.0,0.33,0.13635,0.05276
2023-06-19 23:00:00,13.973999999999998,479.75,0.0,91,0.0,0.33,0.12118999999999999,0.05276
2023-06-20 00:00:00,2.045833333333333,486.66,0.0,91,0.0,0.33,0.11170000000000001,0.05276
2023-06-20 01:00:00,0.2575,476.04,0.0,91,0.0,0.33,0.10359,0.05276
2023-06-20 02:00:00,0.2571666666666667,483.34,0.0,91,0.0,0.33,0.10219,0.05276
2023-06-20 03:00:00,0.2571666666666666,487.42,0.0,91,0.0,0.33,0.10182,0.05276
2023-06-20 04:00:00,0.2561666666666666,483.98,0.0,91,0.0003104761904761,0.33,0.10669,0.05276
2023-06-20 05:00:00,0.2556666666666666,464.41,0.0,91,0.0166271428571428,0.33,0.12994999999999998,0.05276
2023-06-20 06:00:00,0.2546666666666666,451.51,0.0,91,0.0666009523809523,0.33,0.145,0.05276
2023-06-20 07:00:00,0.2535,429.73,0.0,91,0.1987366666666666,0.33,0.14819,0.05276
2023-06-20 08:00:00,0.2561666666666666,419.59,0.0,91,0.3656447619047619,0.33,0.13072,0.05276
2023-06-20 09:00:00,0.4548333333333333,415.69,0.0,91,0.5095376190476191,0.33,0.11449,0.05276
2023-06-20 10:00:00,1.3623333333333332,414.38,0.0,91,0.6285871428571429,0.33,0.10561,0.05276
2023-06-20 11:00:00,3.589166666666667,401.4,0.0,91,0.690334761904762,0.33,0.10091,0.05276
2023-06-20 12:00:00,7.345666666666666,416.32,0.0,91,0.691284761904762,0.33,0.09565,0.05276
2023-06-20 13:00:00,13.595166666666666,431.92,0.0,91,0.6933395238095238,0.33,0.09523999999999999,0.05276
2023-06-20 14:00:00,2.7736666666666667,444.81,0.0,91,0.6903728571428572,0.33,0.1016,0.05276
2023-06-20 15:00:00,4.200500000000001,466.83,0.0,91,0.6426571428571428,0.33,0.10604999999999999,0.05276
2023-06-20 16:00:00,6.423166666666667,479.35,0.0,91,0.541162380952381,0.33,0.11896,0.05276
2023-06-20 17:00:00,10.291833333333331,477.95,0.0,91,0.405125238095238,0.33,0.14,0.05276
2023-06-20 18:00:00,12.249166666666667,488.57,0.0,91,0.2505233333333333,0.33,0.16059,0.05276
2023-06-20 19:00:00,12.314,493.17,0.0,91,0.1015504761904761,0.33,0.16508,0.05276
2023-06-20 20:00:00,15.756166666666669,491.77,0.0,91,0.0223590476190476,0.33,0.15,0.05276
2023-06-20 21:00:00,20.1255,489.12,0.0,91,0.0017019047619047,0.33,0.138,0.05276
2023-06-20 22:00:00,18.6935,500.53,0.0,91,0.0,0.33,0.12062,0.05276
2023-06-20 23:00:00,15.162833333333332,494.57,0.0,91,0.0,0.33,0.1197,0.05276
2023-06-21 00:00:00,11.489,487.49,0.0,91,0.0,0.33,0.11098000000000001,0.05276
2023-06-21 01:00:00,1.0143333333333333,495.78,0.0,91,0.0,0.33,0.10512,0.05276
2023-06-21 02:00:00,0.2676666666666666,496.73,0.0,91,0.0,0.33,0.104,0.05276
2023-06-21 03:00:00,0.2673333333333333,497.48,0.0,91,0.0,0.33,0.10384,0.05276
2023-06-21 04:00:00,0.267,491.14,0.0,91,0.0002619047619047,0.33,0.10712,0.05276
2023-06-21 05:00:00,0.2666666666666666,490.07,0.0,91,0.01582,0.33,0.12712,0.05276
2023-06-21 06:00:00,0.2668333333333333,478.57,0.0,91,0.0657323809523809,0.33,0.13767,0.05276
2023-06-21 07:00:00,0.2653333333333333,442.86,0.0,91,0.1956342857142857,0.33,0.14493,0.05276
2023-06-21 08:00:00,0.2701666666666666,428.46,0.0,91,0.3619104761904761,0.33,0.12675,0.05276
2023-06-21 09:00:00,0.2996666666666666,412.16,0.0,91,0.5043080952380952,0.33,0.11054,0.05276
2023-06-21 10:00:00,0.3191666666666666,391.59,0.0,91,0.6221261904761904,0.33,0.10404000000000001,0.05276
2023-06-21 11:00:00,0.3085,390.29,0.0,91,0.6762295238095237,0.33,0.09852,0.05276
2023-06-21 12:00:00,0.2058333333333333,397.12,0.0,91,0.689797619047619,0.33,0.09551000000000001,0.05276
2023-06-21 13:00:00,0.1379999999999999,416.07,0.0,91,0.6846447619047619,0.33,0.09292,0.05276
2023-06-21 14:00:00,0.1141666666666666,436.78,0.0,91,0.6640257142857142,0.33,0.09823,0.05276
2023-06-21 15:00:00,0.1058333333333333,457.24,0.0,91,0.6255685714285715,0.33,0.10058,0.05276
2023-06-21 16:00:00,0.0693333333333333,460.39,0.0,91,0.5294114285714285,0.33,0.11429,0.05276
2023-06-21 17:00:00,0.0716666666666666,444.07,0.0,91,0.4027319047619048,0.33,0.13878000000000001,0.05276
2023-06-21 18:00:00,0.0736666666666666,445.11,0.0,91,0.2412871428571428,0.33,0.16773,0.05276
2023-06-21 19:00:00,0.0723333333333333,447.49,0.0,91,0.1021961904761904,0.33,0.19061,0.05276
2023-06-21 20:00:00,0.3293333333333333,445.1,0.0,91,0.0224628571428571,0.33,0.18056,0.05276
2023-06-21 21:00:00,8.359,446.48,0.0,91,0.0014090476190476,0.33,0.15491999999999997,0.05276
2023-06-21 22:00:00,8.319166666666666,425.05,0.0,91,0.0,0.33,0.13508,0.05276
2023-06-21 23:00:00,0.497,422.38,0.0,91,0.0,0.33,0.13332,0.05276
2023-06-22 00:00:00,0.0751666666666666,420.64,0.0,91,0.0,0.33,0.12448000000000001,0.05276
2023-06-22 01:00:00,0.0748333333333333,416.92,0.0,91,0.0,0.33,0.11633,0.05276
2023-06-22 02:00:00,0.0686666666666666,416.62,0.0,91,0.0,0.33,0.1114,0.05276
2023-06-22 03:00:00,0.0751666666666666,414.92,0.0,91,0.0,0.33,0.10701999999999999,0.05276
2023-06-22 04:00:00,0.0756666666666666,411.79,0.0,91,0.000295238095238,0.33,0.11612,0.05276
2023-06-22 05:00:00,0.0688333333333333,405.96,0.0,91,0.0155519047619047,0.33,0.13854,0.05276
2023-06-22 06:00:00,0.074,394.19,0.0,91,0.0624652380952381,0.33,0.15415,0.05276
2023-06-22 07:00:00,0.0705,378.82,0.0,91,0.1919385714285714,0.33,0.15506,0.05276
2023-06-22 08:00:00,0.0655,369.6,0.0,91,0.3550104761904762,0.33,0.13140000000000002,0.05276
2023-06-22 09:00:00,0.1211666666666666,367.65,0.0,91,0.4961685714285714,0.33,0.11616,0.05276
2023-06-22 10:00:00,0.304,368.24,0.0,91,0.6031933333333332,0.33,0.10794,0.05276
2023-06-22 11:00:00,10.546333333333331,372.11,0.0,91,0.6752328571428571,0.33,0.10754999999999999,0.05276
2023-06-22 12:00:00,12.682,379.82,0.0,91,0.661557142857143,0.33,0.1072,0.05276
2023-06-22 13:00:00,16.862333333333336,387.94,0.0,91,0.6633171428571428,0.33,0.10686,0.05276
2023-06-22 14:00:00,10.224666666666666,394.63,0.0,91,0.6379966666666667,0.33,0.10721,0.05276
2023-06-22 15:00:00,8.3105,414.24,0.0,91,0.6251909523809523,0.33,0.10822,0.05276
2023-06-22 16:00:00,0.2526666666666666,432.36,0.0,91,0.5353485714285714,0.33,0.12594,0.05276
2023-06-22 17:00:00,0.2521666666666666,432.26,0.0,91,0.4016190476190476,0.33,0.1373,0.05276
2023-06-22 18:00:00,3.0773333333333333,427.62,0.0,91,0.2410119047619048,0.33,0.15743000000000001,0.05276
2023-06-22 19:00:00,15.0425,430.66,0.0,91,0.1102838095238095,0.33,0.15882,0.05276
2023-06-22 20:00:00,1.856666666666667,426.89,0.0,91,0.0238819047619047,0.33,0.14718,0.05276
2023-06-22 21:00:00,0.259,422.65,0.0,91,0.0009042857142857,0.33,0.13434000000000001,0.05276
2023-06-22 22:00:00,0.258,406.28,0.0,91,0.0,0.33,0.12106,0.05276
2023-06-22 23:00:00,0.2591666666666666,406.2,0.0,91,0.0,0.33,0.10493000000000001,0.05276
2023-06-23 00:00:00,0.2588333333333333,407.18,0.0,91,0.0,0.33,0.0952,0.05276
2023-06-23 01:00:00,0.2586666666666666,421.2,0.0,91,0.0,0.33,0.09179000000000001,0.05276
2023-06-23 02:00:00,0.258,412.74,0.0,91,0.0,0.33,0.09128,0.05276
2023-06-23 03:00:00,0.2583333333333333,418.58,0.0,91,0.0,0.33,0.09094,0.05276
2023-06-23 04:00:00,0.2583333333333333,406.55,0.0,91,0.0003399999999999,0.33,0.09456,0.05276
2023-06-23 05:00:00,0.2578333333333333,403.91,0.0,91,0.0187642857142857,0.33,0.11509,0.05276
2023-06-23 06:00:00,0.2575,382.47,0.0,91,0.0731966666666666,0.33,0.13208,0.05276
2023-06-23 07:00:00,0.2561666666666666,368.08,0.0,91,0.0610247619047619,0.33,0.13422,0.05276
2023-06-23 08:00:00,0.2561666666666666,366.88,0.0,91,0.0161571428571428,0.33,0.12472,0.05276
2023-06-23 09:00:00,0.256,369.33,0.0,91,0.1107880952380952,0.33,0.11165,0.05276
2023-06-23 10:00:00,0.2121666666666666,369.85,0.0,91,0.1307947619047619,0.33,0.09811,0.05276
2023-06-23 11:00:00,0.1683333333333333,368.99,0.0,91,0.4099776190476191,0.33,0.09436,0.05276
2023-06-23 12:00:00,0.0898333333333333,367.56,0.0,91,0.7149933333333334,0.33,0.09047,0.05276
2023-06-23 13:00:00,0.208,385.88,0.0,91,0.5087552380952381,0.33,0.10074,0.05276
2023-06-23 14:00:00,4.867500000000001,388.75,0.0,91,0.5445319047619047,0.33,0.10087,0.05276
2023-06-23 15:00:00,9.923333333333334,403.71,0.0,91,0.2475633333333333,0.33,0.10948999999999999,0.05276
2023-06-23 16:00:00,15.632333333333335,410.63,0.0,91,0.2010057142857143,0.33,0.11574,0.05276
2023-06-23 17:00:00,5.722333333333334,425.77,0.0,91,0.3001128571428572,0.33,0.11564,0.05276
2023-06-23 18:00:00,0.1731666666666666,433.27,0.0,91,0.084987619047619,0.33,0.13208,0.05276
2023-06-23 19:00:00,0.1798333333333333,433.58,0.0,91,0.0486066666666666,0.33,0.1371,0.05276
2023-06-23 20:00:00,0.1746666666666666,431.32,0.0,91,0.02667,0.33,0.13506,0.05276
2023-06-23 21:00:00,0.0684999999999999,435.37,0.0,91,0.0021090476190476,0.33,0.13184,0.05276
2023-06-23 22:00:00,0.0745,403.26,0.0,91,0.0,0.33,0.12323,0.05276
2023-06-23 23:00:00,0.0699999999999999,390.98,0.0,91,0.0,0.33,0.11712,0.05276
2023-06-24 00:00:00,0.0733333333333333,343.69,0.0,91,0.0,0.33,0.10956,0.05276
2023-06-24 01:00:00,0.0745,341.47,0.0,91,0.0,0.33,0.10275,0.05276
2023-06-24 02:00:00,0.0668333333333333,342.77,0.0,91,0.0,0.33,0.10031,0.05276
2023-06-24 03:00:00,0.0741666666666666,348.08,0.0,91,0.0,0.33,0.09433,0.05276
2023-06-24 04:00:00,0.0696666666666666,327.38,0.0,91,0.0002238095238095,0.33,0.09190000000000001,0.05276
2023-06-24 05:00:00,0.0728333333333333,322.92,0.0,91,0.0128528571428571,0.33,0.09133,0.05276
2023-06-24 06:00:00,0.0741666666666666,322.68,0.0,91,0.0660514285714285,0.33,0.09231,0.05276
2023-06-24 07:00:00,0.0659999999999999,317.6,0.0,91,0.1818266666666666,0.33,0.09057,0.05276
2023-06-24 08:00:00,0.0716666666666666,305.44,0.0,91,0.3553285714285714,0.33,0.08169,0.05276
2023-06-24 09:00:00,0.0666666666666666,308.19,0.0,91,0.4741090476190476,0.33,0.057640000000000004,0.05276
2023-06-24 10:00:00,0.0705,289.98,0.0,91,0.5359409523809524,0.33,0.025,0.05276
2023-06-24 11:00:00,0.0728333333333333,270.5,0.0,91,0.4863342857142858,0.33,0.01499,0.05276
2023-06-24 12:00:00,0.1099999999999999,269.67,0.0,91,0.6486328571428571,0.33,0.0019,0.05276
2023-06-24 13:00:00,6.561833333333333,290.3,0.0,91,0.6098228571428572,0.33,0.00031,0.05276
2023-06-24 14:00:00,6.194500000000001,310.28,0.0,91,0.5765195238095239,0.33,0.01,0.05276
2023-06-24 15:00:00,10.243666666666666,330.84,0.0,91,0.4597761904761904,0.33,0.0282,0.05276
2023-06-24 16:00:00,11.555166666666668,352.61,0.0,91,0.3722961904761904,0.33,0.08098000000000001,0.05276
2023-06-24 17:00:00,10.440166666666666,376.4,0.0,91,0.2384119047619047,0.33,0.09936,0.05276
2023-06-24 18:00:00,6.962666666666666,380.75,0.0,91,0.1724509523809523,0.33,0.12900999999999999,0.05276
2023-06-24 19:00:00,0.086,385.67,0.0,91,0.0815447619047619,0.33,0.13958,0.05276
2023-06-24 20:00:00,0.0689999999999999,388.45,0.0,91,0.0148790476190476,0.33,0.14671,0.05276
2023-06-24 21:00:00,0.074,392.97,0.0,91,0.0009119047619047,0.33,0.13040000000000002,0.05276
2023-06-24 22:00:00,0.0698333333333333,402.3,0.0,91,0.0,0.33,0.11831,0.05276
2023-06-24 23:00:00,0.0723333333333333,389.79,0.0,91,0.0,0.33,0.12043999999999999,0.05276
2023-06-25 00:00:00,0.0741666666666666,367.47,0.0,91,0.0,0.33,0.11270000000000001,0.05276
2023-06-25 01:00:00,0.0664999999999999,362.4,0.0,91,0.0,0.33,0.10758,0.05276
2023-06-25 02:00:00,0.0731666666666666,355.16,0.0,91,0.0,0.33,0.10518999999999999,0.05276
2023-06-25 03:00:00,0.0703333333333333,360.53,0.0,91,0.0,0.33,0.10159,0.05276
2023-06-25 04:00:00,0.0693333333333333,361.8,0.0,91,0.0001609523809523,0.33,0.0987,0.05276
2023-06-25 05:00:00,0.073,342.33,0.0,91,0.0149185714285714,0.33,0.08735,0.05276
2023-06-25 06:00:00,0.0661666666666666,294.73,0.0,91,0.0577128571428571,0.33,0.07869,0.05276
2023-06-25 07:00:00,0.0723333333333333,272.88,0.0,91,0.1746423809523809,0.33,0.054,0.05276
2023-06-25 08:00:00,0.0703333333333333,257.42,0.0,91,0.2661709523809524,0.33,0.032549999999999996,0.05276
2023-06-25 09:00:00,0.0674999999999999,247.81,0.0,91,0.4632923809523809,0.33,0.009689999999999999,0.05276
2023-06-25 10:00:00,0.3048333333333333,248.91,0.0,91,0.5992485714285715,0.33,0.0001,0.05276
2023-06-25 11:00:00,10.742166666666668,250.1,0.0,91,0.5260290726817043,0.33,0.0,0.05276
2023-06-25 12:00:00,7.569333333333333,252.56,0.0,91,0.3792814285714286,0.33,-0.00011,0.05276
2023-06-25 13:00:00,7.138166666666667,256.45,0.0,91,0.3083785714285714,0.33,-0.00011999999999999999,0.05276
2023-06-25 14:00:00,13.6895,274.57,0.0,91,0.2668133333333333,0.33,-5.9999999999999995e-05,0.05276
2023-06-25 15:00:00,4.297833333333333,330.15,0.0,91,0.2603761904761905,0.33,0.009689999999999999,0.05276
2023-06-25 16:00:00,11.328166666666666,365.53,0.0,91,0.5104957142857143,0.33,0.07115,0.05276
2023-06-25 17:00:00,15.760166666666665,383.31,0.0,91,0.3188728571428571,0.33,0.10577,0.05276
2023-06-25 18:00:00,13.377666666666665,366.56,0.0,91,0.1670395238095238,0.33,0.12609,0.05276
2023-06-25 19:00:00,14.223666666666666,362.1,0.0,91,0.0988204761904762,0.33,0.15347,0.05276
2023-06-25 20:00:00,5.788833333333333,368.3,0.0,91,0.0214442857142857,0.33,0.16225,0.05276
2023-06-25 21:00:00,0.0676666666666666,359.26,0.0,91,0.00122,0.33,0.14477,0.05276
2023-06-25 22:00:00,0.0668333333333333,404.1,0.0,91,0.0,0.33,0.119,0.05276
2023-06-25 23:00:00,0.0726666666666666,416.63,0.0,91,0.0,0.33,0.1176,0.05276
2023-06-26 00:00:00,0.0691666666666666,429.67,0.0,91,0.0,0.33,0.10758,0.05276
2023-06-26 01:00:00,0.0689999999999999,434.95,0.0,91,0.0,0.33,0.09489,0.05276
2023-06-26 02:00:00,0.0693333333333333,443.54,0.0,91,0.0,0.33,0.08728,0.05276
2023-06-26 03:00:00,0.0756666666666666,461.99,0.0,91,0.0,0.33,0.08606,0.05276
2023-06-26 04:00:00,0.0696666666666666,447.16,0.0,91,0.0006028571428571,0.33,0.10081,0.05276
2023-06-26 05:00:00,0.0676666666666666,428.1,0.0,91,0.01992,0.33,0.12422,0.05276
2023-06-26 06:00:00,0.0679999999999999,404.38,0.0,91,0.0762923809523809,0.33,0.13205,0.05276
2023-06-26 07:00:00,0.0694999999999999,375.27,0.0,91,0.1719766666666666,0.33,0.12048,0.05276
2023-06-26 08:00:00,0.0651666666666666,331.39,0.0,91,0.3302933333333333,0.33,0.10152,0.05276
2023-06-26 09:00:00,0.0701666666666666,324.39,0.0,91,0.4653528571428572,0.33,0.0879,0.05276
2023-06-26 10:00:00,2.7566666666666664,297.52,0.0,91,0.5697404761904762,0.33,0.08288,0.05276
2023-06-26 11:00:00,8.188333333333334,303.77,0.0,91,0.6090538095238095,0.33,0.07895,0.05276
2023-06-26 12:00:00,12.386166666666668,313.39,0.0,91,0.6084190476190476,0.33,0.07219,0.05276
2023-06-26 13:00:00,7.743833333333334,326.93,0.0,91,0.5082323809523809,0.33,0.08656,0.05276
2023-06-26 14:00:00,2.1638333333333333,342.28,0.0,91,0.3436104761904762,0.33,0.116,0.05276
2023-06-26 15:00:00,11.278833333333331,365.56,0.0,91,0.5626099999999999,0.33,0.11256000000000001,0.05276
2023-06-26 16:00:00,8.458499999999999,411.74,0.0,91,0.2855985714285714,0.33,0.09441,0.05276
2023-06-26 17:00:00,9.204666666666666,433.05,0.0,91,0.2105390476190476,0.33,0.11592,0.05276
2023-06-26 18:00:00,16.184,438.97,0.0,91,0.1606680952380952,0.33,0.12925999999999999,0.05276
2023-06-26 19:00:00,10.640333333333333,443.7,0.0,91,0.0418519047619047,0.33,0.1382,0.05276
2023-06-26 20:00:00,2.0141666666666667,454.37,0.0,91,0.0091038095238095,0.33,0.14251,0.05276
2023-06-26 21:00:00,0.2536666666666666,456.39,0.0,91,0.0001533333333333,0.33,0.13675,0.05276
2023-06-26 22:00:00,0.2555,474.68,0.0,91,0.0,0.33,0.12337999999999999,0.05276
2023-06-26 23:00:00,0.2555,472.31,0.0,91,0.0,0.33,0.11427,0.05276
2023-06-27 00:00:00,0.2551666666666666,475.25,0.0,91,0.0,0.33,0.10078,0.05276
2023-06-27 01:00:00,0.2553333333333333,482.05,0.0,91,0.0,0.33,0.09337999999999999,0.05276
2023-06-27 02:00:00,0.2555,482.09,0.0,91,0.0,0.33,0.09406999999999999,0.05276
2023-06-27 03:00:00,0.2535,489.0,0.0,91,0.0,0.33,0.08903,0.05276
2023-06-27 04:00:00,0.2525,478.86,0.0,91,0.0001095238095238,0.33,0.09217,0.05276
2023-06-27 05:00:00,0.253,484.16,0.0,91,0.0169114285714285,0.33,0.11529,0.05276
2023-06-27 06:00:00,0.2538333333333333,474.58,0.0,91,0.0586642857142857,0.33,0.13,0.05276
2023-06-27 07:00:00,0.253,457.99,0.0,91,0.1842209523809523,0.33,0.12719,0.05276
2023-06-27 08:00:00,0.2678333333333333,434.23,0.0,91,0.3401442857142857,0.33,0.10224,0.05276
2023-06-27 09:00:00,0.2963333333333333,420.07,0.0,91,0.5012452380952381,0.33,0.09,0.05276
2023-06-27 10:00:00,0.3253333333333333,412.44,0.0,91,0.5569728571428572,0.33,0.08351,0.05276
2023-06-27 11:00:00,4.991833333333333,415.21,0.0,91,0.600804761904762,0.33,0.07839,0.05276
2023-06-27 12:00:00,8.523833333333334,401.16,0.0,91,0.5537214285714285,0.33,0.07553,0.05276
2023-06-27 13:00:00,2.123,414.31,0.0,91,0.1952171428571428,0.33,0.07906,0.05276
2023-06-27 14:00:00,9.645666666666664,425.27,0.0,91,0.115137619047619,0.33,0.08391,0.05276
2023-06-27 15:00:00,8.696,469.88,0.0,91,0.2315214285714285,0.33,0.08904999999999999,0.05276
2023-06-27 16:00:00,4.126833333333333,490.08,0.0,91,0.3026428571428571,0.33,0.0964,0.05276
2023-06-27 17:00:00,13.501333333333331,511.81,0.0,91,0.147415238095238,0.33,0.11429,0.05276
2023-06-27 18:00:00,2.6645,524.4,0.0,91,0.0742823809523809,0.33,0.13172999999999999,0.05276
2023-06-27 19:00:00,12.956833333333334,527.04,0.0,91,0.0268104761904761,0.33,0.13944,0.05276
2023-06-27 20:00:00,3.495833333333333,521.88,0.0,91,0.0156614285714285,0.33,0.13573,0.05276
2023-06-27 21:00:00,4.792833333333333,540.17,0.0,91,0.0006285714285714,0.33,0.12506,0.05276
2023-06-27 22:00:00,0.269,543.9,0.0,91,0.0,0.33,0.11616,0.05276
2023-06-27 23:00:00,0.2696666666666666,525.1,0.0,91,0.0,0.33,0.09836,0.05276
2023-06-28 00:00:00,0.269,527.53,0.0,91,0.0,0.33,0.09059,0.05276
2023-06-28 01:00:00,0.2691666666666666,527.37,0.0,91,0.0,0.33,0.08721999999999999,0.05276
2023-06-28 02:00:00,0.2681666666666666,517.29,0.0,91,0.0,0.33,0.08629,0.05276
2023-06-28 03:00:00,0.2673333333333333,516.51,0.0,91,0.0,0.33,0.08717,0.05276
2023-06-28 04:00:00,0.267,507.54,0.0,91,0.0,0.33,0.09415000000000001,0.05276
2023-06-28 05:00:00,0.2673333333333333,490.1,0.0,91,0.0104647619047619,0.33,0.11564,0.05276
2023-06-28 06:00:00,0.2711666666666666,463.28,0.0,91,0.0377095238095238,0.33,0.13,0.05276
2023-06-28 07:00:00,0.2651666666666667,450.38,0.0,91,0.1382409523809523,0.33,0.12738,0.05276
2023-06-28 08:00:00,0.2646666666666666,444.23,0.0,91,0.3382033333333333,0.33,0.11373,0.05276
2023-06-28 09:00:00,0.295,434.06,0.0,91,0.4017042857142858,0.33,0.10189,0.05276
2023-06-28 10:00:00,0.354,433.72,0.0,91,0.5661833333333333,0.33,0.0993,0.05276
2023-06-28 11:00:00,0.6578333333333334,436.23,0.0,91,0.6170185714285714,0.33,0.10118,0.05276
2023-06-28 12:00:00,0.2673333333333332,436.17,0.0,91,0.5609961904761905,0.33,0.09742,0.05276
2023-06-28 13:00:00,0.1733333333333333,436.62,0.0,91,0.5955133333333334,0.33,0.09559000000000001,0.05276
2023-06-28 14:00:00,0.163,456.25,0.0,91,0.6576857142857143,0.33,0.09539,0.05276
2023-06-28 15:00:00,0.1633333333333333,468.46,0.0,91,0.5759166666666666,0.33,0.09759999999999999,0.05276
2023-06-28 16:00:00,0.13,489.62,0.0,91,0.47435,0.33,0.10708,0.05276
2023-06-28 17:00:00,0.1361666666666666,506.98,0.0,91,0.32432,0.33,0.13061,0.05276
2023-06-28 18:00:00,0.1016666666666666,513.67,0.0,91,0.2098619047619047,0.33,0.15574000000000002,0.05276
2023-06-28 19:00:00,0.0721666666666666,512.46,0.0,91,0.1003666666666666,0.33,0.1657,0.05276
2023-06-28 20:00:00,0.074,509.95,0.0,91,0.0193123809523809,0.33,0.15744,0.05276
2023-06-28 21:00:00,0.0681666666666666,514.37,0.0,91,0.0011571428571428,0.33,0.13956,0.05276
2023-06-28 22:00:00,0.0743333333333333,529.32,0.0,91,0.0,0.33,0.1211,0.05276
2023-06-28 23:00:00,0.0746666666666666,547.25,0.0,91,0.0,0.33,0.11946,0.05276
2023-06-29 00:00:00,0.0679999999999999,558.95,0.0,91,0.0,0.33,0.11005,0.05276
2023-06-29 01:00:00,0.075,559.47,0.0,91,0.0,0.33,0.10172,0.05276
2023-06-29 02:00:00,0.0743333333333333,559.49,0.0,91,0.0,0.33,0.09802,0.05276
2023-06-29 03:00:00,0.0696666666666666,549.4,0.0,91,0.0,0.33,0.09975,0.05276
2023-06-29 04:00:00,0.074,542.49,0.0,91,0.0001933333333333,0.33,0.10409,0.05276
2023-06-29 05:00:00,0.0705,521.89,0.0,91,0.0138442857142857,0.33,0.12178,0.05276
2023-06-29 06:00:00,0.0708333333333333,493.82,0.0,91,0.0662980952380952,0.33,0.13047,0.05276
2023-06-29 07:00:00,0.0718333333333333,478.47,0.0,91,0.1802185714285714,0.33,0.13031,0.05276
2023-06-29 08:00:00,0.1181666666666666,464.94,0.0,91,0.3267847619047618,0.33,0.11639000000000001,0.05276
2023-06-29 09:00:00,5.0405,454.72,0.0,91,0.4139571428571429,0.33,0.10595,0.05276
2023-06-29 10:00:00,2.0541666666666667,445.96,0.0,91,0.3853523809523809,0.33,0.0986,0.05276
2023-06-29 11:00:00,1.1078333333333334,451.59,0.0,91,0.551745238095238,0.33,0.09981,0.05276
2023-06-29 12:00:00,1.1608333333333334,456.35,0.0,91,0.5049095238095238,0.33,0.09813,0.05276
2023-06-29 13:00:00,1.7561666666666664,473.09,0.0,91,0.6038728571428572,0.33,0.0986,0.05276
2023-06-29 14:00:00,4.815166666666666,483.65,0.0,91,0.5662452380952381,0.33,0.1,0.05276
2023-06-29 15:00:00,6.949000000000001,504.58,0.0,91,0.555337619047619,0.33,0.10112,0.05276
2023-06-29 16:00:00,5.152,525.79,0.0,91,0.4090109523809523,0.33,0.11203,0.05276
2023-06-29 17:00:00,0.2986666666666666,548.78,0.0,91,0.37135,0.33,0.13216,0.05276
2023-06-29 18:00:00,0.262,550.56,0.0,91,0.2462971428571428,0.33,0.16461,0.05276
2023-06-29 19:00:00,0.2596666666666666,552.74,0.0,91,0.0988790476190476,0.33,0.17097,0.05276
2023-06-29 20:00:00,0.261,549.4,0.0,91,0.0198538095238095,0.33,0.15611000000000003,0.05276
2023-06-29 21:00:00,0.2616666666666666,547.6,0.0,91,0.0013257142857142,0.33,0.1452,0.05276
2023-06-29 22:00:00,0.2591666666666666,551.89,0.0,91,0.0,0.33,0.12104000000000001,0.05276
2023-06-29 23:00:00,0.8865,551.17,0.0,91,0.0,0.33,0.11603,0.05276
2023-06-30 00:00:00,1.149333333333333,549.83,0.0,91,0.0,0.33,0.10345,0.05276
2023-06-30 01:00:00,0.6756666666666667,550.03,0.0,91,0.0,0.33,0.0979,0.05276
2023-06-30 02:00:00,0.3021666666666666,548.3,0.0,91,0.0,0.33,0.09863,0.05276
2023-06-30 03:00:00,0.2595,546.03,0.0,91,0.0,0.33,0.09739,0.05276
2023-06-30 04:00:00,0.2591666666666666,542.18,0.0,91,0.0001642857142857,0.33,0.10747,0.05276
2023-06-30 05:00:00,0.2586666666666666,533.31,0.0,91,0.011975238095238,0.33,0.1268,0.05276
2023-06-30 06:00:00,0.258,508.25,0.0,91,0.0567785714285714,0.33,0.13755,0.05276
2023-06-30 07:00:00,0.2571666666666667,492.89,0.0,91,0.1837385714285714,0.33,0.1325,0.05276
2023-06-30 08:00:00,0.2565,494.52,0.0,91,0.3167201465201465,0.33,0.12481999999999999,0.05276
2023-06-30 09:00:00,0.2576666666666666,494.17,0.0,91,0.4788050125313283,0.33,0.10936,0.05276
2023-06-30 10:00:00,5.615333333333333,495.21,0.0,91,0.6017257142857142,0.33,0.1027,0.05276
2023-06-30 11:00:00,6.781333333333333,498.79,0.0,91,0.6607852380952381,0.33,0.09988,0.05276
2023-06-30 12:00:00,6.650333333333333,503.28,0.0,91,0.6456628571428571,0.33,0.09157,0.05276
2023-06-30 13:00:00,6.542333333333333,494.96,0.0,91,0.6459928571428571,0.33,0.08846,0.05276
2023-06-30 14:00:00,6.113833333333333,497.69,0.0,91,0.6215433333333333,0.33,0.09051999999999999,0.05276
2023-06-30 15:00:00,6.524666666666666,526.07,0.0,91,0.5814080952380952,0.33,0.09813,0.05276
2023-06-30 16:00:00,6.787833333333334,534.59,0.0,91,0.4700361904761904,0.33,0.10726999999999999,0.05276
2023-06-30 17:00:00,2.9251666666666662,539.99,0.0,91,0.36546,0.33,0.12278,0.05276
2023-06-30 18:00:00,4.447333333333334,548.8,0.0,91,0.2470690476190476,0.33,0.12684,0.05276
2023-06-30 19:00:00,2.323,551.45,0.0,91,0.0972895238095238,0.33,0.13911,0.05276
2023-06-30 20:00:00,0.2428333333333333,556.77,0.0,91,0.0202247619047619,0.33,0.13669,0.05276
2023-06-30 21:00:00,0.1259999999999999,561.02,0.0,91,0.001487619047619,0.33,0.12306,0.05276
2023-06-30 22:00:00,0.079,544.11,0.0,91,0.0,0.33,0.10947,0.05276
2023-06-30 23:00:00,0.0756666666666666,491.73,0.0,91,0.0,0.33,0.11559,0.05276
2023-07-01 00:00:00,0.0703333333333333,411.55,0.0,91,0.0,0.33,0.11448,0.05156
2023-07-01 01:00:00,0.0766666666666666,396.62,0.0,91,0.0,0.33,0.10865999999999999,0.05156
2023-07-01 02:00:00,0.0703333333333333,392.71,0.0,91,0.0,0.33,0.10643999999999999,0.05156
2023-07-01 03:00:00,0.0751666666666666,390.12,0.0,91,0.0,0.33,0.10391,0.05156
2023-07-01 04:00:00,0.0761666666666666,359.6,0.0,91,0.0001547619047619,0.33,0.09295,0.05156
2023-07-01 05:00:00,0.0708333333333333,343.97,0.0,91,0.011735238095238,0.33,0.08985,0.05156
2023-07-01 06:00:00,0.0763333333333333,310.7,0.0,91,0.0545295238095238,0.33,0.09559000000000001,0.05156
2023-07-01 07:00:00,0.0706666666666666,308.18,0.0,91,0.1850066666666666,0.33,0.08317000000000001,0.05156
2023-07-01 08:00:00,0.0741666666666666,297.26,0.0,91,0.3415604761904762,0.33,0.0644,0.05156
2023-07-01 09:00:00,0.0748333333333333,287.17,0.0,91,0.4854604761904762,0.33,0.04381,0.05156
2023-07-01 10:00:00,0.0826666666666666,290.42,0.0,91,0.5953014285714285,0.33,0.02461,0.05156
2023-07-01 11:00:00,0.9251666666666668,282.41,0.0,91,0.6441666666666667,0.33,0.016829999999999998,0.05156
2023-07-01 12:00:00,0.8703333333333333,282.46,0.0,91,0.6478766666666667,0.33,0.00443,0.05156
2023-07-01 13:00:00,0.1726666666666666,295.27,0.0,91,0.6344366666666666,0.33,7.000000000000001e-05,0.05156
2023-07-01 14:00:00,0.2545,309.91,0.0,91,0.6192528571428572,0.33,0.00094,0.05156
2023-07-01 15:00:00,0.7319999999999999,322.73,0.0,91,0.5979066666666667,0.33,0.012,0.05156
2023-07-01 16:00:00,0.4653333333333333,327.68,0.0,91,0.5131966666666666,0.33,0.05243,0.05156
2023-07-01 17:00:00,0.5471666666666667,357.9,0.0,91,0.3883,0.33,0.07484,0.05156
2023-07-01 18:00:00,0.0916666666666666,351.31,0.0,91,0.2417095238095238,0.33,0.10016,0.05156
2023-07-01 19:00:00,0.0754999999999999,345.92,0.0,91,0.0992433333333333,0.33,0.10492,0.05156
2023-07-01 20:00:00,0.0684999999999999,344.56,0.0,91,0.0191957142857142,0.33,0.10234,0.05156
2023-07-01 21:00:00,0.075,353.41,0.0,91,0.00144,0.33,0.10046,0.05156
2023-07-01 22:00:00,0.0699999999999999,359.53,0.0,91,0.0,0.33,0.08986,0.05156
2023-07-01 23:00:00,0.0731666666666666,358.17,0.0,91,0.0,0.33,0.01645,0.05156
2023-07-02 00:00:00,0.0766666666666666,364.23,0.0,91,0.0,0.33,0.00317,0.05156
2023-07-02 01:00:00,0.0701666666666666,375.05,0.0,91,0.0,0.33,1e-05,0.05156
2023-07-02 02:00:00,0.0763333333333333,379.37,0.0,91,0.0,0.33,0.0,0.05156
2023-07-02 03:00:00,0.071,386.23,0.0,91,0.0,0.33,-2e-05,0.05156
2023-07-02 04:00:00,0.0733333333333333,366.6,0.0,91,0.0001466666666666,0.33,-5e-05,0.05156
2023-07-02 05:00:00,0.0756666666666666,342.37,0.0,91,0.0118623809523809,0.33,0.0,0.05156
2023-07-02 06:00:00,0.0684999999999999,327.33,0.0,91,0.0546947619047619,0.33,-0.00013000000000000002,0.05156
2023-07-02 07:00:00,0.0755,310.32,0.0,91,0.1834152380952381,0.33,-0.00083,0.05156
2023-07-02 08:00:00,0.0703333333333333,301.34,0.0,91,0.3426347619047619,0.33,0.00318,0.05156
2023-07-02 09:00:00,0.0755,288.14,0.0,91,0.4811233333333333,0.33,0.0125,0.05156
2023-07-02 10:00:00,5.738333333333333,280.05,0.0,91,0.5876590476190476,0.33,0.02521,0.05156
2023-07-02 11:00:00,6.339666666666666,276.73,0.0,91,0.6218609523809524,0.33,0.04513,0.05156
2023-07-02 12:00:00,6.353666666666666,277.57,0.0,91,0.6186974489795919,0.33,-0.013349999999999999,0.05156
2023-07-02 13:00:00,6.1345,278.94,0.0,91,0.5982090476190476,0.33,0.08,0.05156
2023-07-02 14:00:00,6.349833333333333,294.63,0.0,91,0.5864695238095239,0.33,0.04856,0.05156
2023-07-02 15:00:00,6.468833333333333,308.95,0.0,91,0.5706514285714286,0.33,0.04979,0.05156
2023-07-02 16:00:00,6.507833333333333,333.64,0.0,91,0.5078952380952381,0.33,0.046329999999999996,0.05156
2023-07-02 17:00:00,6.411666666666666,372.27,0.0,91,0.38437,0.33,0.05559,0.05156
2023-07-02 18:00:00,6.156833333333334,401.06,0.0,91,0.238667619047619,0.33,0.09175,0.05156
2023-07-02 19:00:00,6.178833333333333,403.99,0.0,91,0.0976295238095238,0.33,0.08924,0.05156
2023-07-02 20:00:00,3.563166666666666,411.98,0.0,91,0.0191319047619047,0.33,0.08749,0.05156
2023-07-02 21:00:00,0.1669999999999999,413.62,0.0,91,0.0012833333333333,0.33,0.09490000000000001,0.05156
2023-07-02 22:00:00,0.1293333333333333,391.63,0.0,91,0.0,0.33,0.08608,0.05156
2023-07-02 23:00:00,0.073,400.32,0.0,91,0.0,0.33,0.066,0.05156
2023-07-03 00:00:00,0.0711666666666666,398.89,0.0,91,0.0,0.33,0.0435,0.05156
2023-07-03 01:00:00,0.0741666666666666,394.73,0.0,91,0.0,0.33,0.02409,0.05156
2023-07-03 02:00:00,0.0686666666666666,391.7,0.0,91,0.0,0.33,0.01026,0.05156
2023-07-03 03:00:00,0.0741666666666666,408.07,0.0,91,0.0,0.33,0.0158,0.05156
2023-07-03 04:00:00,0.0706666666666666,426.8,0.0,91,8.80952380952381e-05,0.33,0.054,0.05156
2023-07-03 05:00:00,0.0699999999999999,429.52,0.0,91,0.0137561904761904,0.33,0.086,0.05156
2023-07-03 06:00:00,0.0738333333333333,417.08,0.0,91,0.0755014285714285,0.33,0.11089,0.05156
2023-07-03 07:00:00,0.065,386.84,0.0,91,0.061487619047619,0.33,0.10491,0.05156
2023-07-03 08:00:00,0.1083333333333333,358.35,0.0,91,0.1794242857142857,0.33,0.1,0.05156
2023-07-03 09:00:00,0.1638333333333333,361.34,0.0,91,0.2386738095238095,0.33,0.12052,0.05156
2023-07-03 10:00:00,0.1773333333333333,351.47,0.0,91,0.5136404761904763,0.33,0.095,0.05156
2023-07-03 11:00:00,3.4286666666666665,348.82,0.0,91,0.4356380952380952,0.33,0.10909999999999999,0.05156
2023-07-03 12:00:00,3.5195000000000003,350.35,0.0,91,0.5239052380952381,0.33,0.11705,0.05156
2023-07-03 13:00:00,5.464333333333333,348.59,0.0,91,0.5618023809523809,0.33,0.1163,0.05156
2023-07-03 14:00:00,9.227166666666667,365.72,0.0,91,0.1505114285714285,0.33,0.12344,0.05156
2023-07-03 15:00:00,11.774,382.8,0.0,91,0.1180957142857142,0.33,0.12507,0.05156
2023-07-03 16:00:00,14.564833333333333,425.95,0.0,91,0.0891538095238095,0.33,0.13,0.05156
2023-07-03 17:00:00,15.688166666666666,451.51,0.0,91,0.0939885714285714,0.33,0.10676999999999999,0.05156
2023-07-03 18:00:00,19.73783333333333,468.34,0.0,91,0.1250271428571428,0.33,0.12664,0.05156
2023-07-03 19:00:00,19.858166666666666,479.23,0.0,91,0.0903761904761904,0.33,0.13232,0.05156
2023-07-03 20:00:00,4.020166666666666,472.17,0.0,91,0.0281923809523809,0.33,0.13535,0.05156
2023-07-03 21:00:00,0.2618333333333333,465.54,0.0,91,0.0011123809523809,0.33,0.12708,0.05156
2023-07-03 22:00:00,0.2676666666666666,442.23,0.0,91,0.0,0.33,0.11837,0.05156
2023-07-03 23:00:00,0.2631666666666666,450.55,0.0,91,0.0,0.33,0.10278,0.05156
2023-07-04 00:00:00,0.264,452.73,0.0,91,0.0,0.33,0.08821,0.05156
2023-07-04 01:00:00,0.2668333333333333,446.64,0.0,91,0.0,0.33,0.08309,0.05156
2023-07-04 02:00:00,0.2625,461.55,0.0,91,0.0,0.33,0.07839,0.05156
2023-07-04 03:00:00,0.2686666666666666,454.59,0.0,91,0.0,0.33,0.08308,0.05156
2023-07-04 04:00:00,0.262,444.88,0.0,91,0.0,0.33,0.08699,0.05156
2023-07-04 05:00:00,0.2681666666666666,445.82,0.0,91,0.0181357142857142,0.33,0.11406000000000001,0.05156
2023-07-04 06:00:00,0.261,426.14,0.0,91,0.0631619047619047,0.33,0.11997,0.05156
2023-07-04 07:00:00,0.2641666666666666,385.99,0.0,91,0.1178395238095238,0.33,0.11329,0.05156
2023-07-04 08:00:00,0.2623333333333333,361.67,0.0,91,0.2263380952380952,0.33,0.08036,0.05156
2023-07-04 09:00:00,0.2658333333333333,356.35,0.0,91,0.3118742857142857,0.33,0.09484999999999999,0.05156
2023-07-04 10:00:00,0.2608333333333333,360.04,0.0,91,0.6187304761904762,0.33,0.09756999999999999,0.05156
2023-07-04 11:00:00,1.6144999999999998,372.42,0.0,91,0.5262080952380953,0.33,0.08496,0.05156
2023-07-04 12:00:00,2.4248333333333334,379.87,0.0,91,0.5495166666666667,0.33,0.08036,0.05156
2023-07-04 13:00:00,2.365166666666666,388.25,0.0,91,0.5277261904761905,0.33,0.09112999999999999,0.05156
2023-07-04 14:00:00,3.703666666666667,417.68,0.0,91,0.4618309523809524,0.33,0.09484999999999999,0.05156
2023-07-04 15:00:00,5.021833333333333,449.66,0.0,91,0.5593038095238094,0.33,0.08591,0.05156
2023-07-04 16:00:00,4.3853333333333335,481.29,0.0,91,0.5067238095238096,0.33,0.09368000000000001,0.05156
2023-07-04 17:00:00,12.022166666666664,513.61,0.0,91,0.371542380952381,0.33,0.1182,0.05156
2023-07-04 18:00:00,15.442666666666668,524.4,0.0,91,0.2362052380952381,0.33,0.15064,0.05156
2023-07-04 19:00:00,18.652,523.78,0.0,91,0.0892590476190476,0.33,0.17399,0.05156
2023-07-04 20:00:00,10.320666666666666,512.19,0.0,91,0.021265238095238,0.33,0.17062,0.05156
2023-07-04 21:00:00,5.971333333333334,507.61,0.0,91,0.0007257142857142,0.33,0.1451,0.05156
2023-07-04 22:00:00,0.2705,504.74,0.0,91,0.0,0.33,0.12409,0.05156
2023-07-04 23:00:00,0.2773333333333333,503.1,0.0,91,0.0,0.33,0.12383,0.05156
2023-07-05 00:00:00,0.2771666666666667,485.51,0.0,91,0.0,0.33,0.10926000000000001,0.05156
2023-07-05 01:00:00,0.2745,459.77,0.0,91,0.0,0.33,0.09459000000000001,0.05156
2023-07-05 02:00:00,0.2735,447.93,0.0,91,0.0,0.33,0.08528,0.05156
2023-07-05 03:00:00,0.2763333333333333,444.28,0.0,91,0.0,0.33,0.07579000000000001,0.05156
2023-07-05 04:00:00,0.2765,455.84,0.0,91,0.0,0.33,0.07856,0.05156
2023-07-05 05:00:00,0.2703333333333333,431.32,0.0,91,0.0101885714285714,0.33,0.08961,0.05156
2023-07-05 06:00:00,0.2758333333333333,430.73,0.0,91,0.0569238095238095,0.33,0.09855,0.05156
2023-07-05 07:00:00,0.2753333333333334,408.45,0.0,91,0.1769328571428571,0.33,0.09834999999999999,0.05156
2023-07-05 08:00:00,0.2726666666666666,384.74,0.0,91,0.328057619047619,0.33,0.0824,0.05156
2023-07-05 09:00:00,0.2796666666666667,376.85,0.0,91,0.4112585714285715,0.33,0.07343999999999999,0.05156
2023-07-05 10:00:00,0.3371666666666666,382.94,0.0,91,0.4116,0.33,0.08801,0.05156
2023-07-05 11:00:00,0.2766666666666666,379.22,0.0,91,0.4116,0.33,0.08801,0.05156
2023-07-05 12:00:00,0.2781666666666667,389.74,0.0,91,0.4781133333333333,0.33,0.08125,0.05156
2023-07-05 13:00:00,0.2771666666666666,411.47,0.0,91,0.4625366666666666,0.33,0.07894,0.05156
2023-07-05 14:00:00,0.2778333333333333,421.86,0.0,91,0.4513419047619048,0.33,0.07375,0.05156
2023-07-05 15:00:00,0.2991666666666666,424.63,0.0,91,0.3969828571428571,0.33,0.08125,0.05156
2023-07-05 16:00:00,0.2766666666666666,444.39,0.0,91,0.4377095238095237,0.33,0.08801,0.05156
2023-07-05 17:00:00,0.2756666666666666,480.57,0.0,91,0.3464052380952381,0.33,0.104,0.05156
2023-07-05 18:00:00,0.2758333333333333,479.31,0.0,91,0.2312128571428571,0.33,0.11513,0.05156
2023-07-05 19:00:00,0.2758333333333333,484.98,0.0,91,0.0965180952380952,0.33,0.13290000000000002,0.05156
2023-07-05 20:00:00,0.2756666666666666,499.73,0.0,91,0.0158342857142857,0.33,0.12897,0.05156
2023-07-05 21:00:00,0.3193333333333333,501.58,0.0,91,0.0006447619047619,0.33,0.12724,0.05156
2023-07-05 22:00:00,0.6681666666666667,520.84,0.0,91,0.0,0.33,0.11448,0.05156
2023-07-05 23:00:00,0.9055,532.5,0.0,91,0.0,0.33,0.09162000000000001,0.05156
2023-07-06 00:00:00,0.3241666666666666,531.76,0.0,91,0.0,0.33,0.084,0.05156
2023-07-06 01:00:00,0.2796666666666667,485.34,0.0,91,0.0,0.33,0.0824,0.05156
2023-07-06 02:00:00,0.2801666666666667,479.41,0.0,91,0.0,0.33,0.08305,0.05156
2023-07-06 03:00:00,0.2803333333333333,472.76,0.0,91,0.0,0.33,0.08501,0.05156
2023-07-06 04:00:00,0.2808333333333333,438.04,0.0,91,0.0,0.33,0.09437000000000001,0.05156
2023-07-06 05:00:00,0.2805,423.45,0.0,91,0.0124271428571428,0.33,0.11375,0.05156
2023-07-06 06:00:00,0.2771666666666667,404.55,0.0,91,0.0570090476190476,0.33,0.12716,0.05156
2023-07-06 07:00:00,0.2755,399.09,0.0,91,0.1167261904761904,0.33,0.12484999999999999,0.05156
2023-07-06 08:00:00,0.2763333333333333,385.05,0.0,91,0.3037123809523809,0.33,0.11097,0.05156
2023-07-06 09:00:00,0.2761666666666666,381.91,0.0,91,0.4308885714285714,0.33,0.09502,0.05156
2023-07-06 10:00:00,0.278,383.03,0.0,91,0.5536566666666667,0.33,0.08607,0.05156
2023-07-06 11:00:00,0.3603333333333333,382.54,0.0,91,0.4968861904761905,0.33,0.08153,0.05156
2023-07-06 12:00:00,0.3828333333333333,387.55,0.0,91,0.5842790476190476,0.33,0.07993,0.05156
2023-07-06 13:00:00,3.1941666666666664,404.76,0.0,91,0.6479247619047619,0.33,0.07936,0.05156
2023-07-06 14:00:00,2.1028333333333333,419.41,0.0,91,0.6317738095238096,0.33,0.08405,0.05156
2023-07-06 15:00:00,5.087666666666666,441.57,0.0,91,0.5122828571428572,0.33,0.0881,0.05156
2023-07-06 16:00:00,1.6183333333333334,452.79,0.0,91,0.2580328571428571,0.33,0.09949,0.05156
2023-07-06 17:00:00,5.585833333333333,476.99,0.0,91,0.0980585714285714,0.33,0.11815,0.05156
2023-07-06 18:00:00,3.6165,486.22,0.0,91,0.0451061904761904,0.33,0.15,0.05156
2023-07-06 19:00:00,2.4955,490.43,0.0,91,0.0401238095238095,0.33,0.18175,0.05156
2023-07-06 20:00:00,9.1415,494.14,0.0,91,0.0183909523809523,0.33,0.18134999999999998,0.05156
2023-07-06 21:00:00,3.5130000000000003,512.7,0.0,91,0.0005428571428571,0.33,0.13637,0.05156
2023-07-06 22:00:00,10.147666666666668,515.69,0.0,91,0.0,0.33,0.11898,0.05156
2023-07-06 23:00:00,6.093166666666666,517.74,0.0,91,0.0,0.33,0.114,0.05156
2023-07-07 00:00:00,4.291333333333333,523.8,0.0,91,0.0,0.33,0.10373,0.05156
2023-07-07 01:00:00,0.2768333333333333,524.89,0.0,91,0.0,0.33,0.09759999999999999,0.05156
2023-07-07 02:00:00,0.2791666666666667,521.14,0.0,91,0.0,0.33,0.09537999999999999,0.05156
2023-07-07 03:00:00,0.2781666666666667,524.77,0.0,91,0.0,0.33,0.09659999999999999,0.05156
2023-07-07 04:00:00,0.2786666666666667,509.8,0.0,91,0.0,0.33,0.1009,0.05156
2023-07-07 05:00:00,0.274,474.96,0.0,91,0.0058409523809523,0.33,0.13,0.05156
2023-07-07 06:00:00,0.2749999999999999,455.88,0.0,91,0.0396995238095238,0.33,0.12104000000000001,0.05156
2023-07-07 07:00:00,0.2765,448.24,0.0,91,0.0825671428571428,0.33,0.10876000000000001,0.05156
2023-07-07 08:00:00,0.2756666666666666,414.72,0.0,91,0.1696128571428571,0.33,0.09179000000000001,0.05156
2023-07-07 09:00:00,0.3344999999999999,397.35,0.0,91,0.1496038095238095,0.33,0.084,0.05156
2023-07-07 10:00:00,0.3535,378.95,0.0,91,0.2328357142857143,0.33,0.07912000000000001,0.05156
2023-07-07 11:00:00,0.3796666666666666,369.5,0.0,91,0.1311985714285714,0.33,0.07490000000000001,0.05156
2023-07-07 12:00:00,0.3798333333333333,367.56,0.0,91,0.2360957142857142,0.33,0.06656999999999999,0.05156
2023-07-07 13:00:00,0.3803333333333333,372.91,0.0,91,0.2863723809523809,0.33,0.06498000000000001,0.05156
2023-07-07 14:00:00,5.518000000000001,406.23,0.0,91,0.4870633333333333,0.33,0.06618,0.05156
2023-07-07 15:00:00,8.174166666666666,438.46,0.0,91,0.574237619047619,0.33,0.08029,0.05156
2023-07-07 16:00:00,10.001333333333331,481.77,0.0,91,0.40799,0.33,0.09,0.05156
2023-07-07 17:00:00,0.7545000000000001,493.49,0.0,91,0.2952209523809524,0.33,0.11699,0.05156
2023-07-07 18:00:00,0.8131666666666666,501.24,0.0,91,0.0950509523809523,0.33,0.14502,0.05156
2023-07-07 19:00:00,6.980833333333333,504.18,0.0,91,0.0584095238095238,0.33,0.17083,0.05156
2023-07-07 20:00:00,5.4345,509.14,0.0,91,0.0200390476190476,0.33,0.13886,0.05156
2023-07-07 21:00:00,2.135666666666667,519.9,0.0,91,0.0007809523809523,0.33,0.11727,0.05156
2023-07-07 22:00:00,11.288166666666667,481.91,0.0,91,0.0,0.33,0.10156,0.05156
2023-07-07 23:00:00,0.515,460.29,0.0,91,0.0,0.33,0.10027,0.05156
2023-07-08 00:00:00,0.2763333333333333,447.51,0.0,91,0.0,0.33,0.09218000000000001,0.05156
2023-07-08 01:00:00,0.2745,438.45,0.0,91,0.0,0.33,0.08997,0.05156
2023-07-08 02:00:00,0.2791666666666667,435.23,0.0,91,0.0,0.33,0.08673,0.05156
2023-07-08 03:00:00,0.2795,431.4,0.0,91,0.0,0.33,0.08817,0.05156
2023-07-08 04:00:00,0.2786666666666667,433.61,0.0,91,0.0,0.33,0.08857,0.05156
2023-07-08 05:00:00,0.2763333333333333,411.28,0.0,91,0.0042061904761904,0.33,0.08461,0.05156
2023-07-08 06:00:00,0.2736666666666666,376.67,0.0,91,0.0199633333333333,0.33,0.08585,0.05156
2023-07-08 07:00:00,0.2761666666666666,349.61,0.0,91,0.0176088311688311,0.33,0.08411,0.05156
2023-07-08 08:00:00,0.2776666666666667,319.5,0.0,91,0.0338724489795918,0.33,0.07604000000000001,0.05156
2023-07-08 09:00:00,0.2768333333333333,301.78,0.0,91,0.0467190476190476,0.33,0.060899999999999996,0.05156
2023-07-08 10:00:00,0.2766666666666666,302.66,0.0,91,0.0846880952380952,0.33,0.04632,0.05156
2023-07-08 11:00:00,0.2728333333333333,292.04,0.0,91,0.1484185714285714,0.33,0.03588,0.05156
2023-07-08 12:00:00,0.2911666666666666,294.05,0.0,91,0.212567619047619,0.33,0.019850000000000003,0.05156
2023-07-08 13:00:00,9.098833333333332,316.32,0.0,91,0.210277619047619,0.33,0.0184,0.05156
2023-07-08 14:00:00,5.0555,353.19,0.0,91,0.1738733333333333,0.33,0.04,0.05156
2023-07-08 15:00:00,6.035,403.86,0.0,91,0.2508867724867725,0.33,0.060899999999999996,0.05156
2023-07-08 16:00:00,8.680833333333334,444.73,0.0,91,0.2245533333333333,0.33,0.0834,0.05156
2023-07-08 17:00:00,2.8445,457.11,0.0,91,0.1609461904761905,0.33,0.10729999999999999,0.05156
2023-07-08 18:00:00,11.778666666666666,462.7,0.0,91,0.0768061904761904,0.33,0.12115999999999999,0.05156
2023-07-08 19:00:00,6.565,464.57,0.0,91,0.0545409523809523,0.33,0.12875999999999999,0.05156
2023-07-08 20:00:00,0.4146666666666667,462.64,0.0,91,0.0322380952380952,0.33,0.13287000000000002,0.05156
2023-07-08 21:00:00,0.738,466.94,0.0,91,0.0010328571428571,0.33,0.12979,0.05156
2023-07-08 22:00:00,4.0665,462.26,0.0,91,0.0,0.33,0.11592,0.05156
2023-07-08 23:00:00,3.453333333333333,440.29,0.0,91,0.0,0.33,0.10944,0.05156
2023-07-09 00:00:00,0.3015,402.65,0.0,91,0.0,0.33,0.10174,0.05156
2023-07-09 01:00:00,0.2756666666666666,390.01,0.0,91,0.0,0.33,0.10182,0.05156
2023-07-09 02:00:00,0.2749999999999999,399.4,0.0,91,0.0,0.33,0.09536,0.05156
2023-07-09 03:00:00,0.2763333333333333,394.21,0.0,91,0.0,0.33,0.09559000000000001,0.05156
2023-07-09 04:00:00,0.2728333333333333,382.92,0.0,91,0.0,0.33,0.09655,0.05156
2023-07-09 05:00:00,0.2716666666666666,343.96,0.0,91,0.0068519047619047,0.33,0.09414,0.05156
2023-07-09 06:00:00,0.2745,321.19,0.0,91,0.0388638095238095,0.33,0.09065000000000001,0.05156
2023-07-09 07:00:00,0.2741666666666666,298.17,0.0,91,0.0401995238095238,0.33,0.08702,0.05156
2023-07-09 08:00:00,0.2731666666666666,289.48,0.0,91,0.0920219047619047,0.33,0.0778,0.05156
2023-07-09 09:00:00,0.2709999999999999,278.76,0.0,91,0.2414119047619047,0.33,0.06067,0.05156
2023-07-09 10:00:00,0.2678333333333333,268.85,0.0,91,0.3339795238095238,0.33,0.05054,0.05156
2023-07-09 11:00:00,0.353,265.83,0.0,91,0.2292080952380952,0.33,0.045689999999999995,0.05156
2023-07-09 12:00:00,1.9713333333333327,272.62,0.0,91,0.2615842857142857,0.33,0.036789999999999996,0.05156
2023-07-09 13:00:00,6.3035,292.77,0.0,91,0.3519228571428571,0.33,0.0446,0.05156
2023-07-09 14:00:00,3.5383333333333336,321.77,0.0,91,0.2571147619047619,0.33,0.05483,0.05156
2023-07-09 15:00:00,0.6435,343.12,0.0,91,0.2756285714285714,0.33,0.07337,0.05156
2023-07-09 16:00:00,0.7318333333333333,396.36,0.0,91,0.0,0.33,0.0824,0.05156
2023-07-09 17:00:00,7.670666666666666,432.86,0.0,91,0.0,0.33,0.10489,0.05156
2023-07-09 18:00:00,8.014999999999999,435.78,0.0,91,0.0,0.33,0.12206,0.05156
2023-07-09 19:00:00,3.294333333333334,441.82,0.0,91,0.0,0.33,0.13212000000000002,0.05156
2023-07-09 20:00:00,0.4771666666666667,452.07,0.0,91,0.0,0.33,0.1341,0.05156
2023-07-09 21:00:00,0.5605,495.26,0.0,91,0.0,0.33,0.13212000000000002,0.05156
2023-07-09 22:00:00,0.6708333333333334,508.83,0.0,91,0.0,0.33,0.1196,0.05156
2023-07-09 23:00:00,0.6878333333333333,523.76,0.0,91,0.0,0.33,0.11248999999999999,0.05156
2023-07-10 00:00:00,0.5763333333333334,519.84,0.0,91,0.0,0.33,0.102,0.05156
2023-07-10 01:00:00,0.6721666666666666,516.01,0.0,91,0.0,0.33,0.0943,0.05156
2023-07-10 02:00:00,0.4763333333333333,513.57,0.0,91,0.0,0.33,0.09194,0.05156
2023-07-10 03:00:00,0.6246666666666666,501.84,0.0,91,0.0,0.33,0.09331,0.05156
2023-07-10 04:00:00,0.5445,469.62,0.0,91,0.0,0.33,0.10513,0.05156
2023-07-10 05:00:00,0.2673333333333333,436.72,0.0,91,0.0,0.33,0.12138,0.05156
2023-07-10 06:00:00,0.2675,442.53,0.0,91,0.0,0.33,0.13261,0.05156
2023-07-10 07:00:00,0.2666666666666666,448.16,0.0,91,0.0,0.33,0.13427,0.05156
2023-07-10 08:00:00,0.2661666666666666,449.36,0.0,91,0.0,0.33,0.11795,0.05156
2023-07-10 09:00:00,0.2636666666666666,439.01,0.0,91,0.0,0.33,0.10528,0.05156
2023-07-10 10:00:00,0.2666666666666666,428.17,0.0,91,,0.33,0.09587999999999999,0.05156
2023-07-10 11:00:00,0.267,444.07,0.0,91,0.0,0.33,0.09008,0.05156
2023-07-10 12:00:00,0.2666666666666666,435.24,0.0,91,0.0,0.33,0.0843,0.05156
2023-07-10 13:00:00,0.2641666666666666,440.64,0.0,91,0.0931271428571428,0.33,0.08302,0.05156
2023-07-10 14:00:00,0.4398333333333333,459.09,0.0,91,0.549615238095238,0.33,0.08959,0.05156
2023-07-10 15:00:00,0.6164999999999999,465.85,0.0,91,0.474697619047619,0.33,0.10022,0.05156
2023-07-10 16:00:00,0.6313333333333333,472.31,0.0,91,0.3360604761904762,0.33,0.11379,0.05156
2023-07-10 17:00:00,0.6015,493.2,0.0,91,0.0557309523809523,0.33,0.1348,0.05156
2023-07-10 18:00:00,0.6461666666666667,522.16,0.0,91,0.1193738095238095,0.33,0.16549,0.05156
2023-07-10 19:00:00,0.5385,528.5,0.0,91,0.0365019047619047,0.33,0.17585,0.05156
2023-07-10 20:00:00,10.255833333333332,514.87,0.0,91,0.0180361904761904,0.33,0.17830000000000001,0.05156
2023-07-10 21:00:00,3.048166666666667,522.15,0.0,91,0.0007542857142857,0.33,0.16277,0.05156
2023-07-10 22:00:00,10.612333333333334,537.22,0.0,91,0.0,0.33,0.13369999999999999,0.05156
2023-07-10 23:00:00,3.1503333333333337,526.41,0.0,91,0.0,0.33,0.12440999999999999,0.05156
2023-07-11 00:00:00,10.741666666666667,525.42,0.0,91,0.0,0.33,0.11563,0.05156
2023-07-11 01:00:00,2.4076666666666666,524.75,0.0,91,0.0,0.33,0.10525,0.05156
2023-07-11 02:00:00,0.4965,522.78,0.0,91,0.0,0.33,0.10033,0.05156
2023-07-11 03:00:00,0.2746666666666666,510.38,0.0,91,0.0,0.33,0.09883,0.05156
2023-07-11 04:00:00,0.2746666666666666,501.72,0.0,91,0.0,0.33,0.11152,0.05156
2023-07-11 05:00:00,0.2795,474.46,0.0,91,0.0076880952380952,0.33,0.12326000000000001,0.05156
2023-07-11 06:00:00,0.2745,461.19,0.0,91,0.0378885714285714,0.33,0.12545,0.05156
2023-07-11 07:00:00,0.2728333333333333,445.19,0.0,91,0.0892180952380952,0.33,0.12095,0.05156
2023-07-11 08:00:00,0.2733333333333334,418.3,0.0,91,0.2101733333333333,0.33,0.1051,0.05156
2023-07-11 09:00:00,0.2766666666666666,396.86,0.0,91,0.3311790476190476,0.33,0.09544,0.05156
2023-07-11 10:00:00,0.274,378.18,0.0,91,0.4332676190476191,0.33,0.08823,0.05156
2023-07-11 11:00:00,0.2876666666666667,379.3,0.0,91,0.4928723809523809,0.33,0.07579999999999999,0.05156
2023-07-11 12:00:00,3.006,382.55,0.0,91,0.3565739795918368,0.33,0.07372,0.05156
2023-07-11 13:00:00,0.9693333333333332,395.21,0.0,91,0.4018681704260651,0.33,0.08119,0.05156
2023-07-11 14:00:00,0.4356666666666666,425.04,0.0,91,0.5701566666666666,0.33,0.09001,0.05156
2023-07-11 15:00:00,0.5068333333333334,452.85,0.0,91,0.4903395238095238,0.33,0.10141,0.05156
2023-07-11 16:00:00,0.4463333333333333,480.88,0.0,91,0.1569533333333333,0.33,0.11001000000000001,0.05156
2023-07-11 17:00:00,0.4691666666666667,485.86,0.0,91,0.1348566666666666,0.33,0.13249,0.05156
2023-07-11 18:00:00,0.4823333333333333,494.91,0.0,91,0.0945642857142857,0.33,0.17001,0.05156
2023-07-11 19:00:00,0.2973333333333333,493.06,0.0,91,0.061147619047619,0.33,0.17937999999999998,0.05156
2023-07-11 20:00:00,0.3396666666666666,495.53,0.0,91,0.0223314285714285,0.33,0.13362000000000002,0.05156
2023-07-11 21:00:00,0.4278333333333333,508.67,0.0,91,1.238095238095238e-05,0.33,0.13153,0.05156
2023-07-11 22:00:00,6.116499999999999,499.98,0.0,91,0.0,0.33,0.10318000000000001,0.05156
2023-07-11 23:00:00,7.830833333333333,498.27,0.0,91,0.0,0.33,0.09847,0.05156
2023-07-12 00:00:00,0.408,498.04,0.0,91,0.0,0.33,0.091,0.05156
2023-07-12 01:00:00,0.3306666666666666,497.45,0.0,91,0.0,0.33,0.09,0.05156
2023-07-12 02:00:00,0.2963333333333333,501.62,0.0,91,0.0,0.33,0.08209000000000001,0.05156
2023-07-12 03:00:00,0.2945,491.01,0.0,91,0.0,0.33,0.08367000000000001,0.05156
2023-07-12 04:00:00,0.2945,469.56,0.0,91,0.0,0.33,0.08528,0.05156
2023-07-12 05:00:00,0.2946666666666666,452.13,0.0,91,0.0057942857142857,0.33,0.10232,0.05156
2023-07-12 06:00:00,0.2955,455.21,0.0,91,0.0185657142857142,0.33,0.11808,0.05156
2023-07-12 07:00:00,0.2956666666666667,448.42,0.0,91,0.0492504761904761,0.33,0.12,0.05156
2023-07-12 08:00:00,0.296,431.96,0.0,91,0.096637619047619,0.33,0.11216,0.05156
2023-07-12 09:00:00,0.3398333333333334,411.74,0.0,91,0.1202404761904761,0.33,0.12,0.05156
2023-07-12 10:00:00,0.34,389.06,0.0,91,0.09826,0.33,0.135,0.05156
2023-07-12 11:00:00,0.2996666666666667,380.35,0.0,91,0.1377509523809524,0.33,0.2,0.05156
2023-07-12 12:00:00,0.2996666666666667,395.04,0.0,91,0.2213323809523809,0.33,0.19274000000000002,0.05156
2023-07-12 13:00:00,0.3005,413.24,0.0,91,0.2389014285714286,0.33,0.19359,0.05156
2023-07-12 14:00:00,0.3023333333333333,433.99,0.0,91,0.1894733333333333,0.33,0.18563,0.05156
2023-07-12 15:00:00,0.3021666666666666,434.96,0.0,91,0.1472147619047619,0.33,0.1175,0.05156
2023-07-12 16:00:00,0.303,463.17,0.0,91,0.0523747619047618,0.33,0.11320000000000001,0.05156
2023-07-12 17:00:00,0.3038333333333333,465.1,0.0,91,0.0481723809523809,0.33,0.10618999999999999,0.05156
2023-07-12 18:00:00,0.304,468.92,0.0,91,0.0520947619047619,0.33,0.12546,0.05156
2023-07-12 19:00:00,0.3046666666666666,475.46,0.0,91,0.0239319047619047,0.33,0.14255,0.05156
2023-07-12 20:00:00,0.3046666666666666,477.14,0.0,91,0.0211457142857142,0.33,0.15431999999999998,0.05156
2023-07-12 21:00:00,0.3061666666666666,483.43,0.0,91,0.0013114285714285,0.33,0.13022999999999998,0.05156
2023-07-12 22:00:00,0.3048333333333333,483.94,0.0,91,0.0,0.33,0.1155,0.05156
2023-07-12 23:00:00,0.3033333333333333,479.24,0.0,91,0.0,0.33,0.10637,0.05156
2023-07-13 00:00:00,0.3011666666666666,479.32,0.0,91,0.0,0.33,0.09873,0.05156
2023-07-13 01:00:00,0.2996666666666667,471.85,0.0,91,0.0,0.33,0.09537999999999999,0.05156
2023-07-13 02:00:00,0.3,470.04,0.0,91,0.0,0.33,0.09394,0.05156
2023-07-13 03:00:00,0.2953333333333333,477.39,0.0,91,0.0,0.33,0.09364,0.05156
2023-07-13 04:00:00,0.2965,470.41,0.0,91,0.0,0.33,0.09593,0.05156
2023-07-13 05:00:00,0.299,455.94,0.0,91,0.0116657142857142,0.33,0.10753,0.05156
2023-07-13 06:00:00,0.2983333333333333,456.32,0.0,91,0.0252604761904761,0.33,0.12251000000000001,0.05156
2023-07-13 07:00:00,0.2941666666666666,436.13,0.0,91,0.086107619047619,0.33,0.1191,0.05156
2023-07-13 08:00:00,0.298,414.97,0.0,91,0.1524547619047619,0.33,0.10468999999999999,0.05156
2023-07-13 09:00:00,0.3163333333333333,406.02,0.0,91,0.1303557142857142,0.33,0.09544,0.05156
2023-07-13 10:00:00,0.3251666666666666,391.62,0.0,91,0.1227423809523809,0.33,0.10743000000000001,0.05156
2023-07-13 11:00:00,0.4998333333333333,385.81,0.0,91,0.3319495238095238,0.33,0.09501000000000001,0.05156
2023-07-13 12:00:00,0.7076666666666668,398.74,0.0,91,0.4174995238095238,0.33,0.10640000000000001,0.05156
2023-07-13 13:00:00,1.4665,403.0,0.0,91,0.5763066666666666,0.33,0.10058,0.05156
2023-07-13 14:00:00,2.323,397.36,0.0,91,0.2645852380952381,0.33,0.09501000000000001,0.05156
2023-07-13 15:00:00,3.3956666666666666,417.18,0.0,91,0.3701242857142857,0.33,0.09398999999999999,0.05156
2023-07-13 16:00:00,6.797333333333333,445.45,0.0,91,0.2508685714285714,0.33,0.10203,0.05156
2023-07-13 17:00:00,12.372166666666669,463.25,0.0,91,0.3308585714285714,0.33,0.11186,0.05156
2023-07-13 18:00:00,19.4055,480.08,0.0,91,0.1040219047619047,0.33,0.13078,0.05156
2023-07-13 19:00:00,10.200333333333331,486.31,0.0,91,0.0987261904761904,0.33,0.14032,0.05156
2023-07-13 20:00:00,0.3426666666666667,494.33,0.0,91,0.0204766666666666,0.33,0.14429,0.05156
2023-07-13 21:00:00,0.3033333333333333,499.01,0.0,91,0.0004195238095238,0.33,0.13504,0.05156
2023-07-13 22:00:00,0.2993333333333333,508.24,0.0,91,0.0,0.33,0.11772,0.05156
2023-07-13 23:00:00,0.3001666666666666,522.02,0.0,91,0.0,0.33,0.101,0.05156
2023-07-14 00:00:00,0.3043333333333333,516.37,0.0,91,0.0,0.33,0.09636,0.05156
2023-07-14 01:00:00,0.3038333333333333,514.68,0.0,91,0.0,0.33,0.09246,0.05156
2023-07-14 02:00:00,0.2978333333333333,520.53,0.0,91,0.0,0.33,0.09268000000000001,0.05156
2023-07-14 03:00:00,0.3036666666666667,541.56,0.0,91,0.0,0.33,0.09237999999999999,0.05156
2023-07-14 04:00:00,0.3036666666666667,526.21,0.0,91,0.0,0.33,0.09789,0.05156
2023-07-14 05:00:00,0.2988333333333333,506.79,0.0,91,0.0087266666666666,0.33,0.11161,0.05156
2023-07-14 06:00:00,0.3003333333333333,502.68,0.0,91,0.0485009523809523,0.33,0.11248999999999999,0.05156
2023-07-14 07:00:00,0.3021666666666666,483.38,0.0,91,0.1605033333333333,0.33,0.1026,0.05156
2023-07-14 08:00:00,0.2988333333333333,450.65,0.0,91,0.3307838095238095,0.33,0.08506999999999999,0.05156
2023-07-14 09:00:00,0.5608333333333334,441.41,0.0,91,0.4351480952380953,0.33,0.07970999999999999,0.05156
2023-07-14 10:00:00,1.2065,441.39,0.0,91,0.5363266666666667,0.33,0.07654000000000001,0.05156
2023-07-14 11:00:00,1.2261666666666666,419.11,0.0,91,0.5039219047619048,0.33,0.07395,0.05156
2023-07-14 12:00:00,1.3641666666666667,426.3,0.0,91,0.5661371428571429,0.33,0.0699,0.05156
2023-07-14 13:00:00,1.215666666666667,441.02,0.0,91,0.4676466666666666,0.33,0.07487,0.05156
2023-07-14 14:00:00,1.422,469.1,0.0,91,0.3698919047619047,0.33,0.07917,0.05156
2023-07-14 15:00:00,1.5603333333333331,493.01,0.0,91,0.4075890476190476,0.33,0.0856,0.05156
2023-07-14 16:00:00,2.4425,515.78,0.0,91,0.0871204761904761,0.33,0.09643,0.05156
2023-07-14 17:00:00,1.4563333333333333,523.02,0.0,91,0.0603714285714285,0.33,0.11234000000000001,0.05156
2023-07-14 18:00:00,1.5541666666666665,529.87,0.0,91,0.1310480952380952,0.33,0.13665,0.05156
2023-07-14 19:00:00,1.758,526.12,0.0,91,0.0268709523809523,0.33,0.13745,0.05156
2023-07-14 20:00:00,3.137833333333333,533.07,0.0,91,0.0085814285714285,0.33,0.12336,0.05156
2023-07-14 21:00:00,4.9318333333333335,529.2,0.0,91,0.0002771428571428,0.33,0.10053,0.05156
2023-07-14 22:00:00,1.7045,509.68,0.0,91,0.0,0.33,0.08452,0.05156
2023-07-14 23:00:00,0.2985,497.78,0.0,91,0.0,0.33,0.08485,0.05156
2023-07-15 00:00:00,0.2991666666666666,505.19,0.0,91,0.0,0.33,0.061689999999999995,0.05156
2023-07-15 01:00:00,0.3026666666666666,516.94,0.0,91,0.0,0.33,0.02915,0.05156
2023-07-15 02:00:00,0.3023333333333333,489.69,0.0,91,0.0,0.33,0.01993,0.05156
2023-07-15 03:00:00,0.2956666666666667,489.63,0.0,91,0.0,0.33,0.01642,0.05156
2023-07-15 04:00:00,0.3011666666666666,502.38,0.0,91,0.0,0.33,0.013689999999999999,0.05156
2023-07-15 05:00:00,0.3008333333333333,494.42,0.0,91,0.0069471428571428,0.33,0.01921,0.05156
2023-07-15 06:00:00,0.2976666666666667,463.81,0.0,91,0.0443019047619047,0.33,0.022600000000000002,0.05156
2023-07-15 07:00:00,0.298,400.3,0.0,91,0.1555033333333333,0.33,0.02995,0.05156
2023-07-15 08:00:00,0.3008333333333333,327.96,0.0,91,0.2805357142857143,0.33,0.017410000000000002,0.05156
2023-07-15 09:00:00,0.3081666666666666,330.35,0.0,91,0.4050309523809524,0.33,0.00463,0.05156
2023-07-15 10:00:00,7.521999999999999,325.69,0.0,91,0.4367414285714285,0.33,0.0,0.05156
2023-07-15 11:00:00,14.636833333333334,338.93,0.0,91,0.3350161904761904,0.33,-1e-05,0.05156
2023-07-15 12:00:00,19.30933333333333,349.58,0.0,91,0.4567590476190476,0.33,-0.00013000000000000002,0.05156
2023-07-15 13:00:00,2.1163333333333334,360.95,0.0,91,0.2982566666666666,0.33,-0.00102,0.05156
2023-07-15 14:00:00,1.9625,405.81,0.0,91,0.3650333333333333,0.33,-0.0001,0.05156
2023-07-15 15:00:00,1.9076666666666664,451.76,0.0,91,0.1970990476190476,0.33,-0.00041,0.05156
2023-07-15 16:00:00,2.933,484.23,0.0,91,0.1391128571428571,0.33,0.0129,0.05156
2023-07-15 17:00:00,7.9075,507.22,0.0,91,0.0984261904761904,0.33,0.06834,0.05156
2023-07-15 18:00:00,11.889833333333334,496.07,0.0,91,0.1496271428571428,0.33,0.07751000000000001,0.05156
2023-07-15 19:00:00,19.457166666666662,491.62,0.0,91,0.08943,0.33,0.08156000000000001,0.05156
2023-07-15 20:00:00,3.53,502.34,0.0,91,0.021405238095238,0.33,0.07612999999999999,0.05156
2023-07-15 21:00:00,0.2991666666666666,503.79,0.0,91,0.0004590476190476,0.33,0.08292000000000001,0.05156
2023-07-15 22:00:00,0.3011666666666666,497.3,0.0,91,0.0,0.33,0.07182,0.05156
2023-07-15 23:00:00,0.3028333333333333,498.58,0.0,91,0.0,0.33,0.054380000000000005,0.05156
2023-07-16 00:00:00,0.3006666666666666,486.57,0.0,91,0.0,0.33,0.019600000000000003,0.05156
2023-07-16 01:00:00,0.2971666666666666,478.82,0.0,91,0.0,0.33,-0.00035,0.05156
2023-07-16 02:00:00,0.3021666666666666,464.64,0.0,91,0.0,0.33,-0.00191,0.05156
2023-07-16 03:00:00,0.3021666666666666,462.8,0.0,91,0.0,0.33,-0.00177,0.05156
2023-07-16 04:00:00,0.2965,458.06,0.0,91,0.0,0.33,-0.00217,0.05156
2023-07-16 05:00:00,0.3006666666666666,431.79,0.0,91,0.0103890476190476,0.33,-0.0034300000000000003,0.05156
2023-07-16 06:00:00,0.3023333333333333,390.97,0.0,91,0.0667942857142857,0.33,-0.0011,0.05156
2023-07-16 07:00:00,0.2985,369.88,0.0,91,0.1595733333333333,0.33,-0.00176,0.05156
2023-07-16 08:00:00,0.2995,364.89,0.0,91,0.2308514285714285,0.33,-0.00526,0.05156
2023-07-16 09:00:00,0.3051666666666666,384.4,0.0,91,0.2165495238095238,0.33,-0.00826,0.05156
2023-07-16 10:00:00,1.4611666666666665,400.33,0.0,91,0.4081238095238095,0.33,-0.01055,0.05156
2023-07-16 11:00:00,5.277,398.49,0.0,91,0.2649847619047619,0.33,-0.012240000000000001,0.05156
2023-07-16 12:00:00,3.633333333333333,367.75,0.0,91,0.2187938095238095,0.33,-0.0173,0.05156
2023-07-16 13:00:00,16.71166666666667,378.94,0.0,91,0.3686533333333334,0.33,-0.022010000000000002,0.05156
2023-07-16 14:00:00,18.885,401.61,0.0,91,0.3574704761904761,0.33,-0.0076500000000000005,0.05156
2023-07-16 15:00:00,4.478166666666667,440.81,0.0,91,0.3451766666666667,0.33,0.011689999999999999,0.05156
2023-07-16 16:00:00,5.1765,483.3,0.0,91,0.098804081632653,0.33,0.019760000000000003,0.05156
2023-07-16 17:00:00,9.551,480.83,0.0,91,0.1410114285714286,0.33,0.048960000000000004,0.05156
2023-07-16 18:00:00,5.491833333333333,479.12,0.0,91,0.1910099999999999,0.33,0.09547,0.05156
2023-07-16 19:00:00,9.367333333333333,483.89,0.0,91,0.0532838095238095,0.33,0.10285,0.05156
2023-07-16 20:00:00,0.3168333333333333,464.66,0.0,91,0.0126733333333333,0.33,0.11184000000000001,0.05156
2023-07-16 21:00:00,0.2998333333333333,476.11,0.0,91,0.0001699999999999,0.33,0.11626,0.05156
2023-07-16 22:00:00,0.2995,477.7,0.0,91,0.0,0.33,0.11443,0.05156
2023-07-16 23:00:00,0.3013333333333333,484.24,0.0,91,0.0,0.33,0.10909,0.05156
2023-07-17 00:00:00,0.3015,488.61,0.0,91,0.0,0.33,0.10203,0.05156
2023-07-17 01:00:00,0.2975,488.42,0.0,91,0.0,0.33,0.09561,0.05156
2023-07-17 02:00:00,0.3026666666666666,489.34,0.0,91,0.0,0.33,0.0884,0.05156
2023-07-17 03:00:00,0.3026666666666666,478.17,0.0,91,0.0,0.33,0.09059,0.05156
2023-07-17 04:00:00,0.2961666666666666,454.26,0.0,91,0.0,0.33,0.09784999999999999,0.05156
2023-07-17 05:00:00,0.3018333333333333,462.2,0.0,91,0.0014819047619047,0.33,0.11984,0.05156
2023-07-17 06:00:00,0.3021666666666666,463.0,0.0,91,0.0189909523809523,0.33,0.13008,0.05156
2023-07-17 07:00:00,0.2976666666666667,451.27,0.0,91,0.0802085714285714,0.33,0.11254,0.05156
2023-07-17 08:00:00,0.2998333333333333,439.3,0.0,91,0.1639,0.33,0.09461,0.05156
2023-07-17 09:00:00,0.3236666666666666,422.08,0.0,91,0.1369323809523809,0.33,0.07284,0.05156
2023-07-17 10:00:00,6.626333333333334,403.2,0.0,91,0.2201895238095238,0.33,0.07065,0.05156
2023-07-17 11:00:00,7.909,398.79,0.0,91,0.1677969604863222,0.33,0.07804000000000001,0.05156
2023-07-17 12:00:00,6.973166666666667,399.07,0.0,91,0.2162386554621848,0.33,0.1247,0.05156
2023-07-17 13:00:00,6.9055,407.77,0.0,91,0.4080933333333333,0.33,0.11055,0.05156
2023-07-17 14:00:00,8.9375,421.9,0.0,91,0.3454328571428571,0.33,0.07739,0.05156
2023-07-17 15:00:00,14.400833333333331,448.55,0.0,91,0.2737766666666666,0.33,0.08566,0.05156
2023-07-17 16:00:00,8.511666666666667,479.57,0.0,91,0.14964,0.33,0.10503,0.05156
2023-07-17 17:00:00,8.632333333333333,491.98,0.0,91,0.1021514285714285,0.33,0.1027,0.05156
2023-07-17 18:00:00,8.279833333333334,500.29,0.0,91,0.0278314285714285,0.33,0.11733,0.05156
2023-07-17 19:00:00,0.4498333333333333,502.89,0.0,91,0.0122661904761904,0.33,0.11978,0.05156
2023-07-17 20:00:00,5.065,496.57,0.0,91,0.0077533333333333,0.33,0.12844999999999998,0.05156
2023-07-17 21:00:00,3.1795000000000004,505.94,0.0,91,6.190476190476191e-06,0.33,0.13166999999999998,0.05156
2023-07-17 22:00:00,0.3879999999999999,528.12,0.0,91,0.0,0.33,0.11452,0.05156
2023-07-17 23:00:00,0.2976666666666667,541.99,0.0,91,0.0,0.33,0.10215,0.05156
2023-07-18 00:00:00,0.3033333333333333,556.32,0.0,91,0.0,0.33,0.09728,0.05156
2023-07-18 01:00:00,0.3033333333333333,569.38,0.0,91,0.0,0.33,0.08779,0.05156
2023-07-18 02:00:00,0.2983333333333333,570.08,0.0,91,0.0,0.33,0.08561,0.05156
2023-07-18 03:00:00,0.3023333333333333,566.63,0.0,91,0.0,0.33,0.08676,0.05156
2023-07-18 04:00:00,0.3031666666666666,573.57,0.0,91,0.0,0.33,0.09603,0.05156
2023-07-18 05:00:00,0.2998333333333333,551.63,0.0,91,0.0017157142857142,0.33,0.10398,0.05156
2023-07-18 06:00:00,0.2998333333333333,521.11,0.0,91,0.0060795238095238,0.33,0.11449,0.05156
2023-07-18 07:00:00,0.3023333333333333,486.7,0.0,91,0.0575790476190476,0.33,0.11,0.05156
2023-07-18 08:00:00,0.301,466.54,0.0,91,0.1470528571428571,0.33,0.09411,0.05156
2023-07-18 09:00:00,8.148166666666667,449.92,0.0,91,0.2578947619047619,0.33,0.08418,0.05156
2023-07-18 10:00:00,7.332666666666667,449.9,0.0,91,0.4553123809523809,0.33,0.07934999999999999,0.05156
2023-07-18 11:00:00,5.319,461.47,0.0,91,0.4454652380952381,0.33,0.08081,0.05156
2023-07-18 12:00:00,5.184166666666666,462.54,0.0,91,0.5448890476190476,0.33,0.08512,0.05156
2023-07-18 13:00:00,9.3135,485.5,0.0,91,0.5032661904761905,0.33,0.09165000000000001,0.05156
2023-07-18 14:00:00,10.291166666666667,517.07,0.0,91,0.4471633333333333,0.33,0.08995,0.05156
2023-07-18 15:00:00,12.3985,545.0,0.0,91,0.3964847117794486,0.33,0.07804000000000001,0.05156
2023-07-18 16:00:00,3.4450000000000003,575.28,0.0,91,0.4087280952380952,0.33,0.11420999999999999,0.05156
2023-07-18 17:00:00,8.269333333333334,584.7,0.0,91,0.3296038095238095,0.33,0.135,0.05156
2023-07-18 18:00:00,4.270166666666667,581.35,0.0,91,0.1991890476190476,0.33,0.16837,0.05156
2023-07-18 19:00:00,5.640999999999999,580.65,0.0,91,0.061877619047619,0.33,0.18828999999999999,0.05156
2023-07-18 20:00:00,5.709166666666667,578.7,0.0,91,0.0165780952380952,0.33,0.15897,0.05156
2023-07-18 21:00:00,0.4391666666666667,583.41,0.0,91,0.0003857142857142,0.33,0.13926,0.05156
2023-07-18 22:00:00,0.321,584.97,0.0,91,0.0,0.33,0.11802,0.05156
2023-07-18 23:00:00,0.2998333333333333,588.56,0.0,91,0.0,0.33,0.10811,0.05156
2023-07-19 00:00:00,0.3025,591.8,0.0,91,0.0,0.33,0.10181,0.05156
2023-07-19 01:00:00,0.301,593.82,0.0,91,0.0,0.33,0.09725,0.05156
2023-07-19 02:00:00,0.2973333333333333,595.54,0.0,91,0.0,0.33,0.09675,0.05156
2023-07-19 03:00:00,0.3025,589.38,0.0,91,0.0,0.33,0.09878,0.05156
2023-07-19 04:00:00,0.3026666666666666,582.99,0.0,91,0.0,0.33,0.10417,0.05156
2023-07-19 05:00:00,0.296,566.38,0.0,91,0.0073738095238095,0.33,0.12607,0.05156
2023-07-19 06:00:00,0.3025,549.42,0.0,91,0.0513166666666666,0.33,0.12433,0.05156
2023-07-19 07:00:00,0.3021666666666666,538.33,0.0,91,0.15645,0.33,0.11796,0.05156
2023-07-19 08:00:00,0.2973333333333333,514.77,0.0,91,0.2729380952380952,0.33,0.0999,0.05156
2023-07-19 09:00:00,0.3016666666666667,502.1,0.0,91,0.4106695238095237,0.33,0.09642,0.05156
2023-07-19 10:00:00,0.3605,490.46,0.0,91,0.5078309523809524,0.33,0.09115999999999999,0.05156
2023-07-19 11:00:00,0.3231666666666666,481.23,0.0,91,0.5505138095238095,0.33,0.08688,0.05156
2023-07-19 12:00:00,0.303,491.42,0.0,91,0.4411785714285714,0.33,0.08387,0.05156
2023-07-19 13:00:00,0.3005,494.39,0.0,91,0.5522614285714286,0.33,0.08511,0.05156
2023-07-19 14:00:00,2.81,515.88,0.0,91,0.4111719047619048,0.33,0.0787,0.05156
2023-07-19 15:00:00,6.217333333333333,538.39,0.0,91,0.4919361904761904,0.33,0.0862,0.05156
2023-07-19 16:00:00,10.9785,561.98,0.0,91,0.401105238095238,0.33,0.08088,0.05156
2023-07-19 17:00:00,5.932333333333333,572.28,0.0,91,0.3266271428571429,0.33,0.12581,0.05156
2023-07-19 18:00:00,7.045000000000001,572.15,0.0,91,0.1999152380952381,0.33,0.10848999999999999,0.05156
2023-07-19 19:00:00,9.831666666666669,566.82,0.0,91,0.0753904761904761,0.33,0.1325,0.05156
2023-07-19 20:00:00,0.3974999999999999,572.8,0.0,91,0.0152314285714285,0.33,0.12676,0.05156
2023-07-19 21:00:00,0.3959999999999999,577.6,0.0,91,0.0001261904761904,0.33,0.12183,0.05156
2023-07-19 22:00:00,0.5186666666666667,577.05,0.0,91,0.0,0.33,0.10767,0.05156
2023-07-19 23:00:00,7.238333333333333,570.37,0.0,91,0.0,0.33,0.10127,0.05156
2023-07-20 00:00:00,5.368333333333333,566.49,0.0,91,0.0,0.33,0.097,0.05156
2023-07-20 01:00:00,0.3026666666666666,568.03,0.0,91,0.0,0.33,0.08755,0.05156
2023-07-20 02:00:00,0.3023333333333333,567.49,0.0,91,0.0,0.33,0.08871,0.05156
2023-07-20 03:00:00,0.2978333333333333,566.76,0.0,91,0.0,0.33,0.09047,0.05156
2023-07-20 04:00:00,0.3011666666666666,563.19,0.0,91,0.0,0.33,0.09204000000000001,0.05156
2023-07-20 05:00:00,0.3023333333333333,544.01,0.0,91,0.0067666666666666,0.33,0.10674,0.05156
2023-07-20 06:00:00,0.2988333333333333,527.68,0.0,91,0.0425309523809523,0.33,0.11445,0.05156
2023-07-20 07:00:00,0.2976666666666667,511.79,0.0,91,0.143655238095238,0.33,0.11145000000000001,0.05156
2023-07-20 08:00:00,0.3126666666666666,488.83,0.0,91,0.2440404761904762,0.33,0.09869,0.05156
2023-07-20 09:00:00,2.674166666666667,484.01,0.0,91,0.3850819047619048,0.33,0.08649,0.05156
2023-07-20 10:00:00,4.209,482.05,0.0,91,0.4744071428571428,0.33,0.08091,0.05156
2023-07-20 11:00:00,6.081666666666667,475.86,0.0,91,0.5229414285714286,0.33,0.08127,0.05156
2023-07-20 12:00:00,5.788333333333333,481.13,0.0,91,0.5477714285714286,0.33,0.07303,0.05156
2023-07-20 13:00:00,5.849833333333334,476.85,0.0,91,0.2688152380952381,0.33,0.07826999999999999,0.05156
2023-07-20 14:00:00,4.640666666666667,501.22,0.0,91,0.5566152380952382,0.33,0.07556,0.05156
2023-07-20 15:00:00,2.1286666666666663,539.15,0.0,91,0.4082823809523809,0.33,0.07697,0.05156
2023-07-20 16:00:00,0.8583333333333334,566.77,0.0,91,0.3984095238095237,0.33,0.08406999999999999,0.05156
2023-07-20 17:00:00,1.7056666666666669,576.51,0.0,91,0.2630080952380952,0.33,0.10243000000000001,0.05156
2023-07-20 18:00:00,6.805666666666667,573.59,0.0,91,0.1292147619047619,0.33,0.1119,0.05156
2023-07-20 19:00:00,2.839,573.44,0.0,91,0.0623704761904761,0.33,0.13218000000000002,0.05156
2023-07-20 20:00:00,8.1705,580.38,0.0,91,0.0113147619047619,0.33,0.13038999999999998,0.05156
2023-07-20 21:00:00,1.0816666666666668,580.68,0.0,91,6.714285714285714e-05,0.33,0.12634,0.05156
2023-07-20 22:00:00,8.737666666666668,593.03,0.0,91,0.0,0.33,0.11155,0.05156
2023-07-20 23:00:00,6.393833333333333,589.25,0.0,91,0.0,0.33,0.1012,0.05156
2023-07-21 00:00:00,0.7631666666666667,585.69,0.0,91,0.0,0.33,0.09744,0.05156
2023-07-21 01:00:00,0.7141666666666667,581.47,0.0,91,0.0,0.33,0.09237999999999999,0.05156
2023-07-21 02:00:00,6.229666666666667,582.6,0.0,91,0.0,0.33,0.0885,0.05156
2023-07-21 03:00:00,13.067333333333332,588.63,0.0,91,0.0,0.33,0.088,0.05156
2023-07-21 04:00:00,6.559666666666666,583.69,0.0,91,0.0,0.33,0.09620000000000001,0.05156
2023-07-21 05:00:00,6.660166666666666,572.39,0.0,91,0.0148138095238095,0.33,0.11702,0.05156
2023-07-21 06:00:00,0.2971666666666666,564.27,0.0,91,0.0542304761904761,0.33,0.14055,0.05156
2023-07-21 07:00:00,0.3025,550.46,0.0,91,0.1474466666666666,0.33,0.12158,0.05156
2023-07-21 08:00:00,0.3021666666666666,528.45,0.0,91,0.2712690476190476,0.33,0.10309,0.05156
2023-07-21 09:00:00,0.2956666666666667,522.34,0.0,91,0.2115914285714285,0.33,0.0975,0.05156
2023-07-21 10:00:00,0.3096666666666666,514.71,0.0,91,0.1953304761904762,0.33,0.09278,0.05156
2023-07-21 11:00:00,5.726166666666667,517.41,0.0,91,0.2850614285714286,0.33,0.09236,0.05156
2023-07-21 12:00:00,5.482166666666667,521.72,0.0,91,0.3817866666666666,0.33,0.08667,0.05156
2023-07-21 13:00:00,5.1593333333333335,527.98,0.0,91,0.27196,0.33,0.08775,0.05156
2023-07-21 14:00:00,4.0906666666666665,548.55,0.0,91,0.3064352380952381,0.33,0.08855,0.05156
2023-07-21 15:00:00,4.493166666666666,564.6,0.0,91,0.1245980952380952,0.33,0.09311,0.05156
2023-07-21 16:00:00,4.3886666666666665,561.16,0.0,91,0.069847619047619,0.33,0.10512,0.05156
2023-07-21 17:00:00,5.7058333333333335,562.37,0.0,91,0.0672714285714285,0.33,0.11347,0.05156
2023-07-21 18:00:00,6.477,560.94,0.0,91,0.0377257142857142,0.33,0.13676,0.05156
2023-07-21 19:00:00,5.851,561.58,0.0,91,0.01958,0.33,0.14306,0.05156
2023-07-21 20:00:00,6.080166666666666,565.4,0.0,91,0.0063033333333333,0.33,0.12409,0.05156
2023-07-21 21:00:00,2.0721666666666665,566.86,0.0,91,0.0002204761904761,0.33,0.12337000000000001,0.05156
2023-07-21 22:00:00,5.707333333333334,518.28,0.0,91,0.0,0.33,0.10733,0.05156
2023-07-21 23:00:00,3.6621666666666655,497.97,0.0,91,0.0,0.33,0.10049,0.05156
2023-07-22 00:00:00,5.787333333333333,481.27,0.0,91,0.0,0.33,0.10041,0.05156
2023-07-22 01:00:00,0.3983333333333334,471.81,0.0,91,0.0,0.33,0.093,0.05156
2023-07-22 02:00:00,2.164,476.04,0.0,91,0.0,0.33,0.09436,0.05156
2023-07-22 03:00:00,4.411833333333334,481.17,0.0,91,0.0,0.33,0.08993000000000001,0.05156
2023-07-22 04:00:00,0.2946666666666666,482.36,0.0,91,0.0,0.33,0.088,0.05156
2023-07-22 05:00:00,0.2981666666666666,472.88,0.0,91,0.0051438095238095,0.33,0.0888,0.05156
2023-07-22 06:00:00,0.2953333333333333,447.75,0.0,91,0.0352128571428571,0.33,0.08618,0.05156
2023-07-22 07:00:00,0.2936666666666667,420.7,0.0,91,0.1436109523809523,0.33,0.08293,0.05156
2023-07-22 08:00:00,0.2976666666666667,387.32,0.0,91,0.241065238095238,0.33,0.07176,0.05156
2023-07-22 09:00:00,0.7568333333333334,378.32,0.0,91,0.3249033333333333,0.33,0.05908,0.05156
2023-07-22 10:00:00,4.860833333333334,363.95,0.0,91,0.3191276190476191,0.33,0.046560000000000004,0.05156
2023-07-22 11:00:00,6.1255,351.05,0.0,91,0.2962947619047619,0.33,0.03943,0.05156
2023-07-22 12:00:00,5.827333333333333,343.19,0.0,91,0.4700452380952381,0.33,0.02234,0.05156
2023-07-22 13:00:00,9.5245,362.52,0.0,91,0.4782338095238095,0.33,0.01952,0.05156
2023-07-22 14:00:00,0.4028333333333333,379.55,0.0,91,0.35896,0.33,0.02905,0.05156
2023-07-22 15:00:00,0.4001666666666666,421.37,0.0,91,0.2894904761904762,0.33,0.045,0.05156
2023-07-22 16:00:00,0.798,428.8,0.0,91,0.2488095238095237,0.33,0.062479999999999994,0.05156
2023-07-22 17:00:00,7.1405,454.3,0.0,91,0.2022080952380952,0.33,0.07262,0.05156
2023-07-22 18:00:00,5.093,473.71,0.0,91,0.2406709523809524,0.33,0.08462,0.05156
2023-07-22 19:00:00,4.235833333333333,477.11,0.0,91,0.0684471428571428,0.33,0.08559,0.05156
2023-07-22 20:00:00,0.2998333333333333,470.79,0.0,91,0.0112271428571428,0.33,0.10567,0.05156
2023-07-22 21:00:00,0.3008333333333333,453.49,0.0,91,8.666666666666667e-05,0.33,0.09579,0.05156
2023-07-22 22:00:00,0.2928333333333333,467.31,0.0,91,0.0,0.33,0.09176999999999999,0.05156
2023-07-22 23:00:00,0.2993333333333333,461.14,0.0,91,0.0,0.33,0.07998999999999999,0.05156
2023-07-23 00:00:00,0.2988333333333333,452.17,0.0,91,0.0,0.33,0.075,0.05156
2023-07-23 01:00:00,0.2923333333333333,451.07,0.0,91,0.0,0.33,0.06594,0.05156
2023-07-23 02:00:00,0.2968333333333333,443.43,0.0,91,0.0,0.33,0.03322,0.05156
2023-07-23 03:00:00,0.298,437.48,0.0,91,0.0,0.33,0.015,0.05156
2023-07-23 04:00:00,0.2935,423.09,0.0,91,0.0,0.33,0.01109,0.05156
2023-07-23 05:00:00,0.2956666666666667,391.56,0.0,91,0.0052409523809523,0.33,0.00507,0.05156
2023-07-23 06:00:00,0.2976666666666667,360.18,0.0,91,0.0347985714285714,0.33,0.0028799999999999997,0.05156
2023-07-23 07:00:00,0.2931666666666666,335.65,0.0,91,0.1471647619047619,0.33,0.00342,0.05156
2023-07-23 08:00:00,0.2941666666666666,315.42,0.0,91,0.2947133333333334,0.33,8.999999999999999e-05,0.05156
2023-07-23 09:00:00,1.578166666666667,303.99,0.0,91,0.3296033333333333,0.33,0.0,0.05156
2023-07-23 10:00:00,7.795833333333333,309.44,0.0,91,0.532462380952381,0.33,0.0,0.05156
2023-07-23 11:00:00,6.498666666666666,288.15,0.0,91,0.5867766666666666,0.33,-2e-05,0.05156
2023-07-23 12:00:00,0.7273333333333333,297.76,0.0,91,0.6617790476190476,0.33,-0.0044800000000000005,0.05156
2023-07-23 13:00:00,0.2961666666666666,317.7,0.0,91,0.6334376190476191,0.33,-0.00496,0.05156
2023-07-23 14:00:00,0.294,351.24,0.0,91,0.3243671428571428,0.33,-0.00999,0.05156
2023-07-23 15:00:00,0.2985,364.84,0.0,91,0.4305442857142857,0.33,-0.01652,0.05156
2023-07-23 16:00:00,0.3166666666666666,405.11,0.0,91,0.363387619047619,0.33,-0.01543,0.05156
2023-07-23 17:00:00,1.6423333333333334,410.59,0.0,91,0.2242138095238095,0.33,0.04438,0.05156
2023-07-23 18:00:00,0.403,424.2,0.0,91,0.1541152380952381,0.33,0.07,0.05156
2023-07-23 19:00:00,0.4035,437.11,0.0,91,0.07458,0.33,0.06706000000000001,0.05156
2023-07-23 20:00:00,1.1788333333333334,434.06,0.0,91,0.0177266666666666,0.33,0.07,0.05156
2023-07-23 21:00:00,3.005333333333333,431.8,0.0,91,0.00028,0.33,0.09315000000000001,0.05156
2023-07-23 22:00:00,8.5715,456.01,0.0,91,0.0,0.33,0.08455,0.05156
2023-07-23 23:00:00,7.285166666666666,454.71,0.0,91,0.0,0.33,0.07714,0.05156
2023-07-24 00:00:00,9.72,461.75,0.0,91,0.0,0.33,0.07002,0.05156
2023-07-24 01:00:00,1.6838333333333333,464.01,0.0,91,0.0,0.33,0.06899,0.05156
2023-07-24 02:00:00,0.4013333333333333,475.63,0.0,91,0.0,0.33,0.07201,0.05156
2023-07-24 03:00:00,4.601166666666667,469.6,0.0,91,0.0,0.33,0.07209,0.05156
2023-07-24 04:00:00,0.1093333333333333,467.94,0.0,91,0.0,0.33,0.08710999999999999,0.05156
2023-07-24 05:00:00,0.0781666666666666,449.48,0.0,91,0.0072642857142857,0.33,0.10202,0.05156
2023-07-24 06:00:00,0.0701666666666666,452.35,0.0,91,0.0635828571428571,0.33,0.11702,0.05156
2023-07-24 07:00:00,0.0745,440.76,0.0,91,0.1230423809523809,0.33,0.11508,0.05156
2023-07-24 08:00:00,0.069,423.09,0.0,91,0.1351380952380952,0.33,0.105,0.05156
2023-07-24 09:00:00,0.0726666666666666,409.26,0.0,91,0.2633428571428571,0.33,0.09994,0.05156
2023-07-24 10:00:00,0.0925,417.91,0.0,91,0.1665552380952381,0.33,0.09462000000000001,0.05156
2023-07-24 11:00:00,0.0856666666666666,417.14,0.0,91,0.2887928571428571,0.33,0.08726,0.05156
2023-07-24 12:00:00,3.8356666666666666,416.3,0.0,91,0.3622790476190476,0.33,0.08131000000000001,0.05156
2023-07-24 13:00:00,3.916166666666667,431.11,0.0,91,0.289537619047619,0.33,0.07587,0.05156
2023-07-24 14:00:00,1.0843333333333334,436.54,0.0,91,0.2158857142857143,0.33,0.0728,0.05156
2023-07-24 15:00:00,1.1913333333333334,470.09,0.0,91,0.1970242857142857,0.33,0.08236,0.05156
2023-07-24 16:00:00,1.1286666666666667,487.47,0.0,91,0.1188190476190476,0.33,0.09879,0.05156
2023-07-24 17:00:00,0.0993333333333333,497.64,0.0,91,0.0666261904761904,0.33,0.11754,0.05156
2023-07-24 18:00:00,0.0758333333333333,502.6,0.0,91,0.0491109523809523,0.33,0.12559,0.05156
2023-07-24 19:00:00,0.0698333333333333,499.84,0.0,91,0.0075923809523809,0.33,0.12,0.05156
2023-07-24 20:00:00,0.0773333333333333,491.6,0.0,91,0.0013733333333333,0.33,0.12133,0.05156
2023-07-24 21:00:00,0.0776666666666666,501.61,0.0,91,0.0,0.33,0.11373,0.05156
2023-07-24 22:00:00,0.0738333333333333,523.07,0.0,91,0.0,0.33,0.10499,0.05156
2023-07-24 23:00:00,0.072,534.63,0.0,91,0.0,0.33,0.096,0.05156
2023-07-25 00:00:00,0.076,538.42,0.0,91,0.0,0.33,0.08655,0.05156
2023-07-25 01:00:00,0.0736666666666666,544.33,0.0,91,0.0,0.33,0.08495,0.05156
2023-07-25 02:00:00,0.0685,536.87,0.0,91,0.0,0.33,0.08643,0.05156
2023-07-25 03:00:00,0.0728333333333333,540.87,0.0,91,0.0,0.33,0.08733,0.05156
2023-07-25 04:00:00,0.0725,510.37,0.0,91,0.0,0.33,0.09226000000000001,0.05156
2023-07-25 05:00:00,0.0658333333333333,498.45,0.0,91,0.0057057142857142,0.33,0.11061,0.05156
2023-07-25 06:00:00,0.073,492.49,0.0,91,0.0536719047619047,0.33,0.14406,0.05156
2023-07-25 07:00:00,0.0718333333333333,502.85,0.0,91,0.1794833333333333,0.33,0.14422,0.05156
2023-07-25 08:00:00,0.066,502.35,0.0,91,0.2707185714285715,0.33,0.11268,0.05156
2023-07-25 09:00:00,0.0926666666666666,498.45,0.0,91,0.3217361904761905,0.33,0.10195,0.05156
2023-07-25 10:00:00,3.5703333333333336,472.67,0.0,91,0.385502380952381,0.33,0.09998,0.05156
2023-07-25 11:00:00,6.244833333333333,473.75,0.0,91,0.556777619047619,0.33,0.09852,0.05156
2023-07-25 12:00:00,2.9045,468.06,0.0,91,0.5641357142857143,0.33,0.08901,0.05156
2023-07-25 13:00:00,9.190666666666669,466.04,0.0,91,0.3517928571428571,0.33,0.08605,0.05156
2023-07-25 14:00:00,0.2658333333333333,468.61,0.0,91,0.2802380952380952,0.33,0.08727,0.05156
2023-07-25 15:00:00,4.5275,487.38,0.0,91,0.3558357142857143,0.33,0.09889,0.05156
2023-07-25 16:00:00,6.216833333333334,492.06,0.0,91,0.2072085714285714,0.33,0.10163,0.05156
2023-07-25 17:00:00,2.4883333333333333,503.15,0.0,91,0.25838,0.33,0.10873999999999999,0.05156
2023-07-25 18:00:00,2.342833333333333,508.08,0.0,91,0.1564552380952381,0.33,0.125,0.05156
2023-07-25 19:00:00,4.538833333333334,503.79,0.0,91,0.0863028571428571,0.33,0.13,0.05156
2023-07-25 20:00:00,3.060833333333333,496.15,0.0,91,0.0180919047619047,0.33,0.12476000000000001,0.05156
2023-07-25 21:00:00,0.0728333333333333,510.4,0.0,91,3.523809523809524e-05,0.33,0.11075,0.05156
2023-07-25 22:00:00,0.0696666666666666,507.39,0.0,91,0.0,0.33,0.0985,0.05156
2023-07-25 23:00:00,0.1169999999999999,489.49,0.0,91,0.0,0.33,0.09795999999999999,0.05156
2023-07-26 00:00:00,0.1773333333333332,486.47,0.0,91,0.0,0.33,0.08931,0.05156
2023-07-26 01:00:00,1.655,473.99,0.0,91,0.0,0.33,0.08626,0.05156
2023-07-26 02:00:00,12.501,478.06,0.0,91,0.0,0.33,0.07965000000000001,0.05156
2023-07-26 03:00:00,12.9285,487.99,0.0,91,0.0,0.33,0.07964,0.05156
2023-07-26 04:00:00,5.411666666666666,482.26,0.0,91,0.0,0.33,0.08683,0.05156
2023-07-26 05:00:00,0.1378333333333332,477.04,0.0,91,0.0057271428571428,0.33,0.10177,0.05156
2023-07-26 06:00:00,0.0691666666666666,477.01,0.0,91,0.0447980952380952,0.33,0.11129,0.05156
2023-07-26 07:00:00,0.0673333333333333,474.52,0.0,91,0.1492709523809523,0.33,0.11561,0.05156
2023-07-26 08:00:00,0.0675,456.44,0.0,91,0.1851480952380952,0.33,0.10804000000000001,0.05156
2023-07-26 09:00:00,0.0723333333333333,440.46,0.0,91,0.2695604761904762,0.33,0.09967000000000001,0.05156
2023-07-26 10:00:00,0.0676666666666666,426.86,0.0,91,0.2850966666666666,0.33,0.09340000000000001,0.05156
2023-07-26 11:00:00,0.0711666666666666,428.02,0.0,91,0.2975766666666666,0.33,0.0885,0.05156
2023-07-26 12:00:00,0.0706666666666666,423.92,0.0,91,0.2609561904761904,0.33,0.08817,0.05156
2023-07-26 13:00:00,0.0768333333333333,427.32,0.0,91,0.3439580952380952,0.33,0.08597,0.05156
2023-07-26 14:00:00,0.0721666666666666,437.05,0.0,91,0.4287495238095238,0.33,0.08638,0.05156
2023-07-26 15:00:00,0.0675,448.17,0.0,91,0.2239490476190476,0.33,0.09292,0.05156
2023-07-26 16:00:00,1.4186666666666667,472.66,0.0,91,0.1569638095238095,0.33,0.10109,0.05156
2023-07-26 17:00:00,4.301666666666667,491.01,0.0,91,0.0709433333333333,0.33,0.10956999999999999,0.05156
2023-07-26 18:00:00,0.8168333333333333,494.67,0.0,91,0.0179,0.33,0.12258,0.05156
2023-07-26 19:00:00,6.0183333333333335,488.74,0.0,91,0.0085071428571428,0.33,0.10401,0.05156
2023-07-26 20:00:00,9.388833333333332,462.94,0.0,91,0.0008190476190476,0.33,0.11606,0.05156
2023-07-26 21:00:00,2.0536666666666665,466.57,0.0,91,0.0,0.33,0.11374,0.05156
2023-07-26 22:00:00,0.1443333333333333,486.71,0.0,91,0.0,0.33,0.09878,0.05156
2023-07-26 23:00:00,0.0699999999999999,470.22,0.0,91,0.0,0.33,0.09836,0.05156
2023-07-27 00:00:00,0.0698333333333333,468.73,0.0,91,0.0,0.33,0.08269,0.05156
2023-07-27 01:00:00,0.074,473.19,0.0,91,0.0,0.33,0.076,0.05156
2023-07-27 02:00:00,0.0691666666666666,479.7,0.0,91,0.0,0.33,0.07106,0.05156
2023-07-27 03:00:00,0.069,487.97,0.0,91,0.0,0.33,0.07139,0.05156
2023-07-27 04:00:00,0.0745,495.98,0.0,91,0.0,0.33,0.08034000000000001,0.05156
2023-07-27 05:00:00,0.0685,468.54,0.0,91,0.0010295238095238,0.33,0.09629,0.05156
2023-07-27 06:00:00,0.0688333333333333,446.63,0.0,91,0.0468547619047619,0.33,0.10327,0.05156
2023-07-27 07:00:00,0.0736666666666666,422.24,0.0,91,0.1322647619047619,0.33,0.1043,0.05156
2023-07-27 08:00:00,0.1188333333333333,418.7,0.0,91,0.1964466666666666,0.33,0.09912,0.05156
2023-07-27 09:00:00,0.1628333333333333,404.17,0.0,91,0.1967790476190476,0.33,0.0968,0.05156
2023-07-27 10:00:00,0.1653333333333333,396.17,0.0,91,0.3862866666666666,0.33,0.0882,0.05156
2023-07-27 11:00:00,0.1691666666666666,398.87,0.0,91,0.5196952380952381,0.33,0.08645,0.05156
2023-07-27 12:00:00,2.794333333333333,401.3,0.0,91,0.5006628571428572,0.33,0.08001000000000001,0.05156
2023-07-27 13:00:00,3.711833333333333,431.7,0.0,91,0.6248852380952381,0.33,0.07833,0.05156
2023-07-27 14:00:00,3.079,472.24,0.0,91,0.5456509523809524,0.33,0.08109999999999999,0.05156
2023-07-27 15:00:00,0.3745,495.8,0.0,91,0.4003214285714286,0.33,0.09276999999999999,0.05156
2023-07-27 16:00:00,3.634833333333333,508.09,0.0,91,0.4315985714285714,0.33,0.10776000000000001,0.05156
2023-07-27 17:00:00,0.3746666666666667,511.03,0.0,91,0.2725,0.33,0.1171,0.05156
2023-07-27 18:00:00,0.5425,514.06,0.0,91,0.2198019047619047,0.33,0.12312000000000001,0.05156
2023-07-27 19:00:00,0.8015,515.91,0.0,91,0.0609699999999999,0.33,0.11859,0.05156
2023-07-27 20:00:00,0.283,510.52,0.0,91,0.0079671428571428,0.33,0.1185,0.05156
2023-07-27 21:00:00,0.2643333333333333,520.4,0.0,91,0.0,0.33,0.11509,0.05156
2023-07-27 22:00:00,0.2693333333333333,511.84,0.0,91,0.0,0.33,0.10148,0.05156
2023-07-27 23:00:00,0.2623333333333333,497.09,0.0,91,0.0,0.33,0.08863,0.05156
2023-07-28 00:00:00,0.2681666666666666,491.8,0.0,91,0.0,0.33,0.07959000000000001,0.05156
2023-07-28 01:00:00,0.2625,490.93,0.0,91,0.0,0.33,0.07812999999999999,0.05156
2023-07-28 02:00:00,0.2661666666666666,495.08,0.0,91,0.0,0.33,0.0792,0.05156
2023-07-28 03:00:00,0.2605,508.76,0.0,91,0.0,0.33,0.08002,0.05156
2023-07-28 04:00:00,0.2663333333333333,513.86,0.0,91,0.0,0.33,0.08953,0.05156
2023-07-28 05:00:00,0.2611666666666667,507.22,0.0,91,8.095238095238097e-06,0.33,0.10052,0.05156
2023-07-28 06:00:00,0.2665,492.95,0.0,91,0.0251761904761904,0.33,0.11114,0.05156
2023-07-28 07:00:00,0.2651666666666666,477.13,0.0,91,0.0947047619047619,0.33,0.11299,0.05156
2023-07-28 08:00:00,0.26,468.43,0.0,91,0.0723214285714285,0.33,0.10787000000000001,0.05156
2023-07-28 09:00:00,0.2653333333333333,512.92,0.0,91,0.1661666666666666,0.33,0.09954,0.05156
2023-07-28 10:00:00,0.3839999999999999,520.07,0.0,91,0.17622,0.33,0.093,0.05156
2023-07-28 11:00:00,5.768666666666667,512.82,0.0,91,0.2725266666666667,0.33,0.08585,0.05156
2023-07-28 12:00:00,0.8438333333333333,513.7,0.0,91,0.3573690476190476,0.33,0.08,0.05156
2023-07-28 13:00:00,0.4725,508.74,0.0,91,0.2325228571428571,0.33,0.07565000000000001,0.05156
2023-07-28 14:00:00,1.3046666666666666,488.26,0.0,91,0.5706119047619048,0.33,0.0761,0.05156
2023-07-28 15:00:00,3.276333333333333,498.06,0.0,91,0.1706066666666666,0.33,0.08,0.05156
2023-07-28 16:00:00,6.6513333333333335,510.89,0.0,91,0.1975590476190475,0.33,0.09947,0.05156
2023-07-28 17:00:00,11.3905,520.79,0.0,91,0.1235433333333333,0.33,0.10787000000000001,0.05156
2023-07-28 18:00:00,6.2185,519.89,0.0,91,0.0552833333333333,0.33,0.11293,0.05156
2023-07-28 19:00:00,3.062666666666667,525.45,0.0,91,0.0255190476190476,0.33,0.12193000000000001,0.05156
2023-07-28 20:00:00,1.1885,523.32,0.0,91,0.0019590476190476,0.33,0.12,0.05156
2023-07-28 21:00:00,0.3195,520.55,0.0,91,0.0,0.33,0.11465,0.05156
2023-07-28 22:00:00,0.1028333333333332,487.45,0.0,91,0.0,0.33,0.10086,0.05156
2023-07-28 23:00:00,0.0691666666666666,477.4,0.0,91,0.0,0.33,0.10309,0.05156
2023-07-29 00:00:00,0.0741666666666666,456.14,0.0,91,0.0,0.33,0.09491,0.05156
2023-07-29 01:00:00,0.0703333333333333,444.31,0.0,91,0.0,0.33,0.09117,0.05156
2023-07-29 02:00:00,0.069,449.94,0.0,91,0.0,0.33,0.08566,0.05156
2023-07-29 03:00:00,0.0705,451.71,0.0,91,0.0,0.33,0.08897,0.05156
2023-07-29 04:00:00,0.0728333333333333,449.14,0.0,91,0.0,0.33,0.08703,0.05156
2023-07-29 05:00:00,0.0688333333333333,436.95,0.0,91,0.0019519047619047,0.33,0.0857,0.05156
2023-07-29 06:00:00,0.0681666666666666,410.78,0.0,91,0.0319338095238095,0.33,0.08791,0.05156
2023-07-29 07:00:00,0.0746666666666666,402.97,0.0,91,0.1036738095238095,0.33,0.08579,0.05156
2023-07-29 08:00:00,0.0681666666666666,392.59,0.0,91,0.2323128571428571,0.33,0.08170999999999999,0.05156
2023-07-29 09:00:00,0.0681666666666666,385.83,0.0,91,0.1888809523809523,0.33,0.0755,0.05156
2023-07-29 10:00:00,0.5720000000000001,383.2,0.0,91,0.2675704761904762,0.33,0.06375,0.05156
2023-07-29 11:00:00,0.1738333333333332,388.77,0.0,91,0.1400385714285714,0.33,0.05768,0.05156
2023-07-29 12:00:00,0.1733333333333332,381.89,0.0,91,0.2635923809523809,0.33,0.039869999999999996,0.05156
2023-07-29 13:00:00,2.681,371.25,0.0,91,0.3935395238095238,0.33,0.01882,0.05156
2023-07-29 14:00:00,0.1796666666666666,393.97,0.0,91,0.397497619047619,0.33,0.01973,0.05156
2023-07-29 15:00:00,0.1829999999999999,397.94,0.0,91,0.411987619047619,0.33,0.047810000000000005,0.05156
2023-07-29 16:00:00,0.1749999999999999,428.05,0.0,91,0.436345238095238,0.33,0.06581000000000001,0.05156
2023-07-29 17:00:00,0.5555,455.13,0.0,91,0.2972228571428572,0.33,0.09048,0.05156
2023-07-29 18:00:00,0.4918333333333333,450.94,0.0,91,0.2293814285714285,0.33,0.09459000000000001,0.05156
2023-07-29 19:00:00,0.0696666666666666,450.27,0.0,91,0.0680571428571428,0.33,0.0953,0.05156
2023-07-29 20:00:00,0.069,455.14,0.0,91,0.0110766666666666,0.33,0.10447,0.05156
2023-07-29 21:00:00,0.0755,450.41,0.0,91,1.4285714285714286e-06,0.33,0.10395,0.05156
2023-07-29 22:00:00,0.0686666666666666,456.71,0.0,91,0.0,0.33,0.09218000000000001,0.05156
2023-07-29 23:00:00,0.0691666666666666,450.07,0.0,91,0.0,0.33,0.0845,0.05156
2023-07-30 00:00:00,0.0695,457.86,0.0,91,0.0,0.33,0.07490000000000001,0.05156
2023-07-30 01:00:00,0.0698333333333333,460.72,0.0,91,0.0,0.33,0.06781000000000001,0.05156
2023-07-30 02:00:00,0.0753333333333333,460.89,0.0,91,0.0,0.33,0.05779,0.05156
2023-07-30 03:00:00,0.0695,467.34,0.0,91,0.0,0.33,0.0516,0.05156
2023-07-30 04:00:00,0.0683333333333333,463.99,0.0,91,0.0,0.33,0.0517,0.05156
2023-07-30 05:00:00,0.0686666666666666,448.95,0.0,91,0.0062433333333333,0.33,0.04734,0.05156
2023-07-30 06:00:00,0.0688333333333333,435.12,0.0,91,0.0353923809523809,0.33,0.037,0.05156
2023-07-30 07:00:00,0.0711666666666666,390.22,0.0,91,0.0592385714285714,0.33,0.02982,0.05156
2023-07-30 08:00:00,0.0703333333333333,354.87,0.0,91,0.0847642857142857,0.33,0.00848,0.05156
2023-07-30 09:00:00,0.0673333333333333,346.76,0.0,91,0.1051109523809523,0.33,1e-05,0.05156
2023-07-30 10:00:00,0.1246666666666666,347.0,0.0,91,0.1192595238095237,0.33,0.009439999999999999,0.05156
2023-07-30 11:00:00,0.1443333333333332,339.01,0.0,91,0.3993033333333333,0.33,-0.007679999999999999,0.05156
2023-07-30 12:00:00,0.1963333333333332,340.01,0.0,91,0.4226771428571428,0.33,-0.02094,0.05156
2023-07-30 13:00:00,0.7325,344.79,0.0,91,0.4483466666666666,0.33,-0.02964,0.05156
2023-07-30 14:00:00,4.299666666666666,346.52,0.0,91,0.4736542857142857,0.33,-0.046479999999999994,0.05156
2023-07-30 15:00:00,10.636833333333334,377.71,0.0,91,0.3123585714285714,0.33,-0.00261,0.05156
2023-07-30 16:00:00,8.230166666666667,424.11,0.0,91,0.2694252380952381,0.33,0.01489,0.05156
2023-07-30 17:00:00,2.648333333333333,443.35,0.0,91,0.1487904761904762,0.33,0.03712,0.05156
2023-07-30 18:00:00,0.3403333333333333,456.13,0.0,91,0.1274519047619047,0.33,0.075,0.05156
2023-07-30 19:00:00,0.1751666666666666,454.0,0.0,91,0.0268023809523809,0.33,0.08447,0.05156
2023-07-30 20:00:00,0.986,447.75,0.0,91,0.0004880952380952,0.33,0.08846,0.05156
2023-07-30 21:00:00,4.1745,427.97,0.0,91,0.0,0.33,0.08962,0.05156
2023-07-30 22:00:00,4.302333333333333,467.31,0.0,91,0.0,0.33,0.07005,0.05156
2023-07-30 23:00:00,5.016333333333334,460.28,0.0,91,0.0,0.33,0.06103,0.05156
2023-07-31 00:00:00,4.506166666666666,454.19,0.0,91,0.0,0.33,0.05051,0.05156
2023-07-31 01:00:00,3.4021666666666666,445.48,0.0,91,0.0,0.33,0.044090000000000004,0.05156
2023-07-31 02:00:00,0.0691666666666666,446.06,0.0,91,0.0,0.33,0.0303,0.05156
2023-07-31 03:00:00,0.0693333333333333,454.24,0.0,91,0.0,0.33,0.02891,0.05156
2023-07-31 04:00:00,0.0691666666666666,453.84,0.0,91,0.0,0.33,0.05031,0.05156
2023-07-31 05:00:00,0.0711666666666666,441.89,0.0,91,0.0044061904761904,0.33,0.08165,0.05156
2023-07-31 06:00:00,0.0699999999999999,436.43,0.0,91,0.0337161904761904,0.33,0.08886,0.05156
2023-07-31 07:00:00,0.0661666666666666,422.1,0.0,91,0.0872109523809523,0.33,0.08776,0.05156
2023-07-31 08:00:00,0.0653333333333333,401.28,0.0,91,0.164247619047619,0.33,0.086,0.05156
2023-07-31 09:00:00,0.042,389.9,0.0,91,0.2775390476190476,0.33,0.07393000000000001,0.05156
2023-07-31 10:00:00,0.0236666666666666,385.4,0.0,91,0.3115028571428572,0.33,0.06713,0.05156
2023-07-31 11:00:00,0.0279999999999999,384.41,0.0,91,0.3269766666666667,0.33,0.06465,0.05156
2023-07-31 12:00:00,0.0276666666666666,389.62,0.0,91,0.6717038095238096,0.33,0.05911,0.05156
2023-07-31 13:00:00,0.0263333333333333,405.17,0.0,91,0.5639204761904761,0.33,0.05855,0.05156
2023-07-31 14:00:00,0.0256666666666666,405.5,0.0,91,0.4362042857142857,0.33,0.05924,0.05156
2023-07-31 15:00:00,0.0261666666666666,423.07,0.0,91,0.3197004761904762,0.33,0.06706000000000001,0.05156
2023-07-31 16:00:00,0.0221666666666666,444.91,0.0,91,0.1739242857142857,0.33,0.07683,0.05156
2023-07-31 17:00:00,0.0295,455.24,0.0,91,0.1461790476190476,0.33,0.09688,0.05156
2023-07-31 18:00:00,0.0298333333333333,459.53,0.0,91,0.072875238095238,0.33,0.11006999999999999,0.05156
2023-07-31 19:00:00,0.0289999999999999,448.7,0.0,91,0.035235238095238,0.33,0.11520999999999999,0.05156
2023-07-31 20:00:00,0.0279999999999999,452.87,0.0,91,0.004385238095238,0.33,0.11384999999999999,0.05156
2023-07-31 21:00:00,0.0278333333333333,463.14,0.0,91,0.0,0.33,0.09893,0.05156
2023-07-31 22:00:00,0.0223333333333333,466.83,0.0,91,0.0,0.33,0.08857999999999999,0.05156
2023-07-31 23:00:00,0.0261666666666666,470.82,0.0,91,0.0,0.33,0.06778,0.05156
2023-08-01 00:00:00,0.0208333333333333,470.84,0.0,91,0.0,0.33,0.05885,0.05165
2023-08-01 01:00:00,0.0261666666666666,474.87,0.0,91,0.0,0.33,0.05786,0.05165
2023-08-01 02:00:00,0.021,476.53,0.0,91,0.0,0.33,0.05694,0.05165
2023-08-01 03:00:00,0.0255,467.21,0.0,91,0.0,0.33,0.0579,0.05165
2023-08-01 04:00:00,0.0205,459.03,0.0,91,0.0,0.33,0.0634,0.05165
2023-08-01 05:00:00,0.0206666666666666,453.13,0.0,91,0.0008314285714285,0.33,0.0917,0.05165
2023-08-01 06:00:00,0.0211666666666666,447.94,0.0,91,0.0082395238095238,0.33,0.09445999999999999,0.05165
2023-08-01 07:00:00,0.0271666666666666,436.8,0.0,91,0.0522128571428571,0.33,0.09858,0.05165
2023-08-01 08:00:00,0.022,443.16,0.0,91,0.1812023809523809,0.33,0.09197,0.05165
2023-08-01 09:00:00,0.0221666666666666,423.75,0.0,91,0.1634180952380952,0.33,0.09201999999999999,0.05165
2023-08-01 10:00:00,0.0215,404.12,0.0,91,0.2416985714285714,0.33,0.08771,0.05165
2023-08-01 11:00:00,0.0265,379.6,0.0,91,0.36139,0.33,0.07956,0.05165
2023-08-01 12:00:00,0.0216666666666666,382.5,0.0,91,0.6208509523809524,0.33,0.07842,0.05165
2023-08-01 13:00:00,0.0218333333333333,391.24,0.0,91,0.6234414285714286,0.33,0.07,0.05165
2023-08-01 14:00:00,0.0218333333333333,401.84,0.0,91,0.4497090476190476,0.33,0.0703,0.05165
2023-08-01 15:00:00,0.021,405.06,0.0,91,0.2110928571428571,0.33,0.07119,0.05165
2023-08-01 16:00:00,0.0243333333333333,406.9,0.0,91,0.3496942857142857,0.33,0.08227,0.05165
2023-08-01 17:00:00,0.0218333333333333,437.8,0.0,91,0.2696509523809524,0.33,0.09359,0.05165
2023-08-01 18:00:00,0.0221666666666666,447.53,0.0,91,0.0902785714285714,0.33,0.109,0.05165
2023-08-01 19:00:00,0.0225,447.8,0.0,91,0.0640723809523809,0.33,0.1207,0.05165
2023-08-01 20:00:00,0.0273333333333333,444.07,0.0,91,0.0091104761904761,0.33,0.11581999999999999,0.05165
2023-08-01 21:00:00,0.0215,448.64,0.0,91,0.0,0.33,0.10255,0.05165
2023-08-01 22:00:00,0.0208333333333333,462.91,0.0,91,0.0,0.33,0.09278,0.05165
2023-08-01 23:00:00,0.0208333333333333,464.56,0.0,91,0.0,0.33,0.08938,0.05165
2023-08-02 00:00:00,0.0213333333333333,456.53,0.0,91,0.0,0.33,0.07754000000000001,0.05165
2023-08-02 01:00:00,0.0223333333333333,454.3,0.0,91,0.0,0.33,0.06962,0.05165
2023-08-02 02:00:00,0.0255,459.46,0.0,91,0.0,0.33,0.06706999999999999,0.05165
2023-08-02 03:00:00,0.0206666666666666,467.54,0.0,91,0.0,0.33,0.06996,0.05165
2023-08-02 04:00:00,0.0206666666666666,447.76,0.0,91,0.0,0.33,0.08561,0.05165
2023-08-02 05:00:00,0.0203333333333333,430.18,0.0,91,0.0023033333333333,0.33,0.09712,0.05165
2023-08-02 06:00:00,0.02,421.17,0.0,91,0.0343047619047619,0.33,0.10477,0.05165
2023-08-02 07:00:00,0.026,407.02,0.0,91,0.1163438095238095,0.33,0.09437999999999999,0.05165
2023-08-02 08:00:00,0.0215,395.44,0.0,91,0.1677985714285714,0.33,0.08742,0.05165
2023-08-02 09:00:00,0.022,371.13,0.0,91,0.1722123809523809,0.33,0.07819,0.05165
2023-08-02 10:00:00,0.0218333333333333,377.73,0.0,91,0.2123680952380952,0.33,0.0645,0.05165
2023-08-02 11:00:00,0.0213333333333333,378.68,0.0,91,0.3337695238095238,0.33,0.052020000000000004,0.05165
2023-08-02 12:00:00,0.0243333333333333,369.49,0.0,91,0.5443928571428571,0.33,0.03308,0.05165
2023-08-02 13:00:00,0.0193333333333333,373.92,0.0,91,0.3858819047619048,0.33,0.02465,0.05165
2023-08-02 14:00:00,0.0186666666666666,406.0,0.0,91,0.2299461904761904,0.33,0.02137,0.05165
2023-08-02 15:00:00,0.019,408.07,0.0,91,0.109057619047619,0.33,0.02861,0.05165
2023-08-02 16:00:00,0.0193333333333333,428.23,0.0,91,0.1808385714285714,0.33,0.052450000000000004,0.05165
2023-08-02 17:00:00,0.0255,445.2,0.0,91,0.130107619047619,0.33,0.06863,0.05165
2023-08-02 18:00:00,0.021,446.68,0.0,91,0.0782814285714285,0.33,0.09068999999999999,0.05165
2023-08-02 19:00:00,0.0203333333333333,442.85,0.0,91,0.0139438095238095,0.33,0.08376,0.05165
2023-08-02 20:00:00,0.0205,439.47,0.0,91,0.0012466666666666,0.33,0.08331999999999999,0.05165
2023-08-02 21:00:00,0.0203333333333333,442.3,0.0,91,0.0,0.33,0.06570000000000001,0.05165
2023-08-02 22:00:00,0.0201666666666666,446.3,0.0,91,0.0,0.33,0.03842,0.05165
2023-08-02 23:00:00,0.0246666666666666,445.66,0.0,91,0.0,0.33,0.02092,0.05165
2023-08-03 00:00:00,0.0201666666666666,443.91,0.0,91,0.0,0.33,0.009529999999999999,0.05165
2023-08-03 01:00:00,0.0208333333333333,452.84,0.0,91,0.0,0.33,0.00344,0.05165
2023-08-03 02:00:00,0.0211666666666666,452.58,0.0,91,0.0,0.33,0.00561,0.05165
2023-08-03 03:00:00,0.021,453.63,0.0,91,0.0,0.33,0.008230000000000001,0.05165
2023-08-03 04:00:00,0.021,451.17,0.0,91,0.0,0.33,0.02797,0.05165
2023-08-03 05:00:00,0.0261666666666666,428.83,0.0,91,0.0004133333333333,0.33,0.047990000000000005,0.05165
2023-08-03 06:00:00,0.0211666666666666,420.42,0.0,91,0.014817619047619,0.33,0.06347,0.05165
2023-08-03 07:00:00,0.021,400.4,0.0,91,0.1026704761904761,0.33,0.06985,0.05165
2023-08-03 08:00:00,0.0213333333333333,397.34,0.0,91,0.2659499999999999,0.33,0.05862,0.05165
2023-08-03 09:00:00,0.0211666666666666,388.27,0.0,91,0.1818814285714285,0.33,0.04567,0.05165
2023-08-03 10:00:00,0.0266666666666666,371.87,0.0,91,0.2965304761904762,0.33,0.034409999999999996,0.05165
2023-08-03 11:00:00,0.0215,364.9,0.0,91,0.1196023809523809,0.33,0.027149999999999997,0.05165
2023-08-03 12:00:00,0.0218333333333333,360.34,0.0,91,0.2472066666666666,0.33,0.01604,0.05165
2023-08-03 13:00:00,0.0215,366.99,0.0,91,0.2754733333333333,0.33,0.01822,0.05165
2023-08-03 14:00:00,0.0208333333333333,372.51,0.0,91,0.2869328571428571,0.33,0.032100000000000004,0.05165
2023-08-03 15:00:00,0.0193333333333333,384.11,0.0,91,0.2990128571428572,0.33,0.03055,0.05165
2023-08-03 16:00:00,0.0246666666666666,409.87,0.0,91,0.2003314285714285,0.33,0.04933,0.05165
2023-08-03 17:00:00,0.0203333333333333,429.15,0.0,91,0.0445733333333333,0.33,0.08,0.05165
2023-08-03 18:00:00,0.0238333333333333,437.93,0.0,91,0.0536604761904761,0.33,0.09487999999999999,0.05165
2023-08-03 19:00:00,0.0241666666666666,458.25,0.0,91,0.0184380952380952,0.33,0.09192,0.05165
2023-08-03 20:00:00,0.0245,462.54,0.0,91,0.0016947619047619,0.33,0.09083,0.05165
2023-08-03 21:00:00,0.0246666666666666,466.57,0.0,91,0.0,0.33,0.09431999999999999,0.05165
2023-08-03 22:00:00,0.0295,463.96,0.0,91,0.0,0.33,0.08683,0.05165
2023-08-03 23:00:00,0.0245,467.57,0.0,91,0.0,0.33,0.09014,0.05165
2023-08-04 00:00:00,0.024,465.74,0.0,91,0.0,0.33,0.08385,0.05165
2023-08-04 01:00:00,0.0235,467.74,0.0,91,0.0,0.33,0.08092,0.05165
2023-08-04 02:00:00,0.0215,472.66,0.0,91,0.0,0.33,0.07925,0.05165
2023-08-04 03:00:00,0.0191666666666666,474.73,0.0,91,0.0,0.33,0.08215,0.05165
2023-08-04 04:00:00,0.0241666666666666,463.57,0.0,91,0.0,0.33,0.08742,0.05165
2023-08-04 05:00:00,0.0205,473.28,0.0,91,0.001017619047619,0.33,0.10593000000000001,0.05165
2023-08-04 06:00:00,0.0225,460.11,0.0,91,0.0366123809523809,0.33,0.1221,0.05165
2023-08-04 07:00:00,0.0225,438.3,0.0,91,0.043157619047619,0.33,0.11937,0.05165
2023-08-04 08:00:00,0.0218333333333333,421.87,0.0,91,0.1722852380952381,0.33,0.10371999999999999,0.05165
2023-08-04 09:00:00,0.0215,419.48,0.0,91,0.2032766666666666,0.33,0.09516,0.05165
2023-08-04 10:00:00,0.0268333333333333,432.48,0.0,91,0.2246547619047618,0.33,0.09068000000000001,0.05165
2023-08-04 11:00:00,0.0216666666666666,434.66,0.0,91,0.2258804761904762,0.33,0.08692,0.05165
2023-08-04 12:00:00,0.0218333333333333,429.67,0.0,91,0.2040541871921182,0.33,0.08081,0.05165
2023-08-04 13:00:00,0.0208333333333333,436.67,0.0,91,0.0990728571428571,0.33,0.07784,0.05165
2023-08-04 14:00:00,0.0198333333333333,445.16,0.0,91,0.0725347619047619,0.33,0.07712000000000001,0.05165
2023-08-04 15:00:00,0.0186666666666666,458.06,0.0,91,0.0828133333333333,0.33,0.08318,0.05165
2023-08-04 16:00:00,0.0181666666666666,473.15,0.0,91,0.2781609523809524,0.33,0.09603,0.05165
2023-08-04 17:00:00,0.0268333333333333,485.77,0.0,91,0.3420257142857143,0.33,0.09894,0.05165
2023-08-04 18:00:00,0.0221666666666666,494.62,0.0,91,0.196077619047619,0.33,0.13486,0.05165
2023-08-04 19:00:00,0.0233333333333333,496.1,0.0,91,0.0577766666666666,0.33,0.13034,0.05165
2023-08-04 20:00:00,0.0236666666666666,495.73,0.0,91,0.0053995238095238,0.33,0.12207,0.05165
2023-08-04 21:00:00,0.0231666666666666,490.01,0.0,91,0.0,0.33,0.11638,0.05165
2023-08-04 22:00:00,0.0225,490.23,0.0,91,0.0,0.33,0.09849,0.05165
2023-08-04 23:00:00,0.0281666666666666,485.4,0.0,91,0.0,0.33,0.10155,0.05165
2023-08-05 00:00:00,0.0225,451.16,0.0,91,0.0,0.33,0.09490000000000001,0.05165
2023-08-05 01:00:00,0.0221666666666666,447.78,0.0,91,0.0,0.33,0.09258,0.05165
2023-08-05 02:00:00,0.0223333333333333,446.32,0.0,91,0.0,0.33,0.09029999999999999,0.05165
2023-08-05 03:00:00,0.0223333333333333,446.4,0.0,91,0.0,0.33,0.09024,0.05165
2023-08-05 04:00:00,0.0231666666666666,447.8,0.0,91,0.0,0.33,0.09054000000000001,0.05165
2023-08-05 05:00:00,0.0218333333333333,439.82,0.0,91,0.0005357142857142,0.33,0.09448999999999999,0.05165
2023-08-05 06:00:00,0.0276666666666666,425.65,0.0,91,0.0338923809523809,0.33,0.09295999999999999,0.05165
2023-08-05 07:00:00,0.022,423.19,0.0,91,0.0876119047619047,0.33,0.09290999999999999,0.05165
2023-08-05 08:00:00,0.0233333333333333,423.12,0.0,91,0.204312380952381,0.33,0.08891,0.05165
2023-08-05 09:00:00,0.0218333333333333,421.23,0.0,91,0.3339261904761905,0.33,0.08009999999999999,0.05165
2023-08-05 10:00:00,0.0201666666666666,402.16,0.0,91,0.5435704761904762,0.33,0.07486,0.05165
2023-08-05 11:00:00,0.02,403.29,0.0,91,0.5983566666666666,0.33,0.06501,0.05165
2023-08-05 12:00:00,0.0256666666666666,402.53,0.0,91,0.5627404761904762,0.33,0.05891,0.05165
2023-08-05 13:00:00,0.019,409.67,0.0,91,0.3193761904761905,0.33,0.05804,0.05165
2023-08-05 14:00:00,0.018,415.97,0.0,91,0.3653209523809523,0.33,0.06501,0.05165
2023-08-05 15:00:00,0.0176666666666666,426.96,0.0,91,0.11932,0.33,0.07816,0.05165
2023-08-05 16:00:00,0.0173333333333333,440.86,0.0,91,0.0934514285714285,0.33,0.09719,0.05165
2023-08-05 17:00:00,0.0174999999999999,441.11,0.0,91,0.0228204761904761,0.33,0.10646,0.05165
2023-08-05 18:00:00,0.019,445.86,0.0,91,0.0247842857142857,0.33,0.122,0.05165
2023-08-05 19:00:00,0.0268333333333333,446.23,0.0,91,0.0123804761904761,0.33,0.12899000000000002,0.05165
2023-08-05 20:00:00,0.0218333333333333,441.03,0.0,91,0.0021823809523809,0.33,0.10723,0.05165
2023-08-05 21:00:00,0.0213333333333333,435.77,0.0,91,0.0,0.33,0.09895,0.05165
2023-08-05 22:00:00,0.0215,403.87,0.0,91,0.0,0.33,0.08728,0.05165
2023-08-05 23:00:00,0.0208333333333333,393.97,0.0,91,0.0,0.33,0.08865,0.05165
2023-08-06 00:00:00,0.0211666666666666,419.23,0.0,91,0.0,0.33,0.0782,0.05165
2023-08-06 01:00:00,0.0208333333333333,435.25,0.0,91,0.0,0.33,0.06877,0.05165
2023-08-06 02:00:00,0.0261666666666666,429.87,0.0,91,0.0,0.33,0.06704,0.05165
2023-08-06 03:00:00,0.0211666666666666,461.42,0.0,91,0.0,0.33,0.059539999999999996,0.05165
2023-08-06 04:00:00,0.0218333333333333,466.63,0.0,91,0.0,0.33,0.05608,0.05165
2023-08-06 05:00:00,0.019,447.57,0.0,91,0.0015166666666666,0.33,0.04874,0.05165
2023-08-06 06:00:00,0.02,425.21,0.0,91,0.0286090476190476,0.33,0.06174,0.05165
2023-08-06 07:00:00,0.0193333333333333,398.46,0.0,91,0.1229285714285714,0.33,0.061560000000000004,0.05165
2023-08-06 08:00:00,0.02,380.69,0.0,91,0.2838742857142857,0.33,0.053759999999999995,0.05165
2023-08-06 09:00:00,0.0233333333333333,370.1,0.0,91,0.4328833333333333,0.33,0.047,0.05165
2023-08-06 10:00:00,0.0178333333333333,364.12,0.0,91,0.5089766666666666,0.33,0.04028,0.05165
2023-08-06 11:00:00,0.0174999999999999,370.57,0.0,91,0.5218995238095238,0.33,0.03058,0.05165
2023-08-06 12:00:00,0.0178333333333333,375.5,0.0,91,0.5929300000000001,0.33,0.01131,0.05165
2023-08-06 13:00:00,0.0174999999999999,383.92,0.0,91,0.473032380952381,0.33,0.009970000000000001,0.05165
2023-08-06 14:00:00,0.0178333333333333,425.13,0.0,91,0.5786319047619048,0.33,0.00824,0.05165
2023-08-06 15:00:00,0.0174999999999999,486.83,0.0,91,0.4719747619047618,0.33,0.01048,0.05165
2023-08-06 16:00:00,0.0228333333333333,505.08,0.0,91,0.3694209523809524,0.33,0.032740000000000005,0.05165
2023-08-06 17:00:00,0.0178333333333333,517.7,0.0,91,0.3273017543859648,0.33,0.06103,0.05165
2023-08-06 18:00:00,0.0198333333333333,509.86,0.0,91,0.1743828571428571,0.33,0.07202,0.05165
2023-08-06 19:00:00,0.0216666666666666,503.5,0.0,91,0.0614195238095238,0.33,0.074,0.05165
2023-08-06 20:00:00,0.0226666666666666,494.29,0.0,91,0.0074409523809523,0.33,0.07362,0.05165
2023-08-06 21:00:00,0.021,488.49,0.0,91,0.0,0.33,0.07186,0.05165
2023-08-06 22:00:00,0.0205,466.67,0.0,91,0.0,0.33,0.05197,0.05165
2023-08-06 23:00:00,0.0256666666666666,452.72,0.0,91,0.0,0.33,0.05368,0.05165
2023-08-07 00:00:00,0.0203333333333333,461.95,0.0,91,0.0,0.33,0.043340000000000004,0.05165
2023-08-07 01:00:00,0.02,446.4,0.0,91,0.0,0.33,0.02278,0.05165
2023-08-07 02:00:00,0.02,443.28,0.0,91,0.0,0.33,0.007,0.05165
2023-08-07 03:00:00,0.02,489.86,0.0,91,0.0,0.33,0.0060999999999999995,0.05165
2023-08-07 04:00:00,0.0196666666666666,495.09,0.0,91,0.0,0.33,0.00608,0.05165
2023-08-07 05:00:00,0.0201666666666666,494.13,0.0,91,0.0011414285714285,0.33,0.06614,0.05165
2023-08-07 06:00:00,0.022,467.91,0.0,91,0.0295219047619047,0.33,0.07269,0.05165
2023-08-07 07:00:00,0.0231666666666666,467.97,0.0,91,0.1220214285714285,0.33,0.07084,0.05165
2023-08-07 08:00:00,0.0208333333333333,451.73,0.0,91,0.2753161904761905,0.33,0.047240000000000004,0.05165
2023-08-07 09:00:00,0.0211666666666666,434.16,0.0,91,0.3988404761904762,0.33,0.01,0.05165
2023-08-07 10:00:00,0.0203333333333333,399.98,0.0,91,0.5283252380952381,0.33,0.00645,0.05165
2023-08-07 11:00:00,0.0208333333333333,393.96,0.0,91,0.6549119047619048,0.33,0.00653,0.05165
2023-08-07 12:00:00,0.02,395.08,0.0,91,0.6913833333333332,0.33,0.005,0.05165
2023-08-07 13:00:00,0.018,393.14,0.0,91,0.6649,0.33,0.00221,0.05165
2023-08-07 14:00:00,0.0268333333333333,398.04,0.0,91,0.5509809523809523,0.33,0.02768,0.05165
2023-08-07 15:00:00,0.0213333333333333,411.17,0.0,91,0.531762380952381,0.33,0.01809,0.05165
2023-08-07 16:00:00,0.0191666666666666,421.1,0.0,91,0.4577719047619047,0.33,0.022600000000000002,0.05165
2023-08-07 17:00:00,0.0221666666666666,438.94,0.0,91,0.3424209523809524,0.33,0.01783,0.05165
2023-08-07 18:00:00,0.0216666666666666,447.71,0.0,91,0.1868447619047619,0.33,0.02993,0.05165
2023-08-07 19:00:00,0.0203333333333333,437.58,0.0,91,0.0456571428571428,0.33,0.05607,0.05165
2023-08-07 20:00:00,0.0198333333333333,432.72,0.0,91,0.0070004761904761,0.33,0.05046,0.05165
2023-08-07 21:00:00,0.0251666666666666,416.32,0.0,91,0.0,0.33,0.00181,0.05165
2023-08-07 22:00:00,0.019,410.61,0.0,91,0.0,0.33,0.00395,0.05165
2023-08-07 23:00:00,0.019,411.19,0.0,91,0.0,0.33,-0.00428,0.05165
2023-08-08 00:00:00,0.0193333333333333,404.55,0.0,91,0.0,0.33,-0.0049900000000000005,0.05165
2023-08-08 01:00:00,0.0196666666666666,403.42,0.0,91,0.0,0.33,-0.01859,0.05165
2023-08-08 02:00:00,0.0193333333333333,407.01,0.0,91,0.0,0.33,-0.00592,0.05165
2023-08-08 03:00:00,0.0186666666666666,411.75,0.0,91,0.0,0.33,-0.0014,0.05165
2023-08-08 04:00:00,0.0246666666666666,410.28,0.0,91,0.0,0.33,-0.00198,0.05165
2023-08-08 05:00:00,0.0183333333333333,399.38,0.0,91,0.0011004761904761,0.33,0.00562,0.05165
2023-08-08 06:00:00,0.0181666666666666,402.62,0.0,91,0.0244123809523809,0.33,0.019370000000000002,0.05165
2023-08-08 07:00:00,0.019,385.63,0.0,91,0.1231661904761904,0.33,0.0103,0.05165
2023-08-08 08:00:00,0.0186666666666666,353.3,0.0,91,0.2933442857142856,0.33,0.00868,0.05165
2023-08-08 09:00:00,0.0201666666666666,351.03,0.0,91,0.4406542857142856,0.33,0.0,0.05165
2023-08-08 10:00:00,0.0185,328.67,0.0,91,0.5600628571428571,0.33,-0.00313,0.05165
2023-08-08 11:00:00,0.0171666666666666,342.98,0.0,91,0.6427952380952382,0.33,-0.00709,0.05165
2023-08-08 12:00:00,0.0233333333333333,342.64,0.0,91,0.6857880952380951,0.33,-0.009,0.05165
2023-08-08 13:00:00,0.0174999999999999,344.61,0.0,91,0.6557533333333333,0.33,-0.01251,0.05165
2023-08-08 14:00:00,0.0211666666666666,377.8,0.0,91,0.3374571428571428,0.33,-0.00928,0.05165
2023-08-08 15:00:00,0.0238333333333333,406.86,0.0,91,0.1460409523809523,0.33,-0.00207,0.05165
2023-08-08 16:00:00,0.0213333333333333,428.4,0.0,91,0.1131623809523809,0.33,0.00558,0.05165
2023-08-08 17:00:00,0.0215,447.92,0.0,91,0.121055238095238,0.33,0.03461,0.05165
2023-08-08 18:00:00,0.023,453.2,0.0,91,0.10971,0.33,0.08807,0.05165
2023-08-08 19:00:00,0.0303333333333333,454.69,0.0,91,0.0580585714285714,0.33,0.07698999999999999,0.05165
2023-08-08 20:00:00,0.0246666666666666,454.98,0.0,91,0.0026780952380952,0.33,0.0882,0.05165
2023-08-08 21:00:00,0.0238333333333333,452.7,0.0,91,0.0,0.33,0.08759,0.05165
2023-08-08 22:00:00,0.0235,460.64,0.0,91,0.0,0.33,0.06054,0.05165
2023-08-08 23:00:00,0.023,468.46,0.0,91,0.0,0.33,0.08012999999999999,0.05165
2023-08-09 00:00:00,0.0231666666666666,465.63,0.0,91,0.0,0.33,0.07119,0.05165
2023-08-09 01:00:00,0.023,461.56,0.0,91,0.0,0.33,0.06923,0.05165
2023-08-09 02:00:00,0.0233333333333333,459.99,0.0,91,0.0,0.33,0.06747,0.05165
2023-08-09 03:00:00,0.0284999999999999,463.71,0.0,91,0.0,0.33,0.07412,0.05165
2023-08-09 04:00:00,0.0233333333333333,459.54,0.0,91,0.0,0.33,0.08395,0.05165
2023-08-09 05:00:00,0.023,455.86,0.0,91,0.0,0.33,0.09816,0.05165
2023-08-09 06:00:00,0.0243333333333333,431.91,0.0,91,0.0217104761904761,0.33,0.1057,0.05165
2023-08-09 07:00:00,0.0238333333333333,414.14,0.0,91,0.0918928571428571,0.33,0.10643999999999999,0.05165
2023-08-09 08:00:00,0.0241666666666666,407.46,0.0,91,0.1497442857142857,0.33,0.09922,0.05165
2023-08-09 09:00:00,0.0236666666666666,403.32,0.0,91,0.2140242857142857,0.33,0.08897,0.05165
2023-08-09 10:00:00,0.0328333333333333,397.85,0.0,91,0.356537619047619,0.33,0.08165,0.05165
2023-08-09 11:00:00,0.0273333333333333,411.67,0.0,91,0.3816847619047618,0.33,0.06688,0.05165
2023-08-09 12:00:00,0.0273333333333333,406.45,0.0,91,0.4658019047619047,0.33,0.06293,0.05165
2023-08-09 13:00:00,0.0273333333333333,409.99,0.0,91,0.4956004761904762,0.33,0.04571,0.05165
2023-08-09 14:00:00,0.0273333333333333,418.51,0.0,91,0.4309195238095238,0.33,0.06288,0.05165
2023-08-09 15:00:00,0.0273333333333333,425.89,0.0,91,0.2622838095238095,0.33,0.07218000000000001,0.05165
2023-08-09 16:00:00,0.0276666666666666,439.18,0.0,91,0.3221409523809524,0.33,0.08866,0.05165
2023-08-09 17:00:00,0.0331666666666666,458.15,0.0,91,0.385787619047619,0.33,0.09929,0.05165
2023-08-09 18:00:00,0.0276666666666666,463.64,0.0,91,0.147717619047619,0.33,0.11915,0.05165
2023-08-09 19:00:00,0.0273333333333333,461.89,0.0,91,0.0483142857142857,0.33,0.13908,0.05165
2023-08-09 20:00:00,0.028,454.93,0.0,91,0.0041319047619047,0.33,0.13144999999999998,0.05165
2023-08-09 21:00:00,0.0276666666666666,449.18,0.0,91,0.0,0.33,0.12247,0.05165
2023-08-09 22:00:00,0.028,448.61,0.0,91,0.0,0.33,0.10096,0.05165
2023-08-09 23:00:00,0.0285,448.86,0.0,91,0.0,0.33,0.09627,0.05165
2023-08-10 00:00:00,0.0283333333333333,442.56,0.0,91,0.0,0.33,0.09198999999999999,0.05165
2023-08-10 01:00:00,0.0335,442.11,0.0,91,0.0,0.33,0.08915000000000001,0.05165
2023-08-10 02:00:00,0.028,447.08,0.0,91,0.0,0.33,0.07998000000000001,0.05165
2023-08-10 03:00:00,0.0273333333333333,451.88,0.0,91,0.0,0.33,0.08488,0.05165
2023-08-10 04:00:00,0.0276666666666666,443.04,0.0,91,0.0,0.33,0.09232,0.05165
2023-08-10 05:00:00,0.0273333333333333,435.01,0.0,91,0.0009328571428571,0.33,0.115,0.05165
2023-08-10 06:00:00,0.027,409.44,0.0,91,0.0232138095238095,0.33,0.09914,0.05165
2023-08-10 07:00:00,0.0273333333333333,395.36,0.0,91,0.1078185714285714,0.33,0.10339,0.05165
2023-08-10 08:00:00,0.028,386.31,0.0,91,0.2572504761904762,0.33,0.09498999999999999,0.05165
2023-08-10 09:00:00,0.033,373.45,0.0,91,0.4072661904761905,0.33,0.07864,0.05165
2023-08-10 10:00:00,0.0276666666666666,377.17,0.0,91,0.512672380952381,0.33,0.06765,0.05165
2023-08-10 11:00:00,0.027,384.02,0.0,91,0.626427619047619,0.33,0.06705,0.05165
2023-08-10 12:00:00,0.028,380.31,0.0,91,0.61505,0.33,0.04231,0.05165
2023-08-10 13:00:00,0.0276666666666666,392.89,0.0,91,0.4912614285714285,0.33,0.04572,0.05165
2023-08-10 14:00:00,0.0273333333333333,408.98,0.0,91,0.431742380952381,0.33,0.06745999999999999,0.05165
2023-08-10 15:00:00,0.0276666666666666,429.38,0.0,91,0.3894719047619048,0.33,0.08001000000000001,0.05165
2023-08-10 16:00:00,0.033,452.69,0.0,91,0.4635785714285714,0.33,0.09254000000000001,0.05165
2023-08-10 17:00:00,0.0283333333333333,460.1,0.0,91,0.3393528571428571,0.33,0.10157,0.05165
2023-08-10 18:00:00,0.0281666666666666,466.19,0.0,91,0.1820523809523809,0.33,0.14437,0.05165
2023-08-10 19:00:00,0.0281666666666666,459.26,0.0,91,0.0492347619047619,0.33,0.15475999999999998,0.05165
2023-08-10 20:00:00,0.0281666666666666,439.17,0.0,91,0.0043966666666666,0.33,0.13478,0.05165
2023-08-10 21:00:00,0.0283333333333333,443.17,0.0,91,0.0,0.33,0.10789,0.05165
2023-08-10 22:00:00,0.0285,429.36,0.0,91,0.0,0.33,0.09648000000000001,0.05165
2023-08-10 23:00:00,0.0288333333333333,414.28,0.0,91,0.0,0.33,0.10682,0.05165
2023-08-11 00:00:00,0.0336666666666666,411.87,0.0,91,0.0,0.33,0.10122,0.05165
2023-08-11 01:00:00,0.0286666666666666,408.02,0.0,91,0.0,0.33,0.09948,0.05165
2023-08-11 02:00:00,0.0276666666666666,410.58,0.0,91,0.0,0.33,0.09725,0.05165
2023-08-11 03:00:00,0.0276666666666666,408.1,0.0,91,0.0,0.33,0.09886,0.05165
2023-08-11 04:00:00,0.028,414.64,0.0,91,0.0,0.33,0.10231,0.05165
2023-08-11 05:00:00,0.0276666666666666,398.76,0.0,91,0.0010914285714285,0.33,0.11364,0.05165
2023-08-11 06:00:00,0.0276666666666666,374.17,0.0,91,0.0247871428571428,0.33,0.11075,0.05165
2023-08-11 07:00:00,0.031,348.76,0.0,91,0.1177009523809523,0.33,0.09473000000000001,0.05165
2023-08-11 08:00:00,0.0286666666666666,329.72,0.0,91,0.2803538095238095,0.33,0.06774,0.05165
2023-08-11 09:00:00,0.027,320.14,0.0,91,0.4331280952380953,0.33,0.0433,0.05165
2023-08-11 10:00:00,0.027,328.35,0.0,91,0.5563838095238095,0.33,0.03903,0.05165
2023-08-11 11:00:00,0.027,321.72,0.0,91,0.6445485714285715,0.33,0.030199999999999998,0.05165
2023-08-11 12:00:00,0.027,336.66,0.0,91,0.6644357142857142,0.33,0.01694,0.05165
2023-08-11 13:00:00,0.027,360.61,0.0,91,0.6684685714285714,0.33,0.01814,0.05165
2023-08-11 14:00:00,0.027,381.54,0.0,91,0.6472642857142857,0.33,0.05801,0.05165
2023-08-11 15:00:00,0.0325,392.22,0.0,91,0.5955866666666666,0.33,0.08458,0.05165
2023-08-11 16:00:00,0.0276666666666666,420.33,0.0,91,0.4871642857142857,0.33,0.09798,0.05165
2023-08-11 17:00:00,0.028,441.68,0.0,91,0.3440195238095238,0.33,0.11095999999999999,0.05165
2023-08-11 18:00:00,0.0278333333333333,453.6,0.0,91,0.1803504761904762,0.33,0.13393,0.05165
2023-08-11 19:00:00,0.0285,450.2,0.0,91,0.0467657142857142,0.33,0.15,0.05165
2023-08-11 20:00:00,0.0285,435.05,0.0,91,0.0039804761904761,0.33,0.13118000000000002,0.05165
2023-08-11 21:00:00,0.0283333333333333,433.4,0.0,91,0.0,0.33,0.1105,0.05165
2023-08-11 22:00:00,0.0315,410.23,0.0,91,0.0,0.33,0.1006,0.05165
2023-08-11 23:00:00,0.0305,393.37,0.0,91,0.0,0.33,0.10354000000000001,0.05165
2023-08-12 00:00:00,0.0286666666666666,395.06,0.0,91,0.0,0.33,0.09726,0.05165
2023-08-12 01:00:00,0.0286666666666666,396.09,0.0,91,0.0,0.33,0.09692,0.05165
2023-08-12 02:00:00,0.0288333333333333,393.93,0.0,91,0.0,0.33,0.09406999999999999,0.05165
2023-08-12 03:00:00,0.0286666666666666,392.84,0.0,91,0.0,0.33,0.09391,0.05165
2023-08-12 04:00:00,0.0283333333333333,386.62,0.0,91,0.0,0.33,0.08893999999999999,0.05165
2023-08-12 05:00:00,0.0283333333333333,358.62,0.0,91,0.0008757142857142,0.33,0.08843000000000001,0.05165
2023-08-12 06:00:00,0.0336666666666666,335.55,0.0,91,0.0219957142857142,0.33,0.052340000000000005,0.05165
2023-08-12 07:00:00,0.0281666666666666,308.56,0.0,91,0.1108947619047619,0.33,0.04209,0.05165
2023-08-12 08:00:00,0.0281666666666666,297.37,0.0,91,0.2737476190476191,0.33,0.037590000000000005,0.05165
2023-08-12 09:00:00,0.0283333333333333,290.08,0.0,91,0.4272971428571429,0.33,0.01367,0.05165
2023-08-12 10:00:00,0.0283333333333333,270.96,0.0,91,0.5463938095238096,0.33,0.020059999999999998,0.05165
2023-08-12 11:00:00,0.0273333333333333,272.2,0.0,91,0.6347904761904762,0.33,0.01607,0.05165
2023-08-12 12:00:00,0.0278333333333333,269.23,0.0,91,0.6759347619047619,0.33,0.00929,0.05165
2023-08-12 13:00:00,0.0283333333333333,292.0,0.0,91,0.6554628571428571,0.33,0.006,0.05165
2023-08-12 14:00:00,0.0331666666666666,326.12,0.0,91,0.6398019047619048,0.33,0.00692,0.05165
2023-08-12 15:00:00,0.0285,367.49,0.0,91,0.5854809523809524,0.33,0.020399999999999998,0.05165
2023-08-12 16:00:00,0.0285,403.68,0.0,91,0.4740190476190476,0.33,0.06758,0.05165
2023-08-12 17:00:00,0.0286666666666666,418.02,0.0,91,0.332,0.33,0.09248999999999999,0.05165
2023-08-12 18:00:00,0.0291666666666666,432.11,0.0,91,0.1722804761904761,0.33,0.10647,0.05165
2023-08-12 19:00:00,0.0288333333333333,419.72,0.0,91,0.0420514285714285,0.33,0.11116,0.05165
2023-08-12 20:00:00,0.0291666666666666,413.26,0.0,91,0.0032014285714285,0.33,0.11228,0.05165
2023-08-12 21:00:00,0.0341666666666666,402.83,0.0,91,0.0,0.33,0.10744,0.05165
2023-08-12 22:00:00,0.0285,404.77,0.0,91,0.0,0.33,0.09719,0.05165
2023-08-12 23:00:00,0.029,395.87,0.0,91,0.0,0.33,0.0901,0.05165
2023-08-13 00:00:00,0.0288333333333333,392.56,0.0,91,0.0,0.33,0.08238,0.05165
2023-08-13 01:00:00,0.0286666666666666,388.28,0.0,91,0.0,0.33,0.0788,0.05165
2023-08-13 02:00:00,0.0285,388.12,0.0,91,0.0,0.33,0.06966,0.05165
2023-08-13 03:00:00,0.028,390.67,0.0,91,0.0,0.33,0.069,0.05165
2023-08-13 04:00:00,0.0278333333333333,382.91,0.0,91,0.0,0.33,0.07202,0.05165
2023-08-13 05:00:00,0.0331666666666666,363.46,0.0,91,0.0002623809523809,0.33,0.07517,0.05165
2023-08-13 06:00:00,0.0283333333333333,340.3,0.0,91,0.0246771428571428,0.33,0.0603,0.05165
2023-08-13 07:00:00,0.0276666666666666,312.34,0.0,91,0.0988347619047619,0.33,0.03344,0.05165
2023-08-13 08:00:00,0.0278333333333333,284.51,0.0,91,0.2507042857142857,0.33,0.017839999999999998,0.05165
2023-08-13 09:00:00,0.0275,271.48,0.0,91,0.4022961904761905,0.33,0.01134,0.05165
2023-08-13 10:00:00,0.0281666666666666,273.37,0.0,91,0.5180819047619047,0.33,0.008199999999999999,0.05165
2023-08-13 11:00:00,0.028,277.78,0.0,91,0.601307619047619,0.33,0.00202,0.05165
2023-08-13 12:00:00,0.0311666666666666,272.85,0.0,91,0.643312380952381,0.33,0.00055,0.05165
2023-08-13 13:00:00,0.0311666666666666,293.8,0.0,91,0.6404119047619047,0.33,0.0013700000000000001,0.05165
2023-08-13 14:00:00,0.0285,334.02,0.0,91,0.6012238095238095,0.33,0.0067599999999999995,0.05165
2023-08-13 15:00:00,0.0283333333333333,377.64,0.0,91,0.5382171428571428,0.33,0.01745,0.05165
2023-08-13 16:00:00,0.0286666666666666,415.75,0.0,91,0.4335114285714285,0.33,0.07264,0.05165
2023-08-13 17:00:00,0.0291666666666666,433.31,0.0,91,0.2893799999999999,0.33,0.09906000000000001,0.05165
2023-08-13 18:00:00,0.0293333333333333,451.34,0.0,91,0.1459780952380952,0.33,0.10719,0.05165
2023-08-13 19:00:00,0.0291666666666666,441.51,0.0,91,0.03876,0.33,0.11549,0.05165
2023-08-13 20:00:00,0.0341666666666666,424.97,0.0,91,0.0026447619047619,0.33,0.12,0.05165
2023-08-13 21:00:00,0.0288333333333333,399.61,0.0,91,0.0,0.33,0.107,0.05165
2023-08-13 22:00:00,0.0288333333333333,409.06,0.0,91,0.0,0.33,0.10273,0.05165
2023-08-13 23:00:00,0.0293333333333333,427.8,0.0,91,0.0,0.33,0.09659999999999999,0.05165
2023-08-14 00:00:00,0.0291666666666666,414.7,0.0,91,0.0,0.33,0.08784,0.05165
2023-08-14 01:00:00,0.0291666666666666,410.41,0.0,91,0.0,0.33,0.08142,0.05165
2023-08-14 02:00:00,0.0286666666666666,412.99,0.0,91,0.0,0.33,0.07471,0.05165
2023-08-14 03:00:00,0.0283333333333333,412.39,0.0,91,0.0,0.33,0.08929000000000001,0.05165
2023-08-14 04:00:00,0.0335,413.82,0.0,91,0.0,0.33,0.09959,0.05165
2023-08-14 05:00:00,0.0281666666666666,401.93,0.0,91,0.0,0.33,0.11048999999999999,0.05165
2023-08-14 06:00:00,0.0283333333333333,371.58,0.0,91,0.0222047619047619,0.33,0.11579,0.05165
2023-08-14 07:00:00,0.0285,354.8,0.0,91,0.0996409523809523,0.33,0.09997,0.05165
2023-08-14 08:00:00,0.0283333333333333,327.98,0.0,91,0.2353466666666666,0.33,0.08739,0.05165
2023-08-14 09:00:00,0.0283333333333333,308.82,0.0,91,0.3760952380952381,0.33,0.05414,0.05165
2023-08-14 10:00:00,0.0281666666666666,309.98,0.0,91,0.4859685714285714,0.33,0.047189999999999996,0.05165
2023-08-14 11:00:00,0.0335,312.01,0.0,91,0.5691119047619048,0.33,0.06281,0.05165
2023-08-14 12:00:00,0.0283333333333333,328.41,0.0,91,0.6037885714285715,0.33,0.062,0.05165
2023-08-14 13:00:00,0.0283333333333333,348.43,0.0,91,0.593502380952381,0.33,0.06534000000000001,0.05165
2023-08-14 14:00:00,0.0283333333333333,394.74,0.0,91,0.5877261904761906,0.33,0.0741,0.05165
2023-08-14 15:00:00,0.0285,440.01,0.0,91,0.5268214285714286,0.33,0.08234999999999999,0.05165
2023-08-14 16:00:00,0.0286666666666666,469.01,0.0,91,0.4012128571428571,0.33,0.10098,0.05165
2023-08-14 17:00:00,0.0285,485.45,0.0,91,0.2717657142857143,0.33,0.12,0.05165
2023-08-14 18:00:00,0.0288333333333333,488.45,0.0,91,0.1388442857142857,0.33,0.17201,0.05165
2023-08-14 19:00:00,0.0336666666666666,475.59,0.0,91,0.0386352380952381,0.33,0.15462,0.05165
2023-08-14 20:00:00,0.0286666666666666,469.03,0.0,91,0.0024638095238095,0.33,0.13022,0.05165
2023-08-14 21:00:00,0.0288333333333333,469.75,0.0,91,0.0,0.33,0.11098999999999999,0.05165
2023-08-14 22:00:00,0.029,434.95,0.0,91,0.0,0.33,0.10106,0.05165
2023-08-14 23:00:00,0.029,429.83,0.0,91,0.0,0.33,0.0996,0.05165
2023-08-15 00:00:00,0.029,421.27,0.0,91,0.0,0.33,0.09265000000000001,0.05165
2023-08-15 01:00:00,0.029,424.01,0.0,91,0.0,0.33,0.09065999999999999,0.05165
2023-08-15 02:00:00,0.0321666666666666,418.55,0.0,91,0.0,0.33,0.08996,0.05165
2023-08-15 03:00:00,0.03,424.6,0.0,91,0.0,0.33,0.08767,0.05165
2023-08-15 04:00:00,0.0281666666666666,419.25,0.0,91,0.0,0.33,0.08918999999999999,0.05165
2023-08-15 05:00:00,0.0281666666666666,394.9,0.0,91,2.523809523809524e-05,0.33,0.10164,0.05165
2023-08-15 06:00:00,0.0283333333333333,364.89,0.0,91,0.023317619047619,0.33,0.10539,0.05165
2023-08-15 07:00:00,0.0283333333333333,344.71,0.0,91,0.1012666666666666,0.33,0.09028,0.05165
2023-08-15 08:00:00,0.0288333333333333,326.25,0.0,91,0.2400723809523809,0.33,0.07878,0.05165
2023-08-15 09:00:00,0.0285,314.31,0.0,91,0.3790371428571428,0.33,0.05912,0.05165
2023-08-15 10:00:00,0.0335,308.88,0.0,91,0.458717619047619,0.33,0.02831,0.05165
2023-08-15 11:00:00,0.0281666666666666,306.67,0.0,91,0.5665190476190476,0.33,0.023780000000000003,0.05165
2023-08-15 12:00:00,0.0281666666666666,318.1,0.0,91,0.6090476190476191,0.33,0.02189,0.05165
2023-08-15 13:00:00,0.0286666666666666,341.32,0.0,91,0.6026181818181818,0.33,0.02354,0.05165
2023-08-15 14:00:00,0.0285,370.53,0.0,91,0.5639449350649351,0.33,0.04585,0.05165
2023-08-15 15:00:00,0.0285,416.94,0.0,91,0.304782967032967,0.33,0.07026,0.05165
2023-08-15 16:00:00,0.0285,455.86,0.0,91,0.2034610389610389,0.33,0.09501000000000001,0.05165
2023-08-15 17:00:00,0.029,449.65,0.0,91,0.1463324675324675,0.33,0.10729999999999999,0.05165
2023-08-15 18:00:00,0.034,458.91,0.0,91,0.0555877551020408,0.33,0.12456999999999999,0.05165
2023-08-15 19:00:00,0.0288333333333333,473.77,0.0,91,0.0324119047619047,0.33,0.14,0.05165
2023-08-15 20:00:00,0.029,476.7,0.0,91,0.0014847619047619,0.33,0.13304,0.05165
2023-08-15 21:00:00,0.029,491.32,0.0,91,0.0,0.33,0.1181,0.05165
2023-08-15 22:00:00,0.029,479.15,0.0,91,0.0,0.33,0.10789,0.05165
2023-08-15 23:00:00,0.0293333333333333,470.04,0.0,91,0.0,0.33,0.10687,0.05165
2023-08-16 00:00:00,0.0291666666666666,472.05,0.0,91,0.0,0.33,0.09745000000000001,0.05165
2023-08-16 01:00:00,0.0341666666666666,479.16,0.0,91,0.0,0.33,0.0932,0.05165
2023-08-16 02:00:00,0.0291666666666666,494.33,0.0,91,0.0,0.33,0.09383,0.05165
2023-08-16 03:00:00,0.0285,492.63,0.0,91,0.0,0.33,0.09436,0.05165
2023-08-16 04:00:00,0.0285,504.25,0.0,91,0.0,0.33,0.09949,0.05165
2023-08-16 05:00:00,0.0286666666666666,481.54,0.0,91,4.428571428571429e-05,0.33,0.11842,0.05165
2023-08-16 06:00:00,0.0285,455.91,0.0,91,0.0227147619047619,0.33,0.1407,0.05165
2023-08-16 07:00:00,0.0281666666666666,430.65,0.0,91,0.0962247619047619,0.33,0.12958,0.05165
2023-08-16 08:00:00,0.0281666666666666,416.36,0.0,91,0.2203652380952381,0.33,0.10951000000000001,0.05165
2023-08-16 09:00:00,0.0338333333333333,408.68,0.0,91,0.3469485714285714,0.33,0.09956999999999999,0.05165
2023-08-16 10:00:00,0.0286666666666666,416.43,0.0,91,0.4347123809523809,0.33,0.09483,0.05165
2023-08-16 11:00:00,0.0285,415.2,0.0,91,0.44437,0.33,0.09211,0.05165
2023-08-16 12:00:00,0.0286666666666666,426.6,0.0,91,0.2115804761904761,0.33,0.08714,0.05165
2023-08-16 13:00:00,0.0283333333333333,441.01,0.0,91,0.2590466666666666,0.33,0.09015000000000001,0.05165
2023-08-16 14:00:00,0.0283333333333333,464.27,0.0,91,0.20275,0.33,0.09345,0.05165
2023-08-16 15:00:00,0.0285,479.13,0.0,91,0.0790380952380952,0.33,0.09744,0.05165
2023-08-16 16:00:00,0.029,486.08,0.0,91,0.1398328571428571,0.33,0.11062999999999999,0.05165
2023-08-16 17:00:00,0.0343333333333333,497.85,0.0,91,0.1345409523809524,0.33,0.13112000000000001,0.05165
2023-08-16 18:00:00,0.0288333333333333,500.82,0.0,91,0.0839042857142857,0.33,0.15599000000000002,0.05165
2023-08-16 19:00:00,0.0289999999999999,487.23,0.0,91,0.035855238095238,0.33,0.15857,0.05165
2023-08-16 20:00:00,0.029,500.11,0.0,91,0.0025419047619047,0.33,0.1361,0.05165
2023-08-16 21:00:00,0.0293333333333333,504.62,0.0,91,0.0,0.33,0.1199,0.05165
2023-08-16 22:00:00,0.0293333333333333,461.32,0.0,91,0.0,0.33,0.09999,0.05165
2023-08-16 23:00:00,0.029,474.09,0.0,91,0.0,0.33,0.10488,0.05165
2023-08-17 00:00:00,0.034,465.84,0.0,91,0.0,0.33,0.09838,0.05165
2023-08-17 01:00:00,0.0283333333333333,463.88,0.0,91,0.0,0.33,0.09795000000000001,0.05165
2023-08-17 02:00:00,0.0283333333333333,467.61,0.0,91,0.0,0.33,0.09509999999999999,0.05165
2023-08-17 03:00:00,0.0285,464.71,0.0,91,0.0,0.33,0.09437000000000001,0.05165
2023-08-17 04:00:00,0.0283333333333333,480.67,0.0,91,0.0,0.33,0.10109,0.05165
2023-08-17 05:00:00,0.0283333333333333,475.54,0.0,91,6.857142857142857e-05,0.33,0.12127,0.05165
2023-08-17 06:00:00,0.0286666666666666,449.2,0.0,91,0.0221166666666666,0.33,0.13441,0.05165
2023-08-17 07:00:00,0.0286666666666666,437.68,0.0,91,0.1246419047619047,0.33,0.133,0.05165
2023-08-17 08:00:00,0.0336666666666666,432.26,0.0,91,0.2427309523809524,0.33,0.11554,0.05165
2023-08-17 09:00:00,0.0286666666666666,411.23,0.0,91,0.4016857142857143,0.33,0.10307,0.05165
2023-08-17 10:00:00,0.0283333333333333,402.05,0.0,91,0.4909742857142856,0.33,0.09503,0.05165
2023-08-17 11:00:00,0.0283333333333333,407.16,0.0,91,0.4275828571428571,0.33,0.09162000000000001,0.05165
2023-08-17 12:00:00,0.0286666666666666,410.79,0.0,91,0.5255538095238095,0.33,0.08998,0.05165
2023-08-17 13:00:00,0.0285,413.79,0.0,91,0.5814728571428571,0.33,0.08998,0.05165
2023-08-17 14:00:00,0.0288333333333333,436.28,0.0,91,0.589277619047619,0.33,0.09423000000000001,0.05165
2023-08-17 15:00:00,0.0313333333333333,451.53,0.0,91,0.5790385714285714,0.33,0.10006999999999999,0.05165
2023-08-17 16:00:00,0.0311666666666666,467.99,0.0,91,0.4651814285714286,0.33,0.11281999999999999,0.05165
2023-08-17 17:00:00,0.0288333333333333,476.22,0.0,91,0.3228728571428571,0.33,0.13,0.05165
2023-08-17 18:00:00,0.029,486.8,0.0,91,0.1584804761904762,0.33,0.15,0.05165
2023-08-17 19:00:00,0.0291666666666666,487.29,0.0,91,0.03502,0.33,0.146,0.05165
2023-08-17 20:00:00,0.0291666666666666,496.57,0.0,91,0.0016033333333333,0.33,0.12908,0.05165
2023-08-17 21:00:00,0.0291666666666666,487.01,0.0,91,0.0,0.33,0.11663,0.05165
2023-08-17 22:00:00,0.029,489.92,0.0,91,0.0,0.33,0.10729999999999999,0.05165
2023-08-17 23:00:00,0.0341666666666666,487.79,0.0,91,0.0,0.33,0.10502,0.05165
2023-08-18 00:00:00,0.0288333333333333,480.38,0.0,91,0.0,0.33,0.10129,0.05165
2023-08-18 01:00:00,0.0288333333333333,478.6,0.0,91,0.0,0.33,0.10067,0.05165
2023-08-18 02:00:00,0.0285,476.88,0.0,91,0.0,0.33,0.10023,0.05165
2023-08-18 03:00:00,0.0283333333333333,480.51,0.0,91,0.0,0.33,0.10042,0.05165
2023-08-18 04:00:00,0.0286666666666666,464.67,0.0,91,0.0,0.33,0.10293000000000001,0.05165
2023-08-18 05:00:00,0.0288333333333333,460.82,0.0,91,1.5714285714285715e-05,0.33,0.11835999999999999,0.05165
2023-08-18 06:00:00,0.0285,439.16,0.0,91,0.0177995238095238,0.33,0.13796,0.05165
2023-08-18 07:00:00,0.0336666666666666,425.94,0.0,91,0.1008714285714285,0.33,0.12208,0.05165
2023-08-18 08:00:00,0.0283333333333333,409.37,0.0,91,0.253675238095238,0.33,0.10685,0.05165
2023-08-18 09:00:00,0.0281666666666666,413.04,0.0,91,0.4087178571428572,0.33,0.09584999999999999,0.05165
2023-08-18 10:00:00,0.0281666666666666,404.71,0.0,91,0.5308004761904761,0.33,0.08904999999999999,0.05165
2023-08-18 11:00:00,0.0286666666666666,403.34,0.0,91,0.4890838095238096,0.33,0.08628,0.05165
2023-08-18 12:00:00,0.0286666666666666,393.18,0.0,91,0.6750321428571429,0.33,0.08285,0.05165
2023-08-18 13:00:00,0.0285,399.81,0.0,91,0.6710668693009119,0.33,0.08416,0.05165
2023-08-18 14:00:00,0.0336666666666666,425.17,0.0,91,0.6372438095238095,0.33,0.08940000000000001,0.05165
2023-08-18 15:00:00,0.0283333333333333,455.32,0.0,91,0.56501,0.33,0.09748,0.05165
2023-08-18 16:00:00,0.0288333333333333,483.12,0.0,91,0.4519866666666666,0.33,0.10969,0.05165
2023-08-18 17:00:00,0.0286666666666666,511.76,0.0,91,0.3086209523809524,0.33,0.12935,0.05165
2023-08-18 18:00:00,0.0288333333333333,540.22,0.0,91,0.1497995238095238,0.33,0.15805000000000002,0.05165
2023-08-18 19:00:00,0.0288333333333333,566.6,0.0,91,0.0315861904761904,0.33,0.14789,0.05165
2023-08-18 20:00:00,0.0291666666666666,574.65,0.0,91,0.0015033333333333,0.33,0.12718000000000002,0.05165
2023-08-18 21:00:00,0.0293333333333333,567.83,0.0,91,0.0,0.33,0.10901000000000001,0.05165
2023-08-18 22:00:00,0.0343333333333333,548.4,0.0,91,0.0,0.33,0.10043,0.05165
2023-08-18 23:00:00,0.0291666666666666,516.8,0.0,91,0.0,0.33,0.10118,0.05165
2023-08-19 00:00:00,0.0286666666666666,522.07,0.0,91,0.0,0.33,0.09658,0.05165
2023-08-19 01:00:00,0.0286666666666666,525.72,0.0,91,0.0,0.33,0.09502,0.05165
2023-08-19 02:00:00,0.0285,524.02,0.0,91,0.0,0.33,0.09194,0.05165
2023-08-19 03:00:00,0.0286666666666666,520.61,0.0,91,0.0,0.33,0.09339,0.05165
2023-08-19 04:00:00,0.0286666666666666,513.72,0.0,91,0.0,0.33,0.09409000000000001,0.05165
2023-08-19 05:00:00,0.0286666666666666,504.94,0.0,91,1.4285714285714289e-05,0.33,0.1007,0.05165
2023-08-19 06:00:00,0.034,482.53,0.0,91,0.0154761904761904,0.33,0.09021,0.05165
2023-08-19 07:00:00,0.0283333333333333,451.33,0.0,91,0.0971723809523809,0.33,0.08302,0.05165
2023-08-19 08:00:00,0.0283333333333333,413.09,0.0,91,0.252392380952381,0.33,0.07937000000000001,0.05165
2023-08-19 09:00:00,0.0285,387.78,0.0,91,0.4078780952380952,0.33,0.0694,0.05165
2023-08-19 10:00:00,0.0286666666666666,387.49,0.0,91,0.5269242857142857,0.33,0.04183,0.05165
2023-08-19 11:00:00,0.0283333333333333,386.57,0.0,91,0.6136233333333333,0.33,0.02545,0.05165
2023-08-19 12:00:00,0.0286666666666666,389.29,0.0,91,0.653137619047619,0.33,0.01486,0.05165
2023-08-19 13:00:00,0.0336666666666666,410.13,0.0,91,0.6552871428571428,0.33,0.01259,0.05165
2023-08-19 14:00:00,0.0286666666666666,436.33,0.0,91,0.625152380952381,0.33,0.02501,0.05165
2023-08-19 15:00:00,0.0286666666666666,468.3,0.0,91,0.5538519047619047,0.33,0.07478,0.05165
2023-08-19 16:00:00,0.029,507.9,0.0,91,0.4421309523809524,0.33,0.10081,0.05165
2023-08-19 17:00:00,0.0293333333333333,526.62,0.0,91,0.2988985714285714,0.33,0.11549,0.05165
2023-08-19 18:00:00,0.0291666666666666,527.95,0.0,91,0.1457385714285714,0.33,0.12919,0.05165
2023-08-19 19:00:00,0.0293333333333333,527.37,0.0,91,0.0296890476190476,0.33,0.12592,0.05165
2023-08-19 20:00:00,0.0293333333333333,524.82,0.0,91,0.0011795238095238,0.33,0.13253,0.05165
2023-08-19 21:00:00,0.0346666666666666,540.87,0.0,91,0.0,0.33,0.12371,0.05165
2023-08-19 22:00:00,0.03,535.1,0.0,91,0.0,0.33,0.11254,0.05165
2023-08-19 23:00:00,0.0301666666666666,521.39,0.0,91,0.0,0.33,0.11399,0.05165
2023-08-20 00:00:00,0.0301666666666666,498.12,0.0,91,0.0,0.33,0.11059000000000001,0.05165
2023-08-20 01:00:00,0.0301666666666666,493.54,0.0,91,0.0,0.33,0.10517,0.05165
2023-08-20 02:00:00,0.0295,485.75,0.0,91,0.0,0.33,0.10501,0.05165
2023-08-20 03:00:00,0.0298333333333333,483.06,0.0,91,0.0,0.33,0.10309,0.05165
2023-08-20 04:00:00,0.0293333333333333,489.09,0.0,91,0.0,0.33,0.10476,0.05165
2023-08-20 05:00:00,0.0345,480.79,0.0,91,0.0,0.33,0.10485,0.05165
2023-08-20 06:00:00,0.0293333333333333,449.87,0.0,91,0.0141588972431077,0.33,0.09969,0.05165
2023-08-20 07:00:00,0.029,432.65,0.0,91,0.0890033333333333,0.33,0.09899,0.05165
2023-08-20 08:00:00,0.029,398.46,0.0,91,0.2467105590062112,0.33,0.08662,0.05165
2023-08-20 09:00:00,0.0295,380.01,0.0,91,0.3420634146341463,0.33,0.07368000000000001,0.05165
2023-08-20 10:00:00,0.0293333333333333,369.77,0.0,91,0.3750857142857143,0.33,0.044,0.05165
2023-08-20 11:00:00,0.0291666666666666,369.51,0.0,91,0.0,0.33,0.02052,0.05165
2023-08-20 12:00:00,0.0343333333333333,382.79,0.0,91,0.6377873949579832,0.33,0.01325,0.05165
2023-08-20 13:00:00,0.0291666666666666,409.53,0.0,91,0.4598556390977443,0.33,0.01384,0.05165
2023-08-20 14:00:00,0.029,431.87,0.0,91,0.5688778571428571,0.33,0.03381,0.05165
2023-08-20 15:00:00,0.0293333333333333,465.33,0.0,91,0.5407114285714285,0.33,0.07898000000000001,0.05165
2023-08-20 16:00:00,0.0298333333333333,528.41,0.0,91,0.3425847619047619,0.33,0.09509999999999999,0.05165
2023-08-20 17:00:00,0.0303333333333333,540.72,0.0,91,0.2020809523809523,0.33,0.112,0.05165
2023-08-20 18:00:00,0.03,549.76,0.0,91,0.1291390476190476,0.33,0.1288,0.05165
2023-08-20 19:00:00,0.0298333333333333,559.13,0.0,91,0.031547619047619,0.33,0.14,0.05165
2023-08-20 20:00:00,0.0351666666666666,560.43,0.0,91,0.0008695238095238,0.33,0.13954,0.05165
2023-08-20 21:00:00,0.03,565.71,0.0,91,0.0,0.33,0.12671,0.05165
2023-08-20 22:00:00,0.0303333333333333,577.87,0.0,91,0.0,0.33,0.11195000000000001,0.05165
2023-08-20 23:00:00,0.0301666666666666,592.62,0.0,91,0.0,0.33,0.11195000000000001,0.05165
2023-08-21 00:00:00,0.0301666666666666,586.73,0.0,91,0.0,0.33,0.10167,0.05165
2023-08-21 01:00:00,0.03,589.78,0.0,91,0.0,0.33,0.09870999999999999,0.05165
2023-08-21 02:00:00,0.0295,595.08,0.0,91,,0.33,0.09498000000000001,0.05165
2023-08-21 03:00:00,0.0293333333333333,590.09,0.0,91,,0.33,0.09684000000000001,0.05165
2023-08-21 04:00:00,0.0343333333333333,596.51,0.0,91,,0.33,0.10626000000000001,0.05165
2023-08-21 05:00:00,0.0291666666666666,580.21,0.0,91,,0.33,0.13756000000000002,0.05165
2023-08-21 06:00:00,0.0296666666666666,542.72,0.0,91,,0.33,0.15744999999999998,0.05165
2023-08-21 07:00:00,0.0293333333333333,529.49,0.0,91,,0.33,0.13736,0.05165
2023-08-21 08:00:00,0.0291666666666666,516.29,0.0,91,,0.33,0.11528000000000001,0.05165
2023-08-21 09:00:00,0.0295,504.38,0.0,91,,0.33,0.1042,0.05165
2023-08-21 10:00:00,0.029,500.11,0.0,91,,0.33,0.09716,0.05165
2023-08-21 11:00:00,0.0321666666666666,507.67,0.0,91,,0.33,0.09368000000000001,0.05165
2023-08-21 12:00:00,0.0325,505.26,0.0,91,,0.33,0.09376000000000001,0.05165
2023-08-21 13:00:00,0.0295,524.44,0.0,91,,0.33,0.09598000000000001,0.05165
2023-08-21 14:00:00,0.0293333333333333,534.58,0.0,91,0.3051785714285714,0.33,0.10073,0.05165
2023-08-21 15:00:00,0.0293333333333333,562.38,0.0,91,0.4084547619047619,0.33,0.10461,0.05165
2023-08-21 16:00:00,0.0295,585.37,0.0,91,0.1876695238095237,0.33,0.11871999999999999,0.05165
2023-08-21 17:00:00,0.0298333333333333,614.92,0.0,91,0.0938466666666666,0.33,0.14335,0.05165
2023-08-21 18:00:00,0.0298333333333333,622.23,0.0,91,0.0505323809523809,0.33,0.18275999999999998,0.05165
2023-08-21 19:00:00,0.0346666666666666,623.32,0.0,91,0.0216442857142857,0.33,0.197,0.05165
2023-08-21 20:00:00,0.0296666666666666,625.76,0.0,91,0.0004557142857142,0.33,0.16562000000000002,0.05165
2023-08-21 21:00:00,0.0298333333333333,627.64,0.0,91,0.0,0.33,0.13601,0.05165
2023-08-21 22:00:00,0.0298333333333333,627.71,0.0,91,0.0,0.33,0.115,0.05165
2023-08-21 23:00:00,0.03,637.92,0.0,91,0.0,0.33,0.11369,0.05165
2023-08-22 00:00:00,0.03,633.96,0.0,91,0.0,0.33,0.10489,0.05165
2023-08-22 01:00:00,0.0291666666666666,633.88,0.0,91,0.0,0.33,0.10341,0.05165
2023-08-22 02:00:00,0.0295,629.69,0.0,91,0.0,0.33,0.10346999999999999,0.05165
2023-08-22 03:00:00,0.0343333333333333,625.59,0.0,91,0.0,0.33,0.1057,0.05165
2023-08-22 04:00:00,0.029,604.9,0.0,91,0.0,0.33,0.11237,0.05165
2023-08-22 05:00:00,0.0291666666666666,579.54,0.0,91,0.0,0.33,0.13507,0.05165
2023-08-22 06:00:00,0.0295,566.82,0.0,91,0.013305238095238,0.33,0.14939,0.05165
2023-08-22 07:00:00,0.029,554.77,0.0,91,0.0888709523809523,0.33,0.13692,0.05165
2023-08-22 08:00:00,0.029,540.16,0.0,91,0.16464,0.33,0.11591,0.05165
2023-08-22 09:00:00,0.0298333333333333,526.28,0.0,91,0.2507942857142857,0.33,0.1024,0.05165
2023-08-22 10:00:00,0.0349999999999999,523.45,0.0,91,0.3499571428571428,0.33,0.09967000000000001,0.05165
2023-08-22 11:00:00,0.0295,523.42,0.0,91,0.5964152823920266,0.33,0.09448999999999999,0.05165
2023-08-22 12:00:00,0.0301666666666666,529.74,0.0,91,0.3372095238095238,0.33,0.09326999999999999,0.05165
2023-08-22 13:00:00,0.0298333333333333,551.04,0.0,91,0.502294761904762,0.33,0.09506999999999999,0.05165
2023-08-22 14:00:00,0.0298333333333333,566.4,0.0,91,0.6485542857142857,0.33,0.10428,0.05165
2023-08-22 15:00:00,0.03,576.68,0.0,91,0.55397,0.33,0.11907,0.05165
2023-08-22 16:00:00,0.0303333333333333,594.17,0.0,91,0.4448909523809523,0.33,0.12387999999999999,0.05165
2023-08-22 17:00:00,0.0305,620.72,0.0,91,0.3062795238095238,0.33,0.15224000000000001,0.05165
2023-08-22 18:00:00,0.0355,621.0,0.0,91,0.1451280952380952,0.33,0.18827000000000002,0.05165
2023-08-22 19:00:00,0.0303333333333333,614.06,0.0,91,0.0260980952380952,0.33,0.19879,0.05165
2023-08-22 20:00:00,0.0306666666666666,619.76,0.0,91,0.0003909523809523,0.33,0.16548,0.05165
2023-08-22 21:00:00,0.0305,632.54,0.0,91,0.0,0.33,0.1458,0.05165
2023-08-22 22:00:00,0.03,651.66,0.0,91,0.0,0.33,0.1276,0.05165
2023-08-22 23:00:00,0.0301666666666666,657.6,0.0,91,0.0,0.33,0.12389,0.05165
2023-08-23 00:00:00,0.0301666666666666,662.92,0.0,91,0.0,0.33,0.11267,0.05165
2023-08-23 01:00:00,0.0303333333333333,662.37,0.0,91,0.0,0.33,0.10990000000000001,0.05165
2023-08-23 02:00:00,0.0348333333333333,656.31,0.0,91,0.0,0.33,0.10638,0.05165
2023-08-23 03:00:00,0.0295,647.7,0.0,91,0.0,0.33,0.11001000000000001,0.05165
2023-08-23 04:00:00,0.0293333333333333,620.56,0.0,91,0.0,0.33,0.11514,0.05165
2023-08-23 05:00:00,0.0295,609.88,0.0,91,0.0,0.33,0.14082,0.05165
2023-08-23 06:00:00,0.0293333333333333,594.05,0.0,91,0.0080414285714285,0.33,0.16176,0.05165
2023-08-23 07:00:00,0.0293333333333333,567.9,0.0,91,0.0547571428571428,0.33,0.15741,0.05165
2023-08-23 08:00:00,0.029,550.34,0.0,91,0.0501923809523809,0.33,0.1365,0.05165
2023-08-23 09:00:00,0.0346666666666666,530.09,0.0,91,0.1006457142857142,0.33,0.12002,0.05165
2023-08-23 10:00:00,0.0348333333333333,526.73,0.0,91,0.1998323809523809,0.33,0.11247,0.05165
2023-08-23 11:00:00,0.0351666666666666,518.22,0.0,91,0.4204461904761905,0.33,0.11348,0.05165
2023-08-23 12:00:00,0.0376666666666666,522.07,0.0,91,0.3193490476190476,0.33,0.11254,0.05165
2023-08-23 13:00:00,0.0355,533.35,0.0,91,0.4377595238095238,0.33,0.11436,0.05165
2023-08-23 14:00:00,0.0353333333333333,565.45,0.0,91,0.4565542857142857,0.33,0.12185,0.05165
2023-08-23 15:00:00,0.037,598.04,0.0,91,0.1619319047619047,0.33,0.13161,0.05165
2023-08-23 16:00:00,0.04,645.23,0.0,91,0.1163142857142857,0.33,0.155,0.05165
2023-08-23 17:00:00,0.0361666666666666,646.6,0.0,91,0.1288019047619047,0.33,0.2255,0.05165
2023-08-23 18:00:00,0.0361666666666666,642.51,0.0,91,0.0378923809523809,0.33,0.27612000000000003,0.05165
2023-08-23 19:00:00,0.0358333333333333,644.9,0.0,91,0.0255419047619047,0.33,0.29075,0.05165
2023-08-23 20:00:00,0.0361666666666666,650.88,0.0,91,0.0001728571428571,0.33,0.24079,0.05165
2023-08-23 21:00:00,0.0363333333333333,657.06,0.0,91,0.0,0.33,0.17282,0.05165
2023-08-23 22:00:00,0.0388333333333333,654.06,0.0,91,0.0,0.33,0.13867,0.05165
2023-08-23 23:00:00,0.0395,659.55,0.0,91,0.0,0.33,0.13382,0.05165
2023-08-24 00:00:00,0.0361666666666666,658.72,0.0,91,0.0,0.33,0.12495,0.05165
2023-08-24 01:00:00,0.0363333333333333,652.28,0.0,91,0.0,0.33,0.11805,0.05165
2023-08-24 02:00:00,0.0355,655.24,0.0,91,0.0,0.33,0.1139,0.05165
2023-08-24 03:00:00,0.0353333333333333,655.35,0.0,91,0.0,0.33,0.11945,0.05165
2023-08-24 04:00:00,0.0355,643.04,0.0,91,0.0,0.33,0.12994999999999998,0.05165
2023-08-24 05:00:00,0.0391666666666666,607.25,0.0,91,0.0,0.33,0.16071000000000002,0.05165
2023-08-24 06:00:00,0.0371666666666666,584.52,0.0,91,0.0122719047619047,0.33,0.16325,0.05165
2023-08-24 07:00:00,0.035,568.16,0.0,91,0.0911404761904761,0.33,0.16193000000000002,0.05165
2023-08-24 08:00:00,0.0811666666666666,548.1,0.0,91,0.2538657142857143,0.33,0.13197,0.05165
2023-08-24 09:00:00,0.1355,535.74,0.0,91,0.4171395238095238,0.33,0.11494,0.05165
2023-08-24 10:00:00,0.1376666666666667,507.95,0.0,91,0.5377114285714286,0.33,0.10953,0.05165
2023-08-24 11:00:00,0.1418333333333333,516.11,0.0,91,0.5712238095238096,0.33,0.11006,0.05165
2023-08-24 12:00:00,0.1368333333333333,534.62,0.0,91,0.6120099999999999,0.33,0.11293,0.05165
2023-08-24 13:00:00,0.1371666666666666,547.34,0.0,91,0.554822380952381,0.33,0.11862,0.05165
2023-08-24 14:00:00,0.1516666666666666,570.44,0.0,91,0.3927028571428571,0.33,0.12468000000000001,0.05165
2023-08-24 15:00:00,0.1748333333333333,597.42,0.0,91,0.3447619047619047,0.33,0.12578,0.05165
2023-08-24 16:00:00,0.2223333333333333,630.54,0.0,91,0.2834461904761904,0.33,0.17341,0.05165
2023-08-24 17:00:00,0.236,647.58,0.0,91,0.1554080952380952,0.33,0.20664,0.05165
2023-08-24 18:00:00,0.2358333333333333,644.53,0.0,91,0.0745285714285714,0.33,0.25801999999999997,0.05165
2023-08-24 19:00:00,0.236,633.86,0.0,91,0.0197,0.33,0.2373,0.05165
2023-08-24 20:00:00,0.2361666666666666,640.75,0.0,91,0.0002523809523809,0.33,0.17878,0.05165
2023-08-24 21:00:00,0.231,641.57,0.0,91,0.0,0.33,0.15737,0.05165
2023-08-24 22:00:00,0.2363333333333333,624.41,0.0,91,0.0,0.33,0.12825,0.05165
2023-08-24 23:00:00,0.2365,633.21,0.0,91,0.0,0.33,0.10524,0.05165
2023-08-25 00:00:00,0.2365,633.6,0.0,91,0.0,0.33,0.09136,0.05165
2023-08-25 01:00:00,0.2306666666666667,633.16,0.0,91,0.0,0.33,0.09570999999999999,0.05165
2023-08-25 02:00:00,0.2361666666666666,633.52,0.0,91,0.0,0.33,0.0959,0.05165
2023-08-25 03:00:00,0.2363333333333333,622.07,0.0,91,0.0,0.33,0.0964,0.05165
2023-08-25 04:00:00,0.236,607.71,0.0,91,0.0,0.33,0.10049,0.05165
2023-08-25 05:00:00,0.2365,573.76,0.0,91,0.0,0.33,0.12422,0.05165
2023-08-25 06:00:00,0.231,567.64,0.0,91,0.0138480952380952,0.33,0.13512000000000002,0.05165
2023-08-25 07:00:00,0.2365,545.39,0.0,91,0.0894628571428571,0.33,0.13942,0.05165
2023-08-25 08:00:00,0.2371666666666666,529.71,0.0,91,0.2548266666666666,0.33,0.12903,0.05165
2023-08-25 09:00:00,0.2391666666666666,511.78,0.0,91,0.4065228571428571,0.33,0.11667,0.05165
2023-08-25 10:00:00,0.24,507.95,0.0,91,0.5491914285714287,0.33,0.11054,0.05165
2023-08-25 11:00:00,0.239,516.55,0.0,91,0.5079442857142857,0.33,0.10392,0.05165
2023-08-25 12:00:00,0.2391666666666666,515.24,0.0,91,0.67925,0.33,0.10033,0.05165
2023-08-25 13:00:00,0.2333333333333333,528.77,0.0,91,0.6696880952380952,0.33,0.1014,0.05165
2023-08-25 14:00:00,0.2388333333333333,542.33,0.0,91,0.6396200000000001,0.33,0.10540999999999999,0.05165
2023-08-25 15:00:00,0.2391666666666666,557.69,0.0,91,0.5316528571428571,0.33,0.11828,0.05165
2023-08-25 16:00:00,0.1918333333333333,594.4,0.0,91,0.4053471428571428,0.33,0.11605,0.05165
2023-08-25 17:00:00,0.0786666666666666,603.96,0.0,91,0.2933290476190476,0.33,0.12634,0.05165
2023-08-25 18:00:00,0.042,595.36,0.0,91,0.1284142857142857,0.33,0.11834,0.05165
2023-08-25 19:00:00,0.036,600.61,0.0,91,0.0174833333333333,0.33,0.10639,0.05165
2023-08-25 20:00:00,0.0411666666666666,590.44,0.0,91,0.0001104761904761,0.33,0.10189,0.05165
2023-08-25 21:00:00,0.0365,612.78,0.0,91,0.0,0.33,0.1144,0.05165
2023-08-25 22:00:00,0.0386666666666666,610.83,0.0,91,0.0,0.33,0.10111,0.05165
2023-08-25 23:00:00,0.0388333333333333,612.83,0.0,91,0.0,0.33,0.10990000000000001,0.05165
2023-08-26 00:00:00,0.036,615.25,0.0,91,0.0,0.33,0.1041,0.05165
2023-08-26 01:00:00,0.0413333333333333,601.42,0.0,91,0.0,0.33,0.10191,0.05165
2023-08-26 02:00:00,0.0358333333333333,591.23,0.0,91,0.0,0.33,0.09952,0.05165
2023-08-26 03:00:00,0.0415,591.93,0.0,91,0.0,0.33,0.096,0.05165
2023-08-26 04:00:00,0.035,582.72,0.0,91,0.0,0.33,0.09337000000000001,0.05165
2023-08-26 05:00:00,0.0416666666666666,566.05,0.0,91,0.0,0.33,0.09548000000000001,0.05165
2023-08-26 06:00:00,0.0353333333333333,559.64,0.0,91,0.0203695238095238,0.33,0.0959,0.05165
2023-08-26 07:00:00,0.0391666666666666,540.72,0.0,91,0.0759680952380952,0.33,0.0983,0.05165
2023-08-26 08:00:00,0.038,505.09,0.0,91,0.2313990476190476,0.33,0.09264,0.05165
2023-08-26 09:00:00,0.0356666666666666,500.64,0.0,91,0.3973019047619047,0.33,0.08501,0.05165
2023-08-26 10:00:00,0.0408333333333333,480.75,0.0,91,0.5205752380952381,0.33,0.08053,0.05165
2023-08-26 11:00:00,0.0351666666666666,451.51,0.0,91,0.6124457142857144,0.33,0.07736,0.05165
2023-08-26 12:00:00,0.0418333333333333,442.88,0.0,91,0.6641971428571428,0.33,0.06638,0.05165
2023-08-26 13:00:00,0.0353333333333333,477.21,0.0,91,0.6255957142857144,0.33,0.04615,0.05165
2023-08-26 14:00:00,0.0398333333333333,505.26,0.0,91,0.6183619047619048,0.33,0.08657,0.05165
2023-08-26 15:00:00,0.0373333333333333,529.16,0.0,91,0.5091961904761905,0.33,0.09351000000000001,0.05165
2023-08-26 16:00:00,0.0358333333333333,562.21,0.0,91,0.4351095238095238,0.33,0.10894,0.05165
2023-08-26 17:00:00,0.042,576.28,0.0,91,0.2811442857142857,0.33,0.10537,0.05165
2023-08-26 18:00:00,0.0353333333333333,572.05,0.0,91,0.1218757142857143,0.33,0.09198,0.05165
2023-08-26 19:00:00,0.0415,571.33,0.0,91,0.0177071428571428,0.33,0.09839,0.05165
2023-08-26 20:00:00,0.0356666666666666,569.65,0.0,91,7.857142857142858e-05,0.33,0.12971000000000002,0.05165
2023-08-26 21:00:00,0.0391666666666666,562.09,0.0,91,0.0,0.33,0.12298,0.05165
2023-08-26 22:00:00,0.038,504.64,0.0,91,0.0,0.33,0.11062999999999999,0.05165
2023-08-26 23:00:00,0.0355,502.95,0.0,91,0.0,0.33,0.10239,0.05165
2023-08-27 00:00:00,0.0415,500.79,0.0,91,0.0,0.33,0.09815,0.05165
2023-08-27 01:00:00,0.0356666666666666,496.11,0.0,91,0.0,0.33,0.09663,0.05165
2023-08-27 02:00:00,0.0418333333333333,499.75,0.0,91,0.0,0.33,0.09562999999999999,0.05165
2023-08-27 03:00:00,0.0353333333333333,496.86,0.0,91,0.0,0.33,0.09834,0.05165
2023-08-27 04:00:00,0.037,490.17,0.0,91,0.0,0.33,0.09715,0.05165
2023-08-27 05:00:00,0.0391666666666666,480.96,0.0,91,0.0,0.33,0.09844,0.05165
2023-08-27 06:00:00,0.0346666666666666,463.42,0.0,91,0.0047804761904761,0.33,0.09572,0.05165
2023-08-27 07:00:00,0.0405,460.45,0.0,91,0.0353842857142857,0.33,0.09409999999999999,0.05165
2023-08-27 08:00:00,0.0346666666666666,434.82,0.0,91,0.0515866666666666,0.33,0.09492,0.05165
2023-08-27 09:00:00,0.0385,419.56,0.0,91,0.0645507389162561,0.33,0.09347,0.05165
2023-08-27 10:00:00,0.0363333333333333,407.42,0.0,91,0.0792428571428571,0.33,0.09431999999999999,0.05165
2023-08-27 11:00:00,0.0345,440.24,0.0,91,0.1178757142857142,0.33,0.09245,0.05165
2023-08-27 12:00:00,0.0406666666666666,454.91,0.0,91,0.1933742857142857,0.33,0.08591,0.05165
2023-08-27 13:00:00,0.0346666666666666,457.71,0.0,91,0.3989766666666666,0.33,0.08231000000000001,0.05165
2023-08-27 14:00:00,0.0408333333333333,464.4,0.0,91,0.5477409523809523,0.33,0.08669,0.05165
2023-08-27 15:00:00,0.0346666666666666,506.98,0.0,91,0.5092738095238095,0.33,0.09431999999999999,0.05165
2023-08-27 16:00:00,0.0366666666666666,542.75,0.0,91,0.3835471428571428,0.33,0.1023,0.05165
2023-08-27 17:00:00,0.0393333333333333,560.34,0.0,91,0.2333304761904762,0.33,0.11279,0.05165
2023-08-27 18:00:00,0.0351666666666666,557.17,0.0,91,0.0904523809523809,0.33,0.11148000000000001,0.05165
2023-08-27 19:00:00,0.0411666666666666,555.86,0.0,91,0.0189428571428571,0.33,0.09724,0.05165
2023-08-27 20:00:00,0.0353333333333333,542.56,0.0,91,3.3809523809523806e-05,0.33,0.12143000000000001,0.05165
2023-08-27 21:00:00,0.0381666666666666,531.08,0.0,91,0.0,0.33,0.119,0.05165
2023-08-27 22:00:00,0.0375,582.9,0.0,91,0.0,0.33,0.10299,0.05165
2023-08-27 23:00:00,0.0348333333333333,588.47,0.0,91,0.0,0.33,0.09331,0.05165
2023-08-28 00:00:00,0.0411666666666666,595.98,0.0,91,0.0,0.33,0.08852,0.05165
2023-08-28 01:00:00,0.0341666666666666,603.56,0.0,91,0.0,0.33,0.085,0.05165
2023-08-28 02:00:00,0.04,612.61,0.0,91,0.0,0.33,0.08066,0.05165
2023-08-28 03:00:00,0.0348333333333333,623.71,0.0,91,0.0,0.33,0.08421,0.05165
2023-08-28 04:00:00,0.0346666666666666,628.79,0.0,91,0.0,0.33,0.09293000000000001,0.05165
2023-08-28 05:00:00,0.0393333333333333,621.12,0.0,91,0.0,0.33,0.11062000000000001,0.05165
2023-08-28 06:00:00,0.0345,598.98,0.0,91,0.0178295238095238,0.33,0.138,0.05165
2023-08-28 07:00:00,0.04,590.02,0.0,91,0.0808909523809523,0.33,0.14474,0.05165
2023-08-28 08:00:00,0.081,587.41,0.0,91,0.2105409523809523,0.33,0.1245,0.05165
2023-08-28 09:00:00,0.1343333333333333,574.25,0.0,91,0.3223666666666667,0.33,0.11695,0.05165
2023-08-28 10:00:00,0.1303333333333333,563.77,0.0,91,0.4029657142857143,0.33,0.11523,0.05165
2023-08-28 11:00:00,0.1545,562.16,0.0,91,0.5371147619047618,0.33,0.10517,0.05165
2023-08-28 12:00:00,0.1991666666666667,556.59,0.0,91,0.6166676190476191,0.33,0.10061,0.05165
2023-08-28 13:00:00,0.2299999999999999,583.97,0.0,91,0.617467619047619,0.33,0.09938,0.05165
2023-08-28 14:00:00,0.23,595.46,0.0,91,0.5530942857142858,0.33,0.10951999999999999,0.05165
2023-08-28 15:00:00,0.2299999999999999,597.23,0.0,91,0.4404142857142857,0.33,0.13286,0.05165
2023-08-28 16:00:00,0.23,609.42,0.0,91,0.1329085714285714,0.33,0.12762,0.05165
2023-08-28 17:00:00,0.2276666666666666,627.91,0.0,91,0.07943,0.33,0.15,0.05165
2023-08-28 18:00:00,0.2268333333333333,616.1,0.0,91,0.0339785714285714,0.33,0.13947,0.05165
2023-08-28 19:00:00,0.23,599.78,0.0,91,0.0034204761904761,0.33,0.14167,0.05165
2023-08-28 20:00:00,0.23,598.59,0.0,91,0.0,0.33,0.14181,0.05165
2023-08-28 21:00:00,0.2301666666666666,597.03,0.0,91,0.0,0.33,0.12372,0.05165
2023-08-28 22:00:00,0.2303333333333333,619.15,0.0,91,0.0,0.33,0.10794,0.05165
2023-08-28 23:00:00,0.2305,637.45,0.0,91,0.0,0.33,0.10235,0.05165
2023-08-29 00:00:00,0.2305,638.22,0.0,91,0.0,0.33,0.09697,0.05165
2023-08-29 01:00:00,0.2306666666666667,636.69,0.0,91,0.0,0.33,0.09504,0.05165
2023-08-29 02:00:00,0.2305,645.28,0.0,91,0.0,0.33,0.09459000000000001,0.05165
2023-08-29 03:00:00,0.2305,646.06,0.0,91,0.0,0.33,0.09448000000000001,0.05165
2023-08-29 04:00:00,0.2305,654.7,0.0,91,0.0,0.33,0.09805,0.05165
2023-08-29 05:00:00,0.2306666666666666,655.37,0.0,91,0.0,0.33,0.12108,0.05165
2023-08-29 06:00:00,0.2305,645.75,0.0,91,0.0025742857142857,0.33,0.145,0.05165
2023-08-29 07:00:00,0.2305,647.24,0.0,91,0.0060133333333333,0.33,0.16472,0.05165
2023-08-29 08:00:00,0.2306666666666667,654.64,0.0,91,0.0175647619047619,0.33,0.14915,0.05165
2023-08-29 09:00:00,0.2303333333333333,642.62,0.0,91,0.0623395238095238,0.33,0.13033,0.05165
2023-08-29 10:00:00,0.2303333333333333,643.04,0.0,91,0.2656247619047619,0.33,0.11586,0.05165
2023-08-29 11:00:00,0.2303333333333333,647.15,0.0,91,0.2914523809523809,0.33,0.11054,0.05165
2023-08-29 12:00:00,0.2303333333333333,649.43,0.0,91,0.4479257142857143,0.33,0.10205,0.05165
2023-08-29 13:00:00,0.2301666666666666,649.62,0.0,91,0.3420014285714285,0.33,0.0994,0.05165
2023-08-29 14:00:00,0.2316666666666667,647.32,0.0,91,0.3538957142857143,0.33,0.10618999999999999,0.05165
2023-08-29 15:00:00,0.2318333333333333,649.16,0.0,91,0.3981066666666666,0.33,0.11229,0.05165
2023-08-29 16:00:00,0.2323333333333333,645.03,0.0,91,0.2846933333333333,0.33,0.13691,0.05165
2023-08-29 17:00:00,0.2319999999999999,649.93,0.0,91,0.2473895238095238,0.33,0.155,0.05165
2023-08-29 18:00:00,0.2321666666666666,646.3,0.0,91,0.1525309523809524,0.33,0.1722,0.05165
2023-08-29 19:00:00,0.2321666666666666,646.76,0.0,91,0.0162838095238095,0.33,0.16111,0.05165
2023-08-29 20:00:00,0.2321666666666666,649.59,0.0,91,4.8571428571428576e-05,0.33,0.13668,0.05165
2023-08-29 21:00:00,0.2323333333333333,650.71,0.0,91,0.0,0.33,0.12208,0.05165
2023-08-29 22:00:00,0.2326666666666667,650.99,0.0,91,0.0,0.33,0.10281,0.05165
2023-08-29 23:00:00,0.2326666666666667,657.66,0.0,91,0.0,0.33,0.10012,0.05165
2023-08-30 00:00:00,0.233,656.24,0.0,91,0.0,0.33,0.0986,0.05165
2023-08-30 01:00:00,0.2328333333333333,662.47,0.0,91,0.0,0.33,0.09636,0.05165
2023-08-30 02:00:00,0.2333333333333333,662.43,0.0,91,0.0,0.33,0.09441,0.05165
2023-08-30 03:00:00,0.2345,669.35,0.0,91,0.0,0.33,0.0964,0.05165
2023-08-30 04:00:00,0.2351666666666666,652.62,0.0,91,0.0,0.33,0.09741,0.05165
2023-08-30 05:00:00,0.2338333333333333,636.32,0.0,91,0.0,0.33,0.1271,0.05165
2023-08-30 06:00:00,0.2325,621.82,0.0,91,0.004397619047619,0.33,0.1432,0.05165
2023-08-30 07:00:00,0.2328333333333333,618.07,0.0,91,0.0434804761904761,0.33,0.13975,0.05165
2023-08-30 08:00:00,0.2096666666666666,600.84,0.0,91,0.1221038095238095,0.33,0.12465000000000001,0.05165
2023-08-30 09:00:00,0.1139999999999999,581.87,0.0,91,0.3080557142857143,0.33,0.11155,0.05165
2023-08-30 10:00:00,0.0355,579.41,0.0,91,0.4662238095238095,0.33,0.10668000000000001,0.05165
2023-08-30 11:00:00,0.0398333333333333,572.99,0.0,91,0.5668628571428572,0.33,0.10407,0.05165
2023-08-30 12:00:00,0.042,588.32,0.0,91,0.4859238095238095,0.33,0.10098,0.05165
2023-08-30 13:00:00,0.0416666666666666,597.56,0.0,91,0.5106647619047618,0.33,0.09987,0.05165
2023-08-30 14:00:00,0.0388333333333333,605.03,0.0,91,0.4188190476190476,0.33,0.10491,0.05165
2023-08-30 15:00:00,0.038,602.38,0.0,91,0.3707133333333333,0.33,0.11052,0.05165
2023-08-30 16:00:00,0.0421666666666666,612.37,0.0,91,0.3351804761904762,0.33,0.12265999999999999,0.05165
2023-08-30 17:00:00,0.0416666666666666,621.83,0.0,91,0.2101480952380952,0.33,0.135,0.05165
2023-08-30 18:00:00,0.0423333333333333,614.25,0.0,91,0.0881404761904762,0.33,0.16383,0.05165
2023-08-30 19:00:00,0.0371666666666666,613.74,0.0,91,0.008175238095238,0.33,0.16063999999999998,0.05165
2023-08-30 20:00:00,0.04,604.0,0.0,91,0.0001004761904761,0.33,0.13440000000000002,0.05165
2023-08-30 21:00:00,0.0423333333333333,605.03,0.0,91,0.0,0.33,0.11949,0.05165
2023-08-30 22:00:00,0.0421666666666666,561.85,0.0,91,0.0,0.33,0.10159,0.05165
2023-08-30 23:00:00,0.0396666666666666,555.38,0.0,91,0.0,0.33,0.09631,0.05165
2023-08-31 00:00:00,0.0375,550.0,0.0,91,0.0,0.33,0.09176000000000001,0.05165
2023-08-31 01:00:00,0.042,554.23,0.0,91,0.0,0.33,0.09143000000000001,0.05165
2023-08-31 02:00:00,0.042,553.24,0.0,91,0.0,0.33,0.0911,0.05165
2023-08-31 03:00:00,0.0418333333333333,549.27,0.0,91,0.0,0.33,0.09051999999999999,0.05165
2023-08-31 04:00:00,0.0368333333333333,558.48,0.0,91,0.0,0.33,0.09348999999999999,0.05165
2023-08-31 05:00:00,0.0395,535.85,0.0,91,0.0,0.33,0.1102,0.05165
2023-08-31 06:00:00,0.0415,518.45,0.0,91,0.007397619047619,0.33,0.13951,0.05165
2023-08-31 07:00:00,0.0423333333333333,492.19,0.0,91,0.0718447619047619,0.33,0.13076,0.05165
2023-08-31 08:00:00,0.0393333333333333,473.63,0.0,91,0.2289128571428571,0.33,0.11863,0.05165
2023-08-31 09:00:00,0.0373333333333333,453.57,0.0,91,0.3940219047619047,0.33,0.10047,0.05165
2023-08-31 10:00:00,0.1078333333333333,435.86,0.0,91,0.5199147619047618,0.33,0.09340000000000001,0.05165
2023-08-31 11:00:00,0.1386666666666666,430.37,0.0,91,0.6056561904761905,0.33,0.09006,0.05165
2023-08-31 12:00:00,0.1895,418.48,0.0,91,0.6546304761904762,0.33,0.08965999999999999,0.05165
2023-08-31 13:00:00,0.2301666666666666,434.74,0.0,91,0.6596009523809524,0.33,0.08893000000000001,0.05165
2023-08-31 14:00:00,0.2305,453.97,0.0,91,0.6249152380952381,0.33,0.08963,0.05165
2023-08-31 15:00:00,0.2303333333333333,507.75,0.0,91,0.5503995238095237,0.33,0.09326999999999999,0.05165
2023-08-31 16:00:00,0.2303333333333333,530.26,0.0,91,0.2384857142857142,0.33,0.10593999999999999,0.05165
2023-08-31 17:00:00,0.2348333333333333,543.18,0.0,91,0.2682033333333333,0.33,0.12039,0.05165
2023-08-31 18:00:00,0.2316666666666667,545.06,0.0,91,0.1067971428571428,0.33,0.14,0.05165
2023-08-31 19:00:00,0.2305,545.27,0.0,91,0.0122985714285714,0.33,0.14279,0.05165
2023-08-31 20:00:00,0.2306666666666666,555.43,0.0,91,4.2857142857142855e-06,0.33,0.12,0.05165
2023-08-31 21:00:00,0.231,557.46,0.0,91,0.0,0.33,0.10507,0.05165
2023-08-31 22:00:00,0.2346666666666666,574.63,0.0,91,0.0,0.33,0.09689,0.05165
2023-08-31 23:00:00,0.2335,588.22,0.0,91,0.0,0.33,0.0989,0.05165
2023-09-01 00:00:00,0.2308333333333333,593.2,0.0,91,0.0,0.33,0.09597,0.05262
2023-09-01 01:00:00,0.231,583.89,0.0,91,0.0,0.33,0.09329000000000001,0.05262
2023-09-01 02:00:00,0.2311666666666666,592.7,0.0,91,0.0,0.33,0.09251999999999999,0.05262
2023-09-01 03:00:00,0.2366666666666666,599.28,0.0,91,0.0,0.33,0.09303,0.05262
2023-09-01 04:00:00,0.2313333333333333,582.63,0.0,91,0.0,0.33,0.09643,0.05262
2023-09-01 05:00:00,0.231,578.69,0.0,91,0.0,0.33,0.11193,0.05262
2023-09-01 06:00:00,0.2311666666666666,553.87,0.0,91,0.0073885714285714,0.33,0.125,0.05262
2023-09-01 07:00:00,0.2341666666666666,511.7,0.0,91,0.0729761904761904,0.33,0.12785,0.05262
2023-09-01 08:00:00,0.2356666666666667,479.05,0.0,91,0.2241957142857142,0.33,0.11105,0.05262
2023-09-01 09:00:00,0.2325,459.66,0.0,91,0.3840757142857143,0.33,0.102,0.05262
2023-09-01 10:00:00,0.2328333333333333,453.04,0.0,91,0.5215857142857142,0.33,0.09652,0.05262
2023-09-01 11:00:00,0.239,473.1,0.0,91,0.5487842857142857,0.33,0.09201999999999999,0.05262
2023-09-01 12:00:00,0.2328333333333333,477.56,0.0,91,0.6092671428571429,0.33,0.0889,0.05262
2023-09-01 13:00:00,0.2326666666666667,514.11,0.0,91,0.6332114285714285,0.33,0.0887,0.05262
2023-09-01 14:00:00,0.2341666666666666,537.75,0.0,91,0.6129385714285713,0.33,0.09128,0.05262
2023-09-01 15:00:00,0.1313333333333333,563.05,0.0,91,0.5324666666666666,0.33,0.09556999999999999,0.05262
2023-09-01 16:00:00,0.0413333333333333,578.82,0.0,91,0.2804495238095238,0.33,0.10558,0.05262
2023-09-01 17:00:00,0.0411666666666666,596.62,0.0,91,0.2380290476190476,0.33,0.12,0.05262
2023-09-01 18:00:00,0.0361666666666666,576.89,0.0,91,0.0922628571428571,0.33,0.125,0.05262
2023-09-01 19:00:00,0.0401666666666666,562.13,0.0,91,0.008015238095238,0.33,0.13199,0.05262
2023-09-01 20:00:00,0.0411666666666666,566.77,0.0,91,0.0,0.33,0.12643000000000001,0.05262
2023-09-01 21:00:00,0.0366666666666666,576.92,0.0,91,0.0,0.33,0.11856,0.05262
2023-09-01 22:00:00,0.04,541.35,0.0,91,0.0,0.33,0.11465,0.05262
2023-09-01 23:00:00,0.0418333333333333,535.6,0.0,91,0.0,0.33,0.10746,0.05262
2023-09-02 00:00:00,0.0358333333333333,520.47,0.0,91,0.0,0.33,0.1027,0.05262
2023-09-02 01:00:00,0.0408333333333333,524.88,0.0,91,0.0,0.33,0.1,0.05262
2023-09-02 02:00:00,0.0418333333333333,532.66,0.0,91,0.0,0.33,0.09562999999999999,0.05262
2023-09-02 03:00:00,0.0348333333333333,539.3,0.0,91,0.0,0.33,0.09548000000000001,0.05262
2023-09-02 04:00:00,0.0416666666666666,520.5,0.0,91,0.0,0.33,0.09905,0.05262
2023-09-02 05:00:00,0.0418333333333333,496.27,0.0,91,0.0,0.33,0.1006,0.05262
2023-09-02 06:00:00,0.0348333333333333,443.64,0.0,91,0.0005185714285714,0.33,0.10109,0.05262
2023-09-02 07:00:00,0.0415,409.87,0.0,91,0.0126123809523809,0.33,0.10022,0.05262
2023-09-02 08:00:00,0.039,388.66,0.0,91,0.0743366666666666,0.33,0.09458,0.05262
2023-09-02 09:00:00,0.037,394.02,0.0,91,0.0878938095238095,0.33,0.08977,0.05262
2023-09-02 10:00:00,0.0415,378.68,0.0,91,0.0534785714285714,0.33,0.0799,0.05262
2023-09-02 11:00:00,0.0376666666666666,382.74,0.0,91,0.0521990476190476,0.33,0.076,0.05262
2023-09-02 12:00:00,0.0383333333333333,388.25,0.0,91,0.0488052380952381,0.33,0.06299,0.05262
2023-09-02 13:00:00,0.041,411.95,0.0,91,0.0642790476190476,0.33,0.05535,0.05262
2023-09-02 14:00:00,0.0365,444.82,0.0,91,0.1120438095238095,0.33,0.0694,0.05262
2023-09-02 15:00:00,0.0403333333333333,474.32,0.0,91,0.1835119047619047,0.33,0.08001000000000001,0.05262
2023-09-02 16:00:00,0.0413333333333333,501.25,0.0,91,0.2875723809523809,0.33,0.09345,0.05262
2023-09-02 17:00:00,0.0353333333333333,515.04,0.0,91,0.2076385714285714,0.33,0.11,0.05262
2023-09-02 18:00:00,0.0415,517.27,0.0,91,0.0925552380952381,0.33,0.11826,0.05262
2023-09-02 19:00:00,0.0416666666666666,513.36,0.0,91,0.0098928571428571,0.33,0.12301999999999999,0.05262
2023-09-02 20:00:00,0.0346666666666666,513.07,0.0,91,0.0,0.33,0.1151,0.05262
2023-09-02 21:00:00,0.0416666666666666,510.83,0.0,91,0.0,0.33,0.10564,0.05262
2023-09-02 22:00:00,0.0406666666666666,481.0,0.0,91,0.0,0.33,0.09734000000000001,0.05262
2023-09-02 23:00:00,0.0366666666666666,470.13,0.0,91,0.0,0.33,0.10528,0.05262
2023-09-03 00:00:00,0.0418333333333333,452.25,0.0,91,0.0,0.33,0.10099,0.05262
2023-09-03 01:00:00,0.0381666666666666,456.04,0.0,91,0.0,0.33,0.10109,0.05262
2023-09-03 02:00:00,0.0388333333333333,466.96,0.0,91,0.0,0.33,0.10042,0.05262
2023-09-03 03:00:00,0.0418333333333333,470.09,0.0,91,0.0,0.33,0.09947,0.05262
2023-09-03 04:00:00,0.0353333333333333,462.91,0.0,91,0.0,0.33,0.09799,0.05262
2023-09-03 05:00:00,0.0401666666666666,451.85,0.0,91,0.0,0.33,0.09705,0.05262
2023-09-03 06:00:00,0.0413333333333333,422.26,0.0,91,0.0057957142857142,0.33,0.09345999999999999,0.05262
2023-09-03 07:00:00,0.0341666666666666,421.31,0.0,91,0.0738366666666666,0.33,0.08903,0.05262
2023-09-03 08:00:00,0.0415,399.12,0.0,91,0.210207619047619,0.33,0.08252,0.05262
2023-09-03 09:00:00,0.0406666666666666,362.55,0.0,91,0.3851738498789346,0.33,0.0603,0.05262
2023-09-03 10:00:00,0.0351666666666666,345.85,0.0,91,0.5158714285714285,0.33,0.043429999999999996,0.05262
2023-09-03 11:00:00,0.0413333333333333,327.16,0.0,91,0.5993566666666666,0.33,0.02137,0.05262
2023-09-03 12:00:00,0.0401666666666666,316.73,0.0,91,0.6476804761904762,0.33,0.01133,0.05262
2023-09-03 13:00:00,0.0363333333333333,333.02,0.0,91,0.6440819047619047,0.33,0.004940000000000001,0.05262
2023-09-03 14:00:00,0.0415,392.31,0.0,91,0.5417357142857143,0.33,0.015710000000000002,0.05262
2023-09-03 15:00:00,0.0398333333333333,449.47,0.0,91,0.4312742857142857,0.33,0.05366,0.05262
2023-09-03 16:00:00,0.0363333333333333,484.28,0.0,91,0.2828204761904762,0.33,0.09358,0.05262
2023-09-03 17:00:00,0.042,510.34,0.0,91,0.2271909523809523,0.33,0.10895999999999999,0.05262
2023-09-03 18:00:00,0.0411666666666666,512.32,0.0,91,0.1060819047619047,0.33,0.12395999999999999,0.05262
2023-09-03 19:00:00,0.0356666666666666,516.98,0.0,91,0.0085404761904761,0.33,0.13647,0.05262
2023-09-03 20:00:00,0.042,525.27,0.0,91,0.0,0.33,0.11878,0.05262
2023-09-03 21:00:00,0.042,521.33,0.0,91,0.0,0.33,0.1095,0.05262
2023-09-03 22:00:00,0.0363333333333333,520.28,0.0,91,0.0,0.33,0.10089000000000001,0.05262
2023-09-03 23:00:00,0.0411666666666666,509.12,0.0,91,0.0,0.33,0.0997,0.05262
2023-09-04 00:00:00,0.0413333333333333,510.47,0.0,91,0.0,0.33,0.09295999999999999,0.05262
2023-09-04 01:00:00,0.0388333333333333,512.83,0.0,91,0.0,0.33,0.09132,0.05262
2023-09-04 02:00:00,0.0375,516.42,0.0,91,0.0,0.33,0.09035,0.05262
2023-09-04 03:00:00,0.0413333333333333,530.13,0.0,91,0.0,0.33,0.09037,0.05262
2023-09-04 04:00:00,0.0415,524.45,0.0,91,0.0,0.33,0.10089000000000001,0.05262
2023-09-04 05:00:00,0.037,506.77,0.0,91,0.0,0.33,0.12256,0.05262
2023-09-04 06:00:00,0.0393333333333333,491.49,0.0,91,0.0051723809523809,0.33,0.14101,0.05262
2023-09-04 07:00:00,0.0418333333333333,482.81,0.0,91,0.0608023809523809,0.33,0.12934,0.05262
2023-09-04 08:00:00,0.0835,448.23,0.0,91,0.214005238095238,0.33,0.10936,0.05262
2023-09-04 09:00:00,0.1425,404.82,0.0,91,0.3800638095238095,0.33,0.09287999999999999,0.05262
2023-09-04 10:00:00,0.1435,392.48,0.0,91,0.5093300000000001,0.33,0.08206999999999999,0.05262
2023-09-04 11:00:00,0.1633333333333333,389.49,0.0,91,0.5888690476190476,0.33,0.07737000000000001,0.05262
2023-09-04 12:00:00,0.2091666666666666,395.94,0.0,91,0.5905490476190477,0.33,0.07182,0.05262
2023-09-04 13:00:00,0.2511666666666667,426.52,0.0,91,0.5947066666666667,0.33,0.07156,0.05262
2023-09-04 14:00:00,0.304,482.57,0.0,91,0.5671433333333333,0.33,0.07986,0.05262
2023-09-04 15:00:00,0.3486666666666667,500.04,0.0,91,0.4866961904761905,0.33,0.09071,0.05262
2023-09-04 16:00:00,0.3223333333333333,517.01,0.0,91,0.41806,0.33,0.10906999999999999,0.05262
2023-09-04 17:00:00,0.3056666666666667,551.12,0.0,91,0.2702147619047619,0.33,0.13641,0.05262
2023-09-04 18:00:00,0.3088333333333333,546.57,0.0,91,0.1129585714285714,0.33,0.19532,0.05262
2023-09-04 19:00:00,0.3128333333333333,535.54,0.0,91,0.0087847619047619,0.33,0.1727,0.05262
2023-09-04 20:00:00,0.3101666666666666,535.59,0.0,91,0.0,0.33,0.1245,0.05262
2023-09-04 21:00:00,0.31,522.95,0.0,91,0.0,0.33,0.10502,0.05262
2023-09-04 22:00:00,0.3098333333333333,507.45,0.0,91,0.0,0.33,0.09548999999999999,0.05262
2023-09-04 23:00:00,0.31,500.79,0.0,91,0.0,0.33,0.09395,0.05262
2023-09-05 00:00:00,0.3098333333333333,501.81,0.0,91,0.0,0.33,0.09076000000000001,0.05262
2023-09-05 01:00:00,0.31,506.03,0.0,91,0.0,0.33,0.09059,0.05262
2023-09-05 02:00:00,0.3103333333333333,521.63,0.0,91,0.0,0.33,0.09025,0.05262
2023-09-05 03:00:00,0.3101666666666666,551.56,0.0,91,0.0,0.33,0.0902,0.05262
2023-09-05 04:00:00,0.3105,556.94,0.0,91,0.0,0.33,0.09495999999999999,0.05262
2023-09-05 05:00:00,0.3128333333333333,528.95,0.0,91,0.0,0.33,0.11787,0.05262
2023-09-05 06:00:00,0.314,490.39,0.0,91,0.0040114285714285,0.33,0.12558,0.05262
2023-09-05 07:00:00,0.3108333333333333,466.59,0.0,91,0.0379828571428571,0.33,0.1179,0.05262
2023-09-05 08:00:00,0.2646666666666666,445.29,0.0,91,0.1336509523809523,0.33,0.09778,0.05262
2023-09-05 09:00:00,0.2768333333333333,418.81,0.0,91,0.1761795238095238,0.33,0.088,0.05262
2023-09-05 10:00:00,0.3093333333333333,411.35,0.0,91,0.2619904761904762,0.33,0.08184999999999999,0.05262
2023-09-05 11:00:00,0.3091666666666666,409.47,0.0,91,0.1372128571428571,0.33,0.07635,0.05262
2023-09-05 12:00:00,0.3098333333333333,427.19,0.0,91,0.1672485714285714,0.33,0.07508,0.05262
2023-09-05 13:00:00,0.2881666666666667,478.61,0.0,91,0.1683423809523809,0.33,0.07759999999999999,0.05262
2023-09-05 14:00:00,0.2465,529.19,0.0,91,0.3364385714285714,0.33,0.083,0.05262
2023-09-05 15:00:00,0.2426666666666666,558.81,0.0,91,0.3072961904761905,0.33,0.08851,0.05262
2023-09-05 16:00:00,0.2443333333333333,576.35,0.0,91,0.064627619047619,0.33,0.10326,0.05262
2023-09-05 17:00:00,0.244,585.9,0.0,91,0.0897847619047619,0.33,0.1291,0.05262
2023-09-05 18:00:00,0.241,577.63,0.0,91,0.0399590476190476,0.33,0.18318,0.05262
2023-09-05 19:00:00,0.241,581.21,0.0,91,0.0022757142857142,0.33,0.15416,0.05262
2023-09-05 20:00:00,0.2411666666666666,606.38,0.0,91,0.0,0.33,0.12195,0.05262
2023-09-05 21:00:00,0.2411666666666666,606.64,0.0,91,0.0,0.33,0.10761,0.05262
2023-09-05 22:00:00,0.2433333333333333,594.26,0.0,91,0.0,0.33,0.09603,0.05262
2023-09-05 23:00:00,0.2426666666666666,573.32,0.0,91,0.0,0.33,0.08889,0.05262
2023-09-06 00:00:00,0.2425,573.04,0.0,91,0.0,0.33,0.08552,0.05262
2023-09-06 01:00:00,0.2411666666666666,571.2,0.0,91,0.0,0.33,0.09068000000000001,0.05262
2023-09-06 02:00:00,0.2411666666666666,572.24,0.0,91,0.0,0.33,0.09140999999999999,0.05262
2023-09-06 03:00:00,0.241,575.77,0.0,91,0.0,0.33,0.09215000000000001,0.05262
2023-09-06 04:00:00,0.2408333333333333,576.25,0.0,91,0.0,0.33,0.10225,0.05262
2023-09-06 05:00:00,0.2406666666666666,558.0,0.0,91,0.0,0.33,0.12104999999999999,0.05262
2023-09-06 06:00:00,0.2403333333333333,538.13,0.0,91,0.0027295238095238,0.33,0.14032,0.05262
2023-09-06 07:00:00,0.2401666666666666,484.25,0.0,91,0.0466247619047619,0.33,0.11919,0.05262
2023-09-06 08:00:00,0.24,453.16,0.0,91,0.1064309523809524,0.33,0.09773,0.05262
2023-09-06 09:00:00,0.2296666666666666,435.66,0.0,91,0.2089538095238095,0.33,0.08865,0.05262
2023-09-06 10:00:00,0.0959999999999999,416.95,0.0,91,0.5089042857142857,0.33,0.08209999999999999,0.05262
2023-09-06 11:00:00,2.9476666666666667,425.68,0.0,91,0.4445661904761904,0.33,0.07518000000000001,0.05262
2023-09-06 12:00:00,0.0996666666666666,445.68,0.0,91,0.4802657142857142,0.33,0.07357999999999999,0.05262
2023-09-06 13:00:00,0.0916666666666666,467.18,0.0,91,0.4069804761904761,0.33,0.07548,0.05262
2023-09-06 14:00:00,0.0923333333333333,507.08,0.0,91,0.3635023809523809,0.33,0.0825,0.05262
2023-09-06 15:00:00,1.889833333333333,535.61,0.0,91,0.5674014285714285,0.33,0.09144,0.05262
2023-09-06 16:00:00,2.959,567.23,0.0,91,0.3583904761904762,0.33,0.10587,0.05262
2023-09-06 17:00:00,0.072,568.79,0.0,91,0.1756319047619047,0.33,0.14583000000000002,0.05262
2023-09-06 18:00:00,0.0706666666666666,570.11,0.0,91,0.0834985714285714,0.33,0.18947999999999998,0.05262
2023-09-06 19:00:00,0.0676666666666666,569.94,0.0,91,0.0067995238095238,0.33,0.16604,0.05262
2023-09-06 20:00:00,0.0681666666666666,586.49,0.0,91,0.0,0.33,0.12312999999999999,0.05262
2023-09-06 21:00:00,0.0731666666666666,589.6,0.0,91,0.0,0.33,0.1055,0.05262
2023-09-06 22:00:00,0.0721666666666666,586.78,0.0,91,0.0,0.33,0.09572,0.05262
2023-09-06 23:00:00,0.0656666666666666,569.71,0.0,91,0.0,0.33,0.09542,0.05262
2023-09-07 00:00:00,0.0735,563.97,0.0,91,0.0,0.33,0.09137,0.05262
2023-09-07 01:00:00,0.0745,550.03,0.0,91,0.0,0.33,0.08913,0.05262
2023-09-07 02:00:00,0.0675,551.27,0.0,91,0.0,0.33,0.08405,0.05262
2023-09-07 03:00:00,0.0696666666666666,573.46,0.0,91,0.0,0.33,0.08733,0.05262
2023-09-07 04:00:00,0.0708333333333333,579.82,0.0,91,0.0,0.33,0.09187000000000001,0.05262
2023-09-07 05:00:00,0.0655,562.81,0.0,91,0.0,0.33,0.11489,0.05262
2023-09-07 06:00:00,0.0671666666666666,523.35,0.0,91,0.006587619047619,0.33,0.13,0.05262
2023-09-07 07:00:00,0.0703333333333333,485.13,0.0,91,0.0648628571428571,0.33,0.126,0.05262
2023-09-07 08:00:00,0.0856666666666666,456.77,0.0,91,0.216027619047619,0.33,0.10268000000000001,0.05262
2023-09-07 09:00:00,0.1671666666666666,432.44,0.0,91,0.3840504761904761,0.33,0.08423,0.05262
2023-09-07 10:00:00,0.1836666666666666,432.88,0.0,91,0.505874761904762,0.33,0.06854,0.05262
2023-09-07 11:00:00,0.2199999999999999,424.77,0.0,91,0.6047142857142858,0.33,0.06909,0.05262
2023-09-07 12:00:00,0.261,440.62,0.0,91,0.6294561904761905,0.33,0.0664,0.05262
2023-09-07 13:00:00,0.2615,464.3,0.0,91,0.6318704761904762,0.33,0.07157,0.05262
2023-09-07 14:00:00,0.2615,491.02,0.0,91,0.6316938095238095,0.33,0.082,0.05262
2023-09-07 15:00:00,0.2616666666666666,538.98,0.0,91,0.5378561904761905,0.33,0.0883,0.05262
2023-09-07 16:00:00,0.2631666666666666,571.57,0.0,91,0.4085880952380952,0.33,0.10314,0.05262
2023-09-07 17:00:00,0.2658333333333333,573.52,0.0,91,0.2491338095238095,0.33,0.13353,0.05262
2023-09-07 18:00:00,0.2638333333333333,566.6,0.0,91,0.0799309523809523,0.33,0.16727,0.05262
2023-09-07 19:00:00,0.262,576.06,0.0,91,0.0050409523809523,0.33,0.14692,0.05262
2023-09-07 20:00:00,0.2625,579.73,0.0,91,0.0,0.33,0.118,0.05262
2023-09-07 21:00:00,0.2635,587.61,0.0,91,0.0,0.33,0.1014,0.05262
2023-09-07 22:00:00,0.2636666666666666,597.93,0.0,91,0.0,0.33,0.08913,0.05262
2023-09-07 23:00:00,0.264,574.94,0.0,91,0.0,0.33,0.08462,0.05262
2023-09-08 00:00:00,0.2638333333333333,566.64,0.0,91,0.0,0.33,0.08152,0.05262
2023-09-08 01:00:00,0.2645,557.57,0.0,91,0.0,0.33,0.08206000000000001,0.05262
2023-09-08 02:00:00,0.2638333333333333,550.07,0.0,91,0.0,0.33,0.08209999999999999,0.05262
2023-09-08 03:00:00,0.2623333333333333,560.12,0.0,91,0.0,0.33,0.08706,0.05262
2023-09-08 04:00:00,0.2623333333333333,552.68,0.0,91,0.0,0.33,0.09315000000000001,0.05262
2023-09-08 05:00:00,0.263,533.98,0.0,91,0.0,0.33,0.11275,0.05262
2023-09-08 06:00:00,0.2623333333333333,487.49,0.0,91,0.0053004761904761,0.33,0.13315000000000002,0.05262
2023-09-08 07:00:00,0.2626666666666666,472.22,0.0,91,0.0482871428571428,0.33,0.12264,0.05262
2023-09-08 08:00:00,0.264,443.56,0.0,91,0.1929466666666666,0.33,0.10031999999999999,0.05262
2023-09-08 09:00:00,0.2643333333333333,418.46,0.0,91,0.2958947619047619,0.33,0.08518,0.05262
2023-09-08 10:00:00,0.2625,418.98,0.0,91,0.3525819047619047,0.33,0.08248,0.05262
2023-09-08 11:00:00,0.2615,406.28,0.0,91,0.5885747619047619,0.33,0.07554000000000001,0.05262
2023-09-08 12:00:00,0.2611666666666666,421.94,0.0,91,0.6596333333333333,0.33,0.071,0.05262
2023-09-08 13:00:00,0.1773333333333332,475.07,0.0,91,0.5423761904761905,0.33,0.07261,0.05262
2023-09-08 14:00:00,0.1288333333333333,512.35,0.0,91,0.3022271428571429,0.33,0.08023000000000001,0.05262
2023-09-08 15:00:00,0.0646666666666666,547.87,0.0,91,0.5162061904761904,0.33,0.08841,0.05262
2023-09-08 16:00:00,0.0675,573.97,0.0,91,0.330427619047619,0.33,0.10790000000000001,0.05262
2023-09-08 17:00:00,0.0688333333333333,590.63,0.0,91,0.1308514285714285,0.33,0.16921,0.05262
2023-09-08 18:00:00,0.0679999999999999,581.99,0.0,91,0.068452987012987,0.33,0.22244999999999998,0.05262
2023-09-08 19:00:00,0.0628333333333333,581.83,0.0,91,0.0044938095238095,0.33,0.19319,0.05262
2023-09-08 20:00:00,0.0693333333333333,557.41,0.0,91,0.0,0.33,0.13208,0.05262
2023-09-08 21:00:00,0.0703333333333333,578.03,0.0,91,0.0,0.33,0.11393,0.05262
2023-09-08 22:00:00,0.0671666666666666,557.53,0.0,91,0.0,0.33,0.10598,0.05262
2023-09-08 23:00:00,0.0665,532.04,0.0,91,0.0,0.33,0.1052,0.05262
2023-09-09 00:00:00,0.0713333333333333,525.27,0.0,91,0.0,0.33,0.10247,0.05262
2023-09-09 01:00:00,0.0718333333333333,532.44,0.0,91,0.0,0.33,0.10001,0.05262
2023-09-09 02:00:00,0.0643333333333333,530.99,0.0,91,0.0,0.33,0.1,0.05262
2023-09-09 03:00:00,0.0708333333333333,528.13,0.0,91,0.0,0.33,0.10034,0.05262
2023-09-09 04:00:00,0.0703333333333333,543.83,0.0,91,0.0,0.33,0.10092,0.05262
2023-09-09 05:00:00,0.0648333333333333,529.53,0.0,91,0.0,0.33,0.10374,0.05262
2023-09-09 06:00:00,0.0673333333333333,467.03,0.0,91,0.0043605911330049,0.33,0.10392,0.05262
2023-09-09 07:00:00,0.0713333333333333,418.68,0.0,91,0.0567952380952381,0.33,0.09609000000000001,0.05262
2023-09-09 08:00:00,0.0683333333333333,386.98,0.0,91,0.1985490476190476,0.33,0.08977,0.05262
2023-09-09 09:00:00,0.0648333333333333,372.52,0.0,91,0.3638990476190476,0.33,0.0653,0.05262
2023-09-09 10:00:00,0.0701666666666666,367.15,0.0,91,0.4899900000000001,0.33,0.06553,0.05262
2023-09-09 11:00:00,0.0698333333333333,355.84,0.0,91,0.5639228571428572,0.33,0.01883,0.05262
2023-09-09 12:00:00,0.0633333333333333,370.38,0.0,91,0.55994,0.33,0.00824,0.05262
2023-09-09 13:00:00,0.0691666666666666,405.59,0.0,91,0.5421009523809525,0.33,0.01222,0.05262
2023-09-09 14:00:00,0.0698333333333333,465.7,0.0,91,0.3397195238095238,0.33,0.057890000000000004,0.05262
2023-09-09 15:00:00,0.0675,510.46,0.0,91,0.3116638095238095,0.33,0.0788,0.05262
2023-09-09 16:00:00,0.0668333333333333,529.13,0.0,91,0.2741823809523809,0.33,0.09765,0.05262
2023-09-09 17:00:00,0.0708333333333333,544.75,0.0,91,0.1410990476190476,0.33,0.12115000000000001,0.05262
2023-09-09 18:00:00,0.0691666666666666,546.49,0.0,91,0.0365047619047619,0.33,0.15369999999999998,0.05262
2023-09-09 19:00:00,0.0628333333333333,546.44,0.0,91,0.0016919047619047,0.33,0.15571000000000002,0.05262
2023-09-09 20:00:00,0.0693333333333333,569.05,0.0,91,0.0,0.33,0.13178,0.05262
2023-09-09 21:00:00,0.0713333333333333,574.76,0.0,91,0.0,0.33,0.11090000000000001,0.05262
2023-09-09 22:00:00,0.0686666666666666,568.63,0.0,91,0.0,0.33,0.10316,0.05262
2023-09-09 23:00:00,0.0681666666666666,557.42,0.0,91,0.0,0.33,0.10585,0.05262
2023-09-10 00:00:00,0.0716666666666666,533.37,0.0,91,0.0,0.33,0.10404000000000001,0.05262
2023-09-10 01:00:00,0.0708333333333333,528.09,0.0,91,0.0,0.33,0.10318000000000001,0.05262
2023-09-10 02:00:00,0.066,525.32,0.0,91,0.0,0.33,0.10012,0.05262
2023-09-10 03:00:00,0.0708333333333333,533.72,0.0,91,0.0,0.33,0.09523000000000001,0.05262
2023-09-10 04:00:00,0.071,515.4,0.0,91,0.0,0.33,0.09753,0.05262
2023-09-10 05:00:00,0.0648333333333333,487.66,0.0,91,0.0,0.33,0.09801,0.05262
2023-09-10 06:00:00,0.0693333333333333,446.02,0.0,91,0.0054447619047619,0.33,0.09687,0.05262
2023-09-10 07:00:00,0.0708333333333333,407.77,0.0,91,0.0726133333333333,0.33,0.09301999999999999,0.05262
2023-09-10 08:00:00,0.067,360.36,0.0,91,0.1870123809523809,0.33,0.08229,0.05262
2023-09-10 09:00:00,0.0673333333333333,341.22,0.0,91,0.3118295238095238,0.33,0.054729999999999994,0.05262
2023-09-10 10:00:00,0.0708333333333333,316.16,0.0,91,0.4205085714285714,0.33,0.018,0.05262
2023-09-10 11:00:00,0.0688333333333333,314.51,0.0,91,0.4442661904761905,0.33,0.00828,0.05262
2023-09-10 12:00:00,0.0645,332.64,0.0,91,0.3950547619047618,0.33,2.9999999999999997e-05,0.05262
2023-09-10 13:00:00,0.0699999999999999,373.94,0.0,91,0.2794595238095237,0.33,0.0,0.05262
2023-09-10 14:00:00,0.0703333333333333,458.74,0.0,91,0.0999319047619047,0.33,0.02612,0.05262
2023-09-10 15:00:00,0.0651666666666666,522.56,0.0,91,0.0573371428571428,0.33,0.079,0.05262
2023-09-10 16:00:00,0.0689999999999999,549.96,0.0,91,0.0127119047619047,0.33,0.10016,0.05262
2023-09-10 17:00:00,0.0706666666666666,559.73,0.0,91,0.013445238095238,0.33,0.12085,0.05262
2023-09-10 18:00:00,0.0688333333333333,561.08,0.0,91,0.0121209523809523,0.33,0.14980000000000002,0.05262
2023-09-10 19:00:00,0.0665,562.27,0.0,91,0.0001219047619047,0.33,0.15109,0.05262
2023-09-10 20:00:00,0.0713333333333333,561.88,0.0,91,0.0,0.33,0.13157,0.05262
2023-09-10 21:00:00,0.072,569.33,0.0,91,0.0,0.33,0.11393,0.05262
2023-09-10 22:00:00,0.0656666666666666,591.64,0.0,91,0.0,0.33,0.10086,0.05262
2023-09-10 23:00:00,0.0721666666666666,574.38,0.0,91,0.0,0.33,0.105,0.05262
2023-09-11 00:00:00,0.0723333333333333,574.98,0.0,91,0.0,0.33,0.09733,0.05262
2023-09-11 01:00:00,0.0678333333333333,585.81,0.0,91,0.0,0.33,0.09603,0.05262
2023-09-11 02:00:00,0.0694999999999999,597.43,0.0,91,0.0,0.33,0.0927,0.05262
2023-09-11 03:00:00,0.0706666666666666,596.47,0.0,91,0.0,0.33,0.09392,0.05262
2023-09-11 04:00:00,0.0678333333333333,589.02,0.0,91,0.0,0.33,0.10355,0.05262
2023-09-11 05:00:00,0.0668333333333333,583.63,0.0,91,0.0,0.33,0.14506,0.05262
2023-09-11 06:00:00,0.0699999999999999,545.79,0.0,91,0.0023433333333333,0.33,0.17794,0.05262
2023-09-11 07:00:00,0.0686666666666666,529.31,0.0,91,0.051955238095238,0.33,0.13644,0.05262
2023-09-11 08:00:00,0.1179999999999999,502.18,0.0,91,0.1993004761904762,0.33,0.113,0.05262
2023-09-11 09:00:00,0.1713333333333332,475.03,0.0,91,0.3175309523809523,0.33,0.09516,0.05262
2023-09-11 10:00:00,0.5753333333333334,486.0,0.0,91,0.5037919047619047,0.33,0.09023,0.05262
2023-09-11 11:00:00,1.2286666666666666,492.27,0.0,91,0.5983904761904761,0.33,0.08852,0.05262
2023-09-11 12:00:00,0.24,505.57,0.0,91,0.4796880952380953,0.33,0.08656,0.05262
2023-09-11 13:00:00,2.889333333333333,527.26,0.0,91,0.3969057142857143,0.33,0.08904999999999999,0.05262
2023-09-11 14:00:00,3.7868333333333335,541.69,0.0,91,0.1275041162227602,0.33,0.09253,0.05262
2023-09-11 15:00:00,0.2633333333333333,567.5,0.0,91,0.2265342857142857,0.33,0.10018,0.05262
2023-09-11 16:00:00,0.2701666666666666,613.91,0.0,91,0.2173914285714285,0.33,0.1331,0.05262
2023-09-11 17:00:00,0.2653333333333333,616.14,0.0,91,0.2157466666666667,0.33,0.26,0.05262
2023-09-11 18:00:00,0.2691666666666666,613.07,0.0,91,0.0531461904761904,0.33,0.44401999999999997,0.05262
2023-09-11 19:00:00,0.2675,622.54,0.0,91,0.0039566666666666,0.33,0.394,0.05262
2023-09-11 20:00:00,0.2655,610.01,0.0,91,0.0,0.33,0.21635,0.05262
2023-09-11 21:00:00,0.2725,606.36,0.0,91,0.0,0.33,0.14703,0.05262
2023-09-11 22:00:00,0.2678333333333333,620.74,0.0,91,0.0,0.33,0.11993999999999999,0.05262
2023-09-11 23:00:00,0.2731666666666666,621.06,0.0,91,0.0,0.33,0.10618999999999999,0.05262
2023-09-12 00:00:00,0.2668333333333333,619.34,0.0,91,0.0,0.33,0.10431,0.05262
2023-09-12 01:00:00,0.2695,623.05,0.0,91,0.0,0.33,0.10502,0.05262
2023-09-12 02:00:00,0.2708333333333333,618.43,0.0,91,0.0,0.33,0.10443999999999999,0.05262
2023-09-12 03:00:00,0.2653333333333333,615.71,0.0,91,0.0,0.33,0.10532,0.05262
2023-09-12 04:00:00,0.2715,612.55,0.0,91,0.0,0.33,0.11506,0.05262
2023-09-12 05:00:00,0.2646666666666666,602.15,0.0,91,0.0,0.33,0.15,0.05262
2023-09-12 06:00:00,0.2723333333333333,566.9,0.0,91,0.0029709523809523,0.33,0.20915,0.05262
2023-09-12 07:00:00,0.2651666666666666,533.61,0.0,91,0.0507961904761904,0.33,0.1461,0.05262
2023-09-12 08:00:00,0.2706666666666666,530.45,0.0,91,0.1916314285714285,0.33,0.12322,0.05262
2023-09-12 09:00:00,0.3621666666666667,513.25,0.0,91,0.3677371428571429,0.33,0.10681,0.05262
2023-09-12 10:00:00,0.3711666666666666,514.4,0.0,91,0.3953257142857143,0.33,0.10159,0.05262
2023-09-12 11:00:00,0.3691666666666666,522.81,0.0,91,0.49967,0.33,0.09654,0.05262
2023-09-12 12:00:00,0.371,543.9,0.0,91,0.164347619047619,0.33,0.09393000000000001,0.05262
2023-09-12 13:00:00,0.3729999999999999,551.45,0.0,91,0.2361480952380952,0.33,0.09709999999999999,0.05262
2023-09-12 14:00:00,0.3553333333333333,568.27,0.0,91,0.1223395238095238,0.33,0.0999,0.05262
2023-09-12 15:00:00,0.278,586.7,0.0,91,0.1798242857142857,0.33,0.10916,0.05262
2023-09-12 16:00:00,0.2758333333333333,620.11,0.0,91,0.1971761904761904,0.33,0.14012,0.05262
2023-09-12 17:00:00,0.2733333333333334,607.66,0.0,91,0.1239233333333333,0.33,0.18449000000000002,0.05262
2023-09-12 18:00:00,0.2771666666666667,623.92,0.0,91,0.0542295238095238,0.33,0.27113,0.05262
2023-09-12 19:00:00,0.2751666666666666,625.96,0.0,91,0.003717619047619,0.33,0.18345,0.05262
2023-09-12 20:00:00,0.2745,630.69,0.0,91,0.0,0.33,0.13662,0.05262
2023-09-12 21:00:00,0.2806666666666667,631.29,0.0,91,0.0,0.33,0.11555,0.05262
2023-09-12 22:00:00,0.278,638.88,0.0,91,0.0,0.33,0.09376999999999999,0.05262
2023-09-12 23:00:00,0.2761666666666666,633.64,0.0,91,0.0,0.33,0.10645,0.05262
2023-09-13 00:00:00,0.2806666666666667,630.44,0.0,91,0.0,0.33,0.0999,0.05262
2023-09-13 01:00:00,0.278,630.02,0.0,91,0.0,0.33,0.09876,0.05262
2023-09-13 02:00:00,0.2746666666666666,633.79,0.0,91,0.0,0.33,0.09623999999999999,0.05262
2023-09-13 03:00:00,0.2783333333333333,629.28,0.0,91,0.0,0.33,0.09594,0.05262
2023-09-13 04:00:00,0.2783333333333333,610.43,0.0,91,0.0,0.33,0.09992,0.05262
2023-09-13 05:00:00,0.2715,595.31,0.0,91,0.0,0.33,0.12793000000000002,0.05262
2023-09-13 06:00:00,0.2785,572.05,0.0,91,0.0007023809523809,0.33,0.14,0.05262
2023-09-13 07:00:00,0.2771666666666667,567.27,0.0,91,0.0070504761904761,0.33,0.13772,0.05262
2023-09-13 08:00:00,0.2716666666666666,556.55,0.0,91,0.0529419047619047,0.33,0.12491,0.05262
2023-09-13 09:00:00,0.2575,556.26,0.0,91,0.1344957142857142,0.33,0.10321,0.05262
2023-09-13 10:00:00,0.2431666666666666,555.65,0.0,91,0.1970433333333333,0.33,0.09686,0.05262
2023-09-13 11:00:00,0.2428333333333333,552.88,0.0,91,0.1784671428571428,0.33,0.09420999999999999,0.05262
2023-09-13 12:00:00,0.2448333333333333,560.46,0.0,91,0.3418609523809524,0.33,0.09293000000000001,0.05262
2023-09-13 13:00:00,0.2811666666666667,561.09,0.0,91,0.4995361904761905,0.33,0.09228,0.05262
2023-09-13 14:00:00,0.3708333333333333,572.88,0.0,91,0.3370319047619047,0.33,0.10084,0.05262
2023-09-13 15:00:00,0.3641666666666667,581.37,0.0,91,0.1277,0.33,0.1029,0.05262
2023-09-13 16:00:00,1.68,597.84,0.0,91,0.2202033333333333,0.33,0.11475,0.05262
2023-09-13 17:00:00,3.971,598.78,0.0,91,0.159317619047619,0.33,0.13562000000000002,0.05262
2023-09-13 18:00:00,0.3775,602.6,0.0,91,0.0484138095238095,0.33,0.15597999999999998,0.05262
2023-09-13 19:00:00,4.8308333333333335,613.47,0.0,91,0.0018885714285714,0.33,0.14158,0.05262
2023-09-13 20:00:00,0.3216666666666667,636.49,0.0,91,0.0,0.33,0.12279000000000001,0.05262
2023-09-13 21:00:00,0.322,652.02,0.0,91,0.0,0.33,0.10640999999999999,0.05262
2023-09-13 22:00:00,1.342,653.38,0.0,91,0.0,0.33,0.09806999999999999,0.05262
2023-09-13 23:00:00,0.5225000000000001,646.04,0.0,91,0.0,0.33,0.0963,0.05262
2023-09-14 00:00:00,0.3858333333333333,647.27,0.0,91,0.0,0.33,0.09479000000000001,0.05262
2023-09-14 01:00:00,0.3848333333333333,642.06,0.0,91,0.0,0.33,0.09795999999999999,0.05262
2023-09-14 02:00:00,2.4565,634.04,0.0,91,0.0,0.33,0.09915,0.05262
2023-09-14 03:00:00,0.3995,630.91,0.0,91,0.0,0.33,0.09726,0.05262
2023-09-14 04:00:00,0.2808333333333333,619.97,0.0,91,0.0,0.33,0.10365,0.05262
2023-09-14 05:00:00,0.2825,606.41,0.0,91,0.0,0.33,0.13853000000000001,0.05262
2023-09-14 06:00:00,0.2806666666666667,597.19,0.0,91,0.0006961904761904,0.33,0.17621,0.05262
2023-09-14 07:00:00,0.2793333333333334,592.96,0.0,91,0.0075661904761904,0.33,0.15477000000000002,0.05262
2023-09-14 08:00:00,0.2748333333333333,579.92,0.0,91,0.023287619047619,0.33,0.11803,0.05262
2023-09-14 09:00:00,0.2711666666666666,560.56,0.0,91,0.0790109523809523,0.33,0.09681999999999999,0.05262
2023-09-14 10:00:00,0.3913333333333333,555.82,0.0,91,0.0980633333333333,0.33,0.09151999999999999,0.05262
2023-09-14 11:00:00,0.3045,548.65,0.0,91,0.1737304761904761,0.33,0.09148999999999999,0.05262
2023-09-14 12:00:00,4.006333333333333,541.32,0.0,91,0.1607452380952381,0.33,0.08992,0.05262
2023-09-14 13:00:00,10.164166666666668,561.53,0.0,91,0.2181304761904761,0.33,0.08957999999999999,0.05262
2023-09-14 14:00:00,10.983666666666666,583.16,0.0,91,0.2191028571428571,0.33,0.09591,0.05262
2023-09-14 15:00:00,4.974,601.53,0.0,91,0.2269280952380952,0.33,0.09726,0.05262
2023-09-14 16:00:00,0.5383333333333333,606.04,0.0,91,0.2315728571428571,0.33,0.12173,0.05262
2023-09-14 17:00:00,1.6388333333333334,610.0,0.0,91,0.1297819047619047,0.33,0.17022,0.05262
2023-09-14 18:00:00,4.099833333333334,612.32,0.0,91,0.0413690476190476,0.33,0.22721,0.05262
2023-09-14 19:00:00,8.132166666666667,619.98,0.0,91,0.0019447619047619,0.33,0.18317,0.05262
2023-09-14 20:00:00,14.942166666666669,620.44,0.0,91,0.0,0.33,0.13329,0.05262
2023-09-14 21:00:00,4.047,631.42,0.0,91,0.0,0.33,0.11414,0.05262
2023-09-14 22:00:00,3.990166666666666,635.32,0.0,91,0.0,0.33,0.09937,0.05262
2023-09-14 23:00:00,9.795333333333334,635.54,0.0,91,0.0,0.33,0.10089000000000001,0.05262
2023-09-15 00:00:00,11.479166666666666,635.15,0.0,91,0.0,0.33,0.09701,0.05262
2023-09-15 01:00:00,0.2938333333333333,635.1,0.0,91,0.0,0.33,0.09629,0.05262
2023-09-15 02:00:00,0.2861666666666667,635.22,0.0,91,0.0,0.33,0.09611,0.05262
2023-09-15 03:00:00,0.2855,632.28,0.0,91,0.0,0.33,0.09659999999999999,0.05262
2023-09-15 04:00:00,0.2848333333333333,618.53,0.0,91,0.0,0.33,0.1015,0.05262
2023-09-15 05:00:00,0.2838333333333333,604.85,0.0,91,0.0,0.33,0.1379,0.05262
2023-09-15 06:00:00,0.2788333333333333,570.29,0.0,91,0.0010957142857142,0.33,0.15053999999999998,0.05262
2023-09-15 07:00:00,0.2775,555.45,0.0,91,0.0191333333333333,0.33,0.12507,0.05262
2023-09-15 08:00:00,0.2786666666666667,537.59,0.0,91,0.1118242857142857,0.33,0.10438,0.05262
2023-09-15 09:00:00,0.2661666666666666,524.36,0.0,91,0.2348766666666666,0.33,0.09358,0.05262
2023-09-15 10:00:00,0.3196666666666667,488.4,0.0,91,0.4692142857142857,0.33,0.08946,0.05262
2023-09-15 11:00:00,0.4295,486.84,0.0,91,0.3697947619047619,0.33,0.07915000000000001,0.05262
2023-09-15 12:00:00,0.5855,499.4,0.0,91,0.20243,0.33,0.06504,0.05262
2023-09-15 13:00:00,1.838833333333333,542.96,0.0,91,0.1783266666666667,0.33,0.07144,0.05262
2023-09-15 14:00:00,2.4246666666666665,556.83,0.0,91,0.2611542857142857,0.33,0.08807,0.05262
2023-09-15 15:00:00,1.324,587.98,0.0,91,0.1565371428571428,0.33,0.09365000000000001,0.05262
2023-09-15 16:00:00,1.3918333333333337,610.97,0.0,91,0.30028,0.33,0.12290000000000001,0.05262
2023-09-15 17:00:00,6.046,614.16,0.0,91,0.1506195238095238,0.33,0.15431,0.05262
2023-09-15 18:00:00,11.271166666666666,601.9,0.0,91,0.0758647619047619,0.33,0.18735,0.05262
2023-09-15 19:00:00,11.792833333333334,596.1,0.0,91,0.0023409523809523,0.33,0.14615,0.05262
2023-09-15 20:00:00,2.9506666666666668,619.96,0.0,91,0.0,0.33,0.11459,0.05262
2023-09-15 21:00:00,7.783166666666666,637.12,0.0,91,0.0,0.33,0.10122,0.05262
2023-09-15 22:00:00,14.3665,606.63,0.0,91,0.0,0.33,0.09577,0.05262
2023-09-15 23:00:00,7.497333333333334,599.78,0.0,91,0.0,0.33,0.09623999999999999,0.05262
2023-09-16 00:00:00,1.7518333333333336,603.23,0.0,91,0.0,0.33,0.09401999999999999,0.05262
2023-09-16 01:00:00,5.587666666666666,605.9,0.0,91,0.0,0.33,0.09140000000000001,0.05262
2023-09-16 02:00:00,10.850333333333332,604.23,0.0,91,0.0,0.33,0.08948,0.05262
2023-09-16 03:00:00,14.135833333333332,602.81,0.0,91,0.0,0.33,0.09133,0.05262
2023-09-16 04:00:00,0.3553333333333333,594.73,0.0,91,0.0,0.33,0.09126999999999999,0.05262
2023-09-16 05:00:00,0.3623333333333333,571.36,0.0,91,0.0,0.33,0.10018,0.05262
2023-09-16 06:00:00,0.5691666666666667,525.51,0.0,91,0.0020328571428571,0.33,0.1,0.05262
2023-09-16 07:00:00,3.307833333333333,490.32,0.0,91,0.0452104761904761,0.33,0.1015,0.05262
2023-09-16 08:00:00,0.2551666666666666,458.04,0.0,91,0.1071595238095238,0.33,0.09079000000000001,0.05262
2023-09-16 09:00:00,0.3811666666666666,435.73,0.0,91,0.281407619047619,0.33,0.079,0.05262
2023-09-16 10:00:00,1.051,431.5,0.0,91,0.2972257142857142,0.33,0.06497,0.05262
2023-09-16 11:00:00,1.9321666666666664,410.1,0.0,91,0.2317719047619047,0.33,0.054479999999999994,0.05262
2023-09-16 12:00:00,0.3333333333333333,420.37,0.0,91,0.3709204761904762,0.33,0.03244,0.05262
2023-09-16 13:00:00,0.2713333333333333,462.83,0.0,91,0.4587566666666666,0.33,0.0344,0.05262
2023-09-16 14:00:00,0.2443333333333332,504.52,0.0,91,0.3017852380952381,0.33,0.07446,0.05262
2023-09-16 15:00:00,0.323,546.14,0.0,91,0.2211371428571428,0.33,0.08703,0.05262
2023-09-16 16:00:00,0.3001666666666667,563.78,0.0,91,0.1315985714285714,0.33,0.10825,0.05262
2023-09-16 17:00:00,1.3368333333333335,582.87,0.0,91,0.0999614285714285,0.33,0.13099,0.05262
2023-09-16 18:00:00,1.585,583.36,0.0,91,0.0594714285714285,0.33,0.17789,0.05262
2023-09-16 19:00:00,0.2296666666666665,591.0,0.0,91,0.0019314285714285,0.33,0.14225,0.05262
2023-09-16 20:00:00,0.2334999999999999,604.17,0.0,91,0.0,0.33,0.11715,0.05262
2023-09-16 21:00:00,0.2304999999999999,604.64,0.0,91,0.0,0.33,0.10503,0.05262
2023-09-16 22:00:00,0.2331666666666666,617.21,0.0,91,0.0,0.33,0.09972,0.05262
2023-09-16 23:00:00,0.2301666666666666,625.1,0.0,91,0.0,0.33,0.10898999999999999,0.05262
2023-09-17 00:00:00,0.2274999999999999,617.95,0.0,91,0.0,0.33,0.10521,0.05262
2023-09-17 01:00:00,0.2334999999999999,608.36,0.0,91,0.0,0.33,0.10355,0.05262
2023-09-17 02:00:00,0.2294999999999999,614.42,0.0,91,0.0,0.33,0.09876,0.05262
2023-09-17 03:00:00,0.2288333333333332,611.45,0.0,91,0.0,0.33,0.09803,0.05262
2023-09-17 04:00:00,0.2341666666666666,607.96,0.0,91,0.0,0.33,0.09788,0.05262
2023-09-17 05:00:00,0.2259999999999999,583.18,0.0,91,0.0,0.33,0.09756999999999999,0.05262
2023-09-17 06:00:00,0.2301666666666666,550.83,0.0,91,0.0014685714285714,0.33,0.10117,0.05262
2023-09-17 07:00:00,0.2245,518.3,0.0,91,0.0462619047619047,0.33,0.09265999999999999,0.05262
2023-09-17 08:00:00,0.2318333333333333,476.39,0.0,91,0.1355109523809524,0.33,0.08216,0.05262
2023-09-17 09:00:00,0.2318333333333333,447.7,0.0,91,0.3401476190476191,0.33,0.06929,0.05262
2023-09-17 10:00:00,0.2795,427.8,0.0,91,0.3310580952380952,0.33,0.03971,0.05262
2023-09-17 11:00:00,0.4404999999999999,406.63,0.0,91,0.5781571428571428,0.33,0.02121,0.05262
2023-09-17 12:00:00,0.6761666666666666,416.66,0.0,91,0.4497723809523809,0.33,0.00408,0.05262
2023-09-17 13:00:00,1.6216666666666668,468.04,0.0,91,0.3194166666666667,0.33,0.0043,0.05262
2023-09-17 14:00:00,3.2230000000000003,533.1,0.0,91,0.2662423809523809,0.33,0.038700000000000005,0.05262
2023-09-17 15:00:00,5.546833333333333,571.71,0.0,91,0.3161628571428571,0.33,0.07576000000000001,0.05262
2023-09-17 16:00:00,8.671999999999999,574.69,0.0,91,0.1877447619047619,0.33,0.10593999999999999,0.05262
2023-09-17 17:00:00,11.879,581.23,0.0,91,0.0887128571428571,0.33,0.1291,0.05262
2023-09-17 18:00:00,12.441666666666668,595.21,0.0,91,0.0263880952380952,0.33,0.14981999999999998,0.05262
2023-09-17 19:00:00,0.333,608.77,0.0,91,0.0011495238095238,0.33,0.1288,0.05262
2023-09-17 20:00:00,0.3311666666666666,623.27,0.0,91,0.0,0.33,0.11825,0.05262
2023-09-17 21:00:00,0.6998333333333333,636.56,0.0,91,0.0,0.33,0.10890999999999999,0.05262
2023-09-17 22:00:00,3.8555,647.26,0.0,91,0.0,0.33,0.09918,0.05262
2023-09-17 23:00:00,0.3376666666666666,645.0,0.0,91,0.0,0.33,0.09401999999999999,0.05262
2023-09-18 00:00:00,0.3326666666666666,636.57,0.0,91,0.0,0.33,0.088,0.05262
2023-09-18 01:00:00,0.3331666666666666,638.9,0.0,91,0.0,0.33,0.08173,0.05262
2023-09-18 02:00:00,0.9698333333333332,631.74,0.0,91,0.0,0.33,0.08413,0.05262
2023-09-18 03:00:00,0.3361666666666666,641.0,0.0,91,0.0,0.33,0.08561,0.05262
2023-09-18 04:00:00,0.3776666666666666,627.35,0.0,91,0.0,0.33,0.092,0.05262
2023-09-18 05:00:00,4.883166666666667,609.61,0.0,91,0.0,0.33,0.11672,0.05262
2023-09-18 06:00:00,1.5816666666666668,583.79,0.0,91,0.0002395238095238,0.33,0.13343,0.05262
2023-09-18 07:00:00,0.2328333333333333,556.77,0.0,91,0.0131780952380952,0.33,0.12985,0.05262
2023-09-18 08:00:00,0.2328333333333333,525.61,0.0,91,0.0681042857142857,0.33,0.10585,0.05262
2023-09-18 09:00:00,0.2319999999999999,484.48,0.0,91,0.1768885714285714,0.33,0.09065000000000001,0.05262
2023-09-18 10:00:00,0.2141666666666667,476.15,0.0,91,0.2778290476190476,0.33,0.07429999999999999,0.05262
2023-09-18 11:00:00,0.2136666666666666,485.13,0.0,91,0.250987619047619,0.33,0.05601,0.05262
2023-09-18 12:00:00,0.2188333333333333,509.35,0.0,91,0.4905261904761904,0.33,0.02916,0.05262
2023-09-18 13:00:00,0.2223333333333333,550.5,0.0,91,0.5150052380952381,0.33,0.040659999999999995,0.05262
2023-09-18 14:00:00,0.2283333333333333,581.83,0.0,91,0.5545228571428571,0.33,0.07587999999999999,0.05262
2023-09-18 15:00:00,0.2276666666666666,582.15,0.0,91,0.4691185714285714,0.33,0.09015000000000001,0.05262
2023-09-18 16:00:00,0.243,607.33,0.0,91,0.3418871428571428,0.33,0.1166,0.05262
2023-09-18 17:00:00,0.2516666666666666,617.32,0.0,91,0.18183,0.33,0.13881,0.05262
2023-09-18 18:00:00,0.2543333333333333,609.51,0.0,91,0.0390519047619047,0.33,0.16178,0.05262
2023-09-18 19:00:00,0.2533333333333333,609.18,0.0,91,0.0009390476190476,0.33,0.12702,0.05262
2023-09-18 20:00:00,0.2535,616.4,0.0,91,0.0,0.33,0.10618999999999999,0.05262
2023-09-18 21:00:00,0.2498333333333333,606.24,0.0,91,0.0,0.33,0.09303,0.05262
2023-09-18 22:00:00,0.2508333333333333,539.96,0.0,91,0.0,0.33,0.07318999999999999,0.05262
2023-09-18 23:00:00,0.2543333333333333,541.84,0.0,91,0.0,0.33,0.00492,0.05262
2023-09-19 00:00:00,0.2541666666666666,520.89,0.0,91,0.0,0.33,0.0019,0.05262
2023-09-19 01:00:00,0.254,527.74,0.0,91,0.0,0.33,0.00087,0.05262
2023-09-19 02:00:00,0.2506666666666666,546.61,0.0,91,0.0,0.33,0.0008399999999999999,0.05262
2023-09-19 03:00:00,0.2498333333333333,552.76,0.0,91,0.0,0.33,0.011619999999999998,0.05262
2023-09-19 04:00:00,0.2541666666666666,557.63,0.0,91,0.0,0.33,0.04242,0.05262
2023-09-19 05:00:00,0.254,566.28,0.0,91,0.0,0.33,0.08621,0.05262
2023-09-19 06:00:00,0.254,557.61,0.0,91,0.0010933333333333,0.33,0.11152,0.05262
2023-09-19 07:00:00,0.2503333333333333,537.93,0.0,91,0.0368133333333333,0.33,0.11406000000000001,0.05262
2023-09-19 08:00:00,0.2494999999999999,517.94,0.0,91,0.1676857142857143,0.33,0.09144,0.05262
2023-09-19 09:00:00,0.2608333333333333,492.21,0.0,91,0.3327038095238095,0.33,0.058,0.05262
2023-09-19 10:00:00,0.2721666666666666,480.87,0.0,91,0.4656128571428571,0.33,0.04133,0.05262
2023-09-19 11:00:00,0.2751666666666666,474.3,0.0,91,0.5492433333333334,0.33,0.04155,0.05262
2023-09-19 12:00:00,0.2781666666666667,460.8,0.0,91,0.5884904761904762,0.33,0.026199999999999998,0.05262
2023-09-19 13:00:00,0.2993333333333333,467.28,0.0,91,0.5901123809523809,0.33,0.03326,0.05262
2023-09-19 14:00:00,0.381,500.65,0.0,91,0.5480333333333334,0.33,0.061,0.05262
2023-09-19 15:00:00,0.3373333333333333,537.43,0.0,91,0.4600771428571429,0.33,0.0597,0.05262
2023-09-19 16:00:00,0.3306666666666666,588.1,0.0,91,0.3317195238095238,0.33,0.08725,0.05262
2023-09-19 17:00:00,0.3228333333333333,583.56,0.0,91,0.1744347619047619,0.33,0.11189,0.05262
2023-09-19 18:00:00,0.292,573.09,0.0,91,0.0359680952380952,0.33,0.15581,0.05262
2023-09-19 19:00:00,0.983,583.85,0.0,91,0.0008780952380952,0.33,0.12154000000000001,0.05262
2023-09-19 20:00:00,0.2868333333333333,580.2,0.0,91,0.0,0.33,0.09955,0.05262
2023-09-19 21:00:00,7.190833333333333,564.5,0.0,91,0.0,0.33,0.0765,0.05262
2023-09-19 22:00:00,0.2791666666666667,527.18,0.0,91,0.0,0.33,0.04771,0.05262
2023-09-19 23:00:00,0.2793333333333334,514.24,0.0,91,0.0,0.33,0.04101,0.05262
2023-09-20 00:00:00,0.278,520.7,0.0,91,0.0,0.33,0.06554,0.05262
2023-09-20 01:00:00,0.2786666666666667,520.48,0.0,91,0.0,0.33,0.04275,0.05262
2023-09-20 02:00:00,0.283,521.37,0.0,91,0.0,0.33,0.055189999999999996,0.05262
2023-09-20 03:00:00,0.2775,521.87,0.0,91,0.0,0.33,0.05785,0.05262
2023-09-20 04:00:00,0.2771666666666667,528.64,0.0,91,0.0,0.33,0.06926,0.05262
2023-09-20 05:00:00,0.2773333333333334,507.99,0.0,91,0.0,0.33,0.10753,0.05262
2023-09-20 06:00:00,0.2769999999999999,463.78,0.0,91,0.0019080952380952,0.33,0.12514,0.05262
2023-09-20 07:00:00,0.2765,438.53,0.0,91,0.0275771428571428,0.33,0.10561,0.05262
2023-09-20 08:00:00,0.3193333333333333,397.02,0.0,91,0.1701233333333333,0.33,0.08529,0.05262
2023-09-20 09:00:00,0.1978333333333333,379.58,0.0,91,0.3330428571428571,0.33,0.04875,0.05262
2023-09-20 10:00:00,0.0903333333333333,360.15,0.0,91,0.3984809523809524,0.33,0.044,0.05262
2023-09-20 11:00:00,0.2468333333333333,352.18,0.0,91,0.5440214285714285,0.33,0.04478,0.05262
2023-09-20 12:00:00,0.4515,363.05,0.0,91,0.5940390476190476,0.33,0.03818,0.05262
2023-09-20 13:00:00,0.3051666666666666,375.12,0.0,91,0.56497,0.33,0.0434,0.05262
2023-09-20 14:00:00,0.2866666666666667,427.37,0.0,91,0.5067757142857143,0.33,0.045,0.05262
2023-09-20 15:00:00,3.0416666666666665,502.56,0.0,91,0.427807619047619,0.33,0.06322,0.05262
2023-09-20 16:00:00,2.9218333333333333,533.68,0.0,91,0.3325357142857142,0.33,0.105,0.05262
2023-09-20 17:00:00,0.3868333333333333,561.59,0.0,91,0.1716319047619047,0.33,0.15904,0.05262
2023-09-20 18:00:00,4.783833333333333,545.88,0.0,91,0.0335647619047619,0.33,0.20256,0.05262
2023-09-20 19:00:00,10.769,552.82,0.0,91,0.0004347619047619,0.33,0.1497,0.05262
2023-09-20 20:00:00,4.147333333333333,552.19,0.0,91,0.0,0.33,0.10664,0.05262
2023-09-20 21:00:00,6.174833333333333,542.14,0.0,91,0.0,0.33,0.09062,0.05262
2023-09-20 22:00:00,11.554833333333336,523.94,0.0,91,0.0,0.33,0.08126,0.05262
2023-09-20 23:00:00,0.3094999999999999,517.41,0.0,91,0.0,0.33,0.07568000000000001,0.05262
2023-09-21 00:00:00,0.2821666666666667,520.34,0.0,91,0.0,0.33,0.07204,0.05262
2023-09-21 01:00:00,0.2795,523.06,0.0,91,0.0,0.33,0.05921,0.05262
2023-09-21 02:00:00,0.2825,525.7,0.0,91,0.0,0.33,0.04416,0.05262
2023-09-21 03:00:00,0.2828333333333333,555.21,0.0,91,0.0,0.33,0.05788,0.05262
2023-09-21 04:00:00,0.2823333333333333,570.78,0.0,91,0.0,0.33,0.07809999999999999,0.05262
2023-09-21 05:00:00,0.2823333333333333,569.26,0.0,91,0.0,0.33,0.10743000000000001,0.05262
2023-09-21 06:00:00,0.2783333333333333,554.32,0.0,91,0.0010695238095238,0.33,0.11749,0.05262
2023-09-21 07:00:00,0.2791666666666667,551.06,0.0,91,0.0339380952380952,0.33,0.11581999999999999,0.05262
2023-09-21 08:00:00,0.282,533.05,0.0,91,0.1700047619047619,0.33,0.10338,0.05262
2023-09-21 09:00:00,0.2795,503.09,0.0,91,0.2279190476190476,0.33,0.09368000000000001,0.05262
2023-09-21 10:00:00,0.2733333333333334,486.76,0.0,91,0.4513104761904762,0.33,0.07955,0.05262
2023-09-21 11:00:00,0.2741666666666666,505.26,0.0,91,0.5325238095238095,0.33,0.07576999999999999,0.05262
2023-09-21 12:00:00,0.2743333333333333,503.6,0.0,91,0.5678633333333333,0.33,0.07875,0.05262
2023-09-21 13:00:00,0.2749999999999999,529.41,0.0,91,0.565707619047619,0.33,0.08629,0.05262
2023-09-21 14:00:00,0.2788333333333333,546.17,0.0,91,0.5233161904761905,0.33,0.0938,0.05262
2023-09-21 15:00:00,0.2856666666666667,572.89,0.0,91,0.4377599999999999,0.33,0.10576,0.05262
2023-09-21 16:00:00,0.3384999999999999,586.19,0.0,91,0.280752380952381,0.33,0.12225,0.05262
2023-09-21 17:00:00,1.4443333333333337,578.5,0.0,91,0.1585171428571428,0.33,0.18763,0.05262
2023-09-21 18:00:00,9.093166666666669,577.29,0.0,91,0.0281385714285714,0.33,0.26627999999999996,0.05262
2023-09-21 19:00:00,11.508666666666665,587.04,0.0,91,0.0002247619047619,0.33,0.15149,0.05262
2023-09-21 20:00:00,1.2515,608.68,0.0,91,0.0,0.33,0.1148,0.05262
2023-09-21 21:00:00,2.079,609.24,0.0,91,0.0,0.33,0.1001,0.05262
2023-09-21 22:00:00,2.2415,609.66,0.0,91,0.0,0.33,0.09475,0.05262
2023-09-21 23:00:00,0.2866666666666667,595.95,0.0,91,0.0,0.33,0.08837,0.05262
2023-09-22 00:00:00,0.2845,598.37,0.0,91,0.0,0.33,0.08716,0.05262
2023-09-22 01:00:00,0.2841666666666667,614.21,0.0,91,0.0,0.33,0.08518,0.05262
2023-09-22 02:00:00,0.2838333333333333,614.86,0.0,91,0.0,0.33,0.08353000000000001,0.05262
2023-09-22 03:00:00,0.2816666666666667,611.03,0.0,91,0.0,0.33,0.0839,0.05262
2023-09-22 04:00:00,0.2781666666666667,614.33,0.0,91,0.0,0.33,0.08845,0.05262
2023-09-22 05:00:00,0.2761666666666666,597.71,0.0,91,0.0,0.33,0.10926000000000001,0.05262
2023-09-22 06:00:00,0.2806666666666667,584.98,0.0,91,0.0,0.33,0.13651,0.05262
2023-09-22 07:00:00,0.2815,585.43,0.0,91,0.0038604761904761,0.33,0.13521,0.05262
2023-09-22 08:00:00,0.2833333333333333,572.14,0.0,91,0.0124333333333333,0.33,0.11701,0.05262
2023-09-22 09:00:00,0.303,565.3,0.0,91,0.0375323809523809,0.33,0.09964,0.05262
2023-09-22 10:00:00,1.0945,554.8,0.0,91,0.0804742857142857,0.33,0.09093000000000001,0.05262
2023-09-22 11:00:00,0.7596666666666666,549.75,0.0,91,0.0839890476190476,0.33,0.08565,0.05262
2023-09-22 12:00:00,0.2935,564.68,0.0,91,0.0935609523809523,0.33,0.07892,0.05262
2023-09-22 13:00:00,0.4905,580.93,0.0,91,0.0683185714285714,0.33,0.07901000000000001,0.05262
2023-09-22 14:00:00,0.7094999999999999,589.67,0.0,91,0.0664533333333333,0.33,0.08611,0.05262
2023-09-22 15:00:00,1.4653333333333334,589.59,0.0,91,0.033495238095238,0.33,0.0948,0.05262
2023-09-22 16:00:00,4.273000000000001,585.4,0.0,91,0.01685,0.33,0.12095,0.05262
2023-09-22 17:00:00,5.583166666666667,585.38,0.0,91,0.0181290476190476,0.33,0.135,0.05262
2023-09-22 18:00:00,0.6735000000000001,589.44,0.0,91,0.0020504761904761,0.33,0.15815,0.05262
2023-09-22 19:00:00,3.3349999999999995,580.1,0.0,91,0.0,0.33,0.13468,0.05262
2023-09-22 20:00:00,8.884333333333332,589.22,0.0,91,0.0,0.33,0.11645,0.05262
2023-09-22 21:00:00,6.778666666666667,600.56,0.0,91,0.0,0.33,0.10593000000000001,0.05262
2023-09-22 22:00:00,0.5795,576.65,0.0,91,0.0,0.33,0.10306,0.05262
2023-09-22 23:00:00,2.418,569.12,0.0,91,0.0,0.33,0.10904000000000001,0.05262
2023-09-23 00:00:00,7.044666666666667,570.63,0.0,91,0.0,0.33,0.10124,0.05262
2023-09-23 01:00:00,9.6365,568.97,0.0,91,0.0,0.33,0.09705,0.05262
2023-09-23 02:00:00,0.2898333333333333,561.77,0.0,91,0.0,0.33,0.09172,0.05262
2023-09-23 03:00:00,0.2871666666666667,558.85,0.0,91,0.0,0.33,0.08937,0.05262
2023-09-23 04:00:00,0.284,571.23,0.0,91,0.0,0.33,0.09178,0.05262
2023-09-23 05:00:00,0.2876666666666667,574.11,0.0,91,0.0,0.33,0.09888,0.05262
2023-09-23 06:00:00,0.2835,554.03,0.0,91,0.0,0.33,0.1072,0.05262
2023-09-23 07:00:00,0.2846666666666667,541.21,0.0,91,0.0036661904761904,0.33,0.10998999999999999,0.05262
2023-09-23 08:00:00,0.2895,505.1,0.0,91,0.0198542857142857,0.33,0.10468000000000001,0.05262
2023-09-23 09:00:00,0.361,465.7,0.0,91,0.0540780952380952,0.33,0.09075,0.05262
2023-09-23 10:00:00,6.657333333333334,471.64,0.0,91,0.1079266666666666,0.33,0.0849,0.05262
2023-09-23 11:00:00,0.3926666666666666,453.65,0.0,91,0.1297299999999999,0.33,0.07989,0.05262
2023-09-23 12:00:00,0.7171666666666666,446.37,0.0,91,0.1378819047619047,0.33,0.07055,0.05262
2023-09-23 13:00:00,6.962166666666666,456.35,0.0,91,0.2052290476190476,0.33,0.05525,0.05262
2023-09-23 14:00:00,0.2976666666666667,483.46,0.0,91,0.2110861904761904,0.33,0.08034000000000001,0.05262
2023-09-23 15:00:00,0.2806666666666667,511.71,0.0,91,0.1573304761904762,0.33,0.08809,0.05262
2023-09-23 16:00:00,0.2878333333333333,551.39,0.0,91,0.0723685714285714,0.33,0.1082,0.05262
2023-09-23 17:00:00,0.2873333333333333,553.49,0.0,91,0.036127619047619,0.33,0.13049000000000002,0.05262
2023-09-23 18:00:00,0.2823333333333333,556.09,0.0,91,0.0061961904761904,0.33,0.15543,0.05262
2023-09-23 19:00:00,0.2871666666666667,560.04,0.0,91,0.0,0.33,0.145,0.05262
2023-09-23 20:00:00,0.284,564.86,0.0,91,0.0,0.33,0.11791,0.05262
2023-09-23 21:00:00,0.2858333333333333,569.78,0.0,91,0.0,0.33,0.10692,0.05262
2023-09-23 22:00:00,0.2888333333333333,548.15,0.0,91,0.0,0.33,0.10028000000000001,0.05262
2023-09-23 23:00:00,0.2845,503.07,0.0,91,0.0,0.33,0.09870999999999999,0.05262
2023-09-24 00:00:00,0.2875,486.36,0.0,91,0.0,0.33,0.08724,0.05262
2023-09-24 01:00:00,0.2873333333333333,476.73,0.0,91,0.0,0.33,0.07773000000000001,0.05262
2023-09-24 02:00:00,0.2815,487.89,0.0,91,0.0,0.33,0.07729000000000001,0.05262
2023-09-24 03:00:00,0.2898333333333333,496.45,0.0,91,0.0,0.33,0.08209000000000001,0.05262
2023-09-24 04:00:00,0.2875,485.99,0.0,91,0.0,0.33,0.08939,0.05262
2023-09-24 05:00:00,0.2815,493.2,0.0,91,0.0,0.33,0.09287000000000001,0.05262
2023-09-24 06:00:00,0.288,486.4,0.0,91,0.0001238095238095,0.33,0.09326000000000001,0.05262
2023-09-24 07:00:00,0.2863333333333333,446.54,0.0,91,0.0327571428571428,0.33,0.08981,0.05262
2023-09-24 08:00:00,0.2856666666666667,391.72,0.0,91,0.0601366666666666,0.33,0.059359999999999996,0.05262
2023-09-24 09:00:00,0.2895,367.14,0.0,91,0.1007536945812807,0.33,0.00106,0.05262
2023-09-24 10:00:00,0.2838333333333333,375.78,0.0,91,0.1855714285714285,0.33,0.00085,0.05262
2023-09-24 11:00:00,0.287,369.54,0.0,91,0.1623242857142857,0.33,-2e-05,0.05262
2023-09-24 12:00:00,0.289,372.42,0.0,91,0.2080580952380952,0.33,-0.00138,0.05262
2023-09-24 13:00:00,0.2825,373.99,0.0,91,0.1262166666666666,0.33,-0.00184,0.05262
2023-09-24 14:00:00,0.2883333333333333,413.25,0.0,91,0.0759280952380952,0.33,-2e-05,0.05262
2023-09-24 15:00:00,0.2883333333333333,501.14,0.0,91,0.0495014285714285,0.33,0.00521,0.05262
2023-09-24 16:00:00,0.2815,519.08,0.0,91,0.0266385714285714,0.33,0.09956,0.05262
2023-09-24 17:00:00,0.2895,507.9,0.0,91,0.0245495238095238,0.33,0.13390000000000002,0.05262
2023-09-24 18:00:00,0.2873333333333333,509.88,0.0,91,0.0022928571428571,0.33,0.15709,0.05262
2023-09-24 19:00:00,0.2823333333333333,519.8,0.0,91,0.0,0.33,0.13498,0.05262
2023-09-24 20:00:00,0.2745,518.06,0.0,91,0.0,0.33,0.105,0.05262
2023-09-24 21:00:00,0.2735,513.14,0.0,91,0.0,0.33,0.09397,0.05262
2023-09-24 22:00:00,0.2663333333333333,513.91,0.0,91,0.0,0.33,0.0728,0.05262
2023-09-24 23:00:00,0.2731666666666666,509.54,0.0,91,0.0,0.33,0.03463,0.05262
2023-09-25 00:00:00,0.2713333333333333,532.6,0.0,91,0.0,0.33,0.01,0.05262
2023-09-25 01:00:00,0.2645,539.16,0.0,91,0.0,0.33,0.00109,0.05262
2023-09-25 02:00:00,0.2716666666666666,522.2,0.0,91,0.0,0.33,8e-05,0.05262
2023-09-25 03:00:00,0.173,535.53,0.0,91,0.0,0.33,0.00049,0.05262
2023-09-25 04:00:00,0.0713333333333333,562.61,0.0,91,0.0,0.33,0.05025,0.05262
2023-09-25 05:00:00,0.091,555.25,0.0,91,0.0,0.33,0.10839,0.05262
2023-09-25 06:00:00,0.0906666666666666,568.33,0.0,91,0.0,0.33,0.13915,0.05262
2023-09-25 07:00:00,0.1456666666666666,554.1,0.0,91,0.000247619047619,0.33,0.143,0.05262
2023-09-25 08:00:00,0.2263333333333333,538.99,0.0,91,0.0075785714285714,0.33,0.11832,0.05262
2023-09-25 09:00:00,0.2645,504.8,0.0,91,0.0159609523809523,0.33,0.09425,0.05262
2023-09-25 10:00:00,0.2858333333333333,463.35,0.0,91,0.0363466666666666,0.33,0.08901,0.05262
2023-09-25 11:00:00,0.2868333333333333,462.03,0.0,91,0.0397371428571428,0.33,0.07709999999999999,0.05262
2023-09-25 12:00:00,0.2791666666666667,474.73,0.0,91,0.049345238095238,0.33,0.07611,0.05262
2023-09-25 13:00:00,0.2666666666666666,521.68,0.0,91,0.0603338095238095,0.33,0.08409,0.05262
2023-09-25 14:00:00,0.2695,561.37,0.0,91,0.0682114285714285,0.33,0.09206,0.05262
2023-09-25 15:00:00,0.3543333333333333,597.93,0.0,91,0.0290661904761904,0.33,0.09745999999999999,0.05262
2023-09-25 16:00:00,0.4626666666666667,609.24,0.0,91,0.017185238095238,0.33,0.12592,0.05262
2023-09-25 17:00:00,0.2806666666666667,613.24,0.0,91,0.0083123809523809,0.33,0.19455,0.05262
2023-09-25 18:00:00,0.2735,602.04,0.0,91,0.0005619047619047,0.33,0.35869999999999996,0.05262
2023-09-25 19:00:00,0.2668333333333333,587.86,0.0,91,0.0,0.33,0.24005,0.05262
2023-09-25 20:00:00,0.2738333333333333,590.41,0.0,91,0.0,0.33,0.13576,0.05262
2023-09-25 21:00:00,0.2749999999999999,599.81,0.0,91,0.0,0.33,0.12285,0.05262
2023-09-25 22:00:00,0.2686666666666666,601.75,0.0,91,0.0,0.33,0.11041,0.05262
2023-09-25 23:00:00,0.2763333333333333,593.26,0.0,91,0.0,0.33,0.11376,0.05262
2023-09-26 00:00:00,0.2749999999999999,569.1,0.0,91,0.0,0.33,0.10798999999999999,0.05262
2023-09-26 01:00:00,0.2713333333333333,557.88,0.0,91,0.0,0.33,0.10493000000000001,0.05262
2023-09-26 02:00:00,0.2765,563.14,0.0,91,0.0,0.33,0.10457999999999999,0.05262
2023-09-26 03:00:00,0.2713333333333333,575.03,0.0,91,0.0,0.33,0.10431,0.05262
2023-09-26 04:00:00,0.2716666666666666,574.8,0.0,91,0.0,0.33,0.10798999999999999,0.05262
2023-09-26 05:00:00,0.2751666666666666,567.9,0.0,91,0.0,0.33,0.15,0.05262
2023-09-26 06:00:00,0.268,543.75,0.0,91,0.0,0.33,0.25068,0.05262
2023-09-26 07:00:00,0.2723333333333333,509.82,0.0,91,0.0057666666666666,0.33,0.15781,0.05262
2023-09-26 08:00:00,0.2733333333333334,484.82,0.0,91,0.016787619047619,0.33,0.1168,0.05262
2023-09-26 09:00:00,0.2668333333333333,476.11,0.0,91,0.1263928571428571,0.33,0.09895999999999999,0.05262
2023-09-26 10:00:00,0.2741666666666666,470.5,0.0,91,0.1033323809523809,0.33,0.0933,0.05262
2023-09-26 11:00:00,0.2746666666666666,459.97,0.0,91,0.0618361904761904,0.33,0.08948,0.05262
2023-09-26 12:00:00,0.2671666666666666,464.91,0.0,91,0.0499252380952381,0.33,0.08006,0.05262
2023-09-26 13:00:00,0.3573333333333333,495.13,0.0,91,0.0664347619047619,0.33,0.08889,0.05262
2023-09-26 14:00:00,0.3204999999999999,527.22,0.0,91,0.0502609523809523,0.33,0.09802,0.05262
2023-09-26 15:00:00,0.337,547.6,0.0,91,0.077067619047619,0.33,0.10451,0.05262
2023-09-26 16:00:00,0.3161666666666666,572.7,0.0,91,0.0330414285714285,0.33,0.135,0.05262
2023-09-26 17:00:00,0.3185,589.31,0.0,91,0.0128219047619047,0.33,0.17612,0.05262
2023-09-26 18:00:00,0.3168333333333333,561.39,0.0,91,0.0038566666666666,0.33,0.24168,0.05262
2023-09-26 19:00:00,0.3101666666666666,577.6,0.0,91,0.0,0.33,0.16034,0.05262
2023-09-26 20:00:00,0.3168333333333333,581.7,0.0,91,0.0,0.33,0.12627,0.05262
2023-09-26 21:00:00,0.3185,560.96,0.0,91,0.0,0.33,0.10806,0.05262
2023-09-26 22:00:00,0.3116666666666667,583.26,0.0,91,0.0,0.33,0.10128,0.05262
2023-09-26 23:00:00,0.3195,590.28,0.0,91,0.0,0.33,0.10551,0.05262
2023-09-27 00:00:00,0.3183333333333333,578.22,0.0,91,0.0,0.33,0.102,0.05262
2023-09-27 01:00:00,0.3146666666666666,578.77,0.0,91,0.0,0.33,0.1027,0.05262
2023-09-27 02:00:00,0.3195,565.01,0.0,91,0.0,0.33,0.10298,0.05262
2023-09-27 03:00:00,0.3153333333333333,577.56,0.0,91,0.0,0.33,0.10058,0.05262
2023-09-27 04:00:00,0.3175,579.68,0.0,91,0.0,0.33,0.10840999999999999,0.05262
2023-09-27 05:00:00,0.319,548.9,0.0,91,0.0,0.33,0.14102,0.05262
2023-09-27 06:00:00,0.311,528.17,0.0,91,0.0,0.33,0.21309999999999998,0.05262
2023-09-27 07:00:00,0.3158333333333333,490.46,0.0,91,0.0045433333333333,0.33,0.17165,0.05262
2023-09-27 08:00:00,0.3155,464.01,0.0,91,0.01988,0.33,0.12965000000000002,0.05262
2023-09-27 09:00:00,0.3411666666666666,430.24,0.0,91,,0.33,0.10233,0.05262
2023-09-27 10:00:00,0.3061666666666666,435.84,0.0,91,,0.33,0.09326000000000001,0.05262
2023-09-27 11:00:00,0.31,441.74,0.0,91,,0.33,0.0902,0.05262
2023-09-27 12:00:00,0.3181666666666666,455.21,0.0,91,,0.33,0.08734,0.05262
2023-09-27 13:00:00,0.6986666666666667,481.8,0.0,91,,0.33,0.08885,0.05262
2023-09-27 14:00:00,6.101166666666667,498.56,0.0,91,,0.33,0.09334,0.05262
2023-09-27 15:00:00,5.197666666666667,531.34,0.0,91,,0.33,0.10765000000000001,0.05262
2023-09-27 16:00:00,0.296,568.59,0.0,91,,0.33,0.14603,0.05262
2023-09-27 17:00:00,0.29,573.93,0.0,91,,0.33,0.19113999999999998,0.05262
2023-09-27 18:00:00,0.2956666666666667,535.56,0.0,91,,0.33,0.21051,0.05262
2023-09-27 19:00:00,0.294,520.45,0.0,91,,0.33,0.14151,0.05262
2023-09-27 20:00:00,0.2911666666666666,537.37,0.0,91,,0.33,0.10778,0.05262
2023-09-27 21:00:00,0.2948333333333333,534.76,0.0,91,,0.33,0.09638,0.05262
2023-09-27 22:00:00,0.2908333333333333,547.71,0.0,91,,0.33,0.08876,0.05262
2023-09-27 23:00:00,0.2915,558.2,0.0,91,,0.33,0.08794,0.05262
2023-09-28 00:00:00,0.2938333333333333,556.8,0.0,91,,0.33,0.08313,0.05262
2023-09-28 01:00:00,0.2878333333333333,567.67,0.0,91,,0.33,0.07219,0.05262
2023-09-28 02:00:00,0.2935,573.61,0.0,91,,0.33,0.07156,0.05262
2023-09-28 03:00:00,0.2943333333333333,561.15,0.0,91,,0.33,0.07923999999999999,0.05262
2023-09-28 04:00:00,0.2876666666666667,566.71,0.0,91,,0.33,0.09103,0.05262
2023-09-28 05:00:00,0.2945,551.39,0.0,91,,0.33,0.11483,0.05262
2023-09-28 06:00:00,0.2926666666666667,511.14,0.0,91,,0.33,0.12625,0.05262
2023-09-28 07:00:00,0.2885,492.17,0.0,91,,0.33,0.12956,0.05262
2023-09-28 08:00:00,0.294,466.36,0.0,91,,0.33,0.11084999999999999,0.05262
2023-09-28 09:00:00,0.3305,449.11,0.0,91,,0.33,0.09336,0.05262
2023-09-28 10:00:00,0.3085,431.12,0.0,91,,0.33,0.08856,0.05262
2023-09-28 11:00:00,0.297,414.27,0.0,91,,0.33,0.08512,0.05262
2023-09-28 12:00:00,0.2963333333333333,449.7,0.0,91,,0.33,0.08314,0.05262
2023-09-28 13:00:00,0.2948333333333333,477.2,0.0,91,,0.33,0.0877,0.05262
2023-09-28 14:00:00,0.2821666666666667,507.61,0.0,91,,0.33,0.09201999999999999,0.05262
2023-09-28 15:00:00,0.2983333333333333,541.53,0.0,91,,0.33,0.09989,0.05262
2023-09-28 16:00:00,0.2956666666666667,578.62,0.0,91,,0.33,0.13263,0.05262
2023-09-28 17:00:00,0.2956666666666667,590.41,0.0,91,,0.33,0.175,0.05262
2023-09-28 18:00:00,0.2986666666666666,582.93,0.0,91,,0.33,0.25377,0.05262
2023-09-28 19:00:00,0.2963333333333333,574.74,0.0,91,,0.33,0.15627000000000002,0.05262
2023-09-28 20:00:00,0.2956666666666667,588.81,0.0,91,,0.33,0.12795,0.05262
2023-09-28 21:00:00,0.2998333333333333,610.5,0.0,91,,0.33,0.11797,0.05262
2023-09-28 22:00:00,0.2956666666666667,615.6,0.0,91,,0.33,0.11054,0.05262
2023-09-28 23:00:00,0.298,610.07,0.0,91,,0.33,0.1085,0.05262
2023-09-29 00:00:00,0.2981666666666666,609.48,0.0,91,,0.33,0.09763,0.05262
2023-09-29 01:00:00,0.2903333333333333,605.47,0.0,91,,0.33,0.09381,0.05262
2023-09-29 02:00:00,0.2966666666666666,601.71,0.0,91,,0.33,0.09022,0.05262
2023-09-29 03:00:00,0.2973333333333333,588.23,0.0,91,,0.33,0.09326000000000001,0.05262
2023-09-29 04:00:00,0.2913333333333333,577.32,0.0,91,,0.33,0.09928000000000001,0.05262
2023-09-29 05:00:00,0.2975,550.15,0.0,91,,0.33,0.1275,0.05262
2023-09-29 06:00:00,0.2956666666666667,530.92,0.0,91,,0.33,0.13792,0.05262
2023-09-29 07:00:00,0.294,496.93,0.0,91,0.0295080519480519,0.33,0.13005,0.05262
2023-09-29 08:00:00,0.2983333333333333,467.16,0.0,91,0.1457161904761904,0.33,0.10686,0.05262
2023-09-29 09:00:00,0.545,456.79,0.0,91,0.3072814285714286,0.33,0.09207,0.05262
2023-09-29 10:00:00,0.4998333333333333,454.25,0.0,91,0.4442266666666666,0.33,0.08737,0.05262
2023-09-29 11:00:00,0.4206666666666667,448.12,0.0,91,0.4970433333333333,0.33,0.08205,0.05262
2023-09-29 12:00:00,0.4748333333333333,477.11,0.0,91,0.4311061904761905,0.33,0.07244,0.05262
2023-09-29 13:00:00,0.4753333333333333,499.97,0.0,91,0.4793504761904762,0.33,0.07704000000000001,0.05262
2023-09-29 14:00:00,1.1081666666666667,507.24,0.0,91,0.3542895238095238,0.33,0.0907,0.05262
2023-09-29 15:00:00,5.060833333333333,528.67,0.0,91,0.1567271428571428,0.33,0.09884,0.05262
2023-09-29 16:00:00,0.3856666666666666,539.58,0.0,91,0.1213514285714285,0.33,0.11867,0.05262
2023-09-29 17:00:00,0.2931666666666667,549.86,0.0,91,0.0387971428571428,0.33,0.13494,0.05262
2023-09-29 18:00:00,0.2856666666666667,553.99,0.0,91,0.0068557142857142,0.33,0.14252,0.05262
2023-09-29 19:00:00,0.292,582.74,0.0,91,0.0,0.33,0.13404,0.05262
2023-09-29 20:00:00,0.291,599.45,0.0,91,0.0,0.33,0.1134,0.05262
2023-09-29 21:00:00,0.2878333333333333,615.89,0.0,91,0.0,0.33,0.10657,0.05262
2023-09-29 22:00:00,0.2921666666666667,591.72,0.0,91,0.0,0.33,0.10107,0.05262
2023-09-29 23:00:00,0.29,589.35,0.0,91,0.0,0.33,0.09159,0.05262
2023-09-30 00:00:00,0.2901666666666667,593.47,0.0,91,0.0,0.33,0.08889,0.05262
2023-09-30 01:00:00,0.294,594.81,0.0,91,0.0,0.33,0.08871,0.05262
2023-09-30 02:00:00,0.2891666666666666,598.7,0.0,91,0.0,0.33,0.08872,0.05262
2023-09-30 03:00:00,0.2923333333333333,601.99,0.0,91,0.0,0.33,0.08828,0.05262
2023-09-30 04:00:00,0.2941666666666666,599.22,0.0,91,0.0,0.33,0.09209999999999999,0.05262
2023-09-30 05:00:00,0.2865,608.05,0.0,91,0.0,0.33,0.10529999999999999,0.05262
2023-09-30 06:00:00,0.2921666666666667,580.06,0.0,91,0.0,0.33,0.10939,0.05262
2023-09-30 07:00:00,0.292,558.79,0.0,91,0.0278480952380952,0.33,0.11001999999999999,0.05262
2023-09-30 08:00:00,0.2851666666666667,537.17,0.0,91,0.1393319047619047,0.33,0.10499,0.05262
2023-09-30 09:00:00,0.2928333333333333,511.21,0.0,91,0.3253928571428571,0.33,0.08755,0.05262
2023-09-30 10:00:00,0.289,496.95,0.0,91,0.4505833333333334,0.33,0.0706,0.05262
2023-09-30 11:00:00,0.2868333333333333,466.62,0.0,91,0.4295414285714286,0.33,0.04276,0.05262
2023-09-30 12:00:00,0.2915,458.22,0.0,91,0.315327619047619,0.33,0.009179999999999999,0.05262
2023-09-30 13:00:00,0.2875,512.83,0.0,91,0.5887752380952381,0.33,0.01504,0.05262
2023-09-30 14:00:00,0.2898333333333333,564.45,0.0,91,0.5229714285714285,0.33,0.056,0.05262
2023-09-30 15:00:00,0.2923333333333333,603.59,0.0,91,0.4325614285714286,0.33,0.08501,0.05262
2023-09-30 16:00:00,0.2855,618.46,0.0,91,0.2720447619047619,0.33,0.10776000000000001,0.05262
2023-09-30 17:00:00,0.2926666666666667,602.94,0.0,91,0.108527619047619,0.33,0.13461,0.05262
2023-09-30 18:00:00,0.2925,612.3,0.0,91,0.0112590476190476,0.33,0.16221000000000002,0.05262
2023-09-30 19:00:00,0.285,622.87,0.0,91,0.0,0.33,0.13363999999999998,0.05262
2023-09-30 20:00:00,0.293,625.57,0.0,91,0.0,0.33,0.11142,0.05262
2023-09-30 21:00:00,0.2921666666666667,623.8,0.0,91,0.0,0.33,0.10740000000000001,0.05262
2023-09-30 22:00:00,0.2873333333333333,630.75,0.0,91,0.0,0.33,0.10104,0.05262
2023-09-30 23:00:00,0.2931666666666666,627.02,0.0,91,0.0,0.33,0.10273,0.05262
2023-10-01 00:00:00,0.2891666666666667,622.86,0.0,91,0.0,0.33,0.09414,0.05225
2023-10-01 01:00:00,0.2891666666666667,620.29,0.0,91,0.0,0.33,0.0886,0.05225
2023-10-01 02:00:00,0.292,607.02,0.0,91,0.0,0.33,0.08818000000000001,0.05225
2023-10-01 03:00:00,0.2841666666666667,605.11,0.0,91,0.0,0.33,0.0858,0.05225
2023-10-01 04:00:00,0.2893333333333333,599.58,0.0,91,0.0,0.33,0.08493,0.05225
2023-10-01 05:00:00,0.2908333333333333,591.84,0.0,91,0.0,0.33,0.08462,0.05225
2023-10-01 06:00:00,0.2846666666666667,546.13,0.0,91,0.0,0.33,0.08807999999999999,0.05225
2023-10-01 07:00:00,0.292,493.81,0.0,91,0.007115238095238,0.33,0.08209999999999999,0.05225
2023-10-01 08:00:00,0.2903333333333333,448.59,0.0,91,0.0311304761904761,0.33,0.06273,0.05225
2023-10-01 09:00:00,0.3561666666666667,407.95,0.0,91,0.1089352380952381,0.33,0.04,0.05225
2023-10-01 10:00:00,0.7181666666666667,394.84,0.0,91,0.1740766666666666,0.33,0.00899,0.05225
2023-10-01 11:00:00,0.2905,379.72,0.0,91,0.1764352380952381,0.33,0.0,0.05225
2023-10-01 12:00:00,0.292,390.24,0.0,91,0.1552361904761904,0.33,-0.00135,0.05225
2023-10-01 13:00:00,0.2933333333333333,440.12,0.0,91,0.1586914285714285,0.33,-0.00068,0.05225
2023-10-01 14:00:00,0.2868333333333333,503.78,0.0,91,0.1749623809523809,0.33,0.0015300000000000001,0.05225
2023-10-01 15:00:00,0.2931666666666667,551.53,0.0,91,0.1128133333333333,0.33,0.06273,0.05225
2023-10-01 16:00:00,0.2933333333333333,577.04,0.0,91,0.031187619047619,0.33,0.09931999999999999,0.05225
2023-10-01 17:00:00,0.287,593.36,0.0,91,0.0139790476190476,0.33,0.12006,0.05225
2023-10-01 18:00:00,0.2941666666666667,603.49,0.0,91,0.0035180952380952,0.33,0.13,0.05225
2023-10-01 19:00:00,0.291,619.72,0.0,91,0.0,0.33,0.13,0.05225
2023-10-01 20:00:00,0.2893333333333334,636.31,0.0,91,0.0,0.33,0.11516,0.05225
2023-10-01 21:00:00,0.2941666666666666,630.07,0.0,91,0.0,0.33,0.10662,0.05225
2023-10-01 22:00:00,0.2893333333333333,637.24,0.0,91,0.0,0.33,0.09997,0.05225
2023-10-01 23:00:00,0.2935,639.04,0.0,91,0.0,0.33,0.09490000000000001,0.05225
2023-10-02 00:00:00,0.2886666666666667,642.67,0.0,91,0.0,0.33,0.09317,0.05225
2023-10-02 01:00:00,0.282,654.21,0.0,91,0.0,0.33,0.09340000000000001,0.05225
2023-10-02 02:00:00,0.2883333333333333,651.36,0.0,91,0.0,0.33,0.09201999999999999,0.05225
2023-10-02 03:00:00,0.2861666666666667,650.66,0.0,91,0.0,0.33,0.09568,0.05225
2023-10-02 04:00:00,0.2828333333333333,617.19,0.0,91,0.0,0.33,0.09933,0.05225
2023-10-02 05:00:00,0.2866666666666667,600.79,0.0,91,0.0,0.33,0.12498999999999999,0.05225
2023-10-02 06:00:00,0.2811666666666667,575.67,0.0,91,0.0,0.33,0.14367,0.05225
2023-10-02 07:00:00,0.2828333333333333,562.53,0.0,91,0.0185319047619047,0.33,0.1445,0.05225
2023-10-02 08:00:00,0.2851666666666667,542.42,0.0,91,0.1068323809523809,0.33,0.12805000000000002,0.05225
2023-10-02 09:00:00,0.2793333333333334,531.06,0.0,91,0.2554642857142857,0.33,0.10559,0.05225
2023-10-02 10:00:00,0.2763333333333333,519.66,0.0,91,0.4213214285714285,0.33,0.09326999999999999,0.05225
2023-10-02 11:00:00,0.2693333333333333,527.43,0.0,91,0.3990685714285714,0.33,0.09104000000000001,0.05225
2023-10-02 12:00:00,0.2645,534.72,0.0,91,0.4460414285714286,0.33,0.08859,0.05225
2023-10-02 13:00:00,0.2701666666666666,547.45,0.0,91,0.4346790476190476,0.33,0.0884,0.05225
2023-10-02 14:00:00,0.2668333333333333,579.19,0.0,91,0.1042514285714285,0.33,0.0905,0.05225
2023-10-02 15:00:00,0.2653333333333333,599.26,0.0,91,0.1113195238095238,0.33,0.11066,0.05225
2023-10-02 16:00:00,0.2693333333333333,616.91,0.0,91,0.0544957142857142,0.33,0.13556,0.05225
2023-10-02 17:00:00,0.2636666666666666,631.4,0.0,91,0.0432709523809523,0.33,0.19465000000000002,0.05225
2023-10-02 18:00:00,0.2663333333333333,621.2,0.0,91,0.0093771428571428,0.33,0.24292,0.05225
2023-10-02 19:00:00,0.2693333333333333,630.79,0.0,91,0.0,0.33,0.16007,0.05225
2023-10-02 20:00:00,0.2636666666666666,643.6,0.0,91,0.0,0.33,0.12,0.05225
2023-10-02 21:00:00,0.2701666666666666,637.88,0.0,91,0.0,0.33,0.10694,0.05225
2023-10-02 22:00:00,0.2696666666666666,595.89,0.0,91,0.0,0.33,0.1,0.05225
2023-10-02 23:00:00,0.2636666666666666,550.72,0.0,91,0.0,0.33,0.09758,0.05225
2023-10-03 00:00:00,0.2696666666666666,535.07,0.0,91,0.0,0.33,0.09312999999999999,0.05225
2023-10-03 01:00:00,0.267,519.05,0.0,91,0.0,0.33,0.07063,0.05225
2023-10-03 02:00:00,0.2651666666666666,494.38,0.0,91,0.0,0.33,0.030449999999999998,0.05225
2023-10-03 03:00:00,0.2693333333333333,483.87,0.0,91,0.0,0.33,0.03158,0.05225
2023-10-03 04:00:00,0.2646666666666666,480.17,0.0,91,0.0,0.33,0.0503,0.05225
2023-10-03 05:00:00,0.2678333333333333,465.51,0.0,91,0.0,0.33,0.08331999999999999,0.05225
2023-10-03 06:00:00,0.2685,418.9,0.0,91,0.0,0.33,0.09743,0.05225
2023-10-03 07:00:00,0.2615,405.37,0.0,91,0.0198814285714285,0.33,0.07182,0.05225
2023-10-03 08:00:00,0.2683333333333333,404.54,0.0,91,0.1261666666666666,0.33,0.05273,0.05225
2023-10-03 09:00:00,0.2678333333333333,372.02,0.0,91,0.2898538095238095,0.33,0.04197,0.05225
2023-10-03 10:00:00,0.2643333333333333,329.82,0.0,91,0.4296057142857142,0.33,0.01801,0.05225
2023-10-03 11:00:00,0.2691666666666666,324.15,0.0,91,0.5144652380952381,0.33,0.008,0.05225
2023-10-03 12:00:00,0.2646666666666666,355.54,0.0,91,0.302735238095238,0.33,0.01286,0.05225
2023-10-03 13:00:00,0.2661666666666666,395.56,0.0,91,0.4073252380952381,0.33,0.016059999999999998,0.05225
2023-10-03 14:00:00,0.2775,444.59,0.0,91,0.5192733333333334,0.33,0.03889,0.05225
2023-10-03 15:00:00,0.3296666666666666,457.67,0.0,91,0.13898,0.33,0.06404,0.05225
2023-10-03 16:00:00,0.3105,469.97,0.0,91,0.1652161904761904,0.33,0.095,0.05225
2023-10-03 17:00:00,0.286,471.88,0.0,91,0.0966195238095238,0.33,0.16953000000000001,0.05225
2023-10-03 18:00:00,0.2801666666666667,465.17,0.0,91,0.006385238095238,0.33,0.16063,0.05225
2023-10-03 19:00:00,0.2863333333333333,475.57,0.0,91,0.0,0.33,0.10437,0.05225
2023-10-03 20:00:00,0.287,474.71,0.0,91,0.0,0.33,0.07493999999999999,0.05225
2023-10-03 21:00:00,0.2809999999999999,478.5,0.0,91,0.0,0.33,0.08,0.05225
2023-10-03 22:00:00,0.2871666666666667,479.95,0.0,91,0.0,0.33,0.038770000000000006,0.05225
2023-10-03 23:00:00,0.2843333333333333,485.8,0.0,91,0.0,0.33,0.03197,0.05225
2023-10-04 00:00:00,0.2833333333333334,468.97,0.0,91,0.0,0.33,0.01671,0.05225
2023-10-04 01:00:00,0.2868333333333333,467.5,0.0,91,0.0,0.33,0.01277,0.05225
2023-10-04 02:00:00,0.28,480.55,0.0,91,0.0,0.33,0.010230000000000001,0.05225
2023-10-04 03:00:00,0.287,508.96,0.0,91,0.0,0.33,0.01648,0.05225
2023-10-04 04:00:00,0.2855,514.95,0.0,91,0.0,0.33,0.05089,0.05225
2023-10-04 05:00:00,0.2816666666666667,531.15,0.0,91,0.0,0.33,0.1,0.05225
2023-10-04 06:00:00,0.286,521.35,0.0,91,0.0,0.33,0.12625,0.05225
2023-10-04 07:00:00,0.2791666666666667,492.63,0.0,91,0.0199671428571428,0.33,0.12827000000000002,0.05225
2023-10-04 08:00:00,0.2841666666666667,477.95,0.0,91,0.085981598062954,0.33,0.10781,0.05225
2023-10-04 09:00:00,0.3228333333333333,452.91,0.0,91,0.1858014285714286,0.33,0.07851999999999999,0.05225
2023-10-04 10:00:00,1.0561666666666667,420.37,0.0,91,0.1976242857142857,0.33,0.06896,0.05225
2023-10-04 11:00:00,3.3565,416.69,0.0,91,0.1438361904761904,0.33,0.04321,0.05225
2023-10-04 12:00:00,3.9505,416.52,0.0,91,0.1099833333333333,0.33,0.046810000000000004,0.05225
2023-10-04 13:00:00,0.2851666666666667,450.2,0.0,91,0.1487228571428571,0.33,0.04356,0.05225
2023-10-04 14:00:00,0.2865,491.7,0.0,91,0.1040885714285714,0.33,0.07083,0.05225
2023-10-04 15:00:00,0.4728333333333332,521.51,0.0,91,0.0854185714285714,0.33,0.09039,0.05225
2023-10-04 16:00:00,0.2848333333333333,520.35,0.0,91,0.0807590476190476,0.33,0.10854000000000001,0.05225
2023-10-04 17:00:00,1.6126666666666667,527.27,0.0,91,0.0098204761904761,0.33,0.13198,0.05225
2023-10-04 18:00:00,0.6993333333333333,532.48,0.0,91,0.0040171428571428,0.33,0.14737999999999998,0.05225
2023-10-04 19:00:00,0.0573333333333333,535.91,0.0,91,0.0,0.33,0.12368000000000001,0.05225
2023-10-04 20:00:00,0.052,533.44,0.0,91,0.0,0.33,0.09223999999999999,0.05225
2023-10-04 21:00:00,0.0583333333333333,550.55,0.0,91,0.0,0.33,0.08559,0.05225
2023-10-04 22:00:00,0.0525,558.5,0.0,91,0.0,0.33,0.07833,0.05225
2023-10-04 23:00:00,0.0576666666666666,562.75,0.0,91,0.0,0.33,0.0845,0.05225
2023-10-05 00:00:00,0.0523333333333333,551.47,0.0,91,0.0,0.33,0.07929,0.05225
2023-10-05 01:00:00,0.0515,558.05,0.0,91,0.0,0.33,0.07327,0.05225
2023-10-05 02:00:00,0.0568333333333333,557.89,0.0,91,0.0,0.33,0.06901,0.05225
2023-10-05 03:00:00,0.0515,572.99,0.0,91,0.0,0.33,0.0731,0.05225
2023-10-05 04:00:00,0.0551666666666666,566.33,0.0,91,0.0,0.33,0.08478,0.05225
2023-10-05 05:00:00,0.0525,572.4,0.0,91,0.0,0.33,0.10556,0.05225
2023-10-05 06:00:00,0.0511666666666666,578.18,0.0,91,0.0,0.33,0.11822,0.05225
2023-10-05 07:00:00,0.0553333333333333,554.33,0.0,91,0.0027738095238095,0.33,0.12,0.05225
2023-10-05 08:00:00,0.0576666666666666,541.16,0.0,91,0.01963,0.33,0.10711,0.05225
2023-10-05 09:00:00,0.0508333333333333,516.98,0.0,91,0.2406999999999999,0.33,0.08733,0.05225
2023-10-05 10:00:00,0.0574999999999999,507.87,0.0,91,0.2833833333333333,0.33,0.07954,0.05225
2023-10-05 11:00:00,0.0571666666666666,520.38,0.0,91,0.3199052380952381,0.33,0.07878,0.05225
2023-10-05 12:00:00,0.0515,555.58,0.0,91,0.2207409523809524,0.33,0.0767,0.05225
2023-10-05 13:00:00,0.0568333333333333,582.59,0.0,91,0.2302004761904761,0.33,0.08003,0.05225
2023-10-05 14:00:00,0.0571666666666666,601.03,0.0,91,0.3665790476190476,0.33,0.08537,0.05225
2023-10-05 15:00:00,0.054,609.89,0.0,91,0.16417,0.33,0.09926,0.05225
2023-10-05 16:00:00,0.0563333333333333,614.97,0.0,91,0.2169857142857142,0.33,0.11833,0.05225
2023-10-05 17:00:00,0.0586666666666666,616.84,0.0,91,0.0855661904761904,0.33,0.17664,0.05225
2023-10-05 18:00:00,0.0578333333333333,614.46,0.0,91,0.003727619047619,0.33,0.25028,0.05225
2023-10-05 19:00:00,0.0583333333333333,617.74,0.0,91,0.0,0.33,0.1394,0.05225
2023-10-05 20:00:00,0.0591666666666666,629.51,0.0,91,0.0,0.33,0.10993,0.05225
2023-10-05 21:00:00,0.0574999999999999,634.0,0.0,91,0.0,0.33,0.10098,0.05225
2023-10-05 22:00:00,0.0571666666666666,619.78,0.0,91,0.0,0.33,0.09458,0.05225
2023-10-05 23:00:00,0.0583333333333333,610.53,0.0,91,0.0,0.33,0.08739,0.05225
2023-10-06 00:00:00,0.0601666666666666,607.38,0.0,91,0.0,0.33,0.08486,0.05225
2023-10-06 01:00:00,0.0598333333333333,604.83,0.0,91,0.0,0.33,0.07984000000000001,0.05225
2023-10-06 02:00:00,0.0595,603.81,0.0,91,0.0,0.33,0.07506,0.05225
2023-10-06 03:00:00,0.0598333333333333,602.76,0.0,91,0.0,0.33,0.08134000000000001,0.05225
2023-10-06 04:00:00,0.0596666666666666,604.46,0.0,91,0.0,0.33,0.08571,0.05225
2023-10-06 05:00:00,0.0593333333333333,593.92,0.0,91,0.0,0.33,0.11453,0.05225
2023-10-06 06:00:00,0.0595,581.16,0.0,91,0.0,0.33,0.14488,0.05225
2023-10-06 07:00:00,0.0579999999999999,547.72,0.0,91,0.006975238095238,0.33,0.12153,0.05225
2023-10-06 08:00:00,0.0548333333333333,502.34,0.0,91,0.0203433333333333,0.33,0.10439,0.05225
2023-10-06 09:00:00,0.2481666666666666,473.4,0.0,91,0.0407485714285714,0.33,0.08572,0.05225
2023-10-06 10:00:00,1.5768333333333333,454.38,0.0,91,0.1456657142857143,0.33,0.07006,0.05225
2023-10-06 11:00:00,0.1281666666666666,462.63,0.0,91,0.2907171428571428,0.33,0.04571,0.05225
2023-10-06 12:00:00,0.0538333333333333,481.62,0.0,91,0.22521,0.33,0.041659999999999996,0.05225
2023-10-06 13:00:00,0.0538333333333333,506.86,0.0,91,0.1404599999999999,0.33,0.046450000000000005,0.05225
2023-10-06 14:00:00,0.0578333333333333,534.13,0.0,91,0.1442966666666666,0.33,0.07356,0.05225
2023-10-06 15:00:00,0.0556666666666666,564.92,0.0,91,0.1266085714285714,0.33,0.09253,0.05225
2023-10-06 16:00:00,0.0538333333333333,567.86,0.0,91,0.08221,0.33,0.10394,0.05225
2023-10-06 17:00:00,0.0581666666666666,565.53,0.0,91,0.02247,0.33,0.11438,0.05225
2023-10-06 18:00:00,0.0585,561.21,0.0,91,0.000997619047619,0.33,0.13261,0.05225
2023-10-06 19:00:00,0.0598333333333333,569.3,0.0,91,0.0,0.33,0.10511,0.05225
2023-10-06 20:00:00,0.0571666666666666,560.06,0.0,91,0.0,0.33,0.0867,0.05225
2023-10-06 21:00:00,0.0576666666666666,534.24,0.0,91,0.0,0.33,0.07293999999999999,0.05225
2023-10-06 22:00:00,0.0611666666666666,530.61,0.0,91,0.0,0.33,0.0365,0.05225
2023-10-06 23:00:00,0.0561666666666666,518.96,0.0,91,0.0,0.33,0.02837,0.05225
2023-10-07 00:00:00,0.0561666666666666,514.41,0.0,91,0.0,0.33,0.017839999999999998,0.05225
2023-10-07 01:00:00,0.0573333333333333,505.57,0.0,91,0.0,0.33,0.01328,0.05225
2023-10-07 02:00:00,0.0586666666666666,502.97,0.0,91,0.0,0.33,0.06467,0.05225
2023-10-07 03:00:00,0.055,512.18,0.0,91,0.0,0.33,0.022920000000000003,0.05225
2023-10-07 04:00:00,0.0548333333333333,521.29,0.0,91,0.0,0.33,0.02973,0.05225
2023-10-07 05:00:00,0.0546666666666666,528.75,0.0,91,0.0,0.33,0.06157,0.05225
2023-10-07 06:00:00,0.0548333333333333,523.43,0.0,91,0.0,0.33,0.05,0.05225
2023-10-07 07:00:00,0.0551666666666666,489.76,0.0,91,0.0092257142857142,0.33,0.07318999999999999,0.05225
2023-10-07 08:00:00,0.0551666666666666,471.83,0.0,91,0.0748104761904761,0.33,0.07289,0.05225
2023-10-07 09:00:00,0.0551666666666666,444.54,0.0,91,0.1629347619047619,0.33,0.046880000000000005,0.05225
2023-10-07 10:00:00,0.0525,414.19,0.0,91,0.2757485714285714,0.33,0.01955,0.05225
2023-10-07 11:00:00,0.0545,398.28,0.0,91,0.2061866666666666,0.33,0.01033,0.05225
2023-10-07 12:00:00,0.0551666666666666,427.29,0.0,91,0.26998,0.33,0.00022,0.05225
2023-10-07 13:00:00,0.0563333333333333,494.37,0.0,91,0.2792419047619047,0.33,0.001,0.05225
2023-10-07 14:00:00,0.0561666666666666,521.28,0.0,91,0.2089290476190476,0.33,0.022010000000000002,0.05225
2023-10-07 15:00:00,6.116333333333333,540.92,0.0,91,0.1390604761904761,0.33,0.0628,0.05225
2023-10-07 16:00:00,6.191166666666667,537.7,0.0,91,0.0610033333333333,0.33,0.08644,0.05225
2023-10-07 17:00:00,0.0699999999999999,538.65,0.0,91,0.033207619047619,0.33,0.10228,0.05225
2023-10-07 18:00:00,0.0611666666666666,549.89,0.0,91,0.0016414285714285,0.33,0.10890999999999999,0.05225
2023-10-07 19:00:00,0.0608333333333333,528.84,0.0,91,0.0,0.33,0.1,0.05225
2023-10-07 20:00:00,0.0608333333333333,515.65,0.0,91,0.0,0.33,0.08399,0.05225
2023-10-07 21:00:00,0.0628333333333333,515.47,0.0,91,0.0,0.33,0.07619,0.05225
2023-10-07 22:00:00,0.0633333333333333,488.75,0.0,91,0.0,0.33,0.072,0.05225
2023-10-07 23:00:00,0.0635,481.17,0.0,91,0.0,0.33,0.07337,0.05225
2023-10-08 00:00:00,0.0626666666666666,487.2,0.0,91,0.0,0.33,0.07129,0.05225
2023-10-08 01:00:00,0.0618333333333333,496.86,0.0,91,0.0,0.33,0.07079,0.05225
2023-10-08 02:00:00,0.0618333333333333,502.84,0.0,91,0.0,0.33,0.07086,0.05225
2023-10-08 03:00:00,0.0615,507.27,0.0,91,0.0,0.33,0.07181,0.05225
2023-10-08 04:00:00,0.0611666666666666,514.49,0.0,91,0.0,0.33,0.07709,0.05225
2023-10-08 05:00:00,0.0613333333333333,505.05,0.0,91,0.0,0.33,0.08351,0.05225
2023-10-08 06:00:00,0.0611666666666666,498.58,0.0,91,0.0,0.33,0.09953000000000001,0.05225
2023-10-08 07:00:00,0.0616666666666666,505.66,0.0,91,0.0031495238095238,0.33,0.09534999999999999,0.05225
2023-10-08 08:00:00,0.0615,500.35,0.0,91,0.0288366666666666,0.33,0.09222,0.05225
2023-10-08 09:00:00,0.0616666666666666,485.54,0.0,91,0.0632152380952381,0.33,0.08020999999999999,0.05225
2023-10-08 10:00:00,0.0786666666666666,468.65,0.0,91,0.1629923809523809,0.33,0.07102,0.05225
2023-10-08 11:00:00,5.828333333333333,455.44,0.0,91,0.2100814285714285,0.33,0.06225,0.05225
2023-10-08 12:00:00,4.0035,468.4,0.0,91,0.1599704761904762,0.33,0.05214,0.05225
2023-10-08 13:00:00,0.1591666666666666,488.51,0.0,91,0.1643906593406593,0.33,0.0526,0.05225
2023-10-08 14:00:00,1.7625,514.65,0.0,91,0.0690916256157635,0.33,0.07076,0.05225
2023-10-08 15:00:00,0.0623333333333333,531.67,0.0,91,0.0659523809523809,0.33,0.08743000000000001,0.05225
2023-10-08 16:00:00,0.0611666666666666,501.92,0.0,91,0.0724623809523809,0.33,0.11267,0.05225
2023-10-08 17:00:00,0.0611666666666666,510.48,0.0,91,0.0166080952380952,0.33,0.13532,0.05225
2023-10-08 18:00:00,0.0605,528.04,0.0,91,0.0021147619047619,0.33,0.16207,0.05225
2023-10-08 19:00:00,0.0586666666666666,543.01,0.0,91,0.0,0.33,0.13185,0.05225
2023-10-08 20:00:00,0.06,561.08,0.0,91,0.0,0.33,0.1102,0.05225
2023-10-08 21:00:00,0.0588333333333333,557.05,0.0,91,0.0,0.33,0.10442,0.05225
2023-10-08 22:00:00,0.0613333333333333,567.54,0.0,91,0.0,0.33,0.09634000000000001,0.05225
2023-10-08 23:00:00,0.0615,572.08,0.0,91,0.0,0.33,0.09111,0.05225
2023-10-09 00:00:00,0.0616666666666666,581.02,0.0,91,0.0,0.33,0.08745,0.05225
2023-10-09 01:00:00,0.061,589.43,0.0,91,0.0,0.33,0.08244,0.05225
2023-10-09 02:00:00,0.0606666666666666,591.8,0.0,91,0.0,0.33,0.07740000000000001,0.05225
2023-10-09 03:00:00,0.0596666666666666,564.96,0.0,91,0.0,0.33,0.075,0.05225
2023-10-09 04:00:00,0.0596666666666666,559.46,0.0,91,0.0,0.33,0.07905,0.05225
2023-10-09 05:00:00,0.0588333333333333,557.06,0.0,91,0.0,0.33,0.10740999999999999,0.05225
2023-10-09 06:00:00,0.0573333333333333,549.69,0.0,91,0.0,0.33,0.12469,0.05225
2023-10-09 07:00:00,0.0538333333333333,543.58,0.0,91,0.0008080952380952,0.33,0.1354,0.05225
2023-10-09 08:00:00,0.0583333333333333,543.94,0.0,91,0.0139019047619047,0.33,0.12602,0.05225
2023-10-09 09:00:00,0.0579999999999999,536.48,0.0,91,0.0810171428571428,0.33,0.11294,0.05225
2023-10-09 10:00:00,0.0583333333333333,538.13,0.0,91,0.1651671428571428,0.33,0.10546,0.05225
2023-10-09 11:00:00,0.0581666666666666,536.63,0.0,91,0.1763133333333333,0.33,0.10161,0.05225
2023-10-09 12:00:00,7.199666666666666,549.85,0.0,91,0.2335628571428571,0.33,0.10311,0.05225
2023-10-09 13:00:00,0.2505,559.37,0.0,91,0.1580561904761904,0.33,0.10831,0.05225
2023-10-09 14:00:00,0.0584999999999999,567.96,0.0,91,0.1539485714285714,0.33,0.11531999999999999,0.05225
2023-10-09 15:00:00,0.0548333333333333,563.02,0.0,91,0.050517619047619,0.33,0.12254000000000001,0.05225
2023-10-09 16:00:00,4.848166666666667,561.94,0.0,91,0.05131,0.33,0.13921,0.05225
2023-10-09 17:00:00,3.7035,563.69,0.0,91,0.0300104761904761,0.33,0.18949000000000002,0.05225
2023-10-09 18:00:00,4.9383333333333335,557.72,0.0,91,0.0023538095238095,0.33,0.22169999999999998,0.05225
2023-10-09 19:00:00,2.5113333333333334,567.44,0.0,91,0.0,0.33,0.1845,0.05225
2023-10-09 20:00:00,0.0601666666666666,582.96,0.0,91,0.0,0.33,0.13554,0.05225
2023-10-09 21:00:00,0.0608333333333333,595.58,0.0,91,0.0,0.33,0.12,0.05225
2023-10-09 22:00:00,0.0613333333333333,589.6,0.0,91,0.0,0.33,0.11270000000000001,0.05225
2023-10-09 23:00:00,0.0561666666666666,583.53,0.0,91,0.0,0.33,0.104,0.05225
2023-10-10 00:00:00,0.06,583.31,0.0,91,0.0,0.33,0.1006,0.05225
2023-10-10 01:00:00,0.0535,585.99,0.0,91,0.0,0.33,0.0999,0.05225
2023-10-10 02:00:00,0.0584999999999999,576.69,0.0,91,0.0,0.33,0.09952,0.05225
2023-10-10 03:00:00,0.053,585.34,0.0,91,0.0,0.33,0.09758,0.05225
2023-10-10 04:00:00,0.0526666666666666,583.94,0.0,91,0.0,0.33,0.11241,0.05225
2023-10-10 05:00:00,0.0523333333333333,581.3,0.0,91,0.0,0.33,0.13432,0.05225
2023-10-10 06:00:00,0.0556666666666666,570.55,0.0,91,0.0,0.33,0.1958,0.05225
2023-10-10 07:00:00,0.0495,558.62,0.0,91,0.0060419047619047,0.33,0.19316,0.05225
2023-10-10 08:00:00,0.0498333333333333,547.16,0.0,91,0.0451580952380952,0.33,0.1362,0.05225
2023-10-10 09:00:00,0.0506666666666666,525.11,0.0,91,0.1512099999999999,0.33,0.11709,0.05225
2023-10-10 10:00:00,0.0564999999999999,517.7,0.0,91,0.1705447619047619,0.33,0.1077,0.05225
2023-10-10 11:00:00,0.0523333333333333,512.38,0.0,91,0.1277757142857142,0.33,0.09996,0.05225
2023-10-10 12:00:00,0.053,517.59,0.0,91,0.0953871428571428,0.33,0.09673999999999999,0.05225
2023-10-10 13:00:00,8.900166666666667,531.5,0.0,91,0.09527,0.33,0.1025,0.05225
2023-10-10 14:00:00,3.8501666666666665,536.99,0.0,91,0.044657619047619,0.33,0.11184999999999999,0.05225
2023-10-10 15:00:00,5.732333333333333,553.03,0.0,91,0.049505238095238,0.33,0.12278,0.05225
2023-10-10 16:00:00,1.2498333333333334,572.35,0.0,91,0.0800771428571428,0.33,0.14558000000000001,0.05225
2023-10-10 17:00:00,0.1575,580.76,0.0,91,0.0175223809523809,0.33,0.14719,0.05225
2023-10-10 18:00:00,0.1516666666666666,579.25,0.0,91,0.0004590476190476,0.33,0.145,0.05225
2023-10-10 19:00:00,6.346333333333334,573.18,0.0,91,0.0,0.33,0.12369,0.05225
2023-10-10 20:00:00,0.0768333333333333,567.11,0.0,91,0.0,0.33,0.10368000000000001,0.05225
2023-10-10 21:00:00,0.054,559.63,0.0,91,0.0,0.33,0.10033,0.05225
2023-10-10 22:00:00,0.0536666666666666,510.47,0.0,91,0.0,0.33,0.08215,0.05225
2023-10-10 23:00:00,0.0533333333333333,488.4,0.0,91,0.0,0.33,0.07743000000000001,0.05225
2023-10-11 00:00:00,0.0583333333333333,485.08,0.0,91,0.0,0.33,0.055119999999999995,0.05225
2023-10-11 01:00:00,0.0526666666666666,483.94,0.0,91,0.0,0.33,0.046590000000000006,0.05225
2023-10-11 02:00:00,0.0523333333333333,479.77,0.0,91,0.0,0.33,0.045090000000000005,0.05225
2023-10-11 03:00:00,0.0523333333333333,477.35,0.0,91,0.0,0.33,0.04907,0.05225
2023-10-11 04:00:00,0.0525,486.7,0.0,91,0.0,0.33,0.06215,0.05225
2023-10-11 05:00:00,0.051,494.89,0.0,91,0.0,0.33,0.11056,0.05225
2023-10-11 06:00:00,0.0513333333333333,486.95,0.0,91,0.0,0.33,0.1374,0.05225
2023-10-11 07:00:00,0.0543333333333333,450.8,0.0,91,0.00323,0.33,0.13278,0.05225
2023-10-11 08:00:00,0.05,430.88,0.0,91,0.0388723809523809,0.33,0.10676999999999999,0.05225
2023-10-11 09:00:00,0.0405,400.15,0.0,91,0.0726742857142857,0.33,0.07207,0.05225
2023-10-11 10:00:00,0.034,380.03,0.0,91,0.1212442857142857,0.33,0.04884,0.05225
2023-10-11 11:00:00,0.034,382.03,0.0,91,0.2021657142857142,0.33,0.04396,0.05225
2023-10-11 12:00:00,0.035,398.68,0.0,91,0.1954357142857142,0.33,0.04051,0.05225
2023-10-11 13:00:00,0.0403333333333333,422.18,0.0,91,0.1308366666666666,0.33,0.04832,0.05225
2023-10-11 14:00:00,0.0346666666666666,460.02,0.0,91,0.1621242857142857,0.33,0.04704,0.05225
2023-10-11 15:00:00,0.0343333333333333,511.37,0.0,91,0.0891671428571428,0.33,0.08,0.05225
2023-10-11 16:00:00,0.0448333333333333,510.91,0.0,91,0.0655028571428571,0.33,0.11879,0.05225
2023-10-11 17:00:00,5.844,522.2,0.0,91,0.0271838095238095,0.33,0.13721,0.05225
2023-10-11 18:00:00,3.658833333333333,520.1,0.0,91,0.0010380952380952,0.33,0.11738,0.05225
2023-10-11 19:00:00,3.595833333333333,524.08,0.0,91,0.0,0.33,0.125,0.05225
2023-10-11 20:00:00,5.795833333333333,506.72,0.0,91,0.0,0.33,0.10377,0.05225
2023-10-11 21:00:00,0.07,510.36,0.0,91,0.0,0.33,0.09961,0.05225
2023-10-11 22:00:00,0.0571666666666666,524.93,0.0,91,0.0,0.33,0.08977,0.05225
2023-10-11 23:00:00,0.0571666666666666,523.98,0.0,91,0.0,0.33,0.07831,0.05225
2023-10-12 00:00:00,0.0575,536.11,0.0,91,0.0,0.33,0.08976,0.05225
2023-10-12 01:00:00,0.0568333333333333,549.48,0.0,91,0.0,0.33,0.09272,0.05225
2023-10-12 02:00:00,0.0566666666666666,563.02,0.0,91,0.0,0.33,0.08853,0.05225
2023-10-12 03:00:00,0.0625,574.93,0.0,91,0.0,0.33,0.08904000000000001,0.05225
2023-10-12 04:00:00,0.0575,575.21,0.0,91,0.0,0.33,0.1026,0.05225
2023-10-12 05:00:00,0.0563333333333333,576.75,0.0,91,0.0,0.33,0.1265,0.05225
2023-10-12 06:00:00,0.0556666666666666,559.92,0.0,91,0.0,0.33,0.13284,0.05225
2023-10-12 07:00:00,0.0551666666666666,537.77,0.0,91,0.00169,0.33,0.14839,0.05225
2023-10-12 08:00:00,0.0601666666666666,517.82,0.0,91,0.0160438095238095,0.33,0.13852,0.05225
2023-10-12 09:00:00,0.0821666666666666,499.61,0.0,91,0.0405838095238095,0.33,0.12806,0.05225
2023-10-12 10:00:00,0.0383333333333333,501.93,0.0,91,0.0723290476190476,0.33,0.12193000000000001,0.05225
2023-10-12 11:00:00,0.2199999999999999,506.9,0.0,91,0.1821866666666667,0.33,0.111,0.05225
2023-10-12 12:00:00,0.0914999999999999,529.4,0.0,91,0.2287980952380952,0.33,0.10429000000000001,0.05225
2023-10-12 13:00:00,0.1978333333333333,552.13,0.0,91,0.1981619047619047,0.33,0.10837999999999999,0.05225
2023-10-12 14:00:00,0.0979999999999999,565.81,0.0,91,0.2097466666666666,0.33,0.12,0.05225
2023-10-12 15:00:00,0.2246666666666666,570.84,0.0,91,0.2338914285714285,0.33,0.12528,0.05225
2023-10-12 16:00:00,0.4976666666666666,576.0,0.0,91,0.0999566666666666,0.33,0.14683000000000002,0.05225
2023-10-12 17:00:00,5.381333333333333,576.35,0.0,91,0.0249895238095238,0.33,0.17027,0.05225
2023-10-12 18:00:00,1.847,580.68,0.0,91,0.0010514285714285,0.33,0.22097999999999998,0.05225
2023-10-12 19:00:00,6.722166666666666,574.63,0.0,91,0.0,0.33,0.14918,0.05225
2023-10-12 20:00:00,0.087,584.54,0.0,91,0.0,0.33,0.12936,0.05225
2023-10-12 21:00:00,0.0613333333333333,591.73,0.0,91,0.0,0.33,0.1235,0.05225
2023-10-12 22:00:00,0.061,596.68,0.0,91,0.0,0.33,0.10984000000000001,0.05225
2023-10-12 23:00:00,0.0608333333333333,611.13,0.0,91,0.0,0.33,0.12398999999999999,0.05225
2023-10-13 00:00:00,0.0433333333333333,606.96,0.0,91,0.0,0.33,0.115,0.05225
2023-10-13 01:00:00,0.0421666666666666,606.43,0.0,91,0.0,0.33,0.10714,0.05225
2023-10-13 02:00:00,0.0473333333333333,609.8,0.0,91,0.0,0.33,0.1014,0.05225
2023-10-13 03:00:00,0.042,599.36,0.0,91,0.0,0.33,0.10211,0.05225
2023-10-13 04:00:00,0.0416666666666666,586.34,0.0,91,0.0,0.33,0.11086,0.05225
2023-10-13 05:00:00,0.041,576.52,0.0,91,0.0,0.33,0.14255,0.05225
2023-10-13 06:00:00,0.0401666666666666,554.51,0.0,91,0.0,0.33,0.16309,0.05225
2023-10-13 07:00:00,0.0398333333333333,544.66,0.0,91,0.0020347619047619,0.33,0.14781,0.05225
2023-10-13 08:00:00,0.0778333333333333,528.93,0.0,91,0.0267523809523809,0.33,0.13205,0.05225
2023-10-13 09:00:00,0.3411666666666666,503.42,0.0,91,0.0919820823244552,0.33,0.099,0.05225
2023-10-13 10:00:00,0.52,461.64,0.0,91,0.2069166666666666,0.33,0.07202,0.05225
2023-10-13 11:00:00,0.3033333333333333,464.7,0.0,91,0.2484857142857142,0.33,0.06379,0.05225
2023-10-13 12:00:00,0.0421666666666666,454.91,0.0,91,0.3169361904761905,0.33,0.04935,0.05225
2023-10-13 13:00:00,0.0973333333333333,462.1,0.0,91,0.3405419047619047,0.33,0.056159999999999995,0.05225
2023-10-13 14:00:00,0.0304999999999999,486.67,0.0,91,0.3956923809523809,0.33,0.054090000000000006,0.05225
2023-10-13 15:00:00,0.0128333333333333,521.53,0.0,91,0.2977119047619048,0.33,0.07028,0.05225
2023-10-13 16:00:00,4.8635,536.12,0.0,91,0.2234242857142857,0.33,0.08847,0.05225
2023-10-13 17:00:00,2.0025,535.1,0.0,91,0.0543271428571428,0.33,0.11813,0.05225
2023-10-13 18:00:00,4.721,535.61,0.0,91,0.0026466666666666,0.33,0.1,0.05225
2023-10-13 19:00:00,0.0465,525.8,0.0,91,0.0,0.33,0.06985,0.05225
2023-10-13 20:00:00,0.0415,514.6,0.0,91,0.0,0.33,0.0615,0.05225
2023-10-13 21:00:00,0.0413333333333333,497.23,0.0,91,0.0,0.33,0.06168,0.05225
2023-10-13 22:00:00,0.041,477.81,0.0,91,0.0,0.33,0.0415,0.05225
2023-10-13 23:00:00,0.0458333333333333,454.27,0.0,91,0.0,0.33,0.03239,0.05225
2023-10-14 00:00:00,0.0568333333333333,451.0,0.0,91,0.0,0.33,0.03053,0.05225
2023-10-14 01:00:00,0.0566666666666666,455.82,0.0,91,0.0,0.33,0.02607,0.05225
2023-10-14 02:00:00,0.058,448.71,0.0,91,0.0,0.33,0.03425,0.05225
2023-10-14 03:00:00,0.0581666666666666,455.66,0.0,91,0.0,0.33,0.040229999999999995,0.05225
2023-10-14 04:00:00,0.0578333333333333,455.31,0.0,91,0.0,0.33,0.04015,0.05225
2023-10-14 05:00:00,0.0581666666666666,450.88,0.0,91,0.0,0.33,0.05257,0.05225
2023-10-14 06:00:00,0.0571666666666666,438.35,0.0,91,0.0,0.33,0.02068,0.05225
2023-10-14 07:00:00,0.0626666666666666,430.52,0.0,91,0.0067242857142857,0.33,0.01989,0.05225
2023-10-14 08:00:00,0.0573333333333333,415.35,0.0,91,0.0894957142857142,0.33,0.0206,0.05225
2023-10-14 09:00:00,0.0673333333333333,404.46,0.0,91,0.2272185714285714,0.33,0.03,0.05225
2023-10-14 10:00:00,2.1166666666666667,419.07,0.0,91,0.35886,0.33,0.022420000000000002,0.05225
2023-10-14 11:00:00,11.288333333333334,400.28,0.0,91,0.4717633333333334,0.33,0.02181,0.05225
2023-10-14 12:00:00,0.9108333333333332,428.08,0.0,91,0.3189257142857142,0.33,0.01073,0.05225
2023-10-14 13:00:00,7.585166666666666,451.34,0.0,91,0.278545238095238,0.33,0.024059999999999998,0.05225
2023-10-14 14:00:00,6.0365,476.37,0.0,91,0.3069190476190476,0.33,0.03655,0.05225
2023-10-14 15:00:00,0.0611666666666666,496.85,0.0,91,0.1437409523809523,0.33,0.046479999999999994,0.05225
2023-10-14 16:00:00,0.0608333333333333,513.07,0.0,91,0.0418771428571428,0.33,0.08369,0.05225
2023-10-14 17:00:00,0.1233333333333332,518.9,0.0,91,0.013697619047619,0.33,0.11234999999999999,0.05225
2023-10-14 18:00:00,4.614833333333333,525.52,0.0,91,0.0001104761904761,0.33,0.13831,0.05225
2023-10-14 19:00:00,9.377,521.71,0.0,91,0.0,0.33,0.10609,0.05225
2023-10-14 20:00:00,0.0753333333333333,522.05,0.0,91,0.0,0.33,0.09154000000000001,0.05225
2023-10-14 21:00:00,0.0653333333333333,523.81,0.0,91,0.0,0.33,0.07966,0.05225
2023-10-14 22:00:00,0.066,505.15,0.0,91,0.0,0.33,0.05241,0.05225
2023-10-14 23:00:00,0.1241666666666666,503.31,0.0,91,0.0,0.33,0.02164,0.05225
2023-10-15 00:00:00,3.592166666666667,478.44,0.0,91,0.0,0.33,0.01069,0.05225
2023-10-15 01:00:00,3.486,462.56,0.0,91,0.0,0.33,0.00745,0.05225
2023-10-15 02:00:00,4.5255,454.87,0.0,91,0.0,0.33,0.01069,0.05225
2023-10-15 03:00:00,12.154166666666669,468.44,0.0,91,0.0,0.33,0.0073,0.05225
2023-10-15 04:00:00,3.212666666666667,474.2,0.0,91,0.0,0.33,0.0088,0.05225
2023-10-15 05:00:00,0.0691666666666666,478.85,0.0,91,0.0,0.33,0.00766,0.05225
2023-10-15 06:00:00,0.0586666666666666,463.81,0.0,91,0.0,0.33,0.02944,0.05225
2023-10-15 07:00:00,0.0591666666666666,446.97,0.0,91,0.0025361904761904,0.33,0.0221,0.05225
2023-10-15 08:00:00,0.0605,424.84,0.0,91,0.0500933333333333,0.33,0.03681,0.05225
2023-10-15 09:00:00,0.0611666666666666,417.37,0.0,91,0.1840342857142856,0.33,0.039229999999999994,0.05225
2023-10-15 10:00:00,0.923,398.89,0.0,91,0.227197619047619,0.33,0.0461,0.05225
2023-10-15 11:00:00,5.399166666666667,387.96,0.0,91,0.1754009523809524,0.33,0.03108,0.05225
2023-10-15 12:00:00,0.1629999999999999,398.58,0.0,91,0.0846599999999999,0.33,0.00567,0.05225
2023-10-15 13:00:00,0.5895,420.86,0.0,91,0.2055280952380952,0.33,0.00433,0.05225
2023-10-15 14:00:00,4.100333333333333,490.81,0.0,91,0.2517771428571428,0.33,0.03519,0.05225
2023-10-15 15:00:00,3.325333333333333,533.2,0.0,91,0.0988652380952381,0.33,0.04858,0.05225
2023-10-15 16:00:00,7.807333333333333,553.61,0.0,91,0.0644198250728863,0.33,0.08842,0.05225
2023-10-15 17:00:00,9.254333333333332,560.08,0.0,91,0.0296057142857142,0.33,0.14163,0.05225
2023-10-15 18:00:00,0.0608333333333333,567.17,0.0,91,0.0009723809523809,0.33,0.13837,0.05225
2023-10-15 19:00:00,0.0964999999999999,567.35,0.0,91,0.0,0.33,0.13637,0.05225
2023-10-15 20:00:00,3.1216666666666666,577.05,0.0,91,0.0,0.33,0.12016,0.05225
2023-10-15 21:00:00,12.243666666666668,569.43,0.0,91,0.0,0.33,0.11491,0.05225
2023-10-15 22:00:00,1.5083333333333335,569.68,0.0,91,0.0,0.33,0.08973,0.05225
2023-10-15 23:00:00,2.2223333333333333,558.22,0.0,91,0.0,0.33,0.09848,0.05225
2023-10-16 00:00:00,0.2013333333333332,562.57,0.0,91,0.0,0.33,0.09179999999999999,0.05225
2023-10-16 01:00:00,1.6836666666666666,572.68,0.0,91,0.0,0.33,0.09148,0.05225
2023-10-16 02:00:00,9.685833333333331,579.93,0.0,91,0.0,0.33,0.09004000000000001,0.05225
2023-10-16 03:00:00,2.5801666666666665,599.25,0.0,91,0.0,0.33,0.09131,0.05225
2023-10-16 04:00:00,0.0598333333333333,607.75,0.0,91,0.0,0.33,0.09856999999999999,0.05225
2023-10-16 05:00:00,0.0586666666666666,612.13,0.0,91,0.0,0.33,0.13956,0.05225
2023-10-16 06:00:00,0.0566666666666666,588.26,0.0,91,0.0,0.33,0.15937,0.05225
2023-10-16 07:00:00,0.0553333333333333,555.14,0.0,91,0.0017819047619047,0.33,0.165,0.05225
2023-10-16 08:00:00,0.0556666666666666,529.87,0.0,91,0.0301509523809523,0.33,0.15330000000000002,0.05225
2023-10-16 09:00:00,0.0566666666666666,525.58,0.0,91,0.0814395238095238,0.33,0.12513,0.05225
2023-10-16 10:00:00,0.0483333333333333,515.98,0.0,91,0.1701528571428571,0.33,0.11649,0.05225
2023-10-16 11:00:00,0.0395,521.16,0.0,91,0.3015366666666666,0.33,0.11092,0.05225
2023-10-16 12:00:00,0.1043333333333333,539.53,0.0,91,0.1673914285714285,0.33,0.10466,0.05225
2023-10-16 13:00:00,2.189,559.28,0.0,91,0.063097619047619,0.33,0.10948999999999999,0.05225
2023-10-16 14:00:00,4.292666666666666,583.58,0.0,91,0.0760833333333333,0.33,0.11675,0.05225
2023-10-16 15:00:00,0.2883333333333333,608.73,0.0,91,0.0510047619047619,0.33,0.13896,0.05225
2023-10-16 16:00:00,0.2238333333333333,621.1,0.0,91,0.0444428571428571,0.33,0.17021,0.05225
2023-10-16 17:00:00,2.990833333333333,628.76,0.0,91,0.0129366666666666,0.33,0.20861000000000002,0.05225
2023-10-16 18:00:00,2.5581666666666667,620.14,0.0,91,0.00019,0.33,0.24,0.05225
2023-10-16 19:00:00,4.955333333333333,618.81,0.0,91,0.0,0.33,0.16341,0.05225
2023-10-16 20:00:00,10.979333333333336,624.45,0.0,91,0.0,0.33,0.14733000000000002,0.05225
2023-10-16 21:00:00,6.898833333333333,633.07,0.0,91,0.0,0.33,0.1352,0.05225
2023-10-16 22:00:00,12.156,635.18,0.0,91,0.0,0.33,0.11921999999999999,0.05225
2023-10-16 23:00:00,15.195333333333332,635.28,0.0,91,0.0,0.33,0.12758,0.05225
2023-10-17 00:00:00,8.746666666666668,632.56,0.0,91,0.0,0.33,0.11404,0.05225
2023-10-17 01:00:00,12.915333333333336,632.65,0.0,91,0.0,0.33,0.10837000000000001,0.05225
2023-10-17 02:00:00,15.245333333333331,636.01,0.0,91,0.0,0.33,0.10482999999999999,0.05225
2023-10-17 03:00:00,8.202,635.1,0.0,91,0.0,0.33,0.11154,0.05225
2023-10-17 04:00:00,10.415666666666668,620.88,0.0,91,0.0,0.33,0.12325,0.05225
2023-10-17 05:00:00,0.0668333333333333,622.62,0.0,91,0.0,0.33,0.15474000000000002,0.05225
2023-10-17 06:00:00,0.0571666666666666,606.33,0.0,91,0.0,0.33,0.17467,0.05225
2023-10-17 07:00:00,0.0506666666666666,583.48,0.0,91,0.00104,0.33,0.19105,0.05225
2023-10-17 08:00:00,0.0828333333333333,561.41,0.0,91,0.0275580952380952,0.33,0.15944,0.05225
2023-10-17 09:00:00,0.1301666666666666,546.93,0.0,91,0.0557838095238095,0.33,0.13488999999999998,0.05225
2023-10-17 10:00:00,0.1313333333333333,544.89,0.0,91,0.1459357142857142,0.33,0.11315,0.05225
2023-10-17 11:00:00,0.4703333333333333,559.94,0.0,91,0.2110509523809523,0.33,0.10890999999999999,0.05225
2023-10-17 12:00:00,0.863,581.67,0.0,91,0.1010652380952381,0.33,0.10532,0.05225
2023-10-17 13:00:00,3.006833333333333,598.43,0.0,91,0.0457285714285714,0.33,0.1125,0.05225
2023-10-17 14:00:00,2.568833333333333,606.29,0.0,91,0.2162795238095238,0.33,0.12428,0.05225
2023-10-17 15:00:00,4.429333333333333,614.04,0.0,91,0.1663219047619047,0.33,0.14086,0.05225
2023-10-17 16:00:00,2.689166666666667,619.81,0.0,91,0.0352771428571428,0.33,0.16323,0.05225
2023-10-17 17:00:00,0.0548333333333333,617.64,0.0,91,0.0107028571428571,0.33,0.17388,0.05225
2023-10-17 18:00:00,0.0546666666666666,615.0,0.0,91,0.0004009523809523,0.33,0.16424,0.05225
2023-10-17 19:00:00,0.0541666666666666,616.56,0.0,91,0.0,0.33,0.14334,0.05225
2023-10-17 20:00:00,0.0605,626.84,0.0,91,0.0,0.33,0.14133,0.05225
2023-10-17 21:00:00,0.056,630.22,0.0,91,0.0,0.33,0.12882,0.05225
2023-10-17 22:00:00,0.0556666666666666,631.2,0.0,91,0.0,0.33,0.10648,0.05225
2023-10-17 23:00:00,0.0555,634.51,0.0,91,0.0,0.33,0.09251999999999999,0.05225
2023-10-18 00:00:00,0.0555,638.42,0.0,91,0.0,0.33,0.09355,0.05225
2023-10-18 01:00:00,0.0546666666666666,640.51,0.0,91,0.0,0.33,0.09376000000000001,0.05225
2023-10-18 02:00:00,0.0551666666666666,638.38,0.0,91,0.0,0.33,0.0965,0.05225
2023-10-18 03:00:00,0.0603333333333333,637.02,0.0,91,0.0,0.33,0.10001,0.05225
2023-10-18 04:00:00,0.0546666666666666,627.91,0.0,91,0.0,0.33,0.10574,0.05225
2023-10-18 05:00:00,0.0543333333333333,618.0,0.0,91,0.0,0.33,0.1447,0.05225
2023-10-18 06:00:00,0.0536666666666666,587.37,0.0,91,0.0,0.33,0.17859,0.05225
2023-10-18 07:00:00,0.0533333333333333,564.06,0.0,91,0.0045404761904761,0.33,0.15753,0.05225
2023-10-18 08:00:00,0.0536666666666666,549.46,0.0,91,0.0849938095238095,0.33,0.125,0.05225
2023-10-18 09:00:00,0.0563333333333333,525.49,0.0,91,0.23495,0.33,0.089,0.05225
2023-10-18 10:00:00,0.0636666666666666,500.24,0.0,91,0.3255238095238095,0.33,0.07692,0.05225
2023-10-18 11:00:00,0.0928333333333333,498.82,0.0,91,0.2782804761904762,0.33,0.07009,0.05225
2023-10-18 12:00:00,0.0954999999999999,511.37,0.0,91,0.2283104761904762,0.33,0.064,0.05225
2023-10-18 13:00:00,0.0545,560.42,0.0,91,0.4988542857142857,0.33,0.07325,0.05225
2023-10-18 14:00:00,0.0545,587.2,0.0,91,0.4337461904761905,0.33,0.0965,0.05225
2023-10-18 15:00:00,0.0543333333333333,606.0,0.0,91,0.3483952380952381,0.33,0.12916,0.05225
2023-10-18 16:00:00,0.3906666666666666,590.43,0.0,91,0.1834061904761904,0.33,0.14214,0.05225
2023-10-18 17:00:00,3.1588333333333334,590.66,0.0,91,0.027155238095238,0.33,0.13612,0.05225
2023-10-18 18:00:00,13.533333333333331,602.67,0.0,91,0.0006719047619047,0.33,0.12649,0.05225
2023-10-18 19:00:00,9.6655,607.89,0.0,91,0.0,0.33,0.11774,0.05225
2023-10-18 20:00:00,13.203666666666669,605.34,0.0,91,0.0,0.33,0.10262,0.05225
2023-10-18 21:00:00,11.744833333333332,585.03,0.0,91,0.0,0.33,0.09390000000000001,0.05225
2023-10-18 22:00:00,13.832166666666666,566.81,0.0,91,0.0,0.33,0.06679,0.05225
2023-10-18 23:00:00,10.973,568.39,0.0,91,0.0,0.33,0.04754,0.05225
2023-10-19 00:00:00,9.911,566.15,0.0,91,0.0,0.33,0.03914,0.05225
2023-10-19 01:00:00,4.339666666666667,568.49,0.0,91,0.0,0.33,0.029769999999999998,0.05225
2023-10-19 02:00:00,12.3615,568.99,0.0,91,0.0,0.33,0.019350000000000003,0.05225
2023-10-19 03:00:00,0.0565,584.89,0.0,91,0.0,0.33,0.04157,0.05225
2023-10-19 04:00:00,0.0563333333333333,595.21,0.0,91,0.0,0.33,0.07226,0.05225
2023-10-19 05:00:00,0.0553333333333333,598.45,0.0,91,0.0,0.33,0.11112000000000001,0.05225
2023-10-19 06:00:00,0.0535,588.85,0.0,91,0.0,0.33,0.13688,0.05225
2023-10-19 07:00:00,0.0588333333333333,591.61,0.0,91,0.0086104761904761,0.33,0.13626,0.05225
2023-10-19 08:00:00,0.0538333333333333,596.11,0.0,91,0.0642704761904762,0.33,0.127,0.05225
2023-10-19 09:00:00,0.0563333333333333,595.72,0.0,91,0.1548795238095238,0.33,0.12247,0.05225
2023-10-19 10:00:00,2.5176666666666665,582.62,0.0,91,0.2814452380952381,0.33,0.12365999999999999,0.05225
2023-10-19 11:00:00,1.0931666666666666,584.77,0.0,91,0.3394309523809524,0.33,0.12444,0.05225
2023-10-19 12:00:00,0.0545,587.63,0.0,91,0.3946866666666667,0.33,0.11884,0.05225
2023-10-19 13:00:00,0.1741666666666667,595.06,0.0,91,0.3434109523809524,0.33,0.11874,0.05225
2023-10-19 14:00:00,1.749,598.18,0.0,91,0.2528814285714286,0.33,0.1242,0.05225
2023-10-19 15:00:00,0.0556666666666666,593.74,0.0,91,0.2240647619047618,0.33,0.13457,0.05225
2023-10-19 16:00:00,0.0548333333333333,598.09,0.0,91,0.1756785714285714,0.33,0.13508,0.05225
2023-10-19 17:00:00,0.0543333333333333,600.25,0.0,91,0.0260833333333333,0.33,0.14212,0.05225
2023-10-19 18:00:00,0.0545,604.74,0.0,91,0.0001257142857142,0.33,0.13992,0.05225
2023-10-19 19:00:00,0.0546666666666666,613.16,0.0,91,0.0,0.33,0.11683,0.05225
2023-10-19 20:00:00,0.0546666666666666,608.67,0.0,91,0.0,0.33,0.09545999999999999,0.05225
2023-10-19 21:00:00,0.0615,614.05,0.0,91,0.0,0.33,0.09712,0.05225
2023-10-19 22:00:00,0.0568333333333333,608.16,0.0,91,0.0,0.33,0.0836,0.05225
2023-10-19 23:00:00,0.0565,585.09,0.0,91,0.0,0.33,0.07861,0.05225
2023-10-20 00:00:00,0.0556666666666666,572.42,0.0,91,0.0,0.33,0.06616,0.05225
2023-10-20 01:00:00,0.0555,572.67,0.0,91,0.0,0.33,0.06338,0.05225
2023-10-20 02:00:00,0.0553333333333333,574.25,0.0,91,0.0,0.33,0.053840000000000006,0.05225
2023-10-20 03:00:00,0.056,575.6,0.0,91,0.0,0.33,0.04825,0.05225
2023-10-20 04:00:00,0.0605,586.53,0.0,91,0.0,0.33,0.06883,0.05225
2023-10-20 05:00:00,0.0548333333333333,580.59,0.0,91,0.0,0.33,0.10356,0.05225
2023-10-20 06:00:00,0.0536666666666666,587.86,0.0,91,0.0,0.33,0.1215,0.05225
2023-10-20 07:00:00,0.0535,606.78,0.0,91,0.0051228571428571,0.33,0.12403,0.05225
2023-10-20 08:00:00,0.0536666666666666,601.57,0.0,91,0.0946042857142857,0.33,0.12476000000000001,0.05225
2023-10-20 09:00:00,0.054,589.98,0.0,91,0.2009680952380952,0.33,0.12,0.05225
2023-10-20 10:00:00,0.2788333333333333,568.94,0.0,91,0.2978695238095238,0.33,0.11256999999999999,0.05225
2023-10-20 11:00:00,6.454166666666667,563.17,0.0,91,0.2285233333333333,0.33,0.10075,0.05225
2023-10-20 12:00:00,3.8235,566.93,0.0,91,0.3129666666666666,0.33,0.09456999999999999,0.05225
2023-10-20 13:00:00,0.7713333333333333,569.03,0.0,91,0.3741799999999999,0.33,0.09301000000000001,0.05225
2023-10-20 14:00:00,14.0445,578.37,0.0,91,0.4263061904761904,0.33,0.09536,0.05225
2023-10-20 15:00:00,7.714666666666666,577.4,0.0,91,0.2877985714285714,0.33,0.09952,0.05225
2023-10-20 16:00:00,12.3875,591.39,0.0,91,0.1270057142857142,0.33,0.11119,0.05225
2023-10-20 17:00:00,13.987166666666669,598.12,0.0,91,0.0154909523809523,0.33,0.12158,0.05225
2023-10-20 18:00:00,11.259333333333332,589.95,0.0,91,3.857142857142857e-05,0.33,0.12541,0.05225
2023-10-20 19:00:00,11.129833333333332,587.35,0.0,91,0.0,0.33,0.10485,0.05225
2023-10-20 20:00:00,11.5215,585.54,0.0,91,0.0,0.33,0.08441,0.05225
2023-10-20 21:00:00,0.0698333333333333,570.31,0.0,91,0.0,0.33,0.08009000000000001,0.05225
2023-10-20 22:00:00,0.0565,535.38,0.0,91,0.0,0.33,0.05675,0.05225
2023-10-20 23:00:00,0.0568333333333333,519.22,0.0,91,0.0,0.33,0.0531,0.05225
2023-10-21 00:00:00,0.056,516.26,0.0,91,0.0,0.33,0.037270000000000005,0.05225
2023-10-21 01:00:00,0.0553333333333333,509.89,0.0,91,0.0,0.33,0.039740000000000004,0.05225
2023-10-21 02:00:00,0.0591666666666666,516.79,0.0,91,0.0,0.33,0.03354,0.05225
2023-10-21 03:00:00,0.0576666666666666,527.13,0.0,91,0.0,0.33,0.0361,0.05225
2023-10-21 04:00:00,0.055,527.02,0.0,91,0.0,0.33,0.03435,0.05225
2023-10-21 05:00:00,0.0551666666666666,530.72,0.0,91,0.0,0.33,0.0432,0.05225
2023-10-21 06:00:00,0.055,519.13,0.0,91,0.0,0.33,0.06747,0.05225
2023-10-21 07:00:00,0.0551666666666666,500.51,0.0,91,0.0010242857142857,0.33,0.07482,0.05225
2023-10-21 08:00:00,0.0555,463.44,0.0,91,0.0450271428571428,0.33,0.05858,0.05225
2023-10-21 09:00:00,0.0556666666666666,441.75,0.0,91,0.1881414285714285,0.33,0.044829999999999995,0.05225
2023-10-21 10:00:00,0.0605,436.23,0.0,91,0.3554057142857142,0.33,0.031100000000000003,0.05225
2023-10-21 11:00:00,0.0553333333333333,403.99,0.0,91,0.4389261904761904,0.33,0.0208,0.05225
2023-10-21 12:00:00,0.0561666666666666,412.85,0.0,91,0.4178295238095237,0.33,0.01,0.05225
2023-10-21 13:00:00,0.0561666666666666,458.28,0.0,91,0.334762380952381,0.33,0.013210000000000001,0.05225
2023-10-21 14:00:00,0.0555,479.79,0.0,91,0.3084614285714285,0.33,0.0443,0.05225
2023-10-21 15:00:00,0.0558333333333333,497.25,0.0,91,0.1771223809523809,0.33,0.08536,0.05225
2023-10-21 16:00:00,0.056,514.13,0.0,91,0.0651114285714285,0.33,0.11134999999999999,0.05225
2023-10-21 17:00:00,0.0616666666666666,510.58,0.0,91,0.0113761904761904,0.33,0.1235,0.05225
2023-10-21 18:00:00,0.056,507.79,0.0,91,1.1904761904761903e-05,0.33,0.11195000000000001,0.05225
2023-10-21 19:00:00,0.0553333333333333,511.54,0.0,91,0.0,0.33,0.09663,0.05225
2023-10-21 20:00:00,0.056,509.52,0.0,91,0.0,0.33,0.07171,0.05225
2023-10-21 21:00:00,0.0566666666666666,523.16,0.0,91,0.0,0.33,0.06616,0.05225
2023-10-21 22:00:00,0.0573333333333333,522.53,0.0,91,0.0,0.33,0.04015,0.05225
2023-10-21 23:00:00,0.0578333333333333,523.61,0.0,91,0.0,0.33,0.05084,0.05225
2023-10-22 00:00:00,0.057,542.92,0.0,91,0.0,0.33,0.030359999999999998,0.05225
2023-10-22 01:00:00,0.0623333333333333,537.17,0.0,91,0.0,0.33,0.018609999999999998,0.05225
2023-10-22 02:00:00,0.0561666666666666,534.28,0.0,91,0.0,0.33,0.01563,0.05225
2023-10-22 03:00:00,0.0563333333333333,544.51,0.0,91,0.0,0.33,0.01835,0.05225
2023-10-22 04:00:00,0.0563333333333333,535.51,0.0,91,0.0,0.33,0.03432,0.05225
2023-10-22 05:00:00,0.0565,510.47,0.0,91,0.0,0.33,0.030260000000000002,0.05225
2023-10-22 06:00:00,0.0565,480.75,0.0,91,0.0,0.33,0.0582,0.05225
2023-10-22 07:00:00,0.056,442.01,0.0,91,0.0007357142857142,0.33,0.06303,0.05225
2023-10-22 08:00:00,0.0568333333333333,396.13,0.0,91,0.0217857142857142,0.33,0.0698,0.05225
2023-10-22 09:00:00,2.1866666666666665,369.44,0.0,91,0.0671185714285714,0.33,0.06028,0.05225
2023-10-22 10:00:00,14.331166666666666,361.66,0.0,91,0.0898904761904761,0.33,0.05436,0.05225
2023-10-22 11:00:00,11.958666666666666,370.95,0.0,91,0.1048742857142857,0.33,0.04499,0.05225
2023-10-22 12:00:00,10.327166666666669,366.44,0.0,91,0.1175528571428571,0.33,0.02919,0.05225
2023-10-22 13:00:00,14.088333333333331,401.36,0.0,91,0.1532509523809523,0.33,0.04125,0.05225
2023-10-22 14:00:00,13.220333333333334,450.07,0.0,91,0.1264861904761904,0.33,0.05743,0.05225
2023-10-22 15:00:00,7.461500000000001,546.21,0.0,91,0.0706857142857143,0.33,0.08070000000000001,0.05225
2023-10-22 16:00:00,15.5755,563.54,0.0,91,0.0532247619047619,0.33,0.12398999999999999,0.05225
2023-10-22 17:00:00,0.9176666666666669,578.29,0.0,91,0.02224,0.33,0.13577,0.05225
2023-10-22 18:00:00,0.0551666666666666,586.85,0.0,91,4.619047619047619e-05,0.33,0.13902,0.05225
2023-10-22 19:00:00,0.056,587.89,0.0,91,0.0,0.33,0.12605,0.05225
2023-10-22 20:00:00,0.0561666666666666,588.11,0.0,91,0.0,0.33,0.11247,0.05225
2023-10-22 21:00:00,0.0555,593.05,0.0,91,0.0,0.33,0.10218,0.05225
2023-10-22 22:00:00,0.0561666666666666,599.92,0.0,91,0.0,0.33,0.09666,0.05225
2023-10-22 23:00:00,0.0575,608.63,0.0,91,0.0,0.33,0.10006999999999999,0.05225
2023-10-23 00:00:00,0.0635,612.62,0.0,91,0.0,0.33,0.10019,0.05225
2023-10-23 01:00:00,0.0576666666666666,614.19,0.0,91,0.0,0.33,0.10128,0.05225
2023-10-23 02:00:00,0.0568333333333333,617.62,0.0,91,0.0,0.33,0.10005,0.05225
2023-10-23 03:00:00,0.0565,614.94,0.0,91,0.0,0.33,0.09859,0.05225
2023-10-23 04:00:00,0.0563333333333333,596.81,0.0,91,0.0,0.33,0.10506,0.05225
2023-10-23 05:00:00,0.056,593.68,0.0,91,0.0,0.33,0.14327,0.05225
2023-10-23 06:00:00,0.0558333333333333,558.06,0.0,91,0.0,0.33,0.17722,0.05225
2023-10-23 07:00:00,0.0555,508.04,0.0,91,0.001835238095238,0.33,0.19513,0.05225
2023-10-23 08:00:00,0.0579999999999999,483.89,0.0,91,0.0236423809523809,0.33,0.15152000000000002,0.05225
2023-10-23 09:00:00,0.0535,487.74,0.0,91,0.0668195238095238,0.33,0.12807,0.05225
2023-10-23 10:00:00,0.0538333333333333,477.28,0.0,91,0.1743109523809524,0.33,0.10903,0.05225
2023-10-23 11:00:00,0.0543333333333333,489.75,0.0,91,0.2369409523809524,0.33,0.10226,0.05225
2023-10-23 12:00:00,0.0551666666666666,510.69,0.0,91,0.0988490476190476,0.33,0.10321999999999999,0.05225
2023-10-23 13:00:00,0.0551666666666666,538.34,0.0,91,0.1815671428571428,0.33,0.107,0.05225
2023-10-23 14:00:00,0.0555,560.05,0.0,91,0.1453390476190476,0.33,0.12908,0.05225
2023-10-23 15:00:00,0.0603333333333333,569.63,0.0,91,0.0296385714285714,0.33,0.14143,0.05225
2023-10-23 16:00:00,0.0546666666666666,585.87,0.0,91,0.0098914285714285,0.33,0.16036,0.05225
2023-10-23 17:00:00,0.0543333333333333,578.68,0.0,91,0.0023419047619047,0.33,0.17338,0.05225
2023-10-23 18:00:00,0.054,570.09,0.0,91,0.0,0.33,0.16348,0.05225
2023-10-23 19:00:00,0.0545,575.31,0.0,91,0.0,0.33,0.14165,0.05225
2023-10-23 20:00:00,0.055,583.78,0.0,91,0.0,0.33,0.12245,0.05225
2023-10-23 21:00:00,0.0563333333333333,586.85,0.0,91,0.0,0.33,0.11456000000000001,0.05225
2023-10-23 22:00:00,0.0608333333333333,584.41,0.0,91,0.0,0.33,0.09276000000000001,0.05225
2023-10-23 23:00:00,0.0593333333333333,575.28,0.0,91,0.0,0.33,0.10133,0.05225
2023-10-24 00:00:00,0.0558333333333333,587.61,0.0,91,0.0,0.33,0.09720999999999999,0.05225
2023-10-24 01:00:00,0.0555,589.68,0.0,91,0.0,0.33,0.09454000000000001,0.05225
2023-10-24 02:00:00,0.0551666666666666,577.67,0.0,91,0.0,0.33,0.08946,0.05225
2023-10-24 03:00:00,0.0551666666666666,573.48,0.0,91,0.0,0.33,0.09356999999999999,0.05225
2023-10-24 04:00:00,0.0543333333333333,577.5,0.0,91,0.0,0.33,0.09762,0.05225
2023-10-24 05:00:00,0.054,578.45,0.0,91,0.0,0.33,0.11808,0.05225
2023-10-24 06:00:00,0.0591666666666666,566.99,0.0,91,0.0,0.33,0.14055,0.05225
2023-10-24 07:00:00,0.0538333333333333,555.17,0.0,91,3e-05,0.33,0.14189,0.05225
2023-10-24 08:00:00,0.0538333333333333,542.2,0.0,91,0.0195157142857142,0.33,0.13635,0.05225
2023-10-24 09:00:00,0.0545,542.61,0.0,91,0.0995342857142857,0.33,0.12837,0.05225
2023-10-24 10:00:00,0.0538333333333333,550.13,0.0,91,0.1378638095238095,0.33,0.125,0.05225
2023-10-24 11:00:00,0.0536666666666666,557.31,0.0,91,0.0901423809523809,0.33,0.11899,0.05225
2023-10-24 12:00:00,0.0596666666666666,571.64,0.0,91,0.0690285714285714,0.33,0.11254,0.05225
2023-10-24 13:00:00,0.1501666666666666,560.42,0.0,91,0.08181,0.33,0.11476,0.05225
2023-10-24 14:00:00,0.1558333333333333,558.71,0.0,91,0.0833742857142857,0.33,0.13484000000000002,0.05225
2023-10-24 15:00:00,0.0816666666666666,561.21,0.0,91,0.18646,0.33,0.13768,0.05225
2023-10-24 16:00:00,0.0548333333333333,563.25,0.0,91,0.0861990476190476,0.33,0.14271,0.05225
2023-10-24 17:00:00,0.0548333333333333,564.34,0.0,91,0.0121561904761904,0.33,0.1517,0.05225
2023-10-24 18:00:00,0.0584999999999999,557.84,0.0,91,6.19047619047619e-05,0.33,0.15381,0.05225
2023-10-24 19:00:00,0.0535,567.55,0.0,91,0.0,0.33,0.13344999999999999,0.05225
2023-10-24 20:00:00,0.0543333333333333,567.39,0.0,91,0.0,0.33,0.11931,0.05225
2023-10-24 21:00:00,0.0558333333333333,569.11,0.0,91,0.0,0.33,0.1141,0.05225
2023-10-24 22:00:00,0.0558333333333333,568.59,0.0,91,0.0,0.33,0.10278,0.05225
2023-10-24 23:00:00,0.056,583.99,0.0,91,0.0,0.33,0.09906999999999999,0.05225
2023-10-25 00:00:00,0.0548333333333333,577.35,0.0,91,0.0,0.33,0.09456,0.05225
2023-10-25 01:00:00,0.0561666666666666,549.93,0.0,91,0.0,0.33,0.08949,0.05225
2023-10-25 02:00:00,0.0571666666666666,556.69,0.0,91,0.0,0.33,0.08619,0.05225
2023-10-25 03:00:00,0.0546666666666666,582.28,0.0,91,0.0,0.33,0.08732,0.05225
2023-10-25 04:00:00,0.0548333333333333,572.21,0.0,91,0.0,0.33,0.09533,0.05225
2023-10-25 05:00:00,0.0538333333333333,558.35,0.0,91,0.0,0.33,0.12414,0.05225
2023-10-25 06:00:00,0.0543333333333333,548.5,0.0,91,0.0,0.33,0.15033000000000002,0.05225
2023-10-25 07:00:00,0.0541666666666666,522.77,0.0,91,0.0014271428571428,0.33,0.15287,0.05225
2023-10-25 08:00:00,0.0546666666666666,500.66,0.0,91,0.0196519047619047,0.33,0.14118,0.05225
2023-10-25 09:00:00,0.1719999999999999,489.61,0.0,91,0.088027619047619,0.33,0.12993000000000002,0.05225
2023-10-25 10:00:00,0.1498333333333333,483.22,0.0,91,0.1891147619047619,0.33,0.12491,0.05225
2023-10-25 11:00:00,0.1498333333333333,486.72,0.0,91,0.1797919047619047,0.33,0.11768,0.05225
2023-10-25 12:00:00,0.1501666666666666,488.57,0.0,91,0.1587504761904762,0.33,0.11556999999999999,0.05225
2023-10-25 13:00:00,0.151,499.43,0.0,91,0.1074504761904762,0.33,0.12344,0.05225
2023-10-25 14:00:00,0.236,522.02,0.0,91,0.0418780952380952,0.33,0.13854,0.05225
2023-10-25 15:00:00,3.345333333333334,544.22,0.0,91,0.0372338095238095,0.33,0.14527,0.05225
2023-10-25 16:00:00,2.643666666666667,546.89,0.0,91,0.0581438095238095,0.33,0.15188,0.05225
2023-10-25 17:00:00,0.678,547.18,0.0,91,0.0160447619047619,0.33,0.15518,0.05225
2023-10-25 18:00:00,0.6435000000000001,547.81,0.0,91,0.0,0.33,0.15875,0.05225
2023-10-25 19:00:00,0.6098333333333333,537.75,0.0,91,0.0,0.33,0.13946,0.05225
2023-10-25 20:00:00,0.2498333333333333,553.39,0.0,91,0.0,0.33,0.12642,0.05225
2023-10-25 21:00:00,0.2498333333333333,573.59,0.0,91,0.0,0.33,0.12006,0.05225
2023-10-25 22:00:00,0.2501666666666666,569.16,0.0,91,0.0,0.33,0.1128,0.05225
2023-10-25 23:00:00,0.2508333333333333,563.3,0.0,91,0.0,0.33,0.09,0.05225
2023-10-26 00:00:00,0.2508333333333333,564.41,0.0,91,0.0,0.33,0.09053,0.05225
2023-10-26 01:00:00,0.2511666666666667,560.11,0.0,91,0.0,0.33,0.08837,0.05225
2023-10-26 02:00:00,0.2503333333333333,554.99,0.0,91,0.0,0.33,0.08756,0.05225
2023-10-26 03:00:00,0.2494999999999999,555.45,0.0,91,0.0,0.33,0.09022,0.05225
2023-10-26 04:00:00,0.2493333333333333,551.4,0.0,91,0.0,0.33,0.1,0.05225
2023-10-26 05:00:00,0.2588333333333333,544.82,0.0,91,0.0,0.33,0.12254999999999999,0.05225
2023-10-26 06:00:00,0.248,526.68,0.0,91,0.0008957142857142,0.33,0.13817,0.05225
2023-10-26 07:00:00,0.2515,515.43,0.0,91,0.03881,0.33,0.14671,0.05225
2023-10-26 08:00:00,0.2515,500.62,0.0,91,0.0318595238095238,0.33,0.149,0.05225
2023-10-26 09:00:00,0.2518333333333333,484.19,0.0,91,0.1077128571428571,0.33,0.14637,0.05225
2023-10-26 10:00:00,0.3443333333333333,470.93,0.0,91,0.3590114285714285,0.33,0.14,0.05225
2023-10-26 11:00:00,0.4136666666666666,480.67,0.0,91,0.4217195238095238,0.33,0.13111,0.05225
2023-10-26 12:00:00,0.4368333333333332,488.82,0.383985,91,0.3233628571428571,0.33,0.12009,0.05225
2023-10-26 13:00:00,0.4371666666666665,506.06,0.48374,91,0.135197619047619,0.33,0.1196,0.05225
2023-10-26 14:00:00,0.4791666666666666,522.78,0.196705,91,0.0480147619047619,0.33,0.12212,0.05225
2023-10-26 15:00:00,11.4865,535.49,0.1879849999999999,91,0.013995238095238,0.33,0.13183,0.05225
2023-10-26 16:00:00,5.251,536.99,0.2474799999999999,91,0.0036428571428571,0.33,0.14261000000000001,0.05225
2023-10-26 17:00:00,3.921833333333333,540.68,0.195045,91,0.0,0.33,0.15156999999999998,0.05225
2023-10-26 18:00:00,8.014833333333334,547.78,0.03947,91,0.0,0.33,0.14941,0.05225
2023-10-26 19:00:00,3.8225,549.96,0.001055,91,0.0,0.33,0.13513,0.05225
2023-10-26 20:00:00,0.3739999999999999,564.36,0.0001849999999999,91,0.0,0.33,0.1207,0.05225
2023-10-26 21:00:00,12.834166666666668,576.22,0.0,91,0.0,0.33,0.11706,0.05225
2023-10-26 22:00:00,18.5255,583.69,0.0,91,0.0,0.33,0.10485,0.05225
2023-10-26 23:00:00,6.815833333333334,592.79,0.0,91,0.0,0.33,0.10456,0.05225
2023-10-27 00:00:00,0.0555,586.01,0.0,91,0.0,0.33,0.09715,0.05225
2023-10-27 01:00:00,0.0556666666666666,578.79,0.0,91,0.0,0.33,0.0938,0.05225
2023-10-27 02:00:00,0.0556666666666666,582.6,0.0,91,0.0,0.33,0.09262999999999999,0.05225
2023-10-27 03:00:00,0.0556666666666666,588.29,0.0,91,0.0,0.33,0.09505,0.05225
2023-10-27 04:00:00,0.061,585.58,0.0,91,0.0,0.33,0.10211,0.05225
2023-10-27 05:00:00,0.0553333333333333,586.98,0.0,91,0.0,0.33,0.12746,0.05225
2023-10-27 06:00:00,0.0548333333333333,577.25,0.382855,91,0.0007085714285714,0.33,0.14607,0.05225
2023-10-27 07:00:00,0.0533333333333333,573.7,0.713745,91,0.0134895238095238,0.33,0.15480000000000002,0.05225
2023-10-27 08:00:00,0.0528333333333333,572.22,0.5857849999999999,91,0.0197771428571428,0.33,0.1527,0.05225
2023-10-27 09:00:00,0.065,568.38,0.44683,91,0.0439695238095238,0.33,0.14381,0.05225
2023-10-27 10:00:00,4.0485,569.1,0.33835,91,0.0608380952380952,0.33,0.13565,0.05225
2023-10-27 11:00:00,7.737500000000001,560.7,0.2643049999999999,91,0.0557461904761904,0.33,0.12195,0.05225
2023-10-27 12:00:00,4.124333333333333,557.55,0.21527,91,0.1376528571428571,0.33,0.11448,0.05225
2023-10-27 13:00:00,7.585,573.43,0.105045,91,0.16408,0.33,0.10856,0.05225
2023-10-27 14:00:00,5.851500000000001,574.78,0.0082849999999999,91,0.0825261904761904,0.33,0.11495,0.05225
2023-10-27 15:00:00,3.729,577.59,0.09257,91,0.121727619047619,0.33,0.12988,0.05225
2023-10-27 16:00:00,5.792833333333333,574.16,0.15446,91,0.0093561904761904,0.33,0.13401,0.05225
2023-10-27 17:00:00,4.997833333333333,576.18,0.064625,91,0.0,0.33,0.14376,0.05225
2023-10-27 18:00:00,4.268,581.25,0.002645,91,0.0,0.33,0.14363,0.05225
2023-10-27 19:00:00,0.0713333333333333,580.69,0.00053,91,0.0,0.33,0.1254,0.05225
2023-10-27 20:00:00,0.0556666666666666,583.37,0.0,91,0.0,0.33,0.1027,0.05225
2023-10-27 21:00:00,0.056,577.84,0.0,91,0.0,0.33,0.09769,0.05225
2023-10-27 22:00:00,0.0563333333333333,549.12,0.0,91,0.0,0.33,0.0937,0.05225
2023-10-27 23:00:00,0.057,535.03,0.0,91,0.0,0.33,0.0846,0.05225
2023-10-28 00:00:00,0.0555,535.43,0.0,91,0.0,0.33,0.06861,0.05225
2023-10-28 01:00:00,0.0598333333333333,543.33,0.0,91,0.0,0.33,0.06459000000000001,0.05225
2023-10-28 02:00:00,0.0545,544.09,0.0,91,0.0,0.33,0.055,0.05225
2023-10-28 03:00:00,0.0545,541.53,0.0,91,0.0,0.33,0.05998,0.05225
2023-10-28 04:00:00,0.0543333333333333,528.51,0.0,91,0.0,0.33,0.06776,0.05225
2023-10-28 05:00:00,0.054,529.55,0.0,91,0.0,0.33,0.06619,0.05225
2023-10-28 06:00:00,0.0546666666666666,524.13,0.0,91,0.0018133333333333,0.33,0.09353,0.05225
2023-10-28 07:00:00,0.0548333333333333,513.27,0.0,91,0.0315833333333333,0.33,0.09843,0.05225
2023-10-28 08:00:00,0.06,492.19,0.0,91,0.0783761904761904,0.33,0.09756000000000001,0.05225
2023-10-28 09:00:00,0.0553333333333333,469.56,0.0,91,0.0777219047619047,0.33,0.08701,0.05225
2023-10-28 10:00:00,0.0551666666666666,445.18,0.0,91,0.1065014285714285,0.33,0.06975,0.05225
2023-10-28 11:00:00,0.0546666666666666,463.35,0.0,91,0.0501928571428571,0.33,0.068,0.05225
2023-10-28 12:00:00,0.055,494.7,0.0,91,0.0559128571428571,0.33,0.06556000000000001,0.05225
2023-10-28 13:00:00,0.0551666666666666,501.77,0.0,91,0.039525238095238,0.33,0.07074,0.05225
2023-10-28 14:00:00,0.0551666666666666,523.38,0.0,91,0.0357933333333333,0.33,0.08431,0.05225
2023-10-28 15:00:00,0.0606666666666666,538.19,0.0,91,0.0216061904761904,0.33,0.11004000000000001,0.05225
2023-10-28 16:00:00,0.0551666666666666,539.8,0.0,91,0.0075861904761904,0.33,0.13755,0.05225
2023-10-28 17:00:00,0.0558333333333333,541.85,0.0,91,0.0,0.33,0.14732,0.05225
2023-10-28 18:00:00,0.0555,526.09,0.0,91,0.0,0.33,0.12440999999999999,0.05225
2023-10-28 19:00:00,0.0561666666666666,514.64,0.0,91,0.0,0.33,0.1023,0.05225
2023-10-28 20:00:00,0.0561666666666666,540.38,0.0,91,0.0,0.33,0.09222,0.05225
2023-10-28 21:00:00,0.0555,563.47,0.0,91,0.0,0.33,0.0818,0.05225
2023-10-28 22:00:00,0.0616666666666666,527.42,0.0,91,0.0,0.33,0.05181,0.05225
2023-10-28 23:00:00,0.0565,507.41,0.0,91,0.0,0.33,0.03526,0.05225
2023-10-29 00:00:00,0.0568333333333333,449.03,0.0,91,0.0,0.33,0.02231,0.05225
2023-10-29 01:00:00,0.0561666666666666,423.9,0.0,91,0.0,0.33,0.007940000000000001,0.05225
2023-10-29 02:00:00,0.0560833333333333,423.14,0.0,91,0.0,0.33,0.007030000000000001,0.05225
2023-10-29 03:00:00,0.0558333333333333,430.18,0.0,91,0.0,0.33,0.00656,0.05225
2023-10-29 04:00:00,0.0613333333333333,431.16,0.0,91,0.0,0.33,0.006679999999999999,0.05225
2023-10-29 05:00:00,0.0555,458.45,0.0,91,0.0,0.33,0.00691,0.05225
2023-10-29 06:00:00,0.0555,425.57,0.0,91,0.0012057142857142,0.33,0.01941,0.05225
2023-10-29 07:00:00,0.0565,400.76,0.0,91,0.0420795238095238,0.33,0.01635,0.05225
2023-10-29 08:00:00,0.0568333333333333,376.88,0.0,91,0.1874747619047618,0.33,0.00775,0.05225
2023-10-29 09:00:00,0.057,369.54,0.0,91,0.1849238095238095,0.33,0.00747,0.05225
2023-10-29 10:00:00,0.057,363.07,0.0,91,0.2430738095238095,0.33,0.006889999999999999,0.05225
2023-10-29 11:00:00,0.0625,360.13,0.0,91,0.4140862155388471,0.33,0.0069299999999999995,0.05225
2023-10-29 12:00:00,0.0571666666666666,357.87,0.0,91,0.3562066666666666,0.33,0.0058200000000000005,0.05225
2023-10-29 13:00:00,0.057,415.16,0.0,91,0.3477942857142857,0.33,0.00745,0.05225
2023-10-29 14:00:00,0.0565,474.58,0.0,91,0.2311247619047619,0.33,0.01408,0.05225
2023-10-29 15:00:00,0.0563333333333333,497.45,0.0,91,0.1080185714285714,0.33,0.03622,0.05225
2023-10-29 16:00:00,0.0565,504.17,0.0,91,0.0090847619047619,0.33,0.07079,0.05225
2023-10-29 17:00:00,0.0561666666666666,485.27,0.0,91,0.0,0.33,0.07753,0.05225
2023-10-29 18:00:00,0.0611666666666666,480.1,0.0,91,0.0,0.33,0.07845999999999999,0.05225
2023-10-29 19:00:00,0.0561666666666666,481.2,0.0,91,0.0,0.33,0.07740000000000001,0.05225
2023-10-29 20:00:00,0.0571666666666666,478.02,0.0,91,0.0,0.33,0.06573999999999999,0.05225
2023-10-29 21:00:00,0.0581666666666666,490.81,0.0,91,0.0,0.33,0.05752,0.05225
2023-10-29 22:00:00,0.0568333333333333,497.51,0.0,91,0.0,0.33,0.05353,0.05225
2023-10-29 23:00:00,0.0566666666666666,450.82,0.0,91,0.0,0.33,0.04045,0.05225
2023-10-30 00:00:00,0.0565,447.63,0.0,91,0.0,0.33,0.008,0.05225
2023-10-30 01:00:00,0.0608333333333333,457.76,0.0,91,0.0,0.33,0.00848,0.05225
2023-10-30 02:00:00,0.0555,457.94,0.0,91,0.0,0.33,0.00836,0.05225
2023-10-30 03:00:00,0.0545,478.34,0.0,91,0.0,0.33,0.01002,0.05225
2023-10-30 04:00:00,0.0543333333333333,522.01,0.0,91,0.0,0.33,0.016280000000000003,0.05225
2023-10-30 05:00:00,0.0543333333333333,537.94,0.0,91,0.0,0.33,0.04753,0.05225
2023-10-30 06:00:00,0.0538333333333333,568.05,0.0,91,0.0,0.33,0.0945,0.05225
2023-10-30 07:00:00,0.053,579.26,0.0,91,0.0110999999999999,0.33,0.11103,0.05225
2023-10-30 08:00:00,0.0586666666666666,560.63,0.0,91,0.0165004761904761,0.33,0.111,0.05225
2023-10-30 09:00:00,0.0846666666666666,542.97,0.0,91,0.0755419047619047,0.33,0.103,0.05225
2023-10-30 10:00:00,0.1201666666666666,539.02,0.0,91,0.3111857142857143,0.33,0.09,0.05225
2023-10-30 11:00:00,0.1105,549.85,0.0,91,0.1441466666666666,0.33,0.09617,0.05225
2023-10-30 12:00:00,0.0291666666666666,575.45,0.0,91,0.3703971428571428,0.33,0.10254,0.05225
2023-10-30 13:00:00,0.024,587.47,0.0,91,0.3875490476190476,0.33,0.11462,0.05225
2023-10-30 14:00:00,0.0238333333333333,600.92,0.0,91,0.1925252380952381,0.33,0.12398,0.05225
2023-10-30 15:00:00,0.024,608.95,0.0,91,0.0726238095238095,0.33,0.13945,0.05225
2023-10-30 16:00:00,0.0241666666666666,607.54,0.0,91,0.007615238095238,0.33,0.14936000000000002,0.05225
2023-10-30 17:00:00,0.0293333333333333,597.03,0.0,91,0.0,0.33,0.16584000000000002,0.05225
2023-10-30 18:00:00,0.0238333333333333,597.79,0.0,91,0.0,0.33,0.171,0.05225
2023-10-30 19:00:00,0.0238333333333333,605.93,0.0,91,0.0,0.33,0.15097,0.05225
2023-10-30 20:00:00,0.024,608.62,0.0,91,0.0,0.33,0.12897999999999998,0.05225
2023-10-30 21:00:00,0.0241666666666666,600.46,0.0,91,0.0,0.33,0.1168,0.05225
2023-10-30 22:00:00,0.0243333333333333,595.3,0.0,91,0.0,0.33,0.11393,0.05225
2023-10-30 23:00:00,0.0233333333333333,605.45,0.0,91,0.0,0.33,0.09484000000000001,0.05225
2023-10-31 00:00:00,0.0223333333333333,603.1,0.0,91,0.0,0.33,0.08605,0.05225
2023-10-31 01:00:00,0.0295,599.99,0.0,91,0.0,0.33,0.0792,0.05225
2023-10-31 02:00:00,0.024,587.72,0.0,91,0.0,0.33,0.07196,0.05225
2023-10-31 03:00:00,0.0238333333333333,583.3,0.0,91,0.0,0.33,0.0648,0.05225
2023-10-31 04:00:00,0.024,596.92,0.0,91,0.0,0.33,0.06251,0.05225
2023-10-31 05:00:00,0.024,597.26,0.0,91,0.0,0.33,0.07078,0.05225
2023-10-31 06:00:00,0.0245,593.17,0.93146,91,0.0008995238095238,0.33,0.09135,0.05225
2023-10-31 07:00:00,0.0245,594.78,1.402945,91,0.0474147619047619,0.33,0.11087000000000001,0.05225
2023-10-31 08:00:00,0.0293333333333333,591.17,0.867515,91,0.15718,0.33,0.11119,0.05225
2023-10-31 09:00:00,0.0231666666666666,577.13,0.5973350000000001,91,0.2340838095238095,0.33,0.10263,0.05225
2023-10-31 10:00:00,0.0445,581.78,0.3865449999999999,91,0.2960238095238095,0.33,0.09475,0.05225
2023-10-31 11:00:00,0.0133333333333333,587.79,0.313525,91,0.3826361904761904,0.33,0.10346999999999999,0.05225
2023-10-31 12:00:00,0.0133333333333333,586.92,0.2446199999999999,91,0.4093804761904762,0.33,0.10169,0.05225
2023-10-31 13:00:00,0.0133333333333333,587.29,0.216885,91,0.3491204761904762,0.33,0.09966,0.05225
2023-10-31 14:00:00,0.0121666666666666,590.98,0.138335,91,0.2055433333333333,0.33,0.107,0.05225
2023-10-31 15:00:00,0.0096666666666666,599.91,0.1875,91,0.0745509523809523,0.33,0.11817,0.05225
2023-10-31 16:00:00,0.0015,599.32,0.20919,91,0.0113990476190476,0.33,0.13511,0.05225
2023-10-31 17:00:00,0.0001666666666666,596.54,0.060395,91,0.0,0.33,0.16181,0.05225
2023-10-31 18:00:00,0.0,594.23,0.0011599999999999,91,0.0,0.33,0.17204,0.05225
2023-10-31 19:00:00,0.0001666666666666,591.41,0.0002399999999999,91,0.0,0.33,0.15292,0.05225
2023-10-31 20:00:00,0.0,599.1,0.0,91,0.0,0.33,0.12588,0.05225
2023-10-31 21:00:00,0.0001666666666666,601.26,0.0,91,0.0,0.33,0.11592,0.05225
2023-10-31 22:00:00,0.0,602.35,0.0,91,0.0,0.33,0.10553,0.05225
2023-10-31 23:00:00,0.0001666666666666,561.87,0.0,91,0.0,0.33,0.09531999999999999,0.05225
2023-11-01 00:00:00,0.0,536.02,0.0,91,0.0,0.33,0.06523999999999999,0.06943
2023-11-01 01:00:00,0.0,542.6,0.0,91,0.0,0.33,0.06232,0.06943
2023-11-01 02:00:00,0.0,544.8,0.0,91,0.0,0.33,0.05754,0.06943
2023-11-01 03:00:00,0.0,555.04,0.0,91,0.0,0.33,0.05839,0.06943
2023-11-01 04:00:00,0.0,554.2,0.0,91,0.0,0.33,0.0565,0.06943
2023-11-01 05:00:00,0.0,554.34,0.0,91,0.0,0.33,0.06358,0.06943
2023-11-01 06:00:00,0.0,536.88,0.0,91,4e-05,0.33,0.07621,0.06943
2023-11-01 07:00:00,0.0,494.58,0.0,91,0.0380985714285714,0.33,0.08416,0.06943
2023-11-01 08:00:00,0.0,472.39,0.0,91,0.1736323809523809,0.33,0.08627,0.06943
2023-11-01 09:00:00,0.0,451.46,0.0,91,0.2639223809523809,0.33,0.06923,0.06943
2023-11-01 10:00:00,0.0,443.01,0.0,91,0.3295623809523809,0.33,0.0581,0.06943
2023-11-01 11:00:00,0.0,440.29,0.0,91,0.3619228571428571,0.33,0.05084,0.06943
2023-11-01 12:00:00,0.0,433.06,0.0,91,0.2879642857142857,0.33,0.04764,0.06943
2023-11-01 13:00:00,0.0,456.42,0.0,91,0.2913238095238095,0.33,0.05124,0.06943
2023-11-01 14:00:00,0.0,498.51,0.0,91,0.1179728571428571,0.33,0.061009999999999995,0.06943
2023-11-01 15:00:00,0.0,517.9,0.0,91,0.0539285714285714,0.33,0.07622,0.06943
2023-11-01 16:00:00,0.0,524.69,0.0,91,0.0053085714285714,0.33,0.07927,0.06943
2023-11-01 17:00:00,0.0,518.56,0.0,91,0.0,0.33,0.08317000000000001,0.06943
2023-11-01 18:00:00,0.0,518.72,0.0,91,0.0,0.33,0.07833,0.06943
2023-11-01 19:00:00,0.0,520.37,0.0,91,0.0,0.33,0.06722,0.06943
2023-11-01 20:00:00,0.0,526.63,0.0,91,0.0,0.33,0.053579999999999996,0.06943
2023-11-01 21:00:00,0.0,544.33,0.0,91,0.0,0.33,0.03661,0.06943
2023-11-01 22:00:00,0.0,545.17,0.0,91,0.0,0.33,0.03426,0.06943
2023-11-01 23:00:00,0.0,492.19,0.0,91,0.0,0.33,0.018969999999999997,0.06943
2023-11-02 00:00:00,0.0,489.02,0.0,91,0.0,0.33,0.022010000000000002,0.06943
2023-11-02 01:00:00,0.0,486.64,0.0,91,0.0,0.33,0.0185,0.06943
2023-11-02 02:00:00,0.0,480.93,0.0,91,0.0,0.33,0.01703,0.06943
2023-11-02 03:00:00,0.0,485.62,0.0,91,0.0,0.33,0.01568,0.06943
2023-11-02 04:00:00,0.0,478.05,0.0,91,0.0,0.33,0.01705,0.06943
2023-11-02 05:00:00,0.0,495.47,0.0,91,0.0,0.33,0.02817,0.06943
2023-11-02 06:00:00,0.0,498.5,0.32069,91,0.0,0.33,0.08047,0.06943
2023-11-02 07:00:00,0.0,469.73,0.534695,91,0.0061157142857142,0.33,0.0983,0.06943
2023-11-02 08:00:00,0.0,470.52,0.3457,91,0.0211119047619047,0.33,0.0813,0.06943
2023-11-02 09:00:00,0.0,469.85,0.51219,91,0.0289542857142857,0.33,0.0703,0.06943
2023-11-02 10:00:00,0.0,471.06,0.6871100000000001,91,0.0255247619047619,0.33,0.05987,0.06943
2023-11-02 11:00:00,0.0,481.33,0.6795300000000001,91,0.0274338095238095,0.33,0.06131,0.06943
2023-11-02 12:00:00,0.0,490.9,0.4641362409845448,91,0.0379566666666666,0.33,0.060270000000000004,0.06943
2023-11-02 13:00:00,0.0,494.98,0.4196512409845449,91,0.025987619047619,0.33,0.05933,0.06943
2023-11-02 14:00:00,0.0,509.87,0.58079,91,0.016617619047619,0.33,0.07035,0.06943
2023-11-02 15:00:00,0.0,513.52,0.46237,91,0.0099228571428571,0.33,0.07787000000000001,0.06943
2023-11-02 16:00:00,0.0,515.63,0.4308,91,0.0011695238095238,0.33,0.09573000000000001,0.06943
2023-11-02 17:00:00,0.0,527.19,0.478305,91,0.0,0.33,0.11278,0.06943
2023-11-02 18:00:00,0.0,530.67,0.357605,91,0.0,0.33,0.09779,0.06943
2023-11-02 19:00:00,0.0,529.53,0.100815,91,0.0,0.33,0.09124,0.06943
2023-11-02 20:00:00,0.0,519.31,0.00094,91,0.0,0.33,0.08742,0.06943
2023-11-02 21:00:00,0.0,515.2,0.000215,91,0.0,0.33,0.07575,0.06943
2023-11-02 22:00:00,0.0,524.88,0.0,91,0.0,0.33,0.07227,0.06943
2023-11-02 23:00:00,0.0,472.99,0.0,91,0.0,0.33,0.05704,0.06943
2023-11-03 00:00:00,0.0,456.01,0.0,91,0.0,0.33,0.01517,0.06943
2023-11-03 01:00:00,0.0,446.83,0.0,91,0.0,0.33,0.011470000000000001,0.06943
2023-11-03 02:00:00,0.0,433.07,0.0,91,0.0,0.33,0.01,0.06943
2023-11-03 03:00:00,0.0,435.67,0.0,91,0.0,0.33,0.005730000000000001,0.06943
2023-11-03 04:00:00,0.0,472.82,0.0,91,0.0,0.33,0.00973,0.06943
2023-11-03 05:00:00,0.0,494.99,0.0,91,0.0,0.33,0.023600000000000003,0.06943
2023-11-03 06:00:00,0.0,524.55,0.44224,91,0.0,0.33,0.06252,0.06943
2023-11-03 07:00:00,0.0,536.52,1.30451,91,0.0150147619047619,0.33,0.09148,0.06943
2023-11-03 08:00:00,0.0,523.01,1.28294,91,0.0699619047619047,0.33,0.095,0.06943
2023-11-03 09:00:00,0.0,488.06,0.6738750000000001,91,0.1570550264550264,0.33,0.08959,0.06943
2023-11-03 10:00:00,0.0,488.53,0.52342,91,0.1080880952380952,0.33,0.08375,0.06943
2023-11-03 11:00:00,0.0,481.12,0.4926149999999999,91,0.1301552380952381,0.33,0.07515000000000001,0.06943
2023-11-03 12:00:00,0.0,486.73,0.4344699999999999,91,0.2156590476190476,0.33,0.06739,0.06943
2023-11-03 13:00:00,0.0,491.32,0.3769799999999999,91,0.1380766666666666,0.33,0.06674,0.06943
2023-11-03 14:00:00,0.0,480.66,0.3434399999999999,91,0.2099942857142857,0.33,0.0721,0.06943
2023-11-03 15:00:00,0.0,465.46,0.3990849999999999,91,0.0609142857142857,0.33,0.0846,0.06943
2023-11-03 16:00:00,0.0,476.56,0.4641849999999999,91,0.0057123809523809,0.33,0.09392,0.06943
2023-11-03 17:00:00,0.0,470.94,0.531125,91,0.0,0.33,0.10187,0.06943
2023-11-03 18:00:00,0.0,476.53,0.43682,91,0.0,0.33,0.10036,0.06943
2023-11-03 19:00:00,0.0,459.61,0.2127499999999999,91,0.0,0.33,0.09099,0.06943
2023-11-03 20:00:00,0.0,480.75,0.0939299999999999,91,0.0,0.33,0.07343999999999999,0.06943
2023-11-03 21:00:00,0.0,491.23,0.0593449999999999,91,0.0,0.33,0.053579999999999996,0.06943
2023-11-03 22:00:00,0.0,507.71,0.02977,91,0.0,0.33,0.04553,0.06943
2023-11-03 23:00:00,0.0,503.45,0.001175,91,0.0,0.33,0.02063,0.06943
2023-11-04 00:00:00,0.0,497.72,0.04887,91,0.0,0.33,0.04572,0.06943
2023-11-04 01:00:00,0.0,491.66,0.202005,91,0.0,0.33,0.032060000000000005,0.06943
2023-11-04 02:00:00,0.0,492.85,0.1990149999999999,91,0.0,0.33,0.03,0.06943
2023-11-04 03:00:00,0.0,493.62,0.0996549999999999,91,0.0,0.33,0.022010000000000002,0.06943
2023-11-04 04:00:00,0.0,484.37,0.12947,91,0.0,0.33,0.019190000000000002,0.06943
2023-11-04 05:00:00,0.0,478.07,0.2831,91,0.0,0.33,0.0154,0.06943
2023-11-04 06:00:00,0.0,457.59,0.266225,91,0.0002609523809523,0.33,0.01613,0.06943
2023-11-04 07:00:00,0.0,439.4,0.078705,91,0.0238723809523809,0.33,0.025079999999999998,0.06943
2023-11-04 08:00:00,0.0,425.33,0.0210449999999999,91,0.0564328571428571,0.33,0.02585,0.06943
2023-11-04 09:00:00,0.0,412.05,0.001105,91,0.1120404761904761,0.33,0.02,0.06943
2023-11-04 10:00:00,0.0,414.86,0.0001899999999999,91,0.3012966666666666,0.33,0.013949999999999999,0.06943
2023-11-04 11:00:00,0.0,420.88,0.0,91,0.2877733333333333,0.33,0.0152,0.06943
2023-11-04 12:00:00,0.0,422.96,0.0,91,0.4093147619047619,0.33,0.02,0.06943
2023-11-04 13:00:00,0.0,435.41,0.0,91,0.2844957142857143,0.33,0.02114,0.06943
2023-11-04 14:00:00,0.0,436.63,0.0,91,0.14643,0.33,0.030789999999999998,0.06943
2023-11-04 15:00:00,0.0,449.28,0.0,91,0.0768009523809523,0.33,0.04258,0.06943
2023-11-04 16:00:00,0.0,446.03,0.0,91,0.0066261904761904,0.33,0.0554,0.06943
2023-11-04 17:00:00,0.0,446.39,0.0,91,0.0,0.33,0.0595,0.06943
2023-11-04 18:00:00,0.0,461.81,0.0,91,0.0,0.33,0.05104,0.06943
2023-11-04 19:00:00,0.0,464.07,0.0,91,0.0,0.33,0.03127,0.06943
2023-11-04 20:00:00,0.0,474.24,0.0,91,0.0,0.33,0.01492,0.06943
2023-11-04 21:00:00,0.0,475.08,0.0,91,0.0,0.33,0.01177,0.06943
2023-11-04 22:00:00,0.0,483.12,0.0,91,0.0,0.33,0.01173,0.06943
2023-11-04 23:00:00,0.0,456.25,0.0,91,0.0,0.33,0.00705,0.06943
2023-11-05 00:00:00,0.0,440.99,0.0,91,0.0,0.33,0.00871,0.06943
2023-11-05 01:00:00,0.0,443.04,0.0,91,0.0,0.33,0.0065899999999999995,0.06943
2023-11-05 02:00:00,0.0,441.57,0.0,91,0.0,0.33,0.00518,0.06943
2023-11-05 03:00:00,0.0,445.78,0.0,91,0.0,0.33,0.00298,0.06943
2023-11-05 04:00:00,0.0,451.19,0.0,91,0.0,0.33,0.00424,0.06943
2023-11-05 05:00:00,0.0,452.25,0.0,91,0.0,0.33,0.00799,0.06943
2023-11-05 06:00:00,0.0,456.01,0.0,91,0.0008633333333333,0.33,0.00783,0.06943
2023-11-05 07:00:00,0.0,481.11,0.0,91,0.0438304761904761,0.33,0.01385,0.06943
2023-11-05 08:00:00,0.0,458.68,0.0,91,0.1232585714285714,0.33,0.01848,0.06943
2023-11-05 09:00:00,0.0,458.37,0.0,91,0.1761723809523809,0.33,0.0264,0.06943
2023-11-05 10:00:00,0.0,452.18,0.0,91,0.3416657142857143,0.33,0.046520000000000006,0.06943
2023-11-05 11:00:00,0.0,454.72,0.0,91,0.4084480952380952,0.33,0.04746,0.06943
2023-11-05 12:00:00,0.0,460.96,0.0,91,0.4102609523809523,0.33,0.04344,0.06943
2023-11-05 13:00:00,0.0,471.63,0.0,91,0.3317266666666666,0.33,0.0288,0.06943
2023-11-05 14:00:00,0.0,459.21,0.0,91,0.2167657142857142,0.33,0.03675,0.06943
2023-11-05 15:00:00,0.0,463.19,0.0,91,0.0554333333333333,0.33,0.055549999999999995,0.06943
2023-11-05 16:00:00,0.0,470.29,0.0,91,0.0044004761904761,0.33,0.06677,0.06943
2023-11-05 17:00:00,0.0,474.85,0.0,91,0.0,0.33,0.07681,0.06943
2023-11-05 18:00:00,0.0,454.87,0.0,91,0.0,0.33,0.07514,0.06943
2023-11-05 19:00:00,0.0,457.15,0.0,91,0.0,0.33,0.06196,0.06943
2023-11-05 20:00:00,0.0,474.49,0.0,91,0.0,0.33,0.04668,0.06943
2023-11-05 21:00:00,0.0,482.89,0.0,91,0.0,0.33,0.02361,0.06943
2023-11-05 22:00:00,0.0,466.05,0.0,91,0.0,0.33,0.01878,0.06943
2023-11-05 23:00:00,0.0,450.85,0.0,91,0.0,0.33,0.01001,0.06943
2023-11-06 00:00:00,0.0,419.38,0.0,91,0.0,0.33,0.0045899999999999995,0.06943
2023-11-06 01:00:00,0.0,413.9,0.0,91,0.0,0.33,0.00157,0.06943
2023-11-06 02:00:00,0.0,412.43,0.0,91,0.0,0.33,0.00067,0.06943
2023-11-06 03:00:00,0.0,417.87,0.0,91,0.0,0.33,0.00055,0.06943
2023-11-06 04:00:00,0.0,457.49,0.0,91,0.0,0.33,0.0043,0.06943
2023-11-06 05:00:00,0.0,483.37,0.382945,91,0.0,0.33,0.01693,0.06943
2023-11-06 06:00:00,0.0,510.19,1.0363,91,0.0002842857142857,0.33,0.07461,0.06943
2023-11-06 07:00:00,0.0,515.24,1.136835,91,0.0284233333333333,0.33,0.09675,0.06943
2023-11-06 08:00:00,0.0,495.26,0.92509,91,0.1120304761904761,0.33,0.09816,0.06943
2023-11-06 09:00:00,0.0,487.5,0.79296,91,0.1644780952380952,0.33,0.07493000000000001,0.06943
2023-11-06 10:00:00,0.0,485.43,0.654365,91,0.2650252380952381,0.33,0.06024,0.06943
2023-11-06 11:00:00,0.0,489.95,0.48286,91,0.3868485714285714,0.33,0.05658,0.06943
2023-11-06 12:00:00,0.0,493.54,0.282965,91,0.3837928571428571,0.33,0.05805,0.06943
2023-11-06 13:00:00,0.0,511.32,0.22979,91,0.3235528571428571,0.33,0.06698,0.06943
2023-11-06 14:00:00,0.0,531.22,0.2180499999999999,91,0.2009,0.33,0.08842,0.06943
2023-11-06 15:00:00,0.0,537.34,0.1906299999999999,91,0.0505895238095238,0.33,0.10298,0.06943
2023-11-06 16:00:00,0.0,541.66,0.102495,91,0.0045690476190476,0.33,0.11788,0.06943
2023-11-06 17:00:00,0.0,542.71,0.00387,91,0.0,0.33,0.13152,0.06943
2023-11-06 18:00:00,0.0,543.7,0.000625,91,0.0,0.33,0.14595,0.06943
2023-11-06 19:00:00,0.0,550.81,0.0,91,0.0,0.33,0.13435,0.06943
2023-11-06 20:00:00,0.0,554.89,0.0,91,0.0,0.33,0.10561,0.06943
2023-11-06 21:00:00,0.0,564.39,0.0,91,0.0,0.33,0.1047,0.06943
2023-11-06 22:00:00,0.0,567.72,0.0,91,0.0,0.33,0.09867000000000001,0.06943
2023-11-06 23:00:00,0.0,568.7,0.0,91,0.0,0.33,0.08787,0.06943
2023-11-07 00:00:00,0.0,559.09,0.0,91,0.0,0.33,0.07977,0.06943
2023-11-07 01:00:00,0.0,570.13,0.0,91,0.0,0.33,0.07897,0.06943
2023-11-07 02:00:00,0.0,573.4,0.0,91,0.0,0.33,0.07144,0.06943
2023-11-07 03:00:00,0.0,577.64,0.0,91,0.0,0.33,0.06801,0.06943
2023-11-07 04:00:00,0.0,581.74,0.0,91,0.0,0.33,0.07025,0.06943
2023-11-07 05:00:00,0.0,582.71,0.55733,91,0.0,0.33,0.08288,0.06943
2023-11-07 06:00:00,0.0,588.27,0.99977,91,0.0,0.33,0.10681,0.06943
2023-11-07 07:00:00,0.0,559.13,1.09405,91,0.0163433333333333,0.33,0.13288,0.06943
2023-11-07 08:00:00,0.0,534.48,1.087085,91,0.0999471428571428,0.33,0.13754,0.06943
2023-11-07 09:00:00,0.0,510.53,0.695285,91,0.2504485714285714,0.33,0.11751,0.06943
2023-11-07 10:00:00,0.0,514.39,0.509685,91,0.3445461904761904,0.33,0.10011,0.06943
2023-11-07 11:00:00,0.0,535.69,0.5084650000000001,91,0.3672233333333333,0.33,0.08903,0.06943
2023-11-07 12:00:00,0.0,560.64,0.476805,91,0.3735838095238095,0.33,0.08621,0.06943
2023-11-07 13:00:00,0.0,566.01,0.4217549999999999,91,0.3101257142857143,0.33,0.08879000000000001,0.06943
2023-11-07 14:00:00,0.0,568.25,0.377815,91,0.1624995238095238,0.33,0.1,0.06943
2023-11-07 15:00:00,0.0,584.26,0.381205,91,0.0463242857142857,0.33,0.11256999999999999,0.06943
2023-11-07 16:00:00,0.0,588.02,0.39215,91,0.0042285714285714,0.33,0.11438,0.06943
2023-11-07 17:00:00,0.0,590.26,0.40626,91,0.0,0.33,0.14002,0.06943
2023-11-07 18:00:00,0.0,590.02,0.4214849999999999,91,0.0,0.33,0.14966,0.06943
2023-11-07 19:00:00,0.0,585.77,0.2630949999999999,91,0.0,0.33,0.12662,0.06943
2023-11-07 20:00:00,0.0,604.2,0.12376,91,0.0,0.33,0.10961,0.06943
2023-11-07 21:00:00,0.0,602.52,0.09803,91,0.0,0.33,0.09298000000000001,0.06943
2023-11-07 22:00:00,0.0,601.25,0.03797,91,0.0,0.33,0.08878,0.06943
2023-11-07 23:00:00,0.0,601.09,0.05412,91,0.0,0.33,0.07592,0.06943
2023-11-08 00:00:00,0.0,602.97,0.10772,91,0.0,0.33,0.07753,0.06943
2023-11-08 01:00:00,0.0,592.76,0.111765,91,0.0,0.33,0.07424,0.06943
2023-11-08 02:00:00,0.0,588.98,0.118435,91,0.0,0.33,0.05914,0.06943
2023-11-08 03:00:00,0.0,594.7,0.129485,91,0.0,0.33,0.05978,0.06943
2023-11-08 04:00:00,0.0,594.48,0.145335,91,0.0,0.33,0.06676,0.06943
2023-11-08 05:00:00,0.0,576.3,0.4404999999999999,91,0.0,0.33,0.07501000000000001,0.06943
2023-11-08 06:00:00,0.0,567.7,0.94322,91,0.0,0.33,0.08609,0.06943
2023-11-08 07:00:00,0.0,549.02,1.31511,91,0.0190185714285714,0.33,0.10771,0.06943
2023-11-08 08:00:00,0.0,523.47,1.22387,91,0.12913,0.33,0.11147,0.06943
2023-11-08 09:00:00,0.0,522.06,0.87764,91,0.2544242857142857,0.33,0.09398000000000001,0.06943
2023-11-08 10:00:00,0.0,522.34,0.7359249999999999,91,0.3434390476190476,0.33,0.08476,0.06943
2023-11-08 11:00:00,0.0,530.0,0.65398,91,0.3831638095238094,0.33,0.07884999999999999,0.06943
2023-11-08 12:00:00,0.0,539.67,0.556985,91,0.3711019047619048,0.33,0.07575,0.06943
2023-11-08 13:00:00,0.0,535.75,0.440325,91,0.3005861904761905,0.33,0.07742,0.06943
2023-11-08 14:00:00,0.0,544.65,0.3506999999999999,91,0.1699338095238095,0.33,0.08581,0.06943
2023-11-08 15:00:00,0.0,548.42,0.3472899999999999,91,0.0376242857142857,0.33,0.10517,0.06943
2023-11-08 16:00:00,0.0,544.51,0.417315,91,0.0050980952380952,0.33,0.11578000000000001,0.06943
2023-11-08 17:00:00,0.0,550.86,0.47478,91,0.0,0.33,0.12217,0.06943
2023-11-08 18:00:00,0.0,558.79,0.399705,91,0.0,0.33,0.12648,0.06943
2023-11-08 19:00:00,0.0,560.09,0.235295,91,0.0,0.33,0.12196,0.06943
2023-11-08 20:00:00,0.0,579.73,0.13292,91,0.0,0.33,0.11079,0.06943
2023-11-08 21:00:00,0.0,594.44,0.08939,91,0.0,0.33,0.0927,0.06943
2023-11-08 22:00:00,0.0,598.06,0.03754,91,0.0,0.33,0.08265,0.06943
2023-11-08 23:00:00,0.0,599.94,0.071015,91,0.0,0.33,0.0677,0.06943
2023-11-09 00:00:00,0.0,597.49,0.13212,91,0.0,0.33,0.07193000000000001,0.06943
2023-11-09 01:00:00,0.0,597.66,0.12413,91,0.0,0.33,0.06833,0.06943
2023-11-09 02:00:00,0.0001666666666666,593.82,0.16335,91,0.0,0.33,0.07004,0.06943
2023-11-09 03:00:00,0.0,597.0,0.258265,91,0.0,0.33,0.0728,0.06943
2023-11-09 04:00:00,0.0001666666666666,607.49,0.286095,91,0.0,0.33,0.07501999999999999,0.06943
2023-11-09 05:00:00,0.0,602.65,0.4925,91,0.0,0.33,0.08363,0.06943
2023-11-09 06:00:00,0.0001666666666666,583.92,0.850175,91,0.0,0.33,0.10961,0.06943
2023-11-09 07:00:00,0.0,559.76,0.8077350000000001,91,0.0048285714285714,0.33,0.12006,0.06943
2023-11-09 08:00:00,0.0,510.7,0.650645,91,0.0119395238095238,0.33,0.12204999999999999,0.06943
2023-11-09 09:00:00,0.0001666666666666,505.04,0.702645,91,0.0303238095238095,0.33,0.11,0.06943
2023-11-09 10:00:00,0.0,507.58,0.769915,91,0.0264257142857142,0.33,0.10008,0.06943
2023-11-09 11:00:00,0.0001666666666666,530.01,0.7740649999999999,91,0.0446866666666666,0.33,0.095,0.06943
2023-11-09 12:00:00,0.0,566.45,0.7207699999999999,91,0.0422933333333333,0.33,0.09015999999999999,0.06943
2023-11-09 13:00:00,0.0001666666666666,588.06,0.6898399999999999,91,0.0596142857142857,0.33,0.09232,0.06943
2023-11-09 14:00:00,0.0,605.95,0.68899,91,0.0238042857142857,0.33,0.10061,0.06943
2023-11-09 15:00:00,0.0001666666666666,615.23,0.6741699999999998,91,0.0225771428571428,0.33,0.11653,0.06943
2023-11-09 16:00:00,0.0,606.18,0.654925,91,0.001255238095238,0.33,0.12187,0.06943
2023-11-09 17:00:00,0.0001666666666666,605.39,0.6605150000000001,91,0.0,0.33,0.13097,0.06943
2023-11-09 18:00:00,0.0,605.93,0.617725,91,0.0,0.33,0.12840000000000001,0.06943
2023-11-09 19:00:00,0.0001666666666666,610.32,0.347195,91,0.0,0.33,0.11202,0.06943
2023-11-09 20:00:00,0.0,620.96,0.12977,91,0.0,0.33,0.09724,0.06943
2023-11-09 21:00:00,0.0001666666666666,616.73,0.0964,91,0.0,0.33,0.08387,0.06943
2023-11-09 22:00:00,0.0,598.06,0.034065,91,0.0,0.33,0.08404,0.06943
2023-11-09 23:00:00,0.0001666666666666,592.46,0.04964,91,0.0,0.33,0.07436,0.06943
2023-11-10 00:00:00,0.0,595.46,0.08327,91,0.0,0.33,0.06581000000000001,0.06943
2023-11-10 01:00:00,0.0,594.66,0.07549,91,0.0,0.33,0.05975,0.06943
2023-11-10 02:00:00,0.0001666666666666,590.3,0.08132,91,0.0,0.33,0.05374,0.06943
2023-11-10 03:00:00,0.0,594.04,0.09015,91,0.0,0.33,0.04836,0.06943
2023-11-10 04:00:00,0.0001666666666666,604.51,0.102735,91,0.0,0.33,0.05,0.06943
2023-11-10 05:00:00,0.0,617.1,0.362025,91,0.0,0.33,0.06572,0.06943
2023-11-10 06:00:00,0.0001666666666666,616.71,0.71287,91,0.0,0.33,0.09084,0.06943
2023-11-10 07:00:00,0.0,600.27,0.925635,91,0.0036857142857142,0.33,0.10786,0.06943
2023-11-10 08:00:00,0.0001666666666666,601.63,0.926905,91,0.0301185714285714,0.33,0.113,0.06943
2023-11-10 09:00:00,0.0,603.81,0.714785,91,0.0614366666666666,0.33,0.11,0.06943
2023-11-10 10:00:00,0.0001666666666666,592.78,0.59505,91,0.1563395238095238,0.33,0.09869,0.06943
2023-11-10 11:00:00,0.0,592.95,0.4843,91,0.1618738095238095,0.33,0.09372,0.06943
2023-11-10 12:00:00,0.0,590.04,0.362295,91,0.14199,0.33,0.09290000000000001,0.06943
2023-11-10 13:00:00,0.0001666666666666,599.96,0.368245,91,0.1232533333333333,0.33,0.099,0.06943
2023-11-10 14:00:00,0.0,600.44,0.379365,91,0.0577190476190476,0.33,0.10668000000000001,0.06943
2023-11-10 15:00:00,0.0001666666666666,609.3,0.4253149999999999,91,0.0276780952380952,0.33,0.11657,0.06943
2023-11-10 16:00:00,0.0,622.02,0.4742949999999999,91,0.0030204761904761,0.33,0.1278,0.06943
2023-11-10 17:00:00,0.0001666666666666,616.55,0.539645,91,0.0,0.33,0.13568,0.06943
2023-11-10 18:00:00,0.0,609.38,0.51718,91,0.0,0.33,0.1351,0.06943
2023-11-10 19:00:00,0.0001666666666666,602.67,0.2609649999999999,91,0.0,0.33,0.12358,0.06943
2023-11-10 20:00:00,0.0,608.93,0.10051,91,0.0,0.33,0.11293,0.06943
2023-11-10 21:00:00,0.0001666666666666,611.4,0.06492,91,0.0,0.33,0.1051,0.06943
2023-11-10 22:00:00,0.0,610.74,0.02513,91,0.0,0.33,0.10396999999999999,0.06943
2023-11-10 23:00:00,0.0,586.67,0.001165,91,0.0,0.33,0.0932,0.06943
2023-11-11 00:00:00,0.0001666666666666,580.76,0.0373949999999999,91,0.0,0.33,0.0873,0.06943
2023-11-11 01:00:00,0.0,573.29,0.0763099999999998,91,0.0,0.33,0.08589,0.06943
2023-11-11 02:00:00,0.0001666666666666,573.38,0.0693549999999999,91,0.0,0.33,0.08588,0.06943
2023-11-11 03:00:00,0.0,577.18,0.06599,91,0.0,0.33,0.08320999999999999,0.06943
2023-11-11 04:00:00,0.0001666666666666,580.77,0.05811,91,0.0,0.33,0.08270999999999999,0.06943
2023-11-11 05:00:00,0.0,583.89,0.1761049999999999,91,0.0,0.33,0.08544,0.06943
2023-11-11 06:00:00,0.0001666666666666,599.9,0.1767499999999999,91,0.0,0.33,0.0863,0.06943
2023-11-11 07:00:00,0.0,591.85,0.08677,91,0.0058823809523809,0.33,0.088,0.06943
2023-11-11 08:00:00,0.0001666666666666,579.85,0.1184449999999999,91,0.0623004761904761,0.33,0.092,0.06943
2023-11-11 09:00:00,0.0,567.63,0.0933049999999999,91,0.0570514285714285,0.33,0.09489,0.06943
2023-11-11 10:00:00,0.0,562.12,0.060015,91,0.0938628571428571,0.33,0.09128,0.06943
2023-11-11 11:00:00,0.0001666666666666,558.68,0.05397,91,0.1954023809523809,0.33,0.09022,0.06943
2023-11-11 12:00:00,0.0,554.82,0.0519699999999999,91,0.1839547619047619,0.33,0.08794,0.06943
2023-11-11 13:00:00,0.0001666666666666,564.91,0.0217849999999999,91,0.1605466666666666,0.33,0.0878,0.06943
2023-11-11 14:00:00,0.0,568.92,0.02265,91,0.1223233333333333,0.33,0.0915,0.06943
2023-11-11 15:00:00,0.0001666666666666,577.58,0.051155,91,0.0371890476190476,0.33,0.10287,0.06943
2023-11-11 16:00:00,0.0,573.31,0.075025,91,0.0023047619047619,0.33,0.11566,0.06943
2023-11-11 17:00:00,0.0001666666666666,565.59,0.079465,91,0.0,0.33,0.12798,0.06943
2023-11-11 18:00:00,0.0,570.18,0.0833749999999999,91,0.0,0.33,0.13576,0.06943
2023-11-11 19:00:00,0.0001666666666666,584.13,0.0956549999999999,91,0.0,0.33,0.12447,0.06943
2023-11-11 20:00:00,0.0,589.88,0.092165,91,0.0,0.33,0.11351,0.06943
2023-11-11 21:00:00,0.0,587.31,0.063245,91,0.0,0.33,0.10258,0.06943
2023-11-11 22:00:00,0.0001666666666666,575.05,0.01972,91,0.0,0.33,0.09237999999999999,0.06943
2023-11-11 23:00:00,0.0,554.59,0.011245,91,0.0,0.33,0.08741,0.06943
2023-11-12 00:00:00,0.0001666666666666,536.96,0.0521799999999999,91,0.0,0.33,0.08673,0.06943
2023-11-12 01:00:00,0.0,552.25,0.0754099999999999,91,0.0,0.33,0.08536,0.06943
2023-11-12 02:00:00,0.0001666666666666,547.87,0.08476,91,0.0,0.33,0.08423,0.06943
2023-11-12 03:00:00,0.0,560.02,0.08032,91,0.0,0.33,0.08262,0.06943
2023-11-12 04:00:00,0.0001666666666666,585.14,0.268935,91,0.0,0.33,0.08164,0.06943
2023-11-12 05:00:00,0.0,590.56,0.4408499999999999,91,0.0,0.33,0.08579,0.06943
2023-11-12 06:00:00,0.0001666666666666,575.05,0.25871,91,0.0,0.33,0.08541,0.06943
2023-11-12 07:00:00,0.0,546.38,0.143745,91,0.0148638095238095,0.33,0.08578,0.06943
2023-11-12 08:00:00,0.0001666666666666,512.8,0.1747999999999999,91,0.0604090476190476,0.33,0.08721,0.06943
2023-11-12 09:00:00,0.0,476.26,0.1660149999999999,91,0.2058023809523809,0.33,0.08975,0.06943
2023-11-12 10:00:00,0.0001666666666666,462.58,0.1452499999999999,91,0.2611557142857143,0.33,0.08857,0.06943
2023-11-12 11:00:00,0.0,476.06,0.128455,91,0.3828671428571428,0.33,0.08645,0.06943
2023-11-12 12:00:00,0.0,514.76,0.113105,91,0.3281419047619048,0.33,0.08809,0.06943
2023-11-12 13:00:00,0.0001666666666666,564.38,0.09984,91,0.2658104761904762,0.33,0.08806,0.06943
2023-11-12 14:00:00,0.0,608.11,0.07708,91,0.1334804761904762,0.33,0.09237000000000001,0.06943
2023-11-12 15:00:00,0.0001666666666666,610.32,0.0552799999999999,91,0.0334609523809523,0.33,0.10857,0.06943
2023-11-12 16:00:00,0.0,607.06,0.066715,91,0.00194,0.33,0.12247,0.06943
2023-11-12 17:00:00,0.0001666666666666,609.96,0.0784899999999999,91,0.0,0.33,0.13444,0.06943
2023-11-12 18:00:00,0.0,609.4,0.07859,91,0.0,0.33,0.13082,0.06943
2023-11-12 19:00:00,0.0001666666666666,608.3,0.08566,91,0.0,0.33,0.12389,0.06943
2023-11-12 20:00:00,0.0,616.43,0.0910949999999999,91,0.0,0.33,0.11449,0.06943
2023-11-12 21:00:00,0.0001666666666666,625.16,0.0761099999999999,91,0.0,0.33,0.10733,0.06943
2023-11-12 22:00:00,0.0,623.15,0.030225,91,0.0,0.33,0.10014,0.06943
2023-11-12 23:00:00,0.0001666666666666,633.87,0.0126799999999999,91,0.0,0.33,0.08802,0.06943
2023-11-13 00:00:00,0.0,617.9,0.062635,91,0.0,0.33,0.09126000000000001,0.06943
2023-11-13 01:00:00,0.0001666666666666,617.19,0.097235,91,0.0,0.33,0.08682,0.06943
2023-11-13 02:00:00,0.0,618.3,0.120355,91,0.0,0.33,0.087,0.06943
2023-11-13 03:00:00,0.0,626.19,0.1669699999999999,91,0.0,0.33,0.08693000000000001,0.06943
2023-11-13 04:00:00,0.0001666666666666,631.52,0.5052599999999999,91,0.0,0.33,0.088,0.06943
2023-11-13 05:00:00,0.0,624.66,0.867245,91,0.0,0.33,0.09211,0.06943
2023-11-13 06:00:00,0.0001666666666666,599.12,0.749545,91,0.0,0.33,0.12345,0.06943
2023-11-13 07:00:00,0.0,588.44,0.8422649999999999,91,0.0075180952380952,0.33,0.13983,0.06943
2023-11-13 08:00:00,0.0001666666666666,585.63,0.974955,91,0.04016,0.33,0.14984,0.06943
2023-11-13 09:00:00,0.0,581.8,0.8016700000000001,91,0.1424485714285714,0.33,0.13154,0.06943
2023-11-13 10:00:00,0.0001666666666666,588.03,0.6649550000000001,91,0.2239261904761904,0.33,0.12114,0.06943
2023-11-13 11:00:00,0.0,587.39,0.56957,91,0.2306723809523809,0.33,0.12158,0.06943
2023-11-13 12:00:00,0.0001666666666666,570.21,0.545335,91,0.3348390476190476,0.33,0.11948,0.06943
2023-11-13 13:00:00,0.0,566.12,0.5280649999999999,91,0.2430495238095238,0.33,0.11747,0.06943
2023-11-13 14:00:00,0.0001666666666666,560.79,0.444665,91,0.1249228571428571,0.33,0.11466,0.06943
2023-11-13 15:00:00,0.0,568.55,0.4282999999999999,91,0.044057619047619,0.33,0.11527,0.06943
2023-11-13 16:00:00,0.0,568.27,0.4746999999999999,91,0.0025395238095238,0.33,0.10845999999999999,0.06943
2023-11-13 17:00:00,0.0001666666666666,564.14,0.4241399999999999,91,0.0,0.33,0.09418000000000001,0.06943
2023-11-13 18:00:00,0.0,558.86,0.2927599999999999,91,0.0,0.33,0.08851,0.06943
2023-11-13 19:00:00,0.0001666666666666,558.19,0.16383,91,0.0,0.33,0.0867,0.06943
2023-11-13 20:00:00,0.0,533.66,0.123475,91,0.0,0.33,0.08576,0.06943
2023-11-13 21:00:00,0.0001666666666666,500.65,0.0959699999999999,91,0.0,0.33,0.07008,0.06943
2023-11-13 22:00:00,0.0,478.41,0.0393399999999999,91,0.0,0.33,0.05686,0.06943
2023-11-13 23:00:00,0.0001666666666666,450.04,0.033165,91,0.0,0.33,0.01738,0.06943
2023-11-14 00:00:00,0.0,432.06,0.06123,91,0.0,0.33,0.01604,0.06943
2023-11-14 01:00:00,0.0,436.03,0.050905,91,0.0,0.33,0.00847,0.06943
2023-11-14 02:00:00,0.0001666666666666,428.71,0.046095,91,0.0,0.33,0.00734,0.06943
2023-11-14 03:00:00,0.0,420.42,0.05064,91,0.0,0.33,0.0071200000000000005,0.06943
2023-11-14 04:00:00,0.0001666666666666,439.34,0.049205,91,0.0,0.33,0.007030000000000001,0.06943
2023-11-14 05:00:00,0.0,489.6,0.29697,91,0.0,0.33,0.015130000000000001,0.06943
2023-11-14 06:00:00,0.0001666666666666,492.92,0.5622550000000001,91,0.0,0.33,0.07684,0.06943
2023-11-14 07:00:00,0.0,476.3,0.5930449999999999,91,0.0118404761904761,0.33,0.11,0.06943
2023-11-14 08:00:00,0.0,464.08,0.57038,91,0.1194757142857142,0.33,0.1,0.06943
2023-11-14 09:00:00,0.0001666666666666,447.71,0.4965,91,0.2297957142857143,0.33,0.08831,0.06943
2023-11-14 10:00:00,0.0,432.47,0.378625,91,0.3298285714285714,0.33,0.07453,0.06943
2023-11-14 11:00:00,0.0001666666666666,446.38,0.2696199999999999,91,0.3860466666666666,0.33,0.07282,0.06943
2023-11-14 12:00:00,0.0,462.04,0.14168,91,0.2383971428571429,0.33,0.07676999999999999,0.06943
2023-11-14 13:00:00,0.0001666666666666,479.54,0.09508,91,0.1177895238095238,0.33,0.08647,0.06943
2023-11-14 14:00:00,0.0,494.56,0.0781549999999999,91,0.0694133333333333,0.33,0.09035,0.06943
2023-11-14 15:00:00,0.0,499.58,0.003265,91,0.0275742857142857,0.33,0.10692,0.06943
2023-11-14 16:00:00,0.0001666666666666,512.4,0.000525,91,0.0009180952380952,0.33,0.10822,0.06943
2023-11-14 17:00:00,0.0,531.59,0.0,91,0.0,0.33,0.11684,0.06943
2023-11-14 18:00:00,0.0001666666666666,534.46,0.0,91,0.0,0.33,0.11923,0.06943
2023-11-14 19:00:00,0.0,523.47,0.0,91,0.0,0.33,0.11686,0.06943
2023-11-14 20:00:00,0.0,535.98,0.0,91,0.0,0.33,0.09851,0.06943
2023-11-14 21:00:00,0.0001666666666666,530.86,0.0,91,0.0,0.33,0.08643,0.06943
2023-11-14 22:00:00,0.0,547.46,0.0,91,0.0,0.33,0.08945,0.06943
2023-11-14 23:00:00,0.0001666666666666,550.81,0.0,91,0.0,0.33,0.0855,0.06943
2023-11-15 00:00:00,0.0,546.34,0.0,91,0.0,0.33,0.08109999999999999,0.06943
2023-11-15 01:00:00,0.0,549.74,0.0,91,0.0,0.33,0.07642,0.06943
2023-11-15 02:00:00,0.0001666666666666,539.91,0.0,91,0.0,0.33,0.0729,0.06943
2023-11-15 03:00:00,0.0,550.56,0.0,91,0.0,0.33,0.07069,0.06943
2023-11-15 04:00:00,0.0001666666666666,551.66,0.0,91,0.0,0.33,0.07445,0.06943
2023-11-15 05:00:00,0.0,578.07,0.30576,91,0.0,0.33,0.0814,0.06943
2023-11-15 06:00:00,0.0,578.04,0.602135,91,0.0,0.33,0.10222,0.06943
2023-11-15 07:00:00,0.0001666666666666,563.44,0.7066500000000001,91,0.0059914285714285,0.33,0.12251000000000001,0.06943
2023-11-15 08:00:00,0.0,549.61,0.7094550000000001,91,0.0348595238095238,0.33,0.12815000000000001,0.06943
2023-11-15 09:00:00,0.0001666666666666,555.68,0.54848,91,0.0490080952380952,0.33,0.12068999999999999,0.06943
2023-11-15 10:00:00,0.0,552.65,0.42088,91,0.0566433333333333,0.33,0.11197,0.06943
2023-11-15 11:00:00,0.0,534.23,0.316135,91,0.1034128571428571,0.33,0.09925,0.06943
2023-11-15 12:00:00,0.0001666666666666,532.83,0.245035,91,0.1065614285714285,0.33,0.09653,0.06943
2023-11-15 13:00:00,0.0,543.48,0.101825,91,0.062387619047619,0.33,0.09995,0.06943
2023-11-15 14:00:00,0.0001666666666666,554.97,0.001655,91,0.0400314285714285,0.33,0.10464,0.06943
2023-11-15 15:00:00,0.0,558.45,0.00031,91,0.0229071428571428,0.33,0.12,0.06943
2023-11-15 16:00:00,0.0,563.98,0.0,91,0.0005833333333333,0.33,0.12265000000000001,0.06943
2023-11-15 17:00:00,0.0001666666666666,561.75,0.0,91,0.0,0.33,0.125,0.06943
2023-11-15 18:00:00,0.0,567.2,0.0,91,0.0,0.33,0.12990000000000002,0.06943
2023-11-15 19:00:00,0.0,573.67,0.0,91,0.0,0.33,0.12108,0.06943
2023-11-15 20:00:00,0.0001666666666666,573.16,0.0,91,0.0,0.33,0.11018,0.06943
2023-11-15 21:00:00,0.0,588.63,0.0,91,0.0,0.33,0.09763,0.06943
2023-11-15 22:00:00,0.0001666666666666,583.11,0.0,91,0.0,0.33,0.09165999999999999,0.06943
2023-11-15 23:00:00,0.0,571.2,0.0,91,0.0,0.33,0.08421,0.06943
2023-11-16 00:00:00,0.0,567.92,0.0,91,0.0,0.33,0.08547,0.06943
2023-11-16 01:00:00,0.0001666666666666,556.18,0.30755,91,0.0,0.33,0.08326,0.06943
2023-11-16 02:00:00,0.0,549.47,0.310225,91,0.0,0.33,0.07596,0.06943
2023-11-16 03:00:00,0.0001666666666666,561.28,0.06045,91,0.0,0.33,0.07475,0.06943
2023-11-16 04:00:00,0.0,588.51,0.1205049999999999,91,0.0,0.33,0.08128,0.06943
2023-11-16 05:00:00,0.0001666666666666,586.12,0.3664,91,0.0,0.33,0.08843999999999999,0.06943
2023-11-16 06:00:00,0.0,577.39,0.7519049999999999,91,0.0,0.33,0.10491,0.06943
2023-11-16 07:00:00,0.0,539.07,1.09494,91,0.0061061904761904,0.33,0.1269,0.06943
2023-11-16 08:00:00,0.0001666666666666,500.16,1.01967,91,0.0334871428571428,0.33,0.12999000000000002,0.06943
2023-11-16 09:00:00,0.0,481.66,0.7312500000000001,91,0.0707299999999999,0.33,0.12859,0.06943
2023-11-16 10:00:00,0.0001666666666666,487.56,0.706875,91,0.12432,0.33,0.1201,0.06943
2023-11-16 11:00:00,0.0,503.67,0.6819299999999999,91,0.12104,0.33,0.11662,0.06943
2023-11-16 12:00:00,0.0,520.22,0.600885,91,0.1622604761904761,0.33,0.12262999999999999,0.06943
2023-11-16 13:00:00,0.0001666666666666,558.34,0.453135,91,0.16338,0.33,0.12932,0.06943
2023-11-16 14:00:00,0.0,579.07,0.34913,91,0.1261947619047619,0.33,0.14234,0.06943
2023-11-16 15:00:00,0.0001666666666666,580.32,0.317985,91,0.0364314285714285,0.33,0.15449000000000002,0.06943
2023-11-16 16:00:00,0.0,579.46,0.32765,91,0.001687619047619,0.33,0.15441999999999997,0.06943
2023-11-16 17:00:00,0.0001666666666666,588.31,0.36904,91,0.0,0.33,0.17818,0.06943
2023-11-16 18:00:00,0.0,587.92,0.35334,91,0.0,0.33,0.14142,0.06943
2023-11-16 19:00:00,0.0001666666666666,590.44,0.179605,91,0.0,0.33,0.12543,0.06943
2023-11-16 20:00:00,0.0,597.66,0.06453,91,0.0,0.33,0.12118999999999999,0.06943
2023-11-16 21:00:00,0.0,603.5,0.051805,91,0.0,0.33,0.115,0.06943
2023-11-16 22:00:00,0.0001666666666666,613.0,0.0104149999999999,91,0.0,0.33,0.1102,0.06943
2023-11-16 23:00:00,0.0,607.76,0.00132,91,0.0,0.33,0.10085,0.06943
2023-11-17 00:00:00,0.0001666666666666,609.1,0.00028,91,0.0,0.33,0.106,0.06943
2023-11-17 01:00:00,0.0,610.55,0.02819,91,0.0,0.33,0.1,0.06943
2023-11-17 02:00:00,0.0001666666666666,604.9,0.06841,91,0.0,0.33,0.09584000000000001,0.06943
2023-11-17 03:00:00,0.0,598.55,0.07796,91,0.0,0.33,0.09276999999999999,0.06943
2023-11-17 04:00:00,0.0,597.84,0.066085,91,0.0,0.33,0.09570000000000001,0.06943
2023-11-17 05:00:00,0.0001666666666666,587.43,0.29879,91,0.0,0.33,0.1032,0.06943
2023-11-17 06:00:00,0.0,583.23,0.601965,91,0.0,0.33,0.12005,0.06943
2023-11-17 07:00:00,0.0001666666666666,566.14,0.7424249999999999,91,0.0006738095238095,0.33,0.13103,0.06943
2023-11-17 08:00:00,0.0,547.37,0.78423,91,0.0069295238095238,0.33,0.14192,0.06943
2023-11-17 09:00:00,0.0001666666666666,535.99,0.65989,91,0.0157519047619047,0.33,0.13475,0.06943
2023-11-17 10:00:00,0.0,548.51,0.54808,91,0.02522,0.33,0.12797,0.06943
2023-11-17 11:00:00,0.0001666666666666,551.44,0.47452,91,0.0504457142857142,0.33,0.12521,0.06943
2023-11-17 12:00:00,0.0,548.35,0.434495,91,0.0568680952380952,0.33,0.12,0.06943
2023-11-17 13:00:00,0.0,553.58,0.405205,91,0.0771980952380952,0.33,0.11609,0.06943
2023-11-17 14:00:00,0.0001666666666666,568.71,0.3406499999999999,91,0.048985238095238,0.33,0.12390999999999999,0.06943
2023-11-17 15:00:00,0.0,576.45,0.3265999999999999,91,0.0107890476190476,0.33,0.12990000000000002,0.06943
2023-11-17 16:00:00,0.0001666666666666,564.86,0.4069,91,0.0003542857142857,0.33,0.13699,0.06943
2023-11-17 17:00:00,0.0,567.7,0.49421,91,0.0,0.33,0.14632,0.06943
2023-11-17 18:00:00,0.0001666666666666,575.54,0.424635,91,0.0,0.33,0.14814,0.06943
2023-11-17 19:00:00,0.0,580.2,0.23778,91,0.0,0.33,0.13957,0.06943
2023-11-17 20:00:00,0.0,590.25,0.108955,91,0.0,0.33,0.12815000000000001,0.06943
2023-11-17 21:00:00,0.0001666666666666,601.85,0.06413,91,0.0,0.33,0.12,0.06943
2023-11-17 22:00:00,0.0,588.35,0.026065,91,0.0,0.33,0.11695,0.06943
2023-11-17 23:00:00,0.0001666666666666,529.62,0.04371,91,0.0,0.33,0.10121,0.06943
2023-11-18 00:00:00,0.0,515.05,0.08818,91,0.0,0.33,0.11056,0.06943
2023-11-18 01:00:00,0.0001666666666666,502.5,0.09395,91,0.0,0.33,0.09738,0.06943
2023-11-18 02:00:00,0.0,496.81,0.0992,91,0.0,0.33,0.09061,0.06943
2023-11-18 03:00:00,0.0001666666666666,495.78,0.10098,91,0.0,0.33,0.08611,0.06943
2023-11-18 04:00:00,0.0,504.85,0.1009999999999999,91,0.0,0.33,0.08272,0.06943
2023-11-18 05:00:00,0.0,522.22,0.21714,91,0.0,0.33,0.08248,0.06943
2023-11-18 06:00:00,0.0001666666666666,525.59,0.193595,91,0.0,0.33,0.08645,0.06943
2023-11-18 07:00:00,0.0,505.68,0.288785,91,0.0071947619047619,0.33,0.09208,0.06943
2023-11-18 08:00:00,0.0001666666666666,473.09,0.3641399999999999,91,0.0818304761904761,0.33,0.10065,0.06943
2023-11-18 09:00:00,0.0,452.51,0.13693,91,0.2139742857142857,0.33,0.09776,0.06943
2023-11-18 10:00:00,0.0001666666666666,456.91,0.086,91,0.228327619047619,0.33,0.09617,0.06943
2023-11-18 11:00:00,0.0,456.07,0.081865,91,0.2705509523809523,0.33,0.09455,0.06943
2023-11-18 12:00:00,0.0001666666666666,470.13,0.0556899999999999,91,0.2629238095238095,0.33,0.09491,0.06943
2023-11-18 13:00:00,0.0,515.91,0.068995,91,0.2457228571428571,0.33,0.09473000000000001,0.06943
2023-11-18 14:00:00,0.0001666666666666,545.83,0.08224,91,0.0890962406015037,0.33,0.09619,0.06943
2023-11-18 15:00:00,0.0,548.97,0.054405,91,0.0405109523809523,0.33,0.10540999999999999,0.06943
2023-11-18 16:00:00,0.0001666666666666,556.62,0.068185,91,0.0032861904761904,0.33,0.10562,0.06943
2023-11-18 17:00:00,0.0,555.06,0.090025,91,0.0,0.33,0.11353,0.06943
2023-11-18 18:00:00,0.0001666666666666,554.04,0.081165,91,0.0,0.33,0.1148,0.06943
2023-11-18 19:00:00,0.0,552.35,0.089005,91,0.0,0.33,0.10171,0.06943
2023-11-18 20:00:00,0.0001666666666666,546.38,0.22355,91,0.0,0.33,0.0922,0.06943
2023-11-18 21:00:00,0.0,550.94,0.179575,91,0.0,0.33,0.08181999999999999,0.06943
2023-11-18 22:00:00,0.0001666666666666,544.88,0.009475,91,0.0,0.33,0.07395,0.06943
2023-11-18 23:00:00,0.0,498.44,0.08166,91,0.0,0.33,0.05862,0.06943
2023-11-19 00:00:00,0.0001666666666666,436.15,0.10958,91,0.0,0.33,0.02163,0.06943
2023-11-19 01:00:00,0.0,425.6,0.074015,91,0.0,0.33,0.0074800000000000005,0.06943
2023-11-19 02:00:00,0.0001666666666666,412.75,0.162195,91,0.0,0.33,0.0040999999999999995,0.06943
2023-11-19 03:00:00,0.0,399.33,0.191015,91,0.0,0.33,0.00013000000000000002,0.06943
2023-11-19 04:00:00,0.0001666666666666,400.47,0.14989,91,0.0,0.33,7.000000000000001e-05,0.06943
2023-11-19 05:00:00,0.0,394.81,0.28867,91,0.0,0.33,8.999999999999999e-05,0.06943
2023-11-19 06:00:00,0.0001666666666666,418.17,0.273665,91,0.0,0.33,0.00233,0.06943
2023-11-19 07:00:00,0.0,426.97,0.151195,91,0.0062161904761904,0.33,0.0055899999999999995,0.06943
2023-11-19 08:00:00,0.0,419.23,0.16207,91,0.0562809523809523,0.33,0.01489,0.06943
2023-11-19 09:00:00,0.0001666666666666,406.85,0.107445,91,0.1906504761904761,0.33,0.01896,0.06943
2023-11-19 10:00:00,0.0,411.05,0.0577399999999999,91,0.3038004761904762,0.33,0.013099999999999999,0.06943
2023-11-19 11:00:00,0.0001666666666666,404.31,0.046355,91,0.3511638095238095,0.33,0.01324,0.06943
2023-11-19 12:00:00,0.0,418.89,0.04174,91,0.3460738095238095,0.33,0.01218,0.06943
2023-11-19 13:00:00,0.0001666666666666,436.05,0.03754,91,0.2750371428571428,0.33,0.01787,0.06943
2023-11-19 14:00:00,0.0,463.59,0.0138,91,0.0969199999999999,0.33,0.03334,0.06943
2023-11-19 15:00:00,0.0001666666666666,481.46,0.000705,91,0.0295319047619047,0.33,0.07318000000000001,0.06943
2023-11-19 16:00:00,0.0,502.27,0.058445,91,0.0009190476190476,0.33,0.08825,0.06943
2023-11-19 17:00:00,0.0001666666666666,510.53,0.1074299999999999,91,0.0,0.33,0.09598999999999999,0.06943
2023-11-19 18:00:00,0.0,518.8,0.0860599999999999,91,0.0,0.33,0.10436,0.06943
2023-11-19 19:00:00,0.0001666666666666,496.54,0.07432,91,0.0,0.33,0.10362,0.06943
2023-11-19 20:00:00,0.0,493.96,0.078845,91,0.0,0.33,0.08892,0.06943
2023-11-19 21:00:00,0.0001666666666666,480.27,0.0624599999999999,91,0.0,0.33,0.08526,0.06943
2023-11-19 22:00:00,0.0,483.79,0.0217849999999999,91,0.0,0.33,0.08805,0.06943
2023-11-19 23:00:00,0.0001666666666666,486.96,0.052795,91,0.0,0.33,0.08005,0.06943
2023-11-20 00:00:00,0.0,480.49,0.10097,91,0.0,0.33,0.0683,0.06943
2023-11-20 01:00:00,0.0001666666666666,477.99,0.1043199999999999,91,0.0,0.33,0.06268,0.06943
2023-11-20 02:00:00,0.0,487.6,0.1314249999999999,91,0.0,0.33,0.05991,0.06943
2023-11-20 03:00:00,0.0001666666666666,494.88,0.2238649999999999,91,0.0,0.33,0.05939,0.06943
2023-11-20 04:00:00,0.0,501.2,0.566635,91,0.0,0.33,0.0644,0.06943
2023-11-20 05:00:00,0.0001666666666666,529.4,0.921235,91,0.0,0.33,0.08043,0.06943
2023-11-20 06:00:00,0.0,531.04,0.976745,91,0.0,0.33,0.10477,0.06943
2023-11-20 07:00:00,0.0001666666666666,524.62,0.928875,91,0.0080585714285714,0.33,0.13047999999999998,0.06943
2023-11-20 08:00:00,0.0,512.47,0.88606,91,0.0371714285714285,0.33,0.13,0.06943
2023-11-20 09:00:00,0.0,508.72,0.82634,91,0.089047619047619,0.33,0.12215999999999999,0.06943
2023-11-20 10:00:00,0.0001666666666666,515.41,0.6721699999999999,91,0.1192642857142857,0.33,0.11504,0.06943
2023-11-20 11:00:00,0.0,506.55,0.52103,91,0.1319223809523809,0.33,0.11139,0.06943
2023-11-20 12:00:00,0.0001666666666666,518.2,0.512935,91,0.0965228571428571,0.33,0.10725,0.06943
2023-11-20 13:00:00,0.0,533.2,0.477675,91,0.0500290476190476,0.33,0.11621,0.06943
2023-11-20 14:00:00,0.0001666666666666,547.5,0.2986749999999999,91,0.0758904761904761,0.33,0.12348999999999999,0.06943
2023-11-20 15:00:00,0.0,558.94,0.336735,91,0.03627,0.33,0.13,0.06943
2023-11-20 16:00:00,0.0001666666666666,559.86,0.458045,91,0.0014323809523809,0.33,0.13685,0.06943
2023-11-20 17:00:00,0.0,554.47,0.403535,91,0.0,0.33,0.14455,0.06943
2023-11-20 18:00:00,0.0001666666666666,557.46,0.3508349999999999,91,0.0,0.33,0.13998,0.06943
2023-11-20 19:00:00,0.0,572.99,0.1982599999999999,91,0.0,0.33,0.13,0.06943
2023-11-20 20:00:00,0.0001666666666666,579.53,0.06422,91,0.0,0.33,0.12,0.06943
2023-11-20 21:00:00,0.0,601.33,0.042355,91,0.0,0.33,0.10701000000000001,0.06943
2023-11-20 22:00:00,0.0001666666666666,605.52,0.018275,91,0.0,0.33,0.10805,0.06943
2023-11-20 23:00:00,0.0,603.0,0.00102,91,0.0,0.33,0.09776,0.06943
2023-11-21 00:00:00,0.0,601.33,0.04483,91,0.0,0.33,0.10275,0.06943
2023-11-21 01:00:00,0.0001666666666666,598.93,0.0773249999999999,91,0.0,0.33,0.09820000000000001,0.06943
2023-11-21 02:00:00,0.0,598.73,0.0633,91,0.0,0.33,0.09612000000000001,0.06943
2023-11-21 03:00:00,0.0001666666666666,600.79,0.094885,91,0.0,0.33,0.09117,0.06943
2023-11-21 04:00:00,0.0,604.75,0.1316449999999999,91,0.0,0.33,0.09575,0.06943
2023-11-21 05:00:00,0.0001666666666666,598.07,0.428865,91,0.0,0.33,0.10104,0.06943
2023-11-21 06:00:00,0.0,571.78,0.752205,91,0.0,0.33,0.12246,0.06943
2023-11-21 07:00:00,0.0001666666666666,546.46,0.90241,91,0.0041233333333333,0.33,0.13574,0.06943
2023-11-21 08:00:00,0.0,549.99,0.91772,91,0.0401180952380952,0.33,0.14188,0.06943
2023-11-21 09:00:00,0.0001666666666666,554.1,0.7277800000000001,91,0.0726166666666666,0.33,0.13692,0.06943
2023-11-21 10:00:00,0.0,545.44,0.6380450000000001,91,0.0986966666666666,0.33,0.135,0.06943
2023-11-21 11:00:00,0.0,539.82,0.599745,91,0.0978,0.33,0.13472,0.06943
2023-11-21 12:00:00,0.0001666666666666,554.85,0.57774,91,0.0860761904761904,0.33,0.13937,0.06943
2023-11-21 13:00:00,0.0,564.52,0.577615,91,0.0854014285714285,0.33,0.1392,0.06943
2023-11-21 14:00:00,0.0001666666666666,587.22,0.56113,91,0.0721442857142857,0.33,0.13838,0.06943
2023-11-21 15:00:00,0.0,596.82,0.62342,91,0.0303790476190476,0.33,0.14145,0.06943
2023-11-21 16:00:00,0.0001666666666666,589.29,0.6508349999999999,91,0.0010619047619047,0.33,0.14271999999999999,0.06943
2023-11-21 17:00:00,0.0,589.28,0.62473,91,0.0,0.33,0.14664,0.06943
2023-11-21 18:00:00,0.0001666666666666,591.53,0.544275,91,0.0,0.33,0.14208,0.06943
2023-11-21 19:00:00,0.0,592.1,0.293085,91,0.0,0.33,0.13235,0.06943
2023-11-21 20:00:00,0.0001666666666666,594.37,0.1048199999999999,91,0.0,0.33,0.12479000000000001,0.06943
2023-11-21 21:00:00,0.0,604.79,0.05993,91,0.0,0.33,0.11052,0.06943
2023-11-21 22:00:00,0.0,606.82,0.0242399999999999,91,0.0,0.33,0.11091,0.06943
2023-11-21 23:00:00,0.0001666666666666,606.26,0.043225,91,0.0,0.33,0.09804,0.06943
2023-11-22 00:00:00,0.0,608.53,0.0786849999999999,91,0.0,0.33,0.098,0.06943
2023-11-22 01:00:00,0.0001666666666666,606.73,0.0788599999999999,91,0.0,0.33,0.09501000000000001,0.06943
2023-11-22 02:00:00,0.0,598.14,0.0843549999999999,91,0.0,0.33,0.09501000000000001,0.06943
2023-11-22 03:00:00,0.0001666666666666,608.47,0.1044449999999999,91,0.0,0.33,0.092,0.06943
2023-11-22 04:00:00,0.0,605.04,0.11365,91,0.0,0.33,0.09248,0.06943
2023-11-22 05:00:00,0.0001666666666666,599.41,0.434425,91,0.0,0.33,0.09473000000000001,0.06943
2023-11-22 06:00:00,0.0,596.67,0.7754499999999999,91,0.0,0.33,0.11992,0.06943
2023-11-22 07:00:00,0.0001666666666666,582.06,0.93258,91,0.0050214285714285,0.33,0.13933,0.06943
2023-11-22 08:00:00,0.0,585.99,0.965515,91,0.0566714285714285,0.33,0.15059,0.06943
2023-11-22 09:00:00,0.0001666666666666,588.71,0.79365,91,0.0927985714285714,0.33,0.13154,0.06943
2023-11-22 10:00:00,0.0,594.45,0.7219700000000001,91,0.1646952380952381,0.33,0.11528000000000001,0.06943
2023-11-22 11:00:00,0.0001666666666666,595.29,0.63559,91,0.1873666666666666,0.33,0.104,0.06943
2023-11-22 12:00:00,0.0,589.73,0.575375,91,0.2055585714285714,0.33,0.09627,0.06943
2023-11-22 13:00:00,0.0,589.98,0.55892,91,0.1161785714285714,0.33,0.10612,0.06943
2023-11-22 14:00:00,0.0001666666666666,595.79,0.5275599999999999,91,0.0725295238095238,0.33,0.12181,0.06943
2023-11-22 15:00:00,0.0,602.63,0.5095999999999999,91,0.024457619047619,0.33,0.12557,0.06943
2023-11-22 16:00:00,0.0001666666666666,605.03,0.6080550000000001,91,0.0012485714285714,0.33,0.13190000000000002,0.06943
2023-11-22 17:00:00,0.0,614.75,0.7409150000000001,91,0.0,0.33,0.1341,0.06943
2023-11-22 18:00:00,0.0001666666666666,612.91,0.647155,91,0.0,0.33,0.12988999999999998,0.06943
2023-11-22 19:00:00,0.0,616.6,0.3595449999999999,91,0.0,0.33,0.11932,0.06943
2023-11-22 20:00:00,0.0001666666666666,623.11,0.1415849999999999,91,0.0,0.33,0.10719,0.06943
2023-11-22 21:00:00,0.0,628.17,0.07187,91,0.0,0.33,0.09083,0.06943
2023-11-22 22:00:00,0.0001666666666666,611.02,0.0356149999999999,91,0.0,0.33,0.09112999999999999,0.06943
2023-11-22 23:00:00,0.0,561.35,0.0772899999999999,91,0.0,0.33,0.07507,0.06943
2023-11-23 00:00:00,0.0001666666666666,540.65,0.123765,91,0.0,0.33,0.06497,0.06943
2023-11-23 01:00:00,0.0,536.69,0.11657,91,0.0,0.33,0.046049999999999994,0.06943
2023-11-23 02:00:00,0.0001666666666666,507.34,0.119285,91,0.0,0.33,0.04112,0.06943
2023-11-23 03:00:00,0.0,507.78,0.16278,91,0.0,0.33,0.03013,0.06943
2023-11-23 04:00:00,0.0001666666666666,517.43,0.35765,91,0.0,0.33,0.05892,0.06943
2023-11-23 05:00:00,0.0,520.89,0.6502,91,0.0,0.33,0.07041,0.06943
2023-11-23 06:00:00,0.0001666666666666,530.47,1.112385,91,0.0,0.33,0.13061,0.06943
2023-11-23 07:00:00,0.0,525.95,1.3229,91,0.0035585714285714,0.33,0.12476000000000001,0.06943
2023-11-23 08:00:00,0.0001666666666666,512.41,1.1351950000000002,91,0.0344180952380952,0.33,0.12557,0.06943
2023-11-23 09:00:00,0.0,497.07,1.046405,91,0.14075,0.33,0.10184,0.06943
2023-11-23 10:00:00,0.0001666666666666,496.83,1.02482,91,0.2302752380952381,0.33,0.08906,0.06943
2023-11-23 11:00:00,0.0,495.87,0.95457,91,0.3200942857142856,0.33,0.0859,0.06943
2023-11-23 12:00:00,0.0001666666666666,499.5,0.87475,91,0.3236357142857143,0.33,0.085,0.06943
2023-11-23 13:00:00,0.0,505.85,0.81252,91,0.2470042857142857,0.33,0.09121,0.06943
2023-11-23 14:00:00,0.0001666666666666,513.68,0.6972200000000001,91,0.0886899999999999,0.33,0.095,0.06943
2023-11-23 15:00:00,0.0,513.96,0.68031,91,0.0312961904761904,0.33,0.1001,0.06943
2023-11-23 16:00:00,0.0001666666666666,516.01,0.83817,91,0.0010395238095238,0.33,0.09511,0.06943
2023-11-23 17:00:00,0.0,517.14,0.927515,91,0.0,0.33,0.105,0.06943
2023-11-23 18:00:00,0.0001666666666666,506.24,0.8347349999999999,91,0.0,0.33,0.09865,0.06943
2023-11-23 19:00:00,0.0,485.82,0.479585,91,0.0,0.33,0.11463,0.06943
2023-11-23 20:00:00,0.0001666666666666,474.4,0.1744249999999999,91,0.0,0.33,0.087,0.06943
2023-11-23 21:00:00,0.0,448.44,0.11353,91,0.0,0.33,0.07231,0.06943
2023-11-23 22:00:00,0.0001666666666666,439.08,0.099715,91,0.0,0.33,0.07215,0.06943
2023-11-23 23:00:00,0.0001666666666666,437.6,0.12997,91,0.0,0.33,0.019559999999999998,0.06943
2023-11-24 00:00:00,0.0,436.13,0.148255,91,0.0,0.33,0.01139,0.06943
2023-11-24 01:00:00,0.0001666666666666,427.39,0.1647499999999999,91,0.0,0.33,0.01126,0.06943
2023-11-24 02:00:00,0.0,429.79,0.3230099999999999,91,0.0,0.33,0.00438,0.06943
2023-11-24 03:00:00,0.0001666666666666,436.23,0.4151649999999999,91,0.0,0.33,0.00229,0.06943
2023-11-24 04:00:00,0.0,469.1,0.3379,91,0.0,0.33,0.008,0.06943
2023-11-24 05:00:00,0.0001666666666666,487.85,0.571975,91,0.0,0.33,0.03297,0.06943
2023-11-24 06:00:00,0.0,502.44,1.13402,91,0.0,0.33,0.08369,0.06943
2023-11-24 07:00:00,0.0001666666666666,495.57,1.31598,91,0.0,0.33,0.10531,0.06943
2023-11-24 08:00:00,0.0,478.86,1.080175,91,0.0021157142857142,0.33,0.11737,0.06943
2023-11-24 09:00:00,0.0001666666666666,468.61,0.95375,91,0.0069861904761904,0.33,0.10517,0.06943
2023-11-24 10:00:00,0.0,466.85,0.8805,91,0.0079395604395604,0.33,0.1,0.06943
2023-11-24 11:00:00,0.0001666666666666,455.72,0.76172,91,0.0098438095238095,0.33,0.09370999999999999,0.06943
2023-11-24 12:00:00,0.0,466.14,0.6702749999999998,91,0.0147947619047619,0.33,0.08968000000000001,0.06943
2023-11-24 13:00:00,0.0001666666666666,491.34,0.62076,91,0.013965238095238,0.33,0.09013,0.06943
2023-11-24 14:00:00,0.0001666666666666,509.33,0.508945,91,0.0108780952380952,0.33,0.102,0.06943
2023-11-24 15:00:00,0.0,520.04,0.454005,91,0.0052495238095238,0.33,0.10945999999999999,0.06943
2023-11-24 16:00:00,0.0001666666666666,511.93,0.555315,91,8.571428571428571e-06,0.33,0.11302,0.06943
2023-11-24 17:00:00,0.0,513.37,0.62742,91,0.0,0.33,0.10769,0.06943
2023-11-24 18:00:00,0.0001666666666666,507.93,0.5216700000000001,91,0.0,0.33,0.10944,0.06943
2023-11-24 19:00:00,0.0,506.03,0.29805,91,0.0,0.33,0.102,0.06943
2023-11-24 20:00:00,0.0001666666666666,523.47,0.170335,91,0.0,0.33,0.08916,0.06943
2023-11-24 21:00:00,0.0,541.93,0.10658,91,0.0,0.33,0.07909000000000001,0.06943
2023-11-24 22:00:00,0.0001666666666666,549.0,0.0937149999999999,91,0.0,0.33,0.08038,0.06943
2023-11-24 23:00:00,0.0,558.81,0.1039199999999999,91,0.0,0.33,0.0761,0.06943
2023-11-25 00:00:00,0.0001666666666666,561.76,0.1073749999999999,91,0.0,0.33,0.07806999999999999,0.06943
2023-11-25 01:00:00,0.0,559.77,0.116995,91,0.0,0.33,0.07403,0.06943
2023-11-25 02:00:00,0.0001666666666666,562.43,0.108095,91,0.0,0.33,0.07207,0.06943
2023-11-25 03:00:00,0.0,564.3,0.2139299999999999,91,0.0,0.33,0.07161,0.06943
2023-11-25 04:00:00,0.0001666666666666,566.95,0.261385,91,0.0,0.33,0.06999,0.06943
2023-11-25 05:00:00,0.0,579.2,0.3473249999999999,91,0.0,0.33,0.07418999999999999,0.06943
2023-11-25 06:00:00,0.0001666666666666,590.95,0.3262849999999999,91,0.0,0.33,0.07981,0.06943
2023-11-25 07:00:00,0.0001666666666666,592.13,0.205365,91,0.0005066666666666,0.33,0.08708,0.06943
2023-11-25 08:00:00,0.0,579.21,0.24541,91,0.0102123809523809,0.33,0.09429000000000001,0.06943
2023-11-25 09:00:00,0.0001666666666666,574.41,0.239625,91,0.021577619047619,0.33,0.09162999999999999,0.06943
2023-11-25 10:00:00,0.0,575.62,0.2187649999999999,91,0.0382885714285714,0.33,0.08917,0.06943
2023-11-25 11:00:00,0.0001666666666666,581.23,0.2145999999999999,91,0.0447661904761904,0.33,0.08706,0.06943
2023-11-25 12:00:00,0.0,588.85,0.1952199999999999,91,0.0313174603174603,0.33,0.08472,0.06943
2023-11-25 13:00:00,0.0001666666666666,594.61,0.174315,91,0.022447619047619,0.33,0.08298,0.06943
2023-11-25 14:00:00,0.0,604.9,0.16274,91,0.0142509523809523,0.33,0.09009,0.06943
2023-11-25 15:00:00,0.0001666666666666,611.26,0.13366,91,0.0108028571428571,0.33,0.09702,0.06943
2023-11-25 16:00:00,0.0,611.97,0.133825,91,0.0002485714285714,0.33,0.11506,0.06943
2023-11-25 17:00:00,0.0001666666666666,615.17,0.1412449999999999,91,0.0,0.33,0.12409999999999999,0.06943
2023-11-25 18:00:00,0.0001666666666666,619.36,0.141155,91,0.0,0.33,0.12756,0.06943
2023-11-25 19:00:00,0.0,624.08,0.25367,91,0.0,0.33,0.1272,0.06943
2023-11-25 20:00:00,0.0001666666666666,624.32,0.314355,91,0.0,0.33,0.12138,0.06943
2023-11-25 21:00:00,0.0,623.25,0.207955,91,0.0,0.33,0.11428,0.06943
2023-11-25 22:00:00,0.0001666666666666,614.75,0.2090349999999999,91,0.0,0.33,0.10241,0.06943
2023-11-25 23:00:00,0.0,588.95,0.26716,91,0.0,0.33,0.08957,0.06943
2023-11-26 00:00:00,0.0001666666666666,568.17,0.266275,91,0.0,0.33,0.07257999999999999,0.06943
2023-11-26 01:00:00,0.0,564.66,0.2643049999999999,91,0.0,0.33,0.08337,0.06943
2023-11-26 02:00:00,0.0001666666666666,564.05,0.256515,91,0.0,0.33,0.07687000000000001,0.06943
2023-11-26 03:00:00,0.0001666666666666,568.5,0.24284,91,0.0,0.33,0.07467,0.06943
2023-11-26 04:00:00,0.0,578.36,0.243475,91,0.0,0.33,0.07684999999999999,0.06943
2023-11-26 05:00:00,0.0001666666666666,591.35,0.430105,91,0.0,0.33,0.07657,0.06943
2023-11-26 06:00:00,0.0,603.85,0.45381,91,0.0,0.33,0.08201,0.06943
2023-11-26 07:00:00,0.0001666666666666,600.19,0.2919299999999999,91,0.0,0.33,0.08019,0.06943
2023-11-26 08:00:00,0.0,598.11,0.304835,91,0.0054857142857142,0.33,0.0788,0.06943
2023-11-26 09:00:00,0.0001666666666666,596.28,0.271715,91,0.012445238095238,0.33,0.08395,0.06943
2023-11-26 10:00:00,0.0001666666666666,591.43,0.2031349999999999,91,0.0076095238095238,0.33,0.07518999999999999,0.06943
2023-11-26 11:00:00,0.0,590.48,0.206365,91,0.0047604761904761,0.33,0.09319,0.06943
2023-11-26 12:00:00,0.0001666666666666,588.84,0.23051,91,0.0046942857142857,0.33,0.08898,0.06943
2023-11-26 13:00:00,0.0,622.85,0.22585,91,0.0047180952380952,0.33,0.09902,0.06943
2023-11-26 14:00:00,0.0001666666666666,636.61,0.1891749999999999,91,0.0028928571428571,0.33,0.1151,0.06943
2023-11-26 15:00:00,0.0,628.95,0.18449,91,0.0001280952380952,0.33,0.12326000000000001,0.06943
2023-11-26 16:00:00,0.0001666666666666,636.02,0.2453249999999999,91,0.0,0.33,0.13415000000000002,0.06943
2023-11-26 17:00:00,0.0001666666666666,642.96,0.2793949999999999,91,0.0,0.33,0.14382,0.06943
2023-11-26 18:00:00,0.0,642.5,0.2953349999999999,91,0.0,0.33,0.14859,0.06943
2023-11-26 19:00:00,0.0001666666666666,643.8,0.327775,91,0.0,0.33,0.1433,0.06943
2023-11-26 20:00:00,0.0,646.7,0.3363799999999999,91,0.0,0.33,0.13591,0.06943
2023-11-26 21:00:00,0.0001666666666666,657.04,0.28547,91,0.0,0.33,0.12240999999999999,0.06943
2023-11-26 22:00:00,0.0,666.57,0.286605,91,0.0,0.33,0.11899,0.06943
2023-11-26 23:00:00,0.0001666666666666,663.27,0.3419799999999999,91,0.0,0.33,0.09966,0.06943
2023-11-27 00:00:00,0.0,666.18,0.3492099999999999,91,0.0,0.33,0.09320999999999999,0.06943
2023-11-27 01:00:00,0.0,673.32,0.39574,91,0.0,0.33,0.08834,0.06943
2023-11-27 02:00:00,0.0,658.99,0.510865,91,0.0,0.33,0.08990000000000001,0.06943
2023-11-27 03:00:00,0.0,662.55,0.83512,91,0.0,0.33,0.08882,0.06943
2023-11-27 04:00:00,0.0,667.52,1.033465,91,0.0,0.33,0.08791,0.06943
2023-11-27 05:00:00,0.0,654.47,1.095155,91,0.0,0.33,0.09409000000000001,0.06943
2023-11-27 06:00:00,0.0,633.69,1.278465,91,0.0,0.33,0.12201000000000001,0.06943
2023-11-27 07:00:00,0.0,635.71,1.316555,91,0.0,0.33,0.13881,0.06943
2023-11-27 08:00:00,0.0,634.17,1.286825,91,0.0,0.33,0.14499,0.06943
2023-11-27 09:00:00,0.0,632.75,1.246705,91,0.0021485714285714,0.33,0.13941,0.06943
2023-11-27 10:00:00,0.0,634.62,1.231065,91,0.0047261904761904,0.33,0.138,0.06943
2023-11-27 11:00:00,0.0,626.62,1.18345,91,0.0074309523809523,0.33,0.13694,0.06943
2023-11-27 12:00:00,0.0,626.26,1.13253,91,0.0123585714285714,0.33,0.13397,0.06943
2023-11-27 13:00:00,0.0,630.87,1.11229,91,0.0137938095238095,0.33,0.13266999999999998,0.06943
2023-11-27 14:00:00,0.0,635.68,1.045165,91,0.0100585714285714,0.33,0.13290000000000002,0.06943
2023-11-27 15:00:00,0.0,640.24,1.045395,91,0.0016314285714285,0.33,0.12929,0.06943
2023-11-27 16:00:00,0.0,631.33,1.08037,91,7.619047619047619e-06,0.33,0.12456,0.06943
2023-11-27 17:00:00,0.0,632.48,1.077825,91,0.0,0.33,0.13144,0.06943
2023-11-27 18:00:00,0.0,630.4,0.948915,91,0.0,0.33,0.12927000000000002,0.06943
2023-11-27 19:00:00,0.0,629.84,0.557025,91,0.0,0.33,0.12543,0.06943
2023-11-27 20:00:00,0.0,633.86,0.29382,91,0.0,0.33,0.11318,0.06943
2023-11-27 21:00:00,0.0,645.83,0.227285,91,0.0,0.33,0.10019,0.06943
2023-11-27 22:00:00,0.0,647.52,0.17156,91,0.0,0.33,0.09601000000000001,0.06943
2023-11-27 23:00:00,0.0,631.3,0.20801,91,0.0,0.33,0.08506999999999999,0.06943
2023-11-28 00:00:00,0.0,639.45,0.225905,91,0.0,0.33,0.07773999999999999,0.06943
2023-11-28 01:00:00,0.0,639.54,0.216605,91,0.0,0.33,0.07049,0.06943
2023-11-28 02:00:00,0.0,623.63,0.28417,91,0.0,0.33,0.06747,0.06943
2023-11-28 03:00:00,0.0,634.73,0.318725,91,0.0,0.33,0.06459000000000001,0.06943
2023-11-28 04:00:00,0.0,643.52,0.273775,91,0.0,0.33,0.06829,0.06943
2023-11-28 05:00:00,0.0,641.42,0.68867,91,0.0,0.33,0.08058,0.06943
2023-11-28 06:00:00,0.0,632.12,1.2223050000000002,91,0.0,0.33,0.0963,0.06943
2023-11-28 07:00:00,0.0,614.67,1.269265,91,0.000227619047619,0.33,0.12179000000000001,0.06943
2023-11-28 08:00:00,0.0,597.51,1.14929,91,0.0058338095238095,0.33,0.13138,0.06943
2023-11-28 09:00:00,0.0,598.99,1.10952,91,0.0159859838274932,0.33,0.13982,0.06943
2023-11-28 10:00:00,0.0,607.17,1.0875549999999998,91,0.0272285714285714,0.33,0.13948,0.06943
2023-11-28 11:00:00,0.0,612.76,0.965765,91,0.0384642857142857,0.33,0.13934,0.06943
2023-11-28 12:00:00,0.0,610.73,0.8704,91,0.0531480952380952,0.33,0.13641999999999999,0.06943
2023-11-28 13:00:00,0.0,607.46,0.97204,91,0.0967695238095238,0.33,0.13851,0.06943
2023-11-28 14:00:00,0.0,607.5,1.01301,91,0.0623238095238095,0.33,0.14427,0.06943
2023-11-28 15:00:00,0.0,615.45,0.93542,91,0.0161061904761904,0.33,0.15,0.06943
2023-11-28 16:00:00,0.0,610.27,0.89,91,0.0004,0.33,0.16401,0.06943
2023-11-28 17:00:00,0.0,606.19,0.957345,91,0.0,0.33,0.18997999999999998,0.06943
2023-11-28 18:00:00,0.0,599.83,0.8980049999999999,91,0.0,0.33,0.177,0.06943
2023-11-28 19:00:00,0.0,601.77,0.4684650000000001,91,0.0,0.33,0.15834,0.06943
2023-11-28 20:00:00,0.0,623.52,0.19157,91,0.0,0.33,0.13866,0.06943
2023-11-28 21:00:00,0.0,635.64,0.16289,91,0.0,0.33,0.12541,0.06943
2023-11-28 22:00:00,0.0,623.16,0.138615,91,0.0,0.33,0.11449,0.06943
2023-11-28 23:00:00,0.0,615.77,0.1687649999999999,91,0.0,0.33,0.10258,0.06943
2023-11-29 00:00:00,0.0,621.58,0.20221,91,0.0,0.33,0.09847,0.06943
2023-11-29 01:00:00,0.0,623.57,0.326615,91,0.0,0.33,0.09579,0.06943
2023-11-29 02:00:00,0.0,627.92,0.417245,91,0.0,0.33,0.09185,0.06943
2023-11-29 03:00:00,0.0,646.33,0.355515,91,0.0,0.33,0.08433,0.06943
2023-11-29 04:00:00,0.0,639.57,0.330895,91,0.0,0.33,0.08444,0.06943
2023-11-29 05:00:00,0.0,622.5,0.801265,91,0.0,0.33,0.09570000000000001,0.06943
2023-11-29 06:00:00,0.0,613.07,1.3535899999999998,91,0.0,0.33,0.11034000000000001,0.06943
2023-11-29 07:00:00,0.0,610.75,1.38453,91,0.0051209523809523,0.33,0.13608,0.06943
2023-11-29 08:00:00,0.0,604.95,1.300655,91,0.0316042857142857,0.33,0.15145,0.06943
2023-11-29 09:00:00,0.0,588.66,1.21199,91,0.073797619047619,0.33,0.1454,0.06943
2023-11-29 10:00:00,0.0,581.12,1.105725,91,0.1154419047619047,0.33,0.13446,0.06943
2023-11-29 11:00:00,0.0,586.71,1.001325,91,0.1271114285714286,0.33,0.13013,0.06943
2023-11-29 12:00:00,0.0,596.33,0.933405,91,0.08236,0.33,0.12869999999999998,0.06943
2023-11-29 13:00:00,0.0,605.28,0.902235,91,0.0595904761904762,0.33,0.13298,0.06943
2023-11-29 14:00:00,0.0,613.77,0.84653,91,0.0356990476190476,0.33,0.14743,0.06943
2023-11-29 15:00:00,0.0,618.33,0.7806850000000001,91,0.0194695238095238,0.33,0.168,0.06943
2023-11-29 16:00:00,0.0,609.69,0.799025,91,0.0004328571428571,0.33,0.2,0.06943
2023-11-29 17:00:00,0.0,610.78,0.85086,91,0.0,0.33,0.25,0.06943
2023-11-29 18:00:00,0.0,615.99,0.750965,91,0.0,0.33,0.25,0.06943
2023-11-29 19:00:00,0.0,608.36,0.405085,91,0.0,0.33,0.2,0.06943
2023-11-29 20:00:00,0.0,618.4,0.1364749999999999,91,0.0,0.33,0.161,0.06943
2023-11-29 21:00:00,0.0,635.36,0.09587,91,0.0,0.33,0.13901,0.06943
2023-11-29 22:00:00,0.0,634.85,0.064875,91,0.0,0.33,0.1285,0.06943
2023-11-29 23:00:00,0.0,637.75,0.09948,91,0.0,0.33,0.11427,0.06943
2023-11-30 00:00:00,0.0,640.19,0.241935,91,0.0,0.33,0.10479000000000001,0.06943
2023-11-30 01:00:00,0.0,638.3,0.263465,91,0.0,0.33,0.10452,0.06943
2023-11-30 02:00:00,0.0,636.61,0.2213049999999999,91,0.0,0.33,0.1022,0.06943
2023-11-30 03:00:00,0.0,643.9,0.24724,91,0.0,0.33,0.1,0.06943
2023-11-30 04:00:00,0.0,639.18,0.2592999999999999,91,0.0,0.33,0.10163,0.06943
2023-11-30 05:00:00,0.0,621.93,0.68757,91,0.0,0.33,0.10629999999999999,0.06943
2023-11-30 06:00:00,0.0,606.0,1.23253,91,0.0,0.33,0.12941,0.06943
2023-11-30 07:00:00,0.0,593.95,1.3286,91,0.001085238095238,0.33,0.16809000000000002,0.06943
2023-11-30 08:00:00,0.0,600.13,1.2063499999999998,91,0.0124409523809523,0.33,0.21927000000000002,0.06943
2023-11-30 09:00:00,0.0,609.26,1.0794499999999998,91,0.0392342857142857,0.33,0.23701,0.06943
2023-11-30 10:00:00,0.0,613.16,1.000975,91,0.0655009523809523,0.33,0.22324000000000002,0.06943
2023-11-30 11:00:00,0.0,625.95,0.8841199999999999,91,0.0713485714285714,0.33,0.22408,0.06943
2023-11-30 12:00:00,0.0,628.62,0.804115,91,0.0654347619047619,0.33,0.19565000000000002,0.06943
2023-11-30 13:00:00,0.0,630.08,0.7835550000000001,91,0.05247,0.33,0.19007,0.06943
2023-11-30 14:00:00,0.0,636.22,0.77997,91,0.0287009523809523,0.33,0.195,0.06943
2023-11-30 15:00:00,0.0,636.56,0.76283,91,0.0075847619047619,0.33,0.195,0.06943
2023-11-30 16:00:00,0.0,626.39,0.738425,91,8.571428571428571e-06,0.33,0.226,0.06943
2023-11-30 17:00:00,0.0,614.44,0.75259,91,0.0,0.33,0.25985,0.06943
2023-11-30 18:00:00,0.0,617.82,0.667135,91,0.0,0.33,0.23388,0.06943
2023-11-30 19:00:00,0.0,614.94,0.349195,91,0.0,0.33,0.19391999999999998,0.06943
2023-11-30 20:00:00,0.0,616.26,0.1036399999999999,91,0.0,0.33,0.15425,0.06943
2023-11-30 21:00:00,0.0,614.73,0.068365,91,0.0,0.33,0.13285,0.06943
2023-11-30 22:00:00,0.0,625.29,0.026005,91,0.0,0.33,0.12517,0.06943
2023-11-30 23:00:00,0.0,619.02,0.0554999999999999,91,0.0,0.33,0.11434,0.06943
2023-12-01 00:00:00,0.0,622.19,0.1031349999999999,91,0.0,0.33,0.10690999999999999,0.07064
2023-12-01 01:00:00,0.0,626.09,0.056335,91,0.0,0.33,0.10263,0.07064
2023-12-01 02:00:00,0.0,630.64,0.00848,91,0.0,0.33,0.0991,0.07064
2023-12-01 03:00:00,0.0,632.94,0.000555,91,0.0,0.33,0.0959,0.07064
2023-12-01 04:00:00,0.0,638.73,2e-05,91,0.0,0.33,0.09606999999999999,0.07064
2023-12-01 05:00:00,0.0,639.67,0.37961,91,0.0,0.33,0.1025,0.07064
2023-12-01 06:00:00,0.0,618.4,0.778975,91,0.0,0.33,0.12032,0.07064
2023-12-01 07:00:00,0.0,622.69,1.000575,91,1.285714285714286e-05,0.33,0.15236000000000002,0.07064
2023-12-01 08:00:00,0.0,622.33,1.20793,91,0.0175314285714285,0.33,0.20442,0.07064
2023-12-01 09:00:00,0.0,624.93,1.04092,91,0.0558971428571428,0.33,0.22456,0.07064
2023-12-01 10:00:00,0.0,626.88,0.829215,91,0.0898923809523809,0.33,0.21788,0.07064
2023-12-01 11:00:00,0.0,627.92,0.79252,91,0.0980933333333333,0.33,0.21622,0.07064
2023-12-01 12:00:00,0.0,622.21,0.77682,91,0.0777790476190476,0.33,0.19958,0.07064
2023-12-01 13:00:00,0.0,621.13,0.77984,91,0.0451938095238095,0.33,0.17642,0.07064
2023-12-01 14:00:00,0.0,618.93,0.845155,91,0.0600547619047619,0.33,0.17567,0.07064
2023-12-01 15:00:00,0.0,611.78,0.880605,91,0.0185766666666666,0.33,0.18480000000000002,0.07064
2023-12-01 16:00:00,0.0,591.31,0.89751,91,0.000197619047619,0.33,0.20041,0.07064
2023-12-01 17:00:00,0.0,593.25,0.970995,91,0.0,0.33,0.22466,0.07064
2023-12-01 18:00:00,0.0,609.81,0.8622700000000001,91,0.0,0.33,0.1978,0.07064
2023-12-01 19:00:00,0.0,607.84,0.47456,91,0.0,0.33,0.1692,0.07064
2023-12-01 20:00:00,0.0,607.72,0.1944699999999999,91,0.0,0.33,0.1428,0.07064
2023-12-01 21:00:00,0.0,612.96,0.1214499999999998,91,0.0,0.33,0.1254,0.07064
2023-12-01 22:00:00,0.0,594.73,0.0663049999999999,91,0.0,0.33,0.1192,0.07064
2023-12-01 23:00:00,0.0,599.2,0.0820799999999999,91,0.0,0.33,0.10828,0.07064
2023-12-02 00:00:00,0.0,589.03,0.1245049999999999,91,0.0,0.33,0.10284,0.07064
2023-12-02 01:00:00,0.0,587.78,0.12804,91,0.0,0.33,0.09877,0.07064
2023-12-02 02:00:00,0.0,588.27,0.288625,91,0.0,0.33,0.09462999999999999,0.07064
2023-12-02 03:00:00,0.0,591.61,0.346925,91,0.0,0.33,0.08767,0.07064
2023-12-02 04:00:00,0.0,596.25,0.2422849999999999,91,0.0,0.33,0.09373000000000001,0.07064
2023-12-02 05:00:00,0.0,597.28,0.345925,91,0.0,0.33,0.09633,0.07064
2023-12-02 06:00:00,0.0,591.16,0.357035,91,0.0,0.33,0.09734000000000001,0.07064
2023-12-02 07:00:00,0.0,584.79,0.32004,91,0.0,0.33,0.10312,0.07064
2023-12-02 08:00:00,0.0,588.43,0.382125,91,0.00443,0.33,0.12034,0.07064
2023-12-02 09:00:00,0.0,586.04,0.34508,91,0.0152095238095238,0.33,0.12799,0.07064
2023-12-02 10:00:00,0.0,588.67,0.300655,91,0.0244433333333333,0.33,0.13075,0.07064
2023-12-02 11:00:00,0.0,591.48,0.3294449999999999,91,0.0283895238095238,0.33,0.12722,0.07064
2023-12-02 12:00:00,0.0,591.6,0.3354049999999999,91,0.0304661904761904,0.33,0.12173,0.07064
2023-12-02 13:00:00,0.0,591.84,0.3062449999999999,91,0.023255238095238,0.33,0.11458,0.07064
2023-12-02 14:00:00,0.0,574.05,0.3410899999999999,91,0.0125361904761904,0.33,0.11852,0.07064
2023-12-02 15:00:00,0.0,570.44,0.3314499999999999,91,0.003645238095238,0.33,0.1235,0.07064
2023-12-02 16:00:00,0.0,568.52,0.30805,91,2.8571428571428573e-06,0.33,0.12979,0.07064
2023-12-02 17:00:00,0.0,570.83,0.3293,91,0.0,0.33,0.13699,0.07064
2023-12-02 18:00:00,0.0,587.95,0.3552349999999999,91,0.0,0.33,0.13266,0.07064
2023-12-02 19:00:00,0.0,588.43,0.39092,91,0.0,0.33,0.12647,0.07064
2023-12-02 20:00:00,0.0,590.68,0.3612249999999999,91,0.0,0.33,0.11508,0.07064
2023-12-02 21:00:00,0.0,593.49,0.262335,91,0.0,0.33,0.10506,0.07064
2023-12-02 22:00:00,0.0,594.71,0.2409199999999999,91,0.0,0.33,0.08811,0.07064
2023-12-02 23:00:00,0.0,603.93,0.3408849999999999,91,0.0,0.33,0.07854000000000001,0.07064
2023-12-03 00:00:00,0.0,597.81,0.420895,91,0.0,0.33,0.07515999999999999,0.07064
2023-12-03 01:00:00,0.0,586.49,0.411085,91,0.0,0.33,0.07338,0.07064
2023-12-03 02:00:00,0.0,602.08,0.43775,91,0.0,0.33,0.08115,0.07064
2023-12-03 03:00:00,0.0,622.02,0.43303,91,0.0,0.33,0.07495,0.07064
2023-12-03 04:00:00,0.0,634.91,0.375235,91,0.0,0.33,0.07092,0.07064
2023-12-03 05:00:00,0.0,638.86,0.481805,91,0.0,0.33,0.08556,0.07064
2023-12-03 06:00:00,0.0,653.52,0.66321,91,0.0,0.33,0.08566,0.07064
2023-12-03 07:00:00,0.0,661.27,0.7425350000000001,91,0.0,0.33,0.08225,0.07064
2023-12-03 08:00:00,0.0,651.17,0.6376050000000001,91,0.0043085714285714,0.33,0.09702,0.07064
2023-12-03 09:00:00,0.0,636.48,0.462965,91,0.0172223809523809,0.33,0.10015,0.07064
2023-12-03 10:00:00,0.0,635.31,0.3998249999999999,91,0.0281195238095238,0.33,0.10496,0.07064
2023-12-03 11:00:00,0.0,638.57,0.411545,91,0.0529809523809523,0.33,0.10507,0.07064
2023-12-03 12:00:00,0.0,640.78,0.662535,91,0.0690071428571428,0.33,0.10291,0.07064
2023-12-03 13:00:00,0.0,643.78,0.697295,91,0.0426942857142857,0.33,0.1,0.07064
2023-12-03 14:00:00,0.0,644.3,0.411215,91,0.0183766666666666,0.33,0.10568000000000001,0.07064
2023-12-03 15:00:00,0.0,630.52,0.3247999999999999,91,0.0047666666666666,0.33,0.115,0.07064
2023-12-03 16:00:00,0.0,632.18,0.5926,91,3.8095238095238094e-06,0.33,0.1222,0.07064
2023-12-03 17:00:00,0.0,636.23,0.646335,91,0.0,0.33,0.1279,0.07064
2023-12-03 18:00:00,0.0,633.1,0.5949249999999999,91,0.0,0.33,0.12905,0.07064
2023-12-03 19:00:00,0.0,648.91,0.593455,91,0.0,0.33,0.12607,0.07064
2023-12-03 20:00:00,0.0,655.06,0.628115,91,0.0,0.33,0.11233,0.07064
2023-12-03 21:00:00,0.0,660.84,0.572495,91,0.0,0.33,0.1,0.07064
2023-12-03 22:00:00,0.0,665.12,0.5952099999999999,91,0.0,0.33,0.09909,0.07064
2023-12-03 23:00:00,0.0,651.39,0.8561049999999999,91,0.0,0.33,0.089,0.07064
2023-12-04 00:00:00,0.0,659.5,0.755395,91,0.0,0.33,0.09386,0.07064
2023-12-04 01:00:00,0.0,661.34,0.72797,91,0.0,0.33,0.08981,0.07064
2023-12-04 02:00:00,0.0,655.42,0.75832,91,0.0,0.33,0.08802,0.07064
2023-12-04 03:00:00,0.0,655.29,0.8873000000000001,91,0.0,0.33,0.08538,0.07064
2023-12-04 04:00:00,0.0,647.04,1.131495,91,0.0,0.33,0.08583,0.07064
2023-12-04 05:00:00,0.0,638.12,1.207825,91,0.0,0.33,0.09325,0.07064
2023-12-04 06:00:00,0.0,625.21,1.291,91,0.0,0.33,0.10790000000000001,0.07064
2023-12-04 07:00:00,0.0,611.7,1.37266,91,0.0,0.33,0.135,0.07064
2023-12-04 08:00:00,0.0,617.51,1.3432849999999998,91,0.0053904761904761,0.33,0.14509,0.07064
2023-12-04 09:00:00,0.0,618.72,1.3344949999999998,91,0.0140195238095238,0.33,0.13134,0.07064
2023-12-04 10:00:00,0.0,613.5,1.3113400000000002,91,0.0258328571428571,0.33,0.13043000000000002,0.07064
2023-12-04 11:00:00,0.0,613.85,1.220995,91,0.0314838095238095,0.33,0.13069999999999998,0.07064
2023-12-04 12:00:00,0.0,614.42,1.12002,91,0.0293861904761904,0.33,0.12649,0.07064
2023-12-04 13:00:00,0.0,616.91,1.108315,91,0.0249714285714285,0.33,0.13431,0.07064
2023-12-04 14:00:00,0.0,618.12,1.057895,91,0.0103042857142857,0.33,0.13176,0.07064
2023-12-04 15:00:00,0.0,611.25,1.017395,91,0.0046538095238095,0.33,0.135,0.07064
2023-12-04 16:00:00,0.0,607.19,1.02899,91,0.0,0.33,0.14221,0.07064
2023-12-04 17:00:00,0.0,614.83,1.04419,91,0.0,0.33,0.14892,0.07064
2023-12-04 18:00:00,0.0,618.65,0.8677849999999999,91,0.0,0.33,0.14149,0.07064
2023-12-04 19:00:00,0.0,636.05,0.422825,91,0.0,0.33,0.12927000000000002,0.07064
2023-12-04 20:00:00,0.0,647.93,0.1712649999999999,91,0.0,0.33,0.11785999999999999,0.07064
2023-12-04 21:00:00,0.0,648.92,0.1239949999999999,91,0.0,0.33,0.10554999999999999,0.07064
2023-12-04 22:00:00,0.0,647.67,0.087725,91,0.0,0.33,0.1,0.07064
2023-12-04 23:00:00,0.0,639.37,0.11295,91,0.0,0.33,0.09176000000000001,0.07064
2023-12-05 00:00:00,0.0,639.92,0.146885,91,0.0,0.33,0.09085,0.07064
2023-12-05 01:00:00,0.0,642.81,0.276265,91,0.0,0.33,0.08801,0.07064
2023-12-05 02:00:00,0.0,635.03,0.337885,91,0.0,0.33,0.08573,0.07064
2023-12-05 03:00:00,0.0,639.07,0.26883,91,0.0,0.33,0.08362,0.07064
2023-12-05 04:00:00,0.0,641.69,0.3945099999999999,91,0.0,0.33,0.08471,0.07064
2023-12-05 05:00:00,0.0,615.76,0.868845,91,0.0,0.33,0.09101999999999999,0.07064
2023-12-05 06:00:00,0.0,603.89,1.232295,91,0.0,0.33,0.10876000000000001,0.07064
2023-12-05 07:00:00,0.0,600.96,1.247895,91,2.8095238095238093e-05,0.33,0.12523,0.07064
2023-12-05 08:00:00,0.0,602.62,1.298875,91,0.0082238095238095,0.33,0.145,0.07064
2023-12-05 09:00:00,0.0,602.14,1.247255,91,0.0224448979591836,0.33,0.145,0.07064
2023-12-05 10:00:00,0.0,603.67,1.067975,91,0.0469880952380952,0.33,0.14308,0.07064
2023-12-05 11:00:00,0.0,605.11,0.96856,91,0.0488371428571428,0.33,0.13724,0.07064
2023-12-05 12:00:00,0.0,608.27,0.917405,91,0.1040066666666666,0.33,0.13194999999999998,0.07064
2023-12-05 13:00:00,0.0,609.04,0.88958,91,0.1032819047619047,0.33,0.1323,0.07064
2023-12-05 14:00:00,0.0,610.3,0.8454999999999999,91,0.0380547619047619,0.33,0.14,0.07064
2023-12-05 15:00:00,0.0,601.2,0.821285,91,0.0118114285714285,0.33,0.13506,0.07064
2023-12-05 16:00:00,0.0,607.0,0.862945,91,0.0001780952380952,0.33,0.14767,0.07064
2023-12-05 17:00:00,0.0,606.06,0.90857,91,0.0,0.33,0.151,0.07064
2023-12-05 18:00:00,0.0,607.37,0.790285,91,0.0,0.33,0.14747,0.07064
2023-12-05 19:00:00,0.0,627.3,0.40892,91,0.0,0.33,0.14156,0.07064
2023-12-05 20:00:00,0.0,646.33,0.147545,91,0.0,0.33,0.12863,0.07064
2023-12-05 21:00:00,0.0,662.47,0.1003749999999999,91,0.0,0.33,0.11783,0.07064
2023-12-05 22:00:00,0.0,666.68,0.051785,91,0.0,0.33,0.11155,0.07064
2023-12-05 23:00:00,0.0,657.16,0.079745,91,0.0,0.33,0.10328,0.07064
2023-12-06 00:00:00,0.0,658.75,0.261805,91,0.0,0.33,0.09497,0.07064
2023-12-06 01:00:00,0.0,654.09,0.300845,91,0.0,0.33,0.09309999999999999,0.07064
2023-12-06 02:00:00,0.0,655.99,0.2504,91,0.0,0.33,0.09257,0.07064
2023-12-06 03:00:00,0.0,659.8,0.296045,91,0.0,0.33,0.09096,0.07064
2023-12-06 04:00:00,0.0,660.23,0.31844,91,0.0,0.33,0.09059,0.07064
2023-12-06 05:00:00,0.0,653.75,0.8008350000000001,91,0.0,0.33,0.09389,0.07064
2023-12-06 06:00:00,0.0,626.94,1.335615,91,0.0,0.33,0.10825,0.07064
2023-12-06 07:00:00,0.0,623.27,1.400615,91,0.0,0.33,0.13381,0.07064
2023-12-06 08:00:00,0.0,624.56,1.4120099999999998,91,0.0103242857142857,0.33,0.167,0.07064
2023-12-06 09:00:00,0.0,623.72,1.368785,91,0.0179414285714285,0.33,0.16654,0.07064
2023-12-06 10:00:00,0.0,620.3,1.226235,91,0.0376566666666666,0.33,0.15,0.07064
2023-12-06 11:00:00,0.0,622.16,1.0419699999999998,91,0.0534104761904761,0.33,0.14629,0.07064
2023-12-06 12:00:00,0.0,621.65,0.861145,91,0.0622723809523809,0.33,0.14507,0.07064
2023-12-06 13:00:00,0.0,619.6,0.7772450000000001,91,0.0476090476190476,0.33,0.14071,0.07064
2023-12-06 14:00:00,0.0,616.06,0.7889900000000001,91,0.0382985714285714,0.33,0.1406,0.07064
2023-12-06 15:00:00,0.0,623.94,0.841355,91,0.010065238095238,0.33,0.14399,0.07064
2023-12-06 16:00:00,0.0,623.42,0.88775,91,8.571428571428573e-05,0.33,0.164,0.07064
2023-12-06 17:00:00,0.0,624.74,0.918405,91,0.0,0.33,0.17807,0.07064
2023-12-06 18:00:00,0.0,627.66,0.8877799999999999,91,0.0,0.33,0.16528,0.07064
2023-12-06 19:00:00,0.0,638.19,1.0186,91,0.0,0.33,0.14993,0.07064
2023-12-06 20:00:00,0.0,644.63,1.078585,91,0.0,0.33,0.12991,0.07064
2023-12-06 21:00:00,0.0,649.39,0.8306,91,0.0,0.33,0.11568,0.07064
2023-12-06 22:00:00,0.0,656.84,0.8074699999999999,91,0.0,0.33,0.10733,0.07064
2023-12-06 23:00:00,0.0,658.08,0.898265,91,0.0,0.33,0.10044,0.07064
2023-12-07 00:00:00,0.0,651.28,0.89466,91,0.0,0.33,0.0992,0.07064
2023-12-07 01:00:00,0.0,641.21,0.9255,91,0.0,0.33,0.09784999999999999,0.07064
2023-12-07 02:00:00,0.0,625.74,0.96045,91,0.0,0.33,0.09686,0.07064
2023-12-07 03:00:00,0.0,636.64,0.99722,91,0.0,0.33,0.09181,0.07064
2023-12-07 04:00:00,0.0,643.67,1.029695,91,0.0,0.33,0.08992,0.07064
2023-12-07 05:00:00,0.0,637.33,1.116265,91,0.0,0.33,0.09453,0.07064
2023-12-07 06:00:00,0.0,607.05,1.23309,91,0.0,0.33,0.11597,0.07064
2023-12-07 07:00:00,0.0,600.96,0.6346649999999999,91,0.0003757142857142,0.33,0.13122,0.07064
2023-12-07 08:00:00,0.0,602.28,0.0,91,0.0153180952380952,0.33,0.15,0.07064
2023-12-07 09:00:00,0.0,605.37,0.0,91,0.082197619047619,0.33,0.1377,0.07064
2023-12-07 10:00:00,0.0,605.57,0.0,91,0.1227495238095238,0.33,0.13323,0.07064
2023-12-07 11:00:00,0.0,610.86,0.0,91,0.1705595238095238,0.33,0.13751,0.07064
2023-12-07 12:00:00,0.0,609.69,0.0,91,0.1456185714285714,0.33,0.13865,0.07064
2023-12-07 13:00:00,0.0,617.17,0.8898800000000001,91,0.0663580952380952,0.33,0.13522,0.07064
2023-12-07 14:00:00,0.0,620.14,1.43003,91,0.0411619047619047,0.33,0.135,0.07064
2023-12-07 15:00:00,0.0,614.86,1.093155,91,0.0115261904761904,0.33,0.13541,0.07064
2023-12-07 16:00:00,0.0,612.63,1.03392,91,3.333333333333333e-05,0.33,0.135,0.07064
2023-12-07 17:00:00,0.0,617.04,0.94091,91,0.0,0.33,0.13369999999999999,0.07064
2023-12-07 18:00:00,0.0,622.6,0.81022,91,0.0,0.33,0.12935,0.07064
2023-12-07 19:00:00,0.0,623.6,0.44216,91,0.0,0.33,0.11493,0.07064
2023-12-07 20:00:00,0.0,628.75,0.151515,91,0.0,0.33,0.11034000000000001,0.07064
2023-12-07 21:00:00,0.0,643.01,0.1002649999999999,91,0.0,0.33,0.10593000000000001,0.07064
2023-12-07 22:00:00,0.0,646.2,0.041545,91,0.0,0.33,0.10089000000000001,0.07064
2023-12-07 23:00:00,0.0,646.4,0.065405,91,0.0,0.33,0.08708,0.07064
2023-12-08 00:00:00,0.0,649.71,0.114415,91,0.0,0.33,0.08709,0.07064
2023-12-08 01:00:00,0.0,650.91,0.112465,91,0.0,0.33,0.08326,0.07064
2023-12-08 02:00:00,0.0,651.88,0.214085,91,0.0,0.33,0.08143,0.07064
2023-12-08 03:00:00,0.0,648.67,0.20153,91,0.0,0.33,0.07952,0.07064
2023-12-08 04:00:00,0.0,631.82,0.14123,91,0.0,0.33,0.08,0.07064
2023-12-08 05:00:00,0.0,627.26,0.5509799999999999,91,0.0,0.33,0.08704,0.07064
2023-12-08 06:00:00,0.0,621.28,1.170065,91,0.0,0.33,0.10393000000000001,0.07064
2023-12-08 07:00:00,0.0,606.88,1.330775,91,1.238095238095238e-05,0.33,0.11304,0.07064
2023-12-08 08:00:00,0.0,604.93,1.18416,91,0.0158890476190476,0.33,0.11713,0.07064
2023-12-08 09:00:00,0.0,602.96,1.10313,91,0.0709595238095238,0.33,0.12098,0.07064
2023-12-08 10:00:00,0.0,601.94,1.058195,91,0.1120247619047619,0.33,0.11978,0.07064
2023-12-08 11:00:00,0.0,598.96,1.018995,91,0.1879838095238095,0.33,0.11963,0.07064
2023-12-08 12:00:00,0.0,604.78,0.987575,91,0.2029080952380952,0.33,0.11887,0.07064
2023-12-08 13:00:00,0.0,604.82,0.938905,91,0.0532823809523809,0.33,0.11608,0.07064
2023-12-08 14:00:00,0.0,606.38,0.86239,91,0.0280233333333333,0.33,0.11815,0.07064
2023-12-08 15:00:00,0.0,614.82,0.8306600000000001,91,0.0053123809523809,0.33,0.11953,0.07064
2023-12-08 16:00:00,0.0,612.18,0.840445,91,1.4285714285714286e-06,0.33,0.11835999999999999,0.07064
2023-12-08 17:00:00,0.0,615.84,0.8150149999999999,91,0.0,0.33,0.12007,0.07064
2023-12-08 18:00:00,0.0,622.52,0.73828,91,0.0,0.33,0.1186,0.07064
2023-12-08 19:00:00,0.0,620.46,0.4239799999999999,91,0.0,0.33,0.11092,0.07064
2023-12-08 20:00:00,0.0,632.21,0.130435,91,0.0,0.33,0.10664,0.07064
2023-12-08 21:00:00,0.0,644.2,0.0773249999999999,91,0.0,0.33,0.10112,0.07064
2023-12-08 22:00:00,0.0,634.84,0.02796,91,0.0,0.33,0.10158,0.07064
2023-12-08 23:00:00,0.0,578.11,0.045735,91,0.0,0.33,0.09058,0.07064
2023-12-09 00:00:00,0.0,555.02,0.08925,91,0.0,0.33,0.095,0.07064
2023-12-09 01:00:00,0.0,553.99,0.0884999999999999,91,0.0,0.33,0.0851,0.07064
2023-12-09 02:00:00,0.0,544.86,0.0902449999999999,91,0.0,0.33,0.07948999999999999,0.07064
2023-12-09 03:00:00,0.0,542.49,0.0926249999999999,91,0.0,0.33,0.07307,0.07064
2023-12-09 04:00:00,0.0,550.96,0.08788,91,0.0,0.33,0.07023,0.07064
2023-12-09 05:00:00,0.0,531.57,0.20403,91,0.0,0.33,0.0728,0.07064
2023-12-09 06:00:00,0.0,512.61,0.38213,91,0.0,0.33,0.07604000000000001,0.07064
2023-12-09 07:00:00,0.0,509.48,0.291785,91,0.0006966666666666,0.33,0.08479,0.07064
2023-12-09 08:00:00,0.0,501.17,0.167845,91,0.025847619047619,0.33,0.09029000000000001,0.07064
2023-12-09 09:00:00,0.0,484.92,0.1986149999999999,91,0.092447619047619,0.33,0.09856000000000001,0.07064
2023-12-09 10:00:00,0.0,486.72,0.207505,91,0.1705857142857143,0.33,0.09814,0.07064
2023-12-09 11:00:00,0.0,485.65,0.15407,91,0.1956004761904761,0.33,0.10148,0.07064
2023-12-09 12:00:00,0.0,491.23,0.085725,91,0.168267619047619,0.33,0.10313,0.07064
2023-12-09 13:00:00,0.0,487.04,0.07736,91,0.1223509523809523,0.33,0.10396,0.07064
2023-12-09 14:00:00,0.0,500.34,0.1642599999999999,91,0.0595790476190476,0.33,0.10134,0.07064
2023-12-09 15:00:00,0.0,494.36,0.1844199999999999,91,0.0138661904761904,0.33,0.09827,0.07064
2023-12-09 16:00:00,0.0,500.43,0.1615299999999999,91,0.0001138095238095,0.33,0.1,0.07064
2023-12-09 17:00:00,0.0,498.41,0.18557,91,0.0,0.33,0.11016,0.07064
2023-12-09 18:00:00,0.0,496.31,0.18296,91,0.0,0.33,0.1227,0.07064
2023-12-09 19:00:00,0.0,494.26,0.1614799999999999,91,0.0,0.33,0.1,0.07064
2023-12-09 20:00:00,0.0,496.76,0.1241399999999999,91,0.0,0.33,0.087,0.07064
2023-12-09 21:00:00,0.0,491.83,0.0941199999999999,91,0.0,0.33,0.0874,0.07064
2023-12-09 22:00:00,0.0,470.94,0.0649899999999999,91,0.0,0.33,0.06631000000000001,0.07064
2023-12-09 23:00:00,0.0,449.64,0.1058499999999999,91,0.0,0.33,0.04618,0.07064
2023-12-10 00:00:00,0.0,434.8,0.1670999999999999,91,0.0,0.33,0.03537,0.07064
2023-12-10 01:00:00,0.0,433.04,0.0943899999999999,91,0.0,0.33,0.02638,0.07064
2023-12-10 02:00:00,0.0,429.72,0.05316,91,0.0,0.33,0.02085,0.07064
2023-12-10 03:00:00,0.0,424.78,0.086445,91,0.0,0.33,0.01298,0.07064
2023-12-10 04:00:00,0.0,429.26,0.07069,91,0.0,0.33,0.01684,0.07064
2023-12-10 05:00:00,0.0,431.22,0.07069,91,0.0,0.33,0.023059999999999997,0.07064
2023-12-10 06:00:00,0.0,435.96,0.07069,91,0.0,0.33,0.026690000000000002,0.07064
2023-12-10 07:00:00,0.0,448.78,0.07069,91,0.0008538095238095,0.33,0.04981,0.07064
2023-12-10 08:00:00,0.0,451.6,0.07069,91,0.0254161904761904,0.33,0.06811,0.07064
2023-12-10 09:00:00,0.0,457.25,0.07069,91,0.1022290476190476,0.33,0.0881,0.07064
2023-12-10 10:00:00,0.0,442.31,0.07069,91,0.1860061904761904,0.33,0.09,0.07064
2023-12-10 11:00:00,0.0,428.49,0.07069,91,0.2640071428571428,0.33,0.07449,0.07064
2023-12-10 12:00:00,0.0,420.09,0.07069,91,0.2484528571428571,0.33,0.07359,0.07064
2023-12-10 13:00:00,0.0,429.58,0.07069,91,0.1556523809523809,0.33,0.0733,0.07064
2023-12-10 14:00:00,0.0,442.0,0.07069,91,0.07661,0.33,0.07592,0.07064
2023-12-10 15:00:00,0.0,461.79,0.07069,91,0.020397619047619,0.33,0.07403,0.07064
2023-12-10 16:00:00,0.0,481.05,0.07069,91,0.0003490476190476,0.33,0.095,0.07064
2023-12-10 17:00:00,0.0,492.58,0.07069,91,0.0,0.33,0.10726999999999999,0.07064
2023-12-10 18:00:00,0.0,490.84,0.07069,91,0.0,0.33,0.1,0.07064
2023-12-10 19:00:00,0.0,499.84,0.07069,91,0.0,0.33,0.1,0.07064
2023-12-10 20:00:00,0.0,505.1,0.07069,91,0.0,0.33,0.10037,0.07064
2023-12-10 21:00:00,0.0,504.49,0.07069,91,0.0,0.33,0.09,0.07064
2023-12-10 22:00:00,0.0,503.14,0.07069,91,0.0,0.33,0.07714,0.07064
2023-12-10 23:00:00,0.0,463.94,0.07069,91,0.0,0.33,0.06865,0.07064
2023-12-11 00:00:00,0.0,458.0,0.07069,91,0.0,0.33,0.03743,0.07064
2023-12-11 01:00:00,0.0,451.53,0.07069,91,0.0,0.33,0.021670000000000002,0.07064
2023-12-11 02:00:00,0.0,449.36,0.07069,91,0.0,0.33,0.019350000000000003,0.07064
2023-12-11 03:00:00,0.0,481.01,0.07069,91,0.0,0.33,0.016030000000000003,0.07064
2023-12-11 04:00:00,0.0,507.56,0.45358,91,0.0,0.33,0.01945,0.07064
2023-12-11 05:00:00,0.0,532.99,1.039905,91,0.0,0.33,0.05804,0.07064
2023-12-11 06:00:00,0.0,533.24,1.09055,91,0.0,0.33,0.12143000000000001,0.07064
2023-12-11 07:00:00,0.0,537.49,1.01983,91,0.0002795238095238,0.33,0.13939,0.07064
2023-12-11 08:00:00,0.0,536.76,1.058115,91,0.0105433333333333,0.33,0.12706,0.07064
2023-12-11 09:00:00,0.0,525.49,0.93398,91,0.03562,0.33,0.125,0.07064
2023-12-11 10:00:00,0.0,537.17,0.852755,91,0.0677961904761904,0.33,0.10679999999999999,0.07064
2023-12-11 11:00:00,0.0,540.9,0.795335,91,0.1339885714285714,0.33,0.10094,0.07064
2023-12-11 12:00:00,0.0,554.5,0.7379599999999998,91,0.2050009523809524,0.33,0.10318000000000001,0.07064
2023-12-11 13:00:00,0.0,565.4,0.7300599999999999,91,0.1249114285714285,0.33,0.10369,0.07064
2023-12-11 14:00:00,0.0,566.66,0.6871300000000001,91,0.0652042857142857,0.33,0.10826999999999999,0.07064
2023-12-11 15:00:00,0.0,567.16,0.6626200000000001,91,0.0176623809523809,0.33,0.11081999999999999,0.07064
2023-12-11 16:00:00,0.0,568.73,0.67274,91,0.0003061904761904,0.33,0.11309999999999999,0.07064
2023-12-11 17:00:00,0.0,579.36,0.6461,91,0.0,0.33,0.12440999999999999,0.07064
2023-12-11 18:00:00,0.0,584.51,0.51221,91,0.0,0.33,0.12591,0.07064
2023-12-11 19:00:00,0.0,589.21,0.2484199999999999,91,0.0,0.33,0.12262,0.07064
2023-12-11 20:00:00,0.0,596.25,0.065655,91,0.0,0.33,0.11604,0.07064
2023-12-11 21:00:00,0.0,619.51,0.0512149999999999,91,0.0,0.33,0.10128,0.07064
2023-12-11 22:00:00,0.0,622.59,0.033065,91,0.0,0.33,0.09523000000000001,0.07064
2023-12-11 23:00:00,0.0,613.61,0.0011599999999999,91,0.0,0.33,0.08695,0.07064
2023-12-12 00:00:00,0.0,617.4,0.0002099999999999,91,0.0,0.33,0.08762,0.07064
2023-12-12 01:00:00,0.0,619.93,0.03119,91,0.0,0.33,0.08706,0.07064
2023-12-12 02:00:00,0.0,624.26,0.04251,91,0.0,0.33,0.08562,0.07064
2023-12-12 03:00:00,0.0,623.16,0.056135,91,0.0,0.33,0.08442,0.07064
2023-12-12 04:00:00,0.0,614.38,0.0840699999999999,91,0.0,0.33,0.08658,0.07064
2023-12-12 05:00:00,0.0,605.83,0.367605,91,0.0,0.33,0.08865,0.07064
2023-12-12 06:00:00,0.0,600.01,0.7880950000000001,91,0.0,0.33,0.11139,0.07064
2023-12-12 07:00:00,0.0,586.0,1.00129,91,0.000495238095238,0.33,0.12478,0.07064
2023-12-12 08:00:00,0.0,569.8,0.962735,91,0.0170966666666666,0.33,0.14527,0.07064
2023-12-12 09:00:00,0.0,552.13,0.788925,91,0.0719247619047619,0.33,0.13404,0.07064
2023-12-12 10:00:00,0.0,542.92,0.724475,91,0.0902961904761904,0.33,0.13122999999999999,0.07064
2023-12-12 11:00:00,0.0,545.69,0.6955450000000001,91,0.1076452380952381,0.33,0.12621,0.07064
2023-12-12 12:00:00,0.0,557.66,0.60971,91,0.1050271428571428,0.33,0.12678,0.07064
2023-12-12 13:00:00,0.0,582.32,0.54663,91,0.0730285714285714,0.33,0.12835,0.07064
2023-12-12 14:00:00,0.0,597.34,0.557485,91,0.0364780952380952,0.33,0.12642,0.07064
2023-12-12 15:00:00,0.0,594.04,0.5466799999999999,91,0.0090609523809523,0.33,0.12788,0.07064
2023-12-12 16:00:00,0.0,589.94,0.511425,91,4.714285714285714e-05,0.33,0.11666,0.07064
2023-12-12 17:00:00,0.0,591.25,0.48663,91,0.0,0.33,0.11589,0.07064
2023-12-12 18:00:00,0.0,592.56,0.4104699999999999,91,0.0,0.33,0.11272,0.07064
2023-12-12 19:00:00,0.0,594.71,0.2125049999999999,91,0.0,0.33,0.10485,0.07064
2023-12-12 20:00:00,0.0,587.95,0.0672649999999999,91,0.0,0.33,0.10263,0.07064
2023-12-12 21:00:00,0.0,597.98,0.0493849999999999,91,0.0,0.33,0.09484000000000001,0.07064
2023-12-12 22:00:00,0.0,604.29,0.02523,91,0.0,0.33,0.08472,0.07064
2023-12-12 23:00:00,0.0,596.17,0.0012,91,0.0,0.33,0.08163,0.07064
2023-12-13 00:00:00,0.0,601.47,0.00025,91,0.0,0.33,0.07789,0.07064
2023-12-13 01:00:00,0.0,593.64,0.0297599999999999,91,0.0,0.33,0.07539,0.07064
2023-12-13 02:00:00,0.0,588.38,0.0491249999999999,91,0.0,0.33,0.07407,0.07064
2023-12-13 03:00:00,0.0,589.46,0.0624149999999999,91,0.0,0.33,0.07182,0.07064
2023-12-13 04:00:00,0.0,605.87,0.0738549999999999,91,0.0,0.33,0.07312,0.07064
2023-12-13 05:00:00,0.0,606.85,0.3466149999999999,91,0.0,0.33,0.07740000000000001,0.07064
2023-12-13 06:00:00,0.0,595.6,0.4070312409845449,91,0.0,0.33,0.08974,0.07064
2023-12-13 07:00:00,0.0,598.17,0.6337012409845448,91,0.0,0.33,0.10926999999999999,0.07064
2023-12-13 08:00:00,0.0,597.95,0.93386,91,0.0083290476190476,0.33,0.10761,0.07064
2023-12-13 09:00:00,0.0,590.0,0.7458049999999999,91,0.0144795238095238,0.33,0.11131999999999999,0.07064
2023-12-13 10:00:00,0.0,591.02,0.701475,91,0.04496,0.33,0.10859,0.07064
2023-12-13 11:00:00,0.0,590.79,0.60751,91,0.0498928571428571,0.33,0.10928,0.07064
2023-12-13 12:00:00,0.0,602.08,0.6039849999999999,91,0.0461742857142857,0.33,0.10754000000000001,0.07064
2023-12-13 13:00:00,0.0,600.43,0.57931,91,0.0341990476190476,0.33,0.11109000000000001,0.07064
2023-12-13 14:00:00,0.0,598.4,0.515975,91,0.018145238095238,0.33,0.11054,0.07064
2023-12-13 15:00:00,0.0,601.01,0.58902,91,0.004317619047619,0.33,0.11481,0.07064
2023-12-13 16:00:00,0.0,603.17,0.6195849999999999,91,7.142857142857143e-06,0.33,0.11337,0.07064
2023-12-13 17:00:00,0.0,606.14,0.62007,91,0.0,0.33,0.11504,0.07064
2023-12-13 18:00:00,0.0,610.42,0.47763,91,0.0,0.33,0.11112999999999999,0.07064
2023-12-13 19:00:00,0.0,620.75,0.2871849999999999,91,0.0,0.33,0.10765999999999999,0.07064
2023-12-13 20:00:00,0.0,618.78,0.1842349999999999,91,0.0,0.33,0.10006,0.07064
2023-12-13 21:00:00,0.0,629.43,0.0885299999999999,91,0.0,0.33,0.09087999999999999,0.07064
2023-12-13 22:00:00,0.0,627.09,0.0239649999999999,91,0.0,0.33,0.09234999999999999,0.07064
2023-12-13 23:00:00,0.0,617.42,0.040665,91,0.0,0.33,0.08425,0.07064
2023-12-14 00:00:00,0.0,620.7,0.0783199999999999,91,0.0,0.33,0.07734,0.07064
2023-12-14 01:00:00,0.0,629.22,0.0803699999999999,91,0.0,0.33,0.07625,0.07064
2023-12-14 02:00:00,0.0,625.95,0.07464,91,0.0,0.33,0.07692,0.07064
2023-12-14 03:00:00,0.0,627.01,0.1015949999999999,91,0.0,0.33,0.07676000000000001,0.07064
2023-12-14 04:00:00,0.0,628.61,0.124195,91,0.0,0.33,0.0785,0.07064
2023-12-14 05:00:00,0.0,626.02,0.38005,91,0.0,0.33,0.08239,0.07064
2023-12-14 06:00:00,0.0,614.13,0.8713799999999999,91,0.0,0.33,0.1003,0.07064
2023-12-14 07:00:00,0.0,604.08,1.17346,91,0.0,0.33,0.11919,0.07064
2023-12-14 08:00:00,0.0,596.13,1.12381,91,0.0091933333333333,0.33,0.1296,0.07064
2023-12-14 09:00:00,0.0,588.35,0.99208,91,0.0311880952380952,0.33,0.12484,0.07064
2023-12-14 10:00:00,0.0,583.62,0.920285,91,0.0356395238095238,0.33,0.125,0.07064
2023-12-14 11:00:00,0.0,586.59,0.795465,91,0.0349747619047619,0.33,0.12605,0.07064
2023-12-14 12:00:00,0.0,590.16,0.7634599999999999,91,0.0331323809523809,0.33,0.11794,0.07064
2023-12-14 13:00:00,0.0,603.64,0.720795,91,0.0285095238095238,0.33,0.12143000000000001,0.07064
2023-12-14 14:00:00,0.0,605.92,0.65963,91,0.0166499999999999,0.33,0.12224,0.07064
2023-12-14 15:00:00,0.0,607.85,0.670155,91,0.0081599999999999,0.33,0.12830000000000003,0.07064
2023-12-14 16:00:00,0.0,608.37,0.74539,91,0.0001695238095238,0.33,0.13,0.07064
2023-12-14 17:00:00,0.0,614.29,0.8088500000000001,91,0.0,0.33,0.12815000000000001,0.07064
2023-12-14 18:00:00,0.0,611.75,0.6992350000000002,91,0.0,0.33,0.12615,0.07064
2023-12-14 19:00:00,0.0,613.62,0.364315,91,0.0,0.33,0.11586,0.07064
2023-12-14 20:00:00,0.0,616.4,0.11233,91,0.0,0.33,0.10413,0.07064
2023-12-14 21:00:00,0.0,612.32,0.079695,91,0.0,0.33,0.09620000000000001,0.07064
2023-12-14 22:00:00,0.0,621.89,0.03494,91,0.0,0.33,0.09445999999999999,0.07064
2023-12-14 23:00:00,0.0,622.63,0.041865,91,0.0,0.33,0.08557,0.07064
2023-12-15 00:00:00,0.0,609.82,0.0687549999999999,91,0.0,0.33,0.08631,0.07064
2023-12-15 01:00:00,0.0,588.85,0.0686749999999999,91,0.0,0.33,0.08308,0.07064
2023-12-15 02:00:00,0.0,572.07,0.095705,91,0.0,0.33,0.08033,0.07064
2023-12-15 03:00:00,0.0,583.78,0.10805,91,0.0,0.33,0.07679000000000001,0.07064
2023-12-15 04:00:00,0.0,625.68,0.1175499999999999,91,0.0,0.33,0.07515999999999999,0.07064
2023-12-15 05:00:00,0.0,631.48,0.3759349999999999,91,0.0,0.33,0.08041,0.07064
2023-12-15 06:00:00,0.0,613.17,0.941955,91,0.0,0.33,0.09597,0.07064
2023-12-15 07:00:00,0.0,595.56,1.279965,91,0.0,0.33,0.10845,0.07064
2023-12-15 08:00:00,0.0,590.69,1.24647,91,0.0071333333333333,0.33,0.1215,0.07064
2023-12-15 09:00:00,0.0,589.57,1.099745,91,0.0202647619047619,0.33,0.11831,0.07064
2023-12-15 10:00:00,0.0,583.17,0.968125,91,0.0333938095238095,0.33,0.10997,0.07064
2023-12-15 11:00:00,0.0,586.14,0.893995,91,0.0422952380952381,0.33,0.1034,0.07064
2023-12-15 12:00:00,0.0,586.94,0.749615,91,0.0403171428571428,0.33,0.09609000000000001,0.07064
2023-12-15 13:00:00,0.0,591.94,0.6324850000000001,91,0.0318685714285714,0.33,0.09051000000000001,0.07064
2023-12-15 14:00:00,0.0,608.4,0.614455,91,0.0146909523809523,0.33,0.09064,0.07064
2023-12-15 15:00:00,0.0,609.66,0.594495,91,0.0036557142857142,0.33,0.09626,0.07064
2023-12-15 16:00:00,0.0,614.3,0.6653950000000001,91,0.0,0.33,0.10357,0.07064
2023-12-15 17:00:00,0.0,613.04,0.8122950000000001,91,0.0,0.33,0.10542,0.07064
2023-12-15 18:00:00,0.0,616.04,0.7567149999999999,91,0.0,0.33,0.10387,0.07064
2023-12-15 19:00:00,0.0,614.61,0.3990249999999999,91,0.0,0.33,0.09558,0.07064
2023-12-15 20:00:00,0.0,616.68,0.122525,91,0.0,0.33,0.09336,0.07064
2023-12-15 21:00:00,0.0,621.2,0.068145,91,0.0,0.33,0.08836,0.07064
2023-12-15 22:00:00,0.0,601.84,0.0273899999999999,91,0.0,0.33,0.08677,0.07064
2023-12-15 23:00:00,0.0,551.44,0.06232,91,0.0,0.33,0.07671,0.07064
2023-12-16 00:00:00,0.0,519.79,0.11979,91,0.0,0.33,0.06720000000000001,0.07064
2023-12-16 01:00:00,0.0,522.1,0.1317949999999999,91,0.0,0.33,0.06321,0.07064
2023-12-16 02:00:00,0.0,521.53,0.1498699999999999,91,0.0,0.33,0.06037,0.07064
2023-12-16 03:00:00,0.0,535.16,0.314745,91,0.0,0.33,0.058,0.07064
2023-12-16 04:00:00,0.0,538.84,0.35122,91,0.0,0.33,0.0541,0.07064
2023-12-16 05:00:00,0.0,524.28,0.296505,91,0.0,0.33,0.05564,0.07064
2023-12-16 06:00:00,0.0,531.59,0.253345,91,0.0,0.33,0.059340000000000004,0.07064
2023-12-16 07:00:00,0.0,538.95,0.25764,91,0.0,0.33,0.06509999999999999,0.07064
2023-12-16 08:00:00,0.0,527.44,0.30744,91,0.0057380952380952,0.33,0.07989,0.07064
2023-12-16 09:00:00,0.0,489.91,0.242375,91,0.023385238095238,0.33,0.08375,0.07064
2023-12-16 10:00:00,0.0,462.5,0.2067649999999999,91,0.0403580952380952,0.33,0.08181999999999999,0.07064
2023-12-16 11:00:00,0.0,472.09,0.16769,91,0.0435509523809523,0.33,0.07689,0.07064
2023-12-16 12:00:00,0.0,486.5,0.134095,91,0.0363642857142857,0.33,0.07314,0.07064
2023-12-16 13:00:00,0.0,502.34,0.106805,91,0.0302404761904761,0.33,0.07144,0.07064
2023-12-16 14:00:00,0.0,522.86,0.0965549999999999,91,0.017177619047619,0.33,0.07654999999999999,0.07064
2023-12-16 15:00:00,0.0,538.72,0.0900999999999999,91,0.003855238095238,0.33,0.08043,0.07064
2023-12-16 16:00:00,0.0,538.02,0.1053549999999999,91,0.0,0.33,0.08020999999999999,0.07064
2023-12-16 17:00:00,0.0,546.18,0.1189799999999999,91,0.0,0.33,0.08882999999999999,0.07064
2023-12-16 18:00:00,0.0,544.3,0.1221849999999999,91,0.0,0.33,0.09015000000000001,0.07064
2023-12-16 19:00:00,0.0,541.86,0.1155399999999999,91,0.0,0.33,0.082,0.07064
2023-12-16 20:00:00,0.0,540.27,0.126395,91,0.0,0.33,0.07565999999999999,0.07064
2023-12-16 21:00:00,0.0,534.36,0.277835,91,0.0,0.33,0.06289,0.07064
2023-12-16 22:00:00,0.0,525.44,0.325125,91,0.0,0.33,0.06297,0.07064
2023-12-16 23:00:00,0.0,521.29,0.25659,91,0.0,0.33,0.05163,0.07064
2023-12-17 00:00:00,0.0,518.04,0.242205,91,0.0,0.33,0.0461,0.07064
2023-12-17 01:00:00,0.0,515.33,0.25979,91,0.0,0.33,0.04437,0.07064
2023-12-17 02:00:00,0.0,520.14,0.321085,91,0.0,0.33,0.047159999999999994,0.07064
2023-12-17 03:00:00,0.0,518.19,0.331405,91,0.0,0.33,0.02932,0.07064
2023-12-17 04:00:00,0.0,515.76,0.341045,91,0.0,0.33,0.02649,0.07064
2023-12-17 05:00:00,0.0,519.87,0.49208,91,0.0,0.33,0.03032,0.07064
2023-12-17 06:00:00,0.0,518.82,0.4797099999999999,91,0.0,0.33,0.040060000000000005,0.07064
2023-12-17 07:00:00,0.0,515.56,0.457675,91,0.0,0.33,0.04671,0.07064
2023-12-17 08:00:00,0.0,484.45,0.4993100000000001,91,0.0057766666666666,0.33,0.05801,0.07064
2023-12-17 09:00:00,0.0,429.26,0.35342,91,0.0318880952380952,0.33,0.05917,0.07064
2023-12-17 10:00:00,0.0,390.09,0.304235,91,0.05037,0.33,0.05443,0.07064
2023-12-17 11:00:00,0.0,391.75,0.36507,91,0.0381342857142857,0.33,0.049,0.07064
2023-12-17 12:00:00,0.0,400.34,0.324635,91,0.0426166666666666,0.33,0.04371,0.07064
2023-12-17 13:00:00,0.0,435.79,0.1615099999999999,91,0.0544757142857142,0.33,0.041479999999999996,0.07064
2023-12-17 14:00:00,0.0,494.62,0.0896399999999999,91,0.0674657142857142,0.33,0.055310000000000005,0.07064
2023-12-17 15:00:00,0.0,521.47,0.0831949999999999,91,0.0155223809523809,0.33,0.06033,0.07064
2023-12-17 16:00:00,0.0,530.92,0.1016099999999999,91,0.0002557142857142,0.33,0.09112,0.07064
2023-12-17 17:00:00,0.0,526.16,0.14512,91,0.0,0.33,0.10859,0.07064
2023-12-17 18:00:00,0.0,522.33,0.3002099999999999,91,0.0,0.33,0.10062,0.07064
2023-12-17 19:00:00,0.0,520.95,0.3071149999999999,91,0.0,0.33,0.0846,0.07064
2023-12-17 20:00:00,0.0,518.11,0.1960299999999999,91,0.0,0.33,0.08729,0.07064
2023-12-17 21:00:00,0.0,516.55,0.2422199999999999,91,0.0,0.33,0.07515999999999999,0.07064
2023-12-17 22:00:00,0.0,517.87,0.40301,91,0.0,0.33,0.0584,0.07064
2023-12-17 23:00:00,0.0,505.74,0.54998,91,0.0,0.33,0.04874,0.07064
2023-12-18 00:00:00,0.0,514.98,0.4889349999999999,91,0.0,0.33,0.055380000000000006,0.07064
2023-12-18 01:00:00,0.0,520.67,0.38381,91,0.0,0.33,0.05652,0.07064
2023-12-18 02:00:00,0.0,528.21,0.427355,91,0.0,0.33,0.053520000000000005,0.07064
2023-12-18 03:00:00,0.0,533.0,0.82567,91,0.0,0.33,0.052399999999999995,0.07064
2023-12-18 04:00:00,0.0,537.03,1.1202949999999998,91,0.0,0.33,0.05597,0.07064
2023-12-18 05:00:00,0.0,548.45,1.15699,91,0.0,0.33,0.06720000000000001,0.07064
2023-12-18 06:00:00,0.0,562.9,1.274365,91,0.0,0.33,0.09240999999999999,0.07064
2023-12-18 07:00:00,0.0,559.09,1.371115,91,0.0,0.33,0.10934999999999999,0.07064
2023-12-18 08:00:00,0.0,547.14,1.406245,91,0.0104119047619047,0.33,0.11381000000000001,0.07064
2023-12-18 09:00:00,0.0,523.93,1.375745,91,0.033385238095238,0.33,0.10375,0.07064
2023-12-18 10:00:00,0.0,505.66,1.42081,91,0.0697704761904761,0.33,0.08903,0.07064
2023-12-18 11:00:00,0.0,508.19,1.3079,91,0.0875614285714285,0.33,0.08117,0.07064
2023-12-18 12:00:00,0.0,513.09,1.069285,91,0.0917404761904761,0.33,0.07489,0.07064
2023-12-18 13:00:00,0.0,546.08,0.927945,91,0.0712761904761904,0.33,0.07612000000000001,0.07064
2023-12-18 14:00:00,0.0,566.56,0.828605,91,0.0291271428571428,0.33,0.08442,0.07064
2023-12-18 15:00:00,0.0,568.77,0.763255,91,0.0074971428571428,0.33,0.09203,0.07064
2023-12-18 16:00:00,0.0,569.82,0.8066599999999999,91,8.571428571428573e-05,0.33,0.09534999999999999,0.07064
2023-12-18 17:00:00,0.0,561.98,0.900265,91,0.0,0.33,0.10237,0.07064
2023-12-18 18:00:00,0.0,565.49,0.84563,91,0.0,0.33,0.10216,0.07064
2023-12-18 19:00:00,0.0,568.99,0.46552,91,0.0,0.33,0.1,0.07064
2023-12-18 20:00:00,0.0,571.61,0.147315,91,0.0,0.33,0.09154000000000001,0.07064
2023-12-18 21:00:00,0.0,556.15,0.11334,91,0.0,0.33,0.07634,0.07064
2023-12-18 22:00:00,0.0,539.96,0.055975,91,0.0,0.33,0.06356,0.07064
2023-12-18 23:00:00,0.0,529.88,0.0922199999999999,91,0.0,0.33,0.05321,0.07064
2023-12-19 00:00:00,0.0,526.75,0.225555,91,0.0,0.33,0.0631,0.07064
2023-12-19 01:00:00,0.0,533.91,0.300655,91,0.0,0.33,0.06337,0.07064
2023-12-19 02:00:00,0.0,537.09,0.3088749999999999,91,0.0,0.33,0.06489,0.07064
2023-12-19 03:00:00,0.0,534.67,0.3068399999999999,91,0.0,0.33,0.06313,0.07064
2023-12-19 04:00:00,0.0,551.4,0.3368549999999999,91,0.0,0.33,0.062270000000000006,0.07064
2023-12-19 05:00:00,0.0,549.67,0.8029699999999999,91,0.0,0.33,0.06573999999999999,0.07064
2023-12-19 06:00:00,0.0,547.89,1.310535,91,0.0,0.33,0.095,0.07064
2023-12-19 07:00:00,0.0,553.43,1.37604,91,0.0,0.33,0.09348000000000001,0.07064
2023-12-19 08:00:00,0.0,555.31,1.3899800000000002,91,0.0043957142857142,0.33,0.10229,0.07064
2023-12-19 09:00:00,0.0,540.34,1.34473,91,0.0161442857142857,0.33,0.095,0.07064
2023-12-19 10:00:00,0.0,516.72,1.23529,91,0.029487619047619,0.33,0.0861,0.07064
2023-12-19 11:00:00,0.0,517.15,1.13041,91,0.0365480952380952,0.33,0.07970999999999999,0.07064
2023-12-19 12:00:00,0.0,510.91,0.9873,91,0.036755238095238,0.33,0.0765,0.07064
2023-12-19 13:00:00,0.0,529.02,0.82737,91,0.0330314285714285,0.33,0.0772,0.07064
2023-12-19 14:00:00,0.0,553.4,0.71019,91,0.0173685714285714,0.33,0.08205,0.07064
2023-12-19 15:00:00,0.0,561.11,0.6930299999999999,91,0.00419,0.33,0.09097,0.07064
2023-12-19 16:00:00,0.0,562.6,0.791065,91,1.3809523809523813e-05,0.33,0.09082,0.07064
2023-12-19 17:00:00,0.0,571.08,0.873825,91,0.0,0.33,0.0866,0.07064
2023-12-19 18:00:00,0.0,573.89,0.84811,91,0.0,0.33,0.08658,0.07064
2023-12-19 19:00:00,0.0,570.61,0.47525,91,0.0,0.33,0.08552,0.07064
2023-12-19 20:00:00,0.0,569.46,0.116935,91,0.0,0.33,0.08192,0.07064
2023-12-19 21:00:00,0.0,566.01,0.082715,91,0.0,0.33,0.07654999999999999,0.07064
2023-12-19 22:00:00,0.0,553.91,0.03208,91,0.0,0.33,0.07257999999999999,0.07064
2023-12-19 23:00:00,0.0,519.71,0.0704,91,0.0,0.33,0.059590000000000004,0.07064
2023-12-20 00:00:00,0.0,521.26,0.122985,91,0.0,0.33,0.05785,0.07064
2023-12-20 01:00:00,0.0,523.23,0.1055249999999999,91,0.0,0.33,0.05048,0.07064
2023-12-20 02:00:00,0.0,523.76,0.1210999999999999,91,0.0,0.33,0.048,0.07064
2023-12-20 03:00:00,0.0,524.79,0.1640299999999999,91,0.0,0.33,0.039979999999999995,0.07064
2023-12-20 04:00:00,0.0,527.93,0.4195549999999999,91,0.0,0.33,0.05489,0.07064
2023-12-20 05:00:00,0.0,546.64,0.848805,91,0.0,0.33,0.05683,0.07064
2023-12-20 06:00:00,0.0,549.53,1.115595,91,0.0,0.33,0.088,0.07064
2023-12-20 07:00:00,0.0,545.08,1.301315,91,3.0476190476190475e-05,0.33,0.10053,0.07064
2023-12-20 08:00:00,0.0,546.04,1.27807,91,0.0117323809523809,0.33,0.11209999999999999,0.07064
2023-12-20 09:00:00,0.0,529.17,1.1072,91,0.0472214285714285,0.33,0.103,0.07064
2023-12-20 10:00:00,0.0,516.18,1.035135,91,0.1489457142857143,0.33,0.088,0.07064
2023-12-20 11:00:00,0.0,507.13,0.919665,91,0.2402404761904762,0.33,0.07548,0.07064
2023-12-20 12:00:00,0.0,502.74,0.8590650000000001,91,0.1397338095238095,0.33,0.06820999999999999,0.07064
2023-12-20 13:00:00,0.0,497.96,0.856485,91,0.1494442857142857,0.33,0.07667,0.07064
2023-12-20 14:00:00,0.0,511.26,0.8368699999999999,91,0.0600719047619047,0.33,0.07942,0.07064
2023-12-20 15:00:00,0.0,518.41,0.86719,91,0.0204728571428571,0.33,0.08721999999999999,0.07064
2023-12-20 16:00:00,0.0,519.3,0.89946,91,0.0001214285714285,0.33,0.088,0.07064
2023-12-20 17:00:00,0.0,524.54,0.92257,91,0.0,0.33,0.083,0.07064
2023-12-20 18:00:00,0.0,526.7,0.808325,91,0.0,0.33,0.08156000000000001,0.07064
2023-12-20 19:00:00,0.0,529.86,0.41619,91,0.0,0.33,0.08184000000000001,0.07064
2023-12-20 20:00:00,0.0,528.45,0.1588099999999999,91,0.0,0.33,0.07758,0.07064
2023-12-20 21:00:00,0.0,519.56,0.1217999999999999,91,0.0,0.33,0.06633,0.07064
2023-12-20 22:00:00,0.0,515.41,0.04622,91,0.0,0.33,0.06142,0.07064
2023-12-20 23:00:00,0.0,503.37,0.050775,91,0.0,0.33,0.05008,0.07064
2023-12-21 00:00:00,0.0,490.25,0.0970499999999999,91,0.0,0.33,0.03443,0.07064
2023-12-21 01:00:00,0.0,492.69,0.0956549999999999,91,0.0,0.33,0.030690000000000002,0.07064
2023-12-21 02:00:00,0.0,464.89,0.12373,91,0.0,0.33,0.02568,0.07064
2023-12-21 03:00:00,0.0,460.31,0.320065,91,0.0,0.33,0.01239,0.07064
2023-12-21 04:00:00,0.0,484.99,0.4766549999999999,91,0.0,0.33,0.01122,0.07064
2023-12-21 05:00:00,0.0,504.98,0.70558,91,0.0,0.33,0.0442,0.07064
2023-12-21 06:00:00,0.0,501.7,1.161225,91,0.0,0.33,0.07808,0.07064
2023-12-21 07:00:00,0.0,498.26,1.39752,91,0.0,0.33,0.11117,0.07064
2023-12-21 08:00:00,0.0,491.46,1.31213,91,0.0076304761904761,0.33,0.10840000000000001,0.07064
2023-12-21 09:00:00,0.0,472.29,1.18462,91,0.0334757142857142,0.33,0.105,0.07064
2023-12-21 10:00:00,0.0,469.23,1.063815,91,0.0600466666666666,0.33,0.08929000000000001,0.07064
2023-12-21 11:00:00,0.0,467.2,0.90119,91,0.0671252380952381,0.33,0.076,0.07064
2023-12-21 12:00:00,0.0,463.21,0.90932,91,0.0760180952380952,0.33,0.09337000000000001,0.07064
2023-12-21 13:00:00,0.0,470.95,0.94649,91,0.0581690476190476,0.33,0.08595,0.07064
2023-12-21 14:00:00,0.0,473.47,0.92431,91,0.0281566666666666,0.33,0.08481999999999999,0.07064
2023-12-21 15:00:00,0.0,475.49,0.961585,91,0.0084604761904761,0.33,0.1,0.07064
2023-12-21 16:00:00,0.0,474.66,0.963745,91,7.666666666666666e-05,0.33,0.11061,0.07064
2023-12-21 17:00:00,0.0,478.07,0.942415,91,0.0,0.33,0.10186,0.07064
2023-12-21 18:00:00,0.0,473.4,0.8047049999999999,91,0.0,0.33,0.09541,0.07064
2023-12-21 19:00:00,0.0,470.49,0.420355,91,0.0,0.33,0.09569,0.07064
2023-12-21 20:00:00,0.0,456.21,0.156435,91,0.0,0.33,0.078,0.07064
2023-12-21 21:00:00,0.0,459.23,0.10435,91,0.0,0.33,0.055159999999999994,0.07064
2023-12-21 22:00:00,0.0,472.12,0.0376,91,0.0,0.33,0.038270000000000005,0.07064
2023-12-21 23:00:00,0.0,477.71,0.06375,91,0.0,0.33,0.01747,0.07064
2023-12-22 00:00:00,0.0,481.12,0.097285,91,0.0,0.33,0.00363,0.07064
2023-12-22 01:00:00,0.0,487.24,0.07081,91,0.0,0.33,0.00272,0.07064
2023-12-22 02:00:00,0.0,486.2,0.086305,91,0.0,0.33,0.00113,0.07064
2023-12-22 03:00:00,0.0,483.77,0.1117849999999999,91,0.0,0.33,0.00087,0.07064
2023-12-22 04:00:00,0.0,489.4,0.22476,91,0.0,0.33,0.001,0.07064
2023-12-22 05:00:00,0.0,474.3,0.4532449999999999,91,0.0,0.33,0.00592,0.07064
2023-12-22 06:00:00,0.0,475.91,0.792085,91,0.0,0.33,0.013009999999999999,0.07064
2023-12-22 07:00:00,0.0,467.17,1.130645,91,0.0,0.33,0.032409999999999994,0.07064
2023-12-22 08:00:00,0.0,462.47,1.10031,91,0.0060509316770186,0.33,0.05002,0.07064
2023-12-22 09:00:00,0.0,448.65,0.91587,91,0.013697619047619,0.33,0.03746,0.07064
2023-12-22 10:00:00,0.0,483.55,0.85474,91,0.0193314285714285,0.33,0.03,0.07064
2023-12-22 11:00:00,0.0,486.85,0.74777,91,0.0227423809523809,0.33,0.02852,0.07064
2023-12-22 12:00:00,0.0,488.48,0.6846800000000001,91,0.0226180952380952,0.33,0.03043,0.07064
2023-12-22 13:00:00,0.0,492.62,0.7048000000000001,91,0.0172985714285714,0.33,0.030760000000000003,0.07064
2023-12-22 14:00:00,0.0,491.55,0.74259,91,0.0089580952380952,0.33,0.0338,0.07064
2023-12-22 15:00:00,0.0,489.12,0.75246,91,0.0017233333333333,0.33,0.04127,0.07064
2023-12-22 16:00:00,0.0,488.75,0.7183,91,0.0,0.33,0.04786,0.07064
2023-12-22 17:00:00,0.0,487.9,0.729135,91,0.0,0.33,0.04863,0.07064
2023-12-22 18:00:00,0.0,490.71,0.581625,91,0.0,0.33,0.05139,0.07064
2023-12-22 19:00:00,0.0,486.73,0.2760499999999999,91,0.0,0.33,0.04539,0.07064
2023-12-22 20:00:00,0.0,489.55,0.121675,91,0.0,0.33,0.033530000000000004,0.07064
2023-12-22 21:00:00,0.0,486.64,0.092165,91,0.0,0.33,0.02813,0.07064
2023-12-22 22:00:00,0.0,490.4,0.04409,91,0.0,0.33,0.03041,0.07064
2023-12-22 23:00:00,0.0,494.57,0.053425,91,0.0,0.33,0.012,0.07064
2023-12-23 00:00:00,0.0,505.99,0.1003999999999999,91,0.0,0.33,0.00161,0.07064
2023-12-23 01:00:00,0.0,486.24,0.09521,91,0.0,0.33,0.0002,0.07064
2023-12-23 02:00:00,0.0,488.04,0.0954599999999999,91,0.0,0.33,2.9999999999999997e-05,0.07064
2023-12-23 03:00:00,0.0,490.48,0.09762,91,0.0,0.33,0.0,0.07064
2023-12-23 04:00:00,0.0,486.53,0.20603,91,0.0,0.33,0.0,0.07064
2023-12-23 05:00:00,0.0,491.3,0.19708,91,0.0,0.33,0.0,0.07064
2023-12-23 06:00:00,0.0,494.67,0.092,91,0.0,0.33,0.00013000000000000002,0.07064
2023-12-23 07:00:00,0.0,502.87,0.288545,91,0.0,0.33,0.00743,0.07064
2023-12-23 08:00:00,0.0,498.63,0.26718,91,0.0067614285714285,0.33,0.02,0.07064
2023-12-23 09:00:00,0.0,510.8,0.089665,91,0.0295414285714285,0.33,0.04208,0.07064
2023-12-23 10:00:00,0.0,502.79,0.060335,91,0.0461080952380952,0.33,0.04183,0.07064
2023-12-23 11:00:00,0.0,496.07,0.001025,91,0.052695238095238,0.33,0.04591,0.07064
2023-12-23 12:00:00,0.0,485.18,0.00017,91,0.0267304761904761,0.33,0.04722,0.07064
2023-12-23 13:00:00,0.0,490.29,0.0,91,0.0130533333333333,0.33,0.04904,0.07064
2023-12-23 14:00:00,0.0,501.09,0.0,91,0.0087523809523809,0.33,0.05136,0.07064
2023-12-23 15:00:00,0.0,503.78,0.0,91,0.0025061904761904,0.33,0.05152,0.07064
2023-12-23 16:00:00,0.0,517.74,0.0,91,0.0,0.33,0.054439999999999995,0.07064
2023-12-23 17:00:00,0.0,521.3,0.0,91,0.0,0.33,0.06456,0.07064
2023-12-23 18:00:00,0.0,521.84,0.0,91,0.0,0.33,0.06477,0.07064
2023-12-23 19:00:00,0.0,506.52,0.0,91,0.0,0.33,0.059789999999999996,0.07064
2023-12-23 20:00:00,0.0,484.14,0.0,91,0.0,0.33,0.052289999999999996,0.07064
2023-12-23 21:00:00,0.0,476.35,0.0,91,0.0,0.33,0.040729999999999995,0.07064
2023-12-23 22:00:00,0.0,476.63,0.2664049999999999,91,0.0,0.33,0.02157,0.07064
2023-12-23 23:00:00,0.0,448.1,0.2681649999999999,91,0.0,0.33,0.00869,0.07064
2023-12-24 00:00:00,0.0,470.18,0.06214,91,0.0,0.33,0.0034,0.07064
2023-12-24 01:00:00,0.0,481.78,0.120575,91,0.0,0.33,0.00146,0.07064
2023-12-24 02:00:00,0.0,477.27,0.269455,91,0.0,0.33,0.0027,0.07064
2023-12-24 03:00:00,0.0,473.41,0.340395,91,0.0,0.33,0.00234,0.07064
2023-12-24 04:00:00,0.0,477.02,0.35742,91,0.0,0.33,0.00146,0.07064
2023-12-24 05:00:00,0.0,476.95,0.33338,91,0.0,0.33,0.0005200000000000001,0.07064
2023-12-24 06:00:00,0.0,464.85,0.25857,91,0.0,0.33,0.00474,0.07064
2023-12-24 07:00:00,0.0,443.38,0.30723,91,0.0,0.33,0.00667,0.07064
2023-12-24 08:00:00,0.0,441.39,0.285585,91,0.0035309523809523,0.33,0.00883,0.07064
2023-12-24 09:00:00,0.0,433.5,0.132265,91,0.0303742857142857,0.33,0.010060000000000001,0.07064
2023-12-24 10:00:00,0.0,434.17,0.00295,91,0.1604990476190476,0.33,0.00887,0.07064
2023-12-24 11:00:00,0.0,435.19,0.000515,91,0.1283871428571428,0.33,0.008919999999999999,0.07064
2023-12-24 12:00:00,0.0,439.12,0.0,91,0.1099419047619047,0.33,0.008060000000000001,0.07064
2023-12-24 13:00:00,0.0,433.15,0.0,91,0.0570623809523809,0.33,0.005,0.07064
2023-12-24 14:00:00,0.0,415.19,0.0,91,0.017037619047619,0.33,0.00217,0.07064
2023-12-24 15:00:00,0.0,405.33,0.0,91,0.0087390476190476,0.33,-0.00421,0.07064
2023-12-24 16:00:00,0.0,398.55,0.0,91,0.0002485714285714,0.33,-0.01709,0.07064
2023-12-24 17:00:00,0.0,398.66,0.47201,91,0.0,0.33,-0.01443,0.07064
2023-12-24 18:00:00,0.0,403.44,0.60139,91,0.0,0.33,-0.00614,0.07064
2023-12-24 19:00:00,0.0,416.04,0.24683,91,0.0,0.33,-0.00799,0.07064
2023-12-24 20:00:00,0.0,409.37,0.1955949999999999,91,0.0,0.33,-0.00449,0.07064
2023-12-24 21:00:00,0.0,419.26,0.2956049999999999,91,0.0,0.33,-0.00092,0.07064
2023-12-24 22:00:00,0.0,444.77,0.25955,91,0.0,0.33,0.001,0.07064
2023-12-24 23:00:00,0.0,445.33,0.195315,91,0.0,0.33,-0.00216,0.07064
2023-12-25 00:00:00,0.0,449.64,0.370855,91,0.0,0.33,-0.00357,0.07064
2023-12-25 01:00:00,0.0,449.76,0.37182,91,0.0,0.33,-0.00277,0.07064
2023-12-25 02:00:00,0.0,455.38,0.341515,91,0.0,0.33,-0.00496,0.07064
2023-12-25 03:00:00,0.0,453.07,0.670295,91,0.0,0.33,-0.00941,0.07064
2023-12-25 04:00:00,0.0,444.54,1.104255,91,0.0,0.33,-0.01315,0.07064
2023-12-25 05:00:00,0.0,439.68,0.93038,91,0.0,0.33,-0.00424,0.07064
2023-12-25 06:00:00,0.0,454.41,0.5535,91,0.0,0.33,-0.006549999999999999,0.07064
2023-12-25 07:00:00,0.0,434.64,0.4217299999999999,91,4.333333333333333e-05,0.33,-0.00544,0.07064
2023-12-25 08:00:00,0.0,433.23,0.3716399999999999,91,0.0193385714285714,0.33,-0.00011999999999999999,0.07064
2023-12-25 09:00:00,0.0,431.86,0.3709849999999999,91,0.0763995238095238,0.33,-0.00063,0.07064
2023-12-25 10:00:00,0.0,429.72,0.322285,91,0.1777666666666666,0.33,-5.9999999999999995e-05,0.07064
2023-12-25 11:00:00,0.0,426.13,0.266765,91,0.2393323809523809,0.33,0.00029,0.07064
2023-12-25 12:00:00,0.0,429.92,0.238115,91,0.2373828571428571,0.33,-1e-05,0.07064
2023-12-25 13:00:00,0.0,441.58,0.20513,91,0.1672719047619047,0.33,0.0,0.07064
2023-12-25 14:00:00,0.0,446.48,0.161985,91,0.0708738095238095,0.33,2e-05,0.07064
2023-12-25 15:00:00,0.0,455.52,0.14115,91,0.0199442857142857,0.33,0.00249,0.07064
2023-12-25 16:00:00,0.0,459.7,0.1672799999999999,91,0.0006733333333333,0.33,0.01246,0.07064
2023-12-25 17:00:00,0.0,462.87,0.20461,91,0.0,0.33,0.02069,0.07064
2023-12-25 18:00:00,0.0,452.79,0.208055,91,0.0,0.33,0.01957,0.07064
2023-12-25 19:00:00,0.0,445.75,0.29935,91,0.0,0.33,0.01507,0.07064
2023-12-25 20:00:00,0.0,438.16,0.44496,91,0.0,0.33,0.01,0.07064
2023-12-25 21:00:00,0.0,449.55,0.3566199999999999,91,0.0,0.33,0.005,0.07064
2023-12-25 22:00:00,0.0,463.46,0.362355,91,0.0,0.33,0.00528,0.07064
2023-12-25 23:00:00,0.0,457.33,0.44086,91,0.0,0.33,8e-05,0.07064
2023-12-26 00:00:00,0.0,476.41,0.432925,91,0.0,0.33,0.0,0.07064
2023-12-26 01:00:00,0.0,477.87,0.4517549999999999,91,0.0,0.33,2.9999999999999997e-05,0.07064
2023-12-26 02:00:00,0.0,469.68,0.485685,91,0.0,0.33,0.0,0.07064
2023-12-26 03:00:00,0.0,468.47,0.464705,91,0.0,0.33,-0.00159,0.07064
2023-12-26 04:00:00,0.0,461.53,0.791205,91,0.0,0.33,-0.00232,0.07064
2023-12-26 05:00:00,0.0,458.06,1.218705,91,0.0,0.33,-0.00088,0.07064
2023-12-26 06:00:00,0.0,454.93,0.92978,91,0.0,0.33,-0.00023999999999999998,0.07064
2023-12-26 07:00:00,0.0,444.75,0.50173,91,0.0,0.33,0.00034,0.07064
2023-12-26 08:00:00,0.0,431.44,0.38169,91,0.0171814285714285,0.33,0.00047,0.07064
2023-12-26 09:00:00,0.0,421.66,0.3600399999999999,91,0.0648880952380952,0.33,0.00362,0.07064
2023-12-26 10:00:00,0.0,417.54,0.292515,91,0.1198519047619047,0.33,0.0029,0.07064
2023-12-26 11:00:00,0.0,423.01,0.253865,91,0.2372361904761905,0.33,0.00151,0.07064
2023-12-26 12:00:00,0.0,412.08,0.240645,91,0.2277023809523809,0.33,0.00031,0.07064
2023-12-26 13:00:00,0.0,423.25,0.2078449999999999,91,0.1570209523809523,0.33,0.00017999999999999998,0.07064
2023-12-26 14:00:00,0.0,434.67,0.1717649999999999,91,0.0695647619047619,0.33,0.00302,0.07064
2023-12-26 15:00:00,0.0,445.97,0.1646549999999999,91,0.0227628571428571,0.33,0.013730000000000001,0.07064
2023-12-26 16:00:00,0.0,467.22,0.1872549999999999,91,0.0008419047619047,0.33,0.05225,0.07064
2023-12-26 17:00:00,0.0,469.62,0.1845149999999999,91,0.0,0.33,0.05855,0.07064
2023-12-26 18:00:00,0.0,469.96,0.199635,91,0.0,0.33,0.0596,0.07064
2023-12-26 19:00:00,0.0,470.86,0.2997249999999999,91,0.0,0.33,0.059,0.07064
2023-12-26 20:00:00,0.0,472.54,0.3852549999999999,91,0.0,0.33,0.054979999999999994,0.07064
2023-12-26 21:00:00,0.0,474.93,0.29812,91,0.0,0.33,0.04671,0.07064
2023-12-26 22:00:00,0.0,470.43,0.329835,91,0.0,0.33,0.0517,0.07064
2023-12-26 23:00:00,0.0,451.45,0.46995,91,0.0,0.33,-0.00779,0.07064
2023-12-27 00:00:00,0.0,449.34,0.6041799999999999,91,0.0,0.33,0.04029,0.07064
2023-12-27 01:00:00,0.0,446.48,0.7554250000000001,91,0.0,0.33,0.04747,0.07064
2023-12-27 02:00:00,0.0,451.6,0.577685,91,0.0,0.33,0.051859999999999996,0.07064
2023-12-27 03:00:00,0.0,462.08,0.45299,91,0.0,0.33,0.04604,0.07064
2023-12-27 04:00:00,0.0,467.43,0.87521,91,0.0,0.33,0.04511,0.07064
2023-12-27 05:00:00,0.0,472.41,1.2487350000000002,91,0.0,0.33,0.05132,0.07064
2023-12-27 06:00:00,0.0,470.3,0.973415,91,0.0,0.33,0.06506,0.07064
2023-12-27 07:00:00,0.0,457.63,0.540485,91,4.523809523809523e-05,0.33,0.07483,0.07064
2023-12-27 08:00:00,0.0,427.43,0.3751899999999999,91,0.0146533333333333,0.33,0.08126,0.07064
2023-12-27 09:00:00,0.0,389.43,0.34338,91,0.0768604761904761,0.33,0.07911,0.07064
2023-12-27 10:00:00,0.0,382.71,0.315295,91,0.1728985714285714,0.33,0.07329000000000001,0.07064
2023-12-27 11:00:00,0.0,371.32,0.26696,91,0.2488080952380952,0.33,0.07347,0.07064
2023-12-27 12:00:00,0.0,376.25,0.216005,91,0.2461490476190476,0.33,0.07226,0.07064
2023-12-27 13:00:00,0.0,423.57,0.14905,91,0.1651880952380952,0.33,0.07055,0.07064
2023-12-27 14:00:00,0.0,461.46,0.109415,91,0.0831671428571428,0.33,0.07321,0.07064
2023-12-27 15:00:00,0.0,439.14,0.1161199999999999,91,0.0234323809523809,0.33,0.07929,0.07064
2023-12-27 16:00:00,0.0,418.94,0.1386149999999999,91,0.0009347619047619,0.33,0.07463,0.07064
2023-12-27 17:00:00,0.0,411.95,0.182435,91,0.0,0.33,0.07825,0.07064
2023-12-27 18:00:00,0.0,401.41,0.285065,91,0.0,0.33,0.07551999999999999,0.07064
2023-12-27 19:00:00,0.0,388.63,0.416205,91,0.0,0.33,0.06692000000000001,0.07064
2023-12-27 20:00:00,0.0,399.48,0.306765,91,0.0,0.33,0.054729999999999994,0.07064
2023-12-27 21:00:00,0.0,399.19,0.26184,91,0.0,0.33,0.02896,0.07064
2023-12-27 22:00:00,0.0,400.21,0.321005,91,0.0,0.33,0.02148,0.07064
2023-12-27 23:00:00,0.0,407.45,0.398485,91,0.0,0.33,0.00653,0.07064
2023-12-28 00:00:00,0.0,400.86,0.705085,91,0.0,0.33,0.00766,0.07064
2023-12-28 01:00:00,0.0,401.54,0.69288,91,0.0,0.33,0.00701,0.07064
2023-12-28 02:00:00,0.0,404.83,0.533675,91,0.0,0.33,0.005719999999999999,0.07064
2023-12-28 03:00:00,0.0,395.72,0.60183,91,0.0,0.33,0.00508,0.07064
2023-12-28 04:00:00,0.0,404.99,0.98057,91,0.0,0.33,0.00554,0.07064
2023-12-28 05:00:00,0.0,394.95,1.266535,91,0.0,0.33,0.007809999999999999,0.07064
2023-12-28 06:00:00,0.0,390.43,0.916345,91,0.0,0.33,0.0147,0.07064
2023-12-28 07:00:00,0.0,386.68,0.4999699999999999,91,0.0001585714285714,0.33,0.039850000000000003,0.07064
2023-12-28 08:00:00,0.0,385.11,0.3645399999999999,91,0.0182761904761904,0.33,0.04028,0.07064
2023-12-28 09:00:00,0.0,377.5,0.3184099999999999,91,0.0818895238095238,0.33,0.03908,0.07064
2023-12-28 10:00:00,0.0,381.69,0.307305,91,0.07915,0.33,0.03198,0.07064
2023-12-28 11:00:00,0.0,380.35,0.329675,91,0.1470352380952381,0.33,0.02162,0.07064
2023-12-28 12:00:00,0.0,378.12,0.311465,91,0.2589861904761905,0.33,0.018,0.07064
2023-12-28 13:00:00,0.0,390.75,0.25475,91,0.1725085714285714,0.33,0.0214,0.07064
2023-12-28 14:00:00,0.0,391.25,0.1870349999999999,91,0.08177,0.33,0.038270000000000005,0.07064
2023-12-28 15:00:00,0.0,388.6,0.176095,91,0.025735238095238,0.33,0.05275,0.07064
2023-12-28 16:00:00,0.0,403.35,0.292565,91,0.0010728571428571,0.33,0.05025,0.07064
2023-12-28 17:00:00,0.0,409.24,0.5664399999999999,91,0.0,0.33,0.04872,0.07064
2023-12-28 18:00:00,0.0,410.88,0.45751,91,0.0,0.33,0.047189999999999996,0.07064
2023-12-28 19:00:00,0.0,401.65,0.1767649999999999,91,0.0,0.33,0.04578,0.07064
2023-12-28 20:00:00,0.0,398.73,0.209705,91,0.0,0.33,0.03692,0.07064
2023-12-28 21:00:00,0.0,404.97,0.19677,91,0.0,0.33,0.03225,0.07064
2023-12-28 22:00:00,0.0,395.41,0.27679,91,0.0,0.33,0.022789999999999998,0.07064
2023-12-28 23:00:00,0.0,417.88,0.334875,91,0.0,0.33,0.00807,0.07064
2023-12-29 00:00:00,0.0,419.04,0.46909,91,0.0,0.33,0.0009599999999999999,0.07064
2023-12-29 01:00:00,0.0,434.08,0.61393,91,0.0,0.33,0.00069,0.07064
2023-12-29 02:00:00,0.0,432.4,0.4905949999999999,91,0.0,0.33,0.00039,0.07064
2023-12-29 03:00:00,0.0,430.87,0.4729349999999999,91,0.0,0.33,-0.00020999999999999998,0.07064
2023-12-29 04:00:00,0.0,427.54,0.85114,91,0.0,0.33,0.0,0.07064
2023-12-29 05:00:00,0.0,392.04,1.01629,91,0.0,0.33,0.00087,0.07064
2023-12-29 06:00:00,0.0,380.96,0.6851250000000001,91,0.0,0.33,0.00431,0.07064
2023-12-29 07:00:00,0.0,377.79,0.38824,91,7.619047619047619e-06,0.33,0.00377,0.07064
2023-12-29 08:00:00,0.0,367.27,0.257405,91,0.0137133333333333,0.33,0.01055,0.07064
2023-12-29 09:00:00,0.0,345.61,0.144885,91,0.0532871428571428,0.33,0.01426,0.07064
2023-12-29 10:00:00,0.0,347.02,0.02377,91,0.0577714285714285,0.33,0.00596,0.07064
2023-12-29 11:00:00,0.0,344.94,0.0006949999999999,91,0.111887619047619,0.33,0.00562,0.07064
2023-12-29 12:00:00,0.0,348.29,5.999999999994999e-05,91,0.10676,0.33,0.00504,0.07064
2023-12-29 13:00:00,0.0,357.77,0.0,91,0.082297619047619,0.33,0.0064800000000000005,0.07064
2023-12-29 14:00:00,0.0,372.39,0.0,91,0.0623709523809523,0.33,0.01772,0.07064
2023-12-29 15:00:00,0.0,376.51,0.0,91,0.01932,0.33,0.021920000000000002,0.07064
2023-12-29 16:00:00,0.0,387.74,0.0,91,0.0003795238095238,0.33,0.031,0.07064
2023-12-29 17:00:00,0.0,382.13,0.0,91,0.0,0.33,0.02168,0.07064
2023-12-29 18:00:00,0.0,378.81,0.0,91,0.0,0.33,0.02409,0.07064
2023-12-29 19:00:00,0.0,383.39,0.0,91,0.0,0.33,0.02584,0.07064
2023-12-29 20:00:00,0.0,375.24,0.0,91,0.0,0.33,0.01452,0.07064
2023-12-29 21:00:00,0.0,372.9,0.0,91,0.0,0.33,0.01226,0.07064
2023-12-29 22:00:00,0.0,397.49,0.46944,91,0.0,0.33,0.023690000000000003,0.07064
2023-12-29 23:00:00,0.0,414.11,0.78448,91,0.0,0.33,0.01891,0.07064
2023-12-30 00:00:00,0.0,421.04,0.48664,91,0.0,0.33,0.0077800000000000005,0.07064
2023-12-30 01:00:00,0.0,436.25,0.3433649999999999,91,0.0,0.33,0.00553,0.07064
2023-12-30 02:00:00,0.0,446.11,0.4605999999999999,91,0.0,0.33,0.00888,0.07064
2023-12-30 03:00:00,0.0,451.66,0.4295049999999999,91,0.0,0.33,0.00567,0.07064
2023-12-30 04:00:00,0.0,456.48,0.468615,91,0.0,0.33,0.00575,0.07064
2023-12-30 05:00:00,0.0,459.19,0.4732699999999999,91,0.0,0.33,0.008,0.07064
2023-12-30 06:00:00,0.0,451.53,0.2558149999999999,91,0.0,0.33,0.00811,0.07064
2023-12-30 07:00:00,0.0,469.88,0.2885799999999999,91,0.0,0.33,0.021920000000000002,0.07064
2023-12-30 08:00:00,0.0,456.97,0.4469499999999999,91,0.0047323809523809,0.33,0.02966,0.07064
2023-12-30 09:00:00,0.0,444.32,0.4430099999999999,91,0.0204442857142857,0.33,0.03,0.07064
2023-12-30 10:00:00,0.0,433.16,0.176915,91,0.0769990476190476,0.33,0.02532,0.07064
2023-12-30 11:00:00,0.0,437.76,0.003305,91,0.1673357142857142,0.33,0.02156,0.07064
2023-12-30 12:00:00,0.0,448.53,0.00054,91,0.2413614285714286,0.33,0.02101,0.07064
2023-12-30 13:00:00,0.0,465.51,0.0,91,0.135117619047619,0.33,0.024399999999999998,0.07064
2023-12-30 14:00:00,0.0,466.31,0.0,91,0.0806385714285714,0.33,0.04204,0.07064
2023-12-30 15:00:00,0.0,482.69,0.0,91,0.0245838095238095,0.33,0.05643,0.07064
2023-12-30 16:00:00,0.0,494.33,0.0,91,0.0010585714285714,0.33,0.06594,0.07064
2023-12-30 17:00:00,0.0,495.52,0.0,91,0.0,0.33,0.07989,0.07064
2023-12-30 18:00:00,0.0,494.01,0.0,91,0.0,0.33,0.07998999999999999,0.07064
2023-12-30 19:00:00,0.0,491.82,0.0,91,0.0,0.33,0.07109,0.07064
2023-12-30 20:00:00,0.0,492.58,0.0,91,0.0,0.33,0.062009999999999996,0.07064
2023-12-30 21:00:00,0.0,487.67,0.0,91,0.0,0.33,0.054950000000000006,0.07064
2023-12-30 22:00:00,0.0,486.56,0.0,91,0.0,0.33,0.0501,0.07064
2023-12-30 23:00:00,0.0,479.34,0.594925,91,0.0,0.33,0.04323,0.07064
2023-12-31 00:00:00,0.0,479.19,1.010825,91,0.0,0.33,0.01294,0.07064
2023-12-31 01:00:00,0.0,468.83,0.6768350000000001,91,0.0,0.33,0.004,0.07064
2023-12-31 02:00:00,0.0,472.59,0.51385,91,0.0,0.33,0.00031,0.07064
2023-12-31 03:00:00,0.0,464.16,0.42316,91,0.0,0.33,0.005849999999999999,0.07064
2023-12-31 04:00:00,0.0,463.83,0.402055,91,0.0,0.33,0.01109,0.07064
2023-12-31 05:00:00,0.0,465.0,0.23421,91,0.0,0.33,0.01055,0.07064
2023-12-31 06:00:00,0.0,460.02,0.012855,91,0.0,0.33,0.011619999999999998,0.07064
2023-12-31 07:00:00,0.0,451.67,0.0573249999999999,91,2.476190476190476e-05,0.33,0.0126,0.07064
2023-12-31 08:00:00,0.0,447.6,0.2156449999999999,91,0.0143361904761904,0.33,0.01662,0.07064
2023-12-31 09:00:00,0.0,440.55,0.233815,91,0.0694885714285714,0.33,0.014,0.07064
2023-12-31 10:00:00,0.0,435.91,0.067605,91,0.0534442857142857,0.33,0.01578,0.07064
2023-12-31 11:00:00,0.0,437.67,0.00312,91,0.070197619047619,0.33,0.01755,0.07064
2023-12-31 12:00:00,0.0,432.55,0.000555,91,0.0567261904761904,0.33,0.013800000000000002,0.07064
2023-12-31 13:00:00,0.0,444.93,0.0,91,0.0368485714285714,0.33,0.01808,0.07064
2023-12-31 14:00:00,0.0,450.82,0.0,91,0.0203966666666666,0.33,0.020370000000000003,0.07064
2023-12-31 15:00:00,0.0,458.02,0.0,91,0.007797619047619,0.33,0.01077,0.07064
2023-12-31 16:00:00,0.0,447.5,0.0,91,5.761904761904762e-05,0.33,0.0129,0.07064
2023-12-31 17:00:00,0.0,453.41,0.0,91,0.0,0.33,0.02136,0.07064
2023-12-31 18:00:00,0.0,449.09,0.0,91,0.0,0.33,0.01669,0.07064
2023-12-31 19:00:00,0.0,449.95,0.0,91,0.0,0.33,0.01447,0.07064
2023-12-31 20:00:00,0.0,451.61,0.101945,91,0.0,0.33,0.00752,0.07064
2023-12-31 21:00:00,0.0,457.32,0.96171,91,0.0,0.33,0.01068,0.07064
2023-12-31 22:00:00,0.0,429.85,1.184095,91,0.0,0.33,0.00744,0.07064
2023-12-31 23:00:00,0.0,384.14,0.64866,91,0.0,0.33,0.0001,0.07064
