datetime,Electricity_Consumption[MW],Taux de Co2,Heat_demand[MW],cciag_co2,pv
2023-01-01 00:00:00,0.0,31.0,0.0,91,0.0
2023-01-01 01:00:00,0.0,33.5,0.0,91,0.0
2023-01-01 02:00:00,0.0083333333333333,35.0,0.0,91,0.0
2023-01-01 03:00:00,0.0,36.0,0.0,91,0.0
2023-01-01 04:00:00,0.0,38.0,0.0,91,0.0
2023-01-01 05:00:00,0.0,39.0,0.0,91,0.0
2023-01-01 06:00:00,0.0,40.0,0.0,91,0.0
2023-01-01 07:00:00,0.0056666666666666,40.0,0.0,91,0.0
2023-01-01 08:00:00,0.0,40.0,0.0,91,0.0100194871858653
2023-01-01 09:00:00,0.0,40.0,0.0,91,0.0952105987581432
2023-01-01 10:00:00,0.0,38.0,0.0,91,0.1571888038439628
2023-01-01 11:00:00,0.0,37.0,0.0,91,0.1634482914362198
2023-01-01 12:00:00,0.0,38.0,0.0,91,0.1652483762431348
2023-01-01 13:00:00,0.0056666666666666,37.0,0.0,91,0.1617552993643997
2023-01-01 14:00:00,0.0,35.5,0.0,91,0.1370174358237502
2023-01-01 15:00:00,0.0,34.5,0.0,91,0.0576104274162879
2023-01-01 16:00:00,0.0,33.5,0.0,91,0.01573401712709
2023-01-01 17:00:00,0.0,31.0,0.0,91,7.042735233966623e-05
2023-01-01 18:00:00,0.0126666666666666,28.0,0.0,91,0.0
2023-01-01 19:00:00,0.0,26.5,0.0,91,0.0
2023-01-01 20:00:00,0.0,27.5,0.0,91,0.0
2023-01-01 21:00:00,0.0,28.0,0.0,91,0.0
2023-01-01 22:00:00,0.0,28.0,0.0,91,0.0
2023-01-01 23:00:00,0.0,28.0,0.0,91,0.0
2023-01-02 00:00:00,0.0056666666666666,29.0,0.0,91,0.0
2023-01-02 01:00:00,0.0,30.5,0.0,91,0.0
2023-01-02 02:00:00,0.0,32.5,0.0,91,0.0
2023-01-02 03:00:00,0.0,33.5,0.2836499999999999,91,0.0
2023-01-02 04:00:00,0.0,34.0,0.4056049999999999,91,0.0
2023-01-02 05:00:00,0.0,32.5,0.496125,91,0.0
2023-01-02 06:00:00,0.0126666666666666,31.5,0.524635,91,0.0
2023-01-02 07:00:00,0.0,29.5,0.43655,91,0.0
2023-01-02 08:00:00,0.0,30.5,0.480465,91,0.0080483760767512
2023-01-02 09:00:00,0.0,31.0,0.381255,91,0.0490558117271488
2023-01-02 10:00:00,0.0,31.5,0.6567,91,0.0829894016950558
2023-01-02 11:00:00,0.0056666666666666,32.0,0.763745,91,0.1375441880511422
2023-01-02 12:00:00,0.0,32.0,0.5656150000000001,91,0.0877715383024297
2023-01-02 13:00:00,0.0,31.5,0.544275,91,0.076851709398449
2023-01-02 14:00:00,0.0,31.0,0.53653,91,0.0552230768122224
2023-01-02 15:00:00,0.0,33.0,0.32776,91,0.0203604273307017
2023-01-02 16:00:00,0.0,33.5,0.064535,91,0.0059633333462441
2023-01-02 17:00:00,0.0096666666666666,33.5,0.0008249999999999,91,0.0
2023-01-02 18:00:00,0.0,33.0,0.0001,91,0.0
2023-01-02 19:00:00,0.0,32.5,0.0,91,0.0
2023-01-02 20:00:00,0.0,32.0,0.0,91,0.0
2023-01-02 21:00:00,0.0,32.5,0.0,91,0.0
2023-01-02 22:00:00,0.0056666666666666,33.0,0.0,91,0.0
2023-01-02 23:00:00,0.0,33.0,0.0,91,0.0
2023-01-03 00:00:00,0.0,33.5,0.0,91,0.0
2023-01-03 01:00:00,0.0,33.5,0.0,91,0.0
2023-01-03 02:00:00,0.0,35.0,0.0,91,0.0
2023-01-03 03:00:00,0.0,36.0,0.0,91,0.0
2023-01-03 04:00:00,0.0086666666666666,36.0,0.3390199999999999,91,0.0
2023-01-03 05:00:00,0.0,37.5,0.724885,91,0.0
2023-01-03 06:00:00,0.0,37.5,0.93333,91,0.0
2023-01-03 07:00:00,0.0,39.0,1.03487,91,0.0
2023-01-03 08:00:00,0.0,42.5,0.909105,91,5.128205013580812e-06
2023-01-03 09:00:00,0.0,43.5,0.8224,91,0.0041058119835379
2023-01-03 10:00:00,0.0056666666666666,43.0,0.7847750000000001,91,0.0325652991197048
2023-01-03 11:00:00,0.0,42.5,0.735885,91,0.062127093902001
2023-01-03 12:00:00,0.0,42.5,0.6911999999999999,91,0.0949043586926582
2023-01-03 13:00:00,0.0,41.5,0.6207699999999999,91,0.1418580340524005
2023-01-03 14:00:00,0.0,42.5,0.555785,91,0.132900342533731
2023-01-03 15:00:00,0.0,43.0,0.54097,91,0.0672527347466884
2023-01-03 16:00:00,0.0,43.0,0.5854199999999999,91,0.0222278633579993
2023-01-03 17:00:00,0.0,43.0,0.636165,91,1.2222222474395718e-05
2023-01-03 18:00:00,0.0,42.0,0.5350699999999999,91,0.0
2023-01-03 19:00:00,0.0,41.5,0.2700299999999999,91,0.0
2023-01-03 20:00:00,0.0,38.5,0.0905199999999999,91,0.0
2023-01-03 21:00:00,0.0,31.5,0.03929,91,0.0
2023-01-03 22:00:00,0.0,27.5,0.0171249999999999,91,0.0
2023-01-03 23:00:00,0.0,27.5,0.078815,91,0.0
2023-01-04 00:00:00,0.0,28.0,0.11102,91,0.0
2023-01-04 01:00:00,0.0,28.0,0.1004649999999999,91,0.0
2023-01-04 02:00:00,0.0,28.5,0.110695,91,0.0
2023-01-04 03:00:00,0.0,29.5,0.12211,91,0.0
2023-01-04 04:00:00,0.0,29.5,0.23197,91,0.0
2023-01-04 05:00:00,0.0,29.5,0.441905,91,0.0
2023-01-04 06:00:00,0.0,28.5,0.686945,91,0.0
2023-01-04 07:00:00,0.0,27.0,0.93713,91,0.0
2023-01-04 08:00:00,0.0,25.5,0.94491,91,0.0046282051643754
2023-01-04 09:00:00,0.0,25.0,0.845065,91,0.0589599146598424
2023-01-04 10:00:00,0.0,24.0,0.7691849999999999,91,0.1566163250523754
2023-01-04 11:00:00,0.0,24.0,0.638495,91,0.2680076061150966
2023-01-04 12:00:00,0.0,24.0,0.553285,91,0.2985776930588942
2023-01-04 13:00:00,0.0,23.5,0.42968,91,0.2482017106276292
2023-01-04 14:00:00,0.0,24.5,0.38396,91,0.1699702561207306
2023-01-04 15:00:00,0.0,25.0,0.430235,91,0.1075714530292739
2023-01-04 16:00:00,0.0,25.0,0.4818499999999999,91,0.0255823930970623
2023-01-04 17:00:00,0.0,25.0,0.59309,91,0.0002938461534551
2023-01-04 18:00:00,0.0,25.0,0.5429499999999999,91,0.0
2023-01-04 19:00:00,0.0,25.5,0.273845,91,0.0
2023-01-04 20:00:00,0.0,26.5,0.0918249999999999,91,0.0
2023-01-04 21:00:00,0.0,28.0,0.0349299999999999,91,0.0
2023-01-04 22:00:00,0.0,28.0,0.039085,91,0.0
2023-01-04 23:00:00,0.0,28.5,0.09525,91,0.0
2023-01-05 00:00:00,0.0,29.0,0.113045,91,0.0
2023-01-05 01:00:00,0.0,30.0,0.11551,91,0.0
2023-01-05 02:00:00,0.0,31.5,0.15424,91,0.0
2023-01-05 03:00:00,0.0,31.5,0.16656,91,0.0
2023-01-05 04:00:00,0.0,32.0,0.15355,91,0.0
2023-01-05 05:00:00,0.0,32.0,0.4436549999999999,91,0.0
2023-01-05 06:00:00,0.0,30.5,0.94449,91,0.0
2023-01-05 07:00:00,0.0,30.0,1.09879,91,0.0
2023-01-05 08:00:00,0.0,34.0,0.97756,91,0.0094150427563322
2023-01-05 09:00:00,0.0,38.0,0.8574799999999999,91,0.0559094869988596
2023-01-05 10:00:00,0.0,40.0,0.7729550000000001,91,0.0766676924778864
2023-01-05 11:00:00,0.0,40.0,0.725585,91,0.141753675020658
2023-01-05 12:00:00,0.0,40.0,0.58387,91,0.1476451280381945
2023-01-05 13:00:00,0.0,41.0,0.490155,91,0.0267377774735801
2023-01-05 14:00:00,0.0,41.5,0.4487799999999999,91,0.1129298289209349
2023-01-05 15:00:00,0.0,44.5,0.4048299999999998,91,0.0653392309205145
2023-01-05 16:00:00,0.0,46.0,0.4390449999999999,91,0.0252064102480554
2023-01-05 17:00:00,0.0,46.0,0.4718499999999999,91,0.0004822222195947
2023-01-05 18:00:00,0.0,45.5,0.4007699999999999,91,0.0
2023-01-05 19:00:00,0.0,45.5,0.1948649999999999,91,0.0
2023-01-05 20:00:00,0.0,45.0,0.0719549999999999,91,0.0
2023-01-05 21:00:00,0.0,44.5,0.0347499999999999,91,0.0
2023-01-05 22:00:00,0.0,41.0,0.00128,91,0.0
2023-01-05 23:00:00,0.0,39.0,0.0359549999999999,91,0.0
2023-01-06 00:00:00,0.0,35.0,0.0663899999999999,91,0.0
2023-01-06 01:00:00,0.0,30.5,0.081885,91,0.0
2023-01-06 02:00:00,0.0,30.5,0.0971999999999999,91,0.0
2023-01-06 03:00:00,0.0,32.0,0.1237799999999998,91,0.0
2023-01-06 04:00:00,0.0,31.5,0.1571699999999999,91,0.0
2023-01-06 05:00:00,0.0,31.0,0.409265,91,0.0
2023-01-06 06:00:00,0.0,32.0,0.7449499999999999,91,0.0
2023-01-06 07:00:00,0.0,32.0,0.925885,91,0.0
2023-01-06 08:00:00,0.0,32.5,0.916085,91,0.0043282051037392
2023-01-06 09:00:00,0.0,31.5,0.769215,91,0.0372248718473646
2023-01-06 10:00:00,0.0,31.0,0.70031,91,0.1110211113986806
2023-01-06 11:00:00,0.0,30.0,0.6636650000000001,91,0.1674782902970273
2023-01-06 12:00:00,0.0,30.5,0.60983,91,0.279109143640241
2023-01-06 13:00:00,0.0,30.5,0.4564999999999999,91,0.2935393172044021
2023-01-06 14:00:00,0.0,32.5,0.2944,91,0.279481709146092
2023-01-06 15:00:00,0.0,36.0,0.121535,91,0.1109625637021839
2023-01-06 16:00:00,0.0,40.0,0.0014,91,0.0177160684318624
2023-01-06 17:00:00,0.0,41.0,0.00031,91,0.0006419658072643
2023-01-06 18:00:00,0.0,41.0,0.0,91,0.0
2023-01-06 19:00:00,0.0,40.0,0.0,91,0.0
2023-01-06 20:00:00,0.0,39.5,0.0,91,0.0
2023-01-06 21:00:00,0.0,32.0,0.0,91,0.0
2023-01-06 22:00:00,0.0,27.5,0.0,91,0.0
2023-01-06 23:00:00,0.0,27.5,0.0,91,0.0
2023-01-07 00:00:00,0.0,27.5,0.0,91,0.0
2023-01-07 01:00:00,0.0,30.0,0.0,91,0.0
2023-01-07 02:00:00,0.0,30.0,0.0,91,0.0
2023-01-07 03:00:00,0.0,31.0,0.0,91,0.0
2023-01-07 04:00:00,0.0,31.0,0.0,91,0.0
2023-01-07 05:00:00,0.0,31.0,0.0,91,0.0
2023-01-07 06:00:00,0.0,30.5,0.0,91,0.0
2023-01-07 07:00:00,0.0,30.0,0.0,91,0.0
2023-01-07 08:00:00,0.0,29.0,0.0,91,0.0114876923869308
2023-01-07 09:00:00,0.0,27.0,0.0,91,0.0788430767385368
2023-01-07 10:00:00,0.0,25.0,0.0,91,0.1724184618240747
2023-01-07 11:00:00,0.0,24.0,0.0,91,0.2048140191624307
2023-01-07 12:00:00,0.0,23.5,0.0,91,0.1955762383876702
2023-01-07 13:00:00,0.0,25.0,0.0,91,0.190105128166003
2023-01-07 14:00:00,0.0,26.0,0.0,91,0.1631074357644105
2023-01-07 15:00:00,0.0,25.5,0.0,91,0.0994095724872034
2023-01-07 16:00:00,0.0,25.5,0.0,91,0.0284362393821406
2023-01-07 17:00:00,0.0,25.5,0.0,91,0.0004305982902948
2023-01-07 18:00:00,0.0,25.0,0.0,91,0.0
2023-01-07 19:00:00,0.0,25.5,0.0,91,0.0
2023-01-07 20:00:00,0.0,26.5,0.0,91,0.0
2023-01-07 21:00:00,0.0,27.0,0.0,91,0.0
2023-01-07 22:00:00,0.0,28.5,0.0,91,0.0
2023-01-07 23:00:00,0.0,29.0,0.0,91,0.0
2023-01-08 00:00:00,0.0,31.0,0.0,91,0.0
2023-01-08 01:00:00,0.0,32.0,0.0,91,0.0
2023-01-08 02:00:00,0.0,32.5,0.0,91,0.0
2023-01-08 03:00:00,0.0,33.5,0.0,91,0.0
2023-01-08 04:00:00,0.0,33.5,0.0,91,0.0
2023-01-08 05:00:00,0.0,33.5,0.0,91,0.0
2023-01-08 06:00:00,0.0,34.5,0.0,91,0.0
2023-01-08 07:00:00,0.0,32.0,0.0,91,0.0
2023-01-08 08:00:00,0.0,30.0,0.0,91,0.0004354700879154
2023-01-08 09:00:00,0.0,28.5,0.0,91,0.0133614529911269
2023-01-08 10:00:00,0.0,27.5,0.0,91,0.0293593162960476
2023-01-08 11:00:00,0.0,27.0,0.0,91,0.0893193155272394
2023-01-08 12:00:00,0.0,26.0,0.0,91,0.0595183757635263
2023-01-08 13:00:00,0.0,26.5,0.0,91,0.0708068376524835
2023-01-08 14:00:00,0.0,27.0,0.0,91,0.0880030772217318
2023-01-08 15:00:00,0.0,27.0,0.0,91,0.0413283759508377
2023-01-08 16:00:00,0.0,27.0,0.0,91,0.0110611111231339
2023-01-08 17:00:00,0.0,26.5,0.0,91,0.0001114529920503
2023-01-08 18:00:00,0.0,25.5,0.0,91,0.0
2023-01-08 19:00:00,0.0,24.5,0.0,91,0.0
2023-01-08 20:00:00,0.0,25.0,0.0,91,0.0
2023-01-08 21:00:00,0.0,26.0,0.0,91,0.0
2023-01-08 22:00:00,0.0,25.5,0.0,91,0.0
2023-01-08 23:00:00,0.0,25.0,0.0,91,0.0
2023-01-09 00:00:00,0.0,26.5,0.0,91,0.0
2023-01-09 01:00:00,0.0,27.0,0.0,91,0.0
2023-01-09 02:00:00,0.0,28.0,0.0,91,0.0
2023-01-09 03:00:00,0.0,28.5,0.36511,91,0.0
2023-01-09 04:00:00,0.0,28.5,0.999955,91,0.0
2023-01-09 05:00:00,0.0,27.5,1.23872,91,0.0
2023-01-09 06:00:00,0.0,27.5,1.030475,91,0.0
2023-01-09 07:00:00,0.0,28.5,0.98007,91,0.0
2023-01-09 08:00:00,0.0,30.5,1.0746,91,0.0117772649594733
2023-01-09 09:00:00,0.0,31.0,1.00376,91,0.0836294874370607
2023-01-09 10:00:00,0.0,31.0,0.92544,91,0.0487505127018333
2023-01-09 11:00:00,0.0,31.0,0.85426,91,0.0964810251578306
2023-01-09 12:00:00,0.0,30.5,0.80525,91,0.0922508546226044
2023-01-09 13:00:00,0.0,28.5,0.795435,91,0.1024973502525916
2023-01-09 14:00:00,0.0,31.5,0.7504049999999999,91,0.0879475212912273
2023-01-09 15:00:00,0.0,32.0,0.7779799999999999,91,0.0308948717361841
2023-01-09 16:00:00,0.0,34.0,0.962985,91,0.0163752990438897
2023-01-09 17:00:00,0.0,34.5,0.999995,91,0.0001083760675138
2023-01-09 18:00:00,0.0,34.0,0.7660450000000001,91,0.0
2023-01-09 19:00:00,0.0,34.0,0.3848,91,0.0
2023-01-09 20:00:00,0.0,34.0,0.13946,91,0.0
2023-01-09 21:00:00,0.0,32.0,0.068215,91,0.0
2023-01-09 22:00:00,0.0,26.0,0.0966899999999999,91,0.0
2023-01-09 23:00:00,0.0,26.0,0.1726499999999999,91,0.0
2023-01-10 00:00:00,0.0,27.0,0.2631149999999999,91,0.0
2023-01-10 01:00:00,0.0,28.0,0.291555,91,0.0
2023-01-10 02:00:00,0.0,28.0,0.24421,91,0.0
2023-01-10 03:00:00,0.0,29.0,0.2479899999999999,91,0.0
2023-01-10 04:00:00,0.0,29.0,0.2674799999999999,91,0.0
2023-01-10 05:00:00,0.0,28.0,0.65693,91,0.0
2023-01-10 06:00:00,0.0,28.5,1.189315,91,0.0
2023-01-10 07:00:00,0.0,35.0,1.30408,91,0.0
2023-01-10 08:00:00,0.0,36.0,1.1830550000000002,91,0.0087913675548938
2023-01-10 09:00:00,0.0,35.5,1.1209749999999998,91,0.0904571794037125
2023-01-10 10:00:00,0.0016666666666666,34.5,1.04286,91,0.1923117098033938
2023-01-10 11:00:00,0.0,35.0,0.877865,91,0.2753381207457974
2023-01-10 12:00:00,0.0,33.0,0.8081450000000001,91,0.3179229922172351
2023-01-10 13:00:00,0.0,26.5,0.757005,91,0.2990039313552726
2023-01-10 14:00:00,0.0016666666666666,26.0,0.7054650000000001,91,0.2352852990892198
2023-01-10 15:00:00,0.0,27.0,0.65329,91,0.1342078629518166
2023-01-10 16:00:00,0.0,27.0,0.64969,91,0.0249029059084052
2023-01-10 17:00:00,0.0,27.0,0.737445,91,0.0009238461601651
2023-01-10 18:00:00,0.0,27.0,0.617845,91,0.0
2023-01-10 19:00:00,0.0,27.0,0.3084849999999999,91,0.0
2023-01-10 20:00:00,0.0,26.0,0.1174349999999999,91,0.0
2023-01-10 21:00:00,0.0,25.0,0.0442399999999999,91,0.0
2023-01-10 22:00:00,0.0,25.5,0.03442,91,0.0
2023-01-10 23:00:00,0.0,25.5,0.0714249999999999,91,0.0
2023-01-11 00:00:00,0.0,27.0,0.1111249999999999,91,0.0
2023-01-11 01:00:00,0.0,27.0,0.17195,91,0.0
2023-01-11 02:00:00,0.0,26.5,0.183065,91,0.0
2023-01-11 03:00:00,0.0,27.5,0.22575,91,0.0
2023-01-11 04:00:00,0.0,27.5,0.27082,91,0.0
2023-01-11 05:00:00,0.0,27.0,0.60095,91,0.0
2023-01-11 06:00:00,0.0,27.0,1.26615,91,0.0
2023-01-11 07:00:00,0.0,26.5,1.421315,91,0.0
2023-01-11 08:00:00,0.0,26.5,1.23617,91,0.0108818802313926
2023-01-11 09:00:00,0.0,26.0,1.16953,91,0.0710099143655891
2023-01-11 10:00:00,0.0,25.5,1.073535,91,0.1228349569923857
2023-01-11 11:00:00,0.0,26.0,0.954485,91,0.1561178624731862
2023-01-11 12:00:00,0.0,25.0,0.8019050000000001,91,0.1024444449661124
2023-01-11 13:00:00,0.0,24.0,0.7768799999999999,91,0.0454341880276671
2023-01-11 14:00:00,0.0,24.5,0.8750849999999999,91,0.0347045298111744
2023-01-11 15:00:00,0.0,26.5,0.90257,91,0.01275880340837
2023-01-11 16:00:00,0.0,26.0,0.901345,91,0.0052641880219308
2023-01-11 17:00:00,0.0,25.0,0.60349,91,6.75213678031523e-05
2023-01-11 18:00:00,0.0,23.5,0.2908399999999999,91,0.0
2023-01-11 19:00:00,0.0,23.0,0.4654449999999999,91,0.0
2023-01-11 20:00:00,0.0,23.0,0.3258149999999999,91,0.0
2023-01-11 21:00:00,0.0,23.5,0.01413,91,0.0
2023-01-11 22:00:00,0.0,24.5,0.09441,91,0.0
2023-01-11 23:00:00,0.0,24.5,0.1529149999999999,91,0.0
2023-01-12 00:00:00,0.0,25.5,0.1863849999999999,91,0.0
2023-01-12 01:00:00,0.0,26.5,0.274815,91,0.0
2023-01-12 02:00:00,0.0,27.0,0.2994349999999999,91,0.0
2023-01-12 03:00:00,0.0,27.0,0.28362,91,0.0
2023-01-12 04:00:00,0.0,27.0,0.270165,91,0.0
2023-01-12 05:00:00,0.0,27.0,0.56903,91,0.0
2023-01-12 06:00:00,0.0,26.5,1.14553,91,0.0
2023-01-12 07:00:00,0.0,24.0,1.305125,91,0.0
2023-01-12 08:00:00,0.0,23.0,1.166275,91,0.0036152991365927
2023-01-12 09:00:00,0.0,22.0,1.1342100000000002,91,0.0399676066789871
2023-01-12 10:00:00,0.0,22.0,1.069865,91,0.0957204272604396
2023-01-12 11:00:00,0.0,23.0,0.99039,91,0.1873823088866014
2023-01-12 12:00:00,0.0,23.0,0.883215,91,0.2819588028671395
2023-01-12 13:00:00,0.0,24.5,0.710725,91,0.1908029905139891
2023-01-12 14:00:00,0.0,25.0,0.6252350000000001,91,0.115144615336361
2023-01-12 15:00:00,0.0,24.5,0.6818750000000001,91,0.0666920514392038
2023-01-12 16:00:00,0.0,24.5,0.7603,91,0.0260486323914976
2023-01-12 17:00:00,0.0,24.5,0.82217,91,0.0012172649601378
2023-01-12 18:00:00,0.0,23.0,0.7236549999999999,91,0.0
2023-01-12 19:00:00,0.0,23.0,0.35901,91,0.0
2023-01-12 20:00:00,0.0,23.5,0.109315,91,0.0
2023-01-12 21:00:00,0.0,24.5,0.0423449999999999,91,0.0
2023-01-12 22:00:00,0.0,25.5,0.0433399999999999,91,0.0
2023-01-12 23:00:00,0.0,26.0,0.07826,91,0.0
2023-01-13 00:00:00,0.0,26.5,0.104785,91,0.0
2023-01-13 01:00:00,0.0,27.0,0.15733,91,0.0
2023-01-13 02:00:00,0.0,27.0,0.180215,91,0.0
2023-01-13 03:00:00,0.0,28.0,0.273495,91,0.0
2023-01-13 04:00:00,0.0,28.0,0.336805,91,0.0
2023-01-13 05:00:00,0.0,27.5,0.568745,91,0.0
2023-01-13 06:00:00,0.0,26.0,1.09914,91,0.0
2023-01-13 07:00:00,0.0,26.0,1.243945,91,0.0
2023-01-13 08:00:00,0.0,25.0,1.08173,91,0.0012081196541205
2023-01-13 09:00:00,0.0,24.5,1.0373949999999998,91,0.0071659828811629
2023-01-13 10:00:00,0.0,25.0,1.01029,91,0.0423317095153351
2023-01-13 11:00:00,0.0,25.0,0.934495,91,0.175387349903074
2023-01-13 12:00:00,0.0,24.5,0.8016200000000001,91,0.2496135895883935
2023-01-13 13:00:00,0.0,24.0,0.6914250000000001,91,0.268433333828918
2023-01-13 14:00:00,0.0,24.5,0.51454,91,0.1290320521949702
2023-01-13 15:00:00,0.0,25.0,0.187715,91,0.0572181199147151
2023-01-13 16:00:00,0.0,27.0,0.00176,91,0.0213663247507861
2023-01-13 17:00:00,0.0,28.0,0.000395,91,0.0017875213646847
2023-01-13 18:00:00,0.0,27.0,0.0,91,0.0
2023-01-13 19:00:00,0.0,27.5,0.0,91,0.0
2023-01-13 20:00:00,0.0,28.0,0.0,91,0.0
2023-01-13 21:00:00,0.0,28.5,0.0,91,0.0
2023-01-13 22:00:00,0.0,29.0,0.0,91,0.0
2023-01-13 23:00:00,0.0,29.5,0.0,91,0.0
2023-01-14 00:00:00,0.0,28.0,0.0,91,0.0
2023-01-14 01:00:00,0.0,27.5,0.0,91,0.0
2023-01-14 02:00:00,0.0098333333333333,27.5,0.0,91,0.0
2023-01-14 03:00:00,0.0,28.0,0.0,91,0.0
2023-01-14 04:00:00,0.0,28.0,0.0,91,0.0
2023-01-14 05:00:00,0.0,27.5,0.0,91,0.0
2023-01-14 06:00:00,0.0,26.5,0.0,91,0.0
2023-01-14 07:00:00,0.0,25.5,0.0,91,0.0
2023-01-14 08:00:00,0.0,24.5,0.0,91,0.006974273567271
2023-01-14 09:00:00,0.0,24.0,0.34979,91,0.0583706835600046
2023-01-14 10:00:00,0.0,23.0,0.6958799999999999,91,0.1173871794317522
2023-01-14 11:00:00,0.0,23.0,0.4220649999999999,91,0.1616258981492784
2023-01-14 12:00:00,0.0,23.0,0.12572,91,0.1845416235312437
2023-01-14 13:00:00,0.0,23.5,0.1100849999999999,91,0.2184185481275248
2023-01-14 14:00:00,0.0,24.5,0.13384,91,0.1539022214188535
2023-01-14 15:00:00,0.0,25.5,0.11324,91,0.1038503420251047
2023-01-14 16:00:00,0.0,26.5,0.09018,91,0.0297523932273571
2023-01-14 17:00:00,0.0,26.5,0.10365,91,0.0005276923091349
2023-01-14 18:00:00,0.0,25.5,0.089415,91,0.0
2023-01-14 19:00:00,0.0,25.5,0.07008,91,0.0
2023-01-14 20:00:00,0.0,25.5,0.055215,91,0.0
2023-01-14 21:00:00,0.0,27.5,0.065345,91,0.0
2023-01-14 22:00:00,0.0108333333333333,28.0,0.10515,91,0.0
2023-01-14 23:00:00,0.0,28.5,0.091835,91,0.0
2023-01-15 00:00:00,0.0,29.0,0.098705,91,0.0
2023-01-15 01:00:00,0.0,31.0,0.1365849999999999,91,0.0
2023-01-15 02:00:00,0.0,32.0,0.1243799999999999,91,0.0
2023-01-15 03:00:00,0.0,32.0,0.112775,91,0.0
2023-01-15 04:00:00,0.0,33.0,0.12543,91,0.0
2023-01-15 05:00:00,0.0,32.5,0.261665,91,0.0
2023-01-15 06:00:00,0.0,32.0,0.2069949999999999,91,0.0
2023-01-15 07:00:00,0.0,30.5,0.1014649999999999,91,0.0
2023-01-15 08:00:00,0.0,30.0,0.15118,91,0.0090942734823777
2023-01-15 09:00:00,0.0005,28.5,0.1231749999999999,91,0.0587356410882411
2023-01-15 10:00:00,0.0,26.0,0.1129749999999999,91,0.0747676921502138
2023-01-15 11:00:00,0.0,25.0,0.129385,91,0.0493984616108429
2023-01-15 12:00:00,0.0,25.0,0.18554,91,0.0241734187827151
2023-01-15 13:00:00,0.0,25.0,0.234975,91,0.0176741025590489
2023-01-15 14:00:00,0.0,26.0,0.27835,91,0.0276800853778154
2023-01-15 15:00:00,0.0,27.0,0.2757499999999999,91,0.0475046154576489
2023-01-15 16:00:00,0.0,27.0,0.2409949999999999,91,0.0345941880014207
2023-01-15 17:00:00,0.0,27.5,0.24225,91,0.0030755555253619
2023-01-15 18:00:00,0.0088333333333333,26.0,0.278125,91,0.0
2023-01-15 19:00:00,0.0,24.0,0.311795,91,0.0
2023-01-15 20:00:00,0.0,25.0,0.251115,91,0.0
2023-01-15 21:00:00,0.0,26.5,0.281865,91,0.0
2023-01-15 22:00:00,0.0,27.0,0.3917299999999999,91,0.0
2023-01-15 23:00:00,0.0,25.0,0.3716649999999999,91,0.0
2023-01-16 00:00:00,0.0,25.0,0.363345,91,0.0
2023-01-16 01:00:00,0.0,26.0,0.40141,91,0.0
2023-01-16 02:00:00,0.0,25.5,0.437435,91,0.0
2023-01-16 03:00:00,0.0,26.5,0.95914,91,0.0
2023-01-16 04:00:00,0.0,26.0,1.2876,91,0.0
2023-01-16 05:00:00,0.0,27.0,1.27195,91,0.0
2023-01-16 06:00:00,0.0,28.0,1.4697450000000003,91,0.0
2023-01-16 07:00:00,0.0,28.5,1.4957250000000002,91,0.0
2023-01-16 08:00:00,0.0,32.5,1.48307,91,0.0015682906141647
2023-01-16 09:00:00,0.0,34.0,1.329155,91,0.0256681197423201
2023-01-16 10:00:00,0.0,34.0,1.182735,91,0.0768104272826104
2023-01-16 11:00:00,0.0,35.0,1.112355,91,0.1390541021232931
2023-01-16 12:00:00,0.0,36.0,0.987075,91,0.1852496583237607
2023-01-16 13:00:00,0.0,36.0,0.8185250000000001,91,0.213083077292157
2023-01-16 14:00:00,0.0,36.5,0.7674150000000001,91,0.0629757266166883
2023-01-16 15:00:00,0.0061666666666666,37.0,0.8592650000000001,91,0.0162054700525397
2023-01-16 16:00:00,0.0098333333333333,38.0,0.949585,91,0.0114170085619657
2023-01-16 17:00:00,0.0,38.5,0.98175,91,9.606837840257294e-05
2023-01-16 18:00:00,0.0068333333333333,40.0,0.8167249999999999,91,0.0
2023-01-16 19:00:00,0.0,42.0,0.427565,91,0.0
2023-01-16 20:00:00,0.0069999999999999,44.0,0.12971,91,0.0
2023-01-16 21:00:00,0.0108333333333333,43.5,0.0544399999999999,91,0.0
2023-01-16 22:00:00,0.0,44.5,0.1185399999999999,91,0.0
2023-01-16 23:00:00,0.0131666666666666,45.5,0.200925,91,0.0
2023-01-17 00:00:00,0.0,48.5,0.2489299999999999,91,0.0
2023-01-17 01:00:00,0.013,52.5,0.3204349999999999,91,0.0
2023-01-17 02:00:00,0.0096666666666666,56.0,0.29928,91,0.0
2023-01-17 03:00:00,0.0,58.5,0.27514,91,0.0
2023-01-17 04:00:00,0.0068333333333333,59.5,0.2936199999999999,91,0.0
2023-01-17 05:00:00,0.0051666666666666,57.5,0.7962899999999999,91,0.0
2023-01-17 06:00:00,0.0016666666666666,55.0,1.30297,91,0.0
2023-01-17 07:00:00,0.0088333333333333,55.5,1.329375,91,0.0
2023-01-17 08:00:00,0.0,53.5,1.333835,91,0.0028011965700703
2023-01-17 09:00:00,0.0131666666666666,52.5,1.318545,91,0.0526464096501342
2023-01-17 10:00:00,0.0096666666666666,51.5,1.228395,91,0.0719727351930406
2023-01-17 11:00:00,0.0,51.0,1.1798300000000002,91,0.1357093163840791
2023-01-17 12:00:00,0.0093333333333333,50.0,1.074425,91,0.1200629919818323
2023-01-17 13:00:00,0.0128333333333333,51.5,0.907915,91,0.2513444442422981
2023-01-17 14:00:00,0.0071666666666666,48.5,0.73352,91,0.2153245290935548
2023-01-17 15:00:00,0.0126666666666666,48.5,0.6906349999999999,91,0.0877236754262549
2023-01-17 16:00:00,0.0088333333333333,47.0,0.8415499999999999,91,0.0160585470561288
2023-01-17 17:00:00,0.0,48.0,0.8701099999999999,91,0.0007210256459796
2023-01-17 18:00:00,0.0083333333333333,47.5,0.7666050000000001,91,0.0
2023-01-17 19:00:00,0.0128333333333333,46.5,0.44058,91,0.0
2023-01-17 20:00:00,0.0078333333333333,48.0,0.139555,91,0.0
2023-01-17 21:00:00,0.0126666666666666,49.5,0.04707,91,0.0
2023-01-17 22:00:00,0.0,50.0,0.07764,91,0.0
2023-01-17 23:00:00,0.011,50.5,0.17687,91,0.0
2023-01-18 00:00:00,0.0073333333333333,50.5,0.178825,91,0.0
2023-01-18 01:00:00,0.0128333333333333,52.5,0.174165,91,0.0
2023-01-18 02:00:00,0.0081666666666666,52.5,0.194095,91,0.0
2023-01-18 03:00:00,0.0,53.5,0.3455499999999999,91,0.0
2023-01-18 04:00:00,0.0086666666666666,55.5,0.33873,91,0.0
2023-01-18 05:00:00,0.013,55.0,0.636695,91,0.0
2023-01-18 06:00:00,0.0075,51.5,1.192125,91,0.0
2023-01-18 07:00:00,0.0106666666666666,49.5,1.304805,91,0.0
2023-01-18 08:00:00,0.0128333333333333,48.5,1.307205,91,0.0097269231081008
2023-01-18 09:00:00,0.0,47.0,1.286265,91,0.0575748715849003
2023-01-18 10:00:00,0.0073333333333333,47.5,1.12277,91,0.205223590573694
2023-01-18 11:00:00,0.0111666666666666,48.0,1.01011,91,0.0554423930094792
2023-01-18 12:00:00,0.0128333333333333,48.5,1.1001800000000002,91,0.042571794976536
2023-01-18 13:00:00,0.0076666666666666,48.5,0.983245,91,0.0380644441873599
2023-01-18 14:00:00,0.0,50.0,0.63717,91,0.0234414529596638
2023-01-18 15:00:00,0.0101666666666666,48.0,0.9686,91,0.022145555651086
2023-01-18 16:00:00,0.0126666666666666,48.0,1.61631,91,0.0270431623703394
2023-01-18 17:00:00,0.0075,49.5,1.503185,91,0.0023311111023331
2023-01-18 18:00:00,0.0093333333333333,47.0,1.033405,91,0.0
2023-01-18 19:00:00,0.0128333333333333,43.5,0.536175,91,0.0
2023-01-18 20:00:00,0.0,42.5,0.21306,91,0.0
2023-01-18 21:00:00,0.0076666666666666,41.0,0.23084,91,0.0
2023-01-18 22:00:00,0.0088333333333333,41.0,0.286595,91,0.0
2023-01-18 23:00:00,0.0128333333333333,45.5,0.3246599999999999,91,0.0
2023-01-19 00:00:00,0.0081666666666666,48.0,0.3740349999999999,91,0.0
2023-01-19 01:00:00,0.0008333333333333,46.0,0.3972499999999999,91,0.0
2023-01-19 02:00:00,0.0066666666666666,47.0,0.398325,91,0.0
2023-01-19 03:00:00,0.0126666666666666,48.5,0.40826,91,0.0
2023-01-19 04:00:00,0.011,52.0,0.436475,91,0.0
2023-01-19 05:00:00,0.0076666666666666,51.0,0.99026,91,0.0
2023-01-19 06:00:00,0.0111666666666666,50.5,1.56363,91,0.0
2023-01-19 07:00:00,0.0,51.5,1.5742,91,0.0
2023-01-19 08:00:00,0.0128333333333333,51.0,1.58126,91,0.0126947863396798
2023-01-19 09:00:00,0.0076666666666666,50.5,1.5190399999999995,91,0.1122958122155605
2023-01-19 10:00:00,0.0076666666666666,50.0,1.4018500000000005,91,0.2787616243933001
2023-01-19 11:00:00,0.0126666666666666,49.5,1.318635,91,0.1902321368812496
2023-01-19 12:00:00,0.0116666666666666,52.0,1.282415,91,0.1943307694003113
2023-01-19 13:00:00,0.0,57.5,1.2172349999999998,91,0.2608325648511577
2023-01-19 14:00:00,0.0073333333333333,62.0,1.12177,91,0.2712056412656083
2023-01-19 15:00:00,0.0083333333333333,65.0,1.08386,91,0.1847898299062354
2023-01-19 16:00:00,0.0123333333333333,69.5,1.077325,91,0.0337100853471674
2023-01-19 17:00:00,0.0108333333333333,70.0,1.149425,91,0.0030476922702649
2023-01-19 18:00:00,0.0038333333333333,68.0,1.03366,91,0.0
2023-01-19 19:00:00,0.0038333333333333,67.5,0.556755,91,0.0
2023-01-19 20:00:00,0.0106666666666666,66.5,0.209745,91,0.0
2023-01-19 21:00:00,0.0126666666666666,65.5,0.274555,91,0.0
2023-01-19 22:00:00,0.0083333333333333,57.0,0.345935,91,0.0
2023-01-19 23:00:00,0.0075,59.5,0.36418,91,0.0
2023-01-20 00:00:00,0.0,61.0,0.425445,91,0.0
2023-01-20 01:00:00,0.0128333333333333,63.0,0.45534,91,0.0
2023-01-20 02:00:00,0.013,62.0,0.49115,91,0.0
2023-01-20 03:00:00,0.0076666666666666,62.5,0.482485,91,0.0
2023-01-20 04:00:00,0.0076666666666666,63.5,0.479705,91,0.0
2023-01-20 05:00:00,0.0126666666666666,65.5,1.050355,91,0.0
2023-01-20 06:00:00,0.0,63.0,1.632485,91,0.0
2023-01-20 07:00:00,0.0108333333333333,63.0,1.67293,91,0.0
2023-01-20 08:00:00,0.0075,61.5,1.676395,91,0.0109436752596217
2023-01-20 09:00:00,0.0091666666666666,63.5,1.632515,91,0.116923419104682
2023-01-20 10:00:00,0.0128333333333333,67.0,1.595175,91,0.2067534181806776
2023-01-20 11:00:00,0.0119999999999999,66.0,1.4738449999999998,91,0.1422840181171384
2023-01-20 12:00:00,0.0,63.5,1.3205600000000002,91,0.2068612825768626
2023-01-20 13:00:00,0.0076666666666666,61.0,1.17106,91,0.2269611960190993
2023-01-20 14:00:00,0.0073333333333333,61.0,1.087685,91,0.2786085482540293
2023-01-20 15:00:00,0.0096666666666666,62.5,1.14441,91,0.1055382047147832
2023-01-20 16:00:00,0.0,63.5,1.18383,91,0.0457835898440108
2023-01-20 17:00:00,0.0,65.0,1.254775,91,0.0053400000095622
2023-01-20 18:00:00,0.0,62.5,1.12236,91,0.0
2023-01-20 19:00:00,0.0061666666666666,62.0,0.60387,91,0.0
2023-01-20 20:00:00,0.0,62.5,0.211855,91,0.0
2023-01-20 21:00:00,0.0,64.5,0.20238,91,0.0
2023-01-20 22:00:00,0.0063333333333333,64.5,0.264175,91,0.0
2023-01-20 23:00:00,0.0,65.5,0.272265,91,0.0
2023-01-21 00:00:00,0.0,65.5,0.2918949999999999,91,0.0
2023-01-21 01:00:00,0.0056666666666666,67.0,0.28909,91,0.0
2023-01-21 02:00:00,0.0,67.0,0.293465,91,0.0
2023-01-21 03:00:00,0.0,63.0,0.33296,91,0.0
2023-01-21 04:00:00,0.0,62.0,0.3412699999999999,91,0.0
2023-01-21 05:00:00,0.0118333333333333,61.0,0.473825,91,0.0
2023-01-21 06:00:00,0.0,63.0,0.47069,91,0.0
2023-01-21 07:00:00,0.0,63.0,0.3831149999999999,91,0.0
2023-01-21 08:00:00,0.008,63.0,0.42135,91,0.0151417093934156
2023-01-21 09:00:00,0.0,61.0,0.399835,91,0.109707692382682
2023-01-21 10:00:00,0.0,59.5,0.359475,91,0.2217361528445512
2023-01-21 11:00:00,0.0,58.0,0.297475,91,0.255992308722602
2023-01-21 12:00:00,0.013,59.0,0.270805,91,0.1509345299973447
2023-01-21 13:00:00,0.0203333333333333,58.5,0.280175,91,0.1536411102816589
2023-01-21 14:00:00,0.0,60.5,0.258655,91,0.2468630769517686
2023-01-21 15:00:00,0.0063333333333333,61.0,0.252435,91,0.1151186318682809
2023-01-21 16:00:00,0.0,61.0,0.297855,91,0.0408282905562311
2023-01-21 17:00:00,0.0,61.0,0.320125,91,0.0033444444377086
2023-01-21 18:00:00,0.0026666666666666,61.0,0.310665,91,0.0
2023-01-21 19:00:00,0.0033333333333333,60.5,0.3026999999999999,91,0.0
2023-01-21 20:00:00,0.0,61.5,0.2400299999999999,91,0.0
2023-01-21 21:00:00,0.0,61.5,0.2304749999999999,91,0.0
2023-01-21 22:00:00,0.0063333333333333,62.0,0.31294,91,0.0
2023-01-21 23:00:00,0.0,63.0,0.36084,91,0.0
2023-01-22 00:00:00,0.0,63.5,0.35566,91,0.0
2023-01-22 01:00:00,0.01,62.5,0.3686149999999999,91,0.0
2023-01-22 02:00:00,0.0,61.5,0.3907749999999999,91,0.0
2023-01-22 03:00:00,0.0,61.0,0.37341,91,0.0
2023-01-22 04:00:00,0.0,63.0,0.406605,91,0.0
2023-01-22 05:00:00,0.0111666666666666,64.0,0.55558,91,0.0
2023-01-22 06:00:00,0.0,63.0,0.507685,91,0.0
2023-01-22 07:00:00,0.0,63.0,0.384875,91,0.0
2023-01-22 08:00:00,0.005,63.0,0.435745,91,3.897435963153837e-05
2023-01-22 09:00:00,0.0013333333333333,63.5,0.4697949999999999,91,0.0126339315960549
2023-01-22 10:00:00,0.0,61.5,0.4723599999999999,91,0.0272071796400934
2023-01-22 11:00:00,0.0,60.0,0.4335499999999999,91,0.0369518804957724
2023-01-22 12:00:00,0.0066666666666666,59.0,0.4555799999999999,91,0.0498329059894268
2023-01-22 13:00:00,0.0,58.5,0.52124,91,0.063986581003564
2023-01-22 14:00:00,0.0,60.0,0.51564,91,0.0568070086862286
2023-01-22 15:00:00,0.0,62.0,0.4864449999999999,91,0.0332670940904535
2023-01-22 16:00:00,0.0128333333333333,62.0,0.49352,91,0.0139700000663088
2023-01-22 17:00:00,0.0,63.5,0.51221,91,0.0004514529950455
2023-01-22 18:00:00,0.0,62.5,0.544765,91,0.0
2023-01-22 19:00:00,0.006,63.0,0.5525,91,0.0
2023-01-22 20:00:00,0.0,64.0,0.410985,91,0.0
2023-01-22 21:00:00,0.0,65.0,0.414585,91,0.0
2023-01-22 22:00:00,0.0,68.0,0.5249800000000001,91,0.0
2023-01-22 23:00:00,0.0131666666666666,65.0,0.507185,91,0.0
2023-01-23 00:00:00,0.0,66.0,0.5128149999999999,91,0.0
2023-01-23 01:00:00,0.0,65.5,0.510115,91,0.0
2023-01-23 02:00:00,0.0078333333333333,66.0,0.958515,91,0.0
2023-01-23 03:00:00,0.0,66.5,1.272035,91,0.0
2023-01-23 04:00:00,0.0,67.5,1.1979,91,0.0
2023-01-23 05:00:00,0.0,67.5,1.3636349999999997,91,0.0
2023-01-23 06:00:00,0.0083333333333333,66.5,1.537735,91,0.0
2023-01-23 07:00:00,0.0,66.0,1.5461350000000005,91,0.0
2023-01-23 08:00:00,0.0,68.0,1.47954,91,0.0036317094052449
2023-01-23 09:00:00,0.0,70.5,1.5006050000000002,91,0.0302145299340924
2023-01-23 10:00:00,0.0185,70.5,1.57079,91,0.0604964101416432
2023-01-23 11:00:00,0.0036666666666666,73.0,1.6344900000000002,91,0.0907487180497911
2023-01-23 12:00:00,0.0053333333333333,74.0,1.643505,91,0.1049715376307821
2023-01-23 13:00:00,0.0206666666666666,71.0,1.5905950000000002,91,0.0985804278218848
2023-01-23 14:00:00,0.0201666666666666,67.0,1.486175,91,0.0729160683786767
2023-01-23 15:00:00,0.0658333333333333,67.0,1.41931,91,0.0361810257903531
2023-01-23 16:00:00,0.0,68.0,1.409715,91,0.0126649572197188
2023-01-23 17:00:00,0.0061666666666666,66.5,1.4089900000000002,91,0.0003288034186499
2023-01-23 18:00:00,0.0,67.5,1.184955,91,0.0
2023-01-23 19:00:00,0.0,71.5,0.6753399999999999,91,0.0
2023-01-23 20:00:00,0.0018333333333333,75.5,0.29706,91,0.0
2023-01-23 21:00:00,0.0,81.0,0.198515,91,0.0
2023-01-23 22:00:00,0.0,82.5,0.29709,91,0.0
2023-01-23 23:00:00,0.0,74.0,0.3843749999999999,91,0.0
2023-01-24 00:00:00,0.0,72.5,0.380005,91,0.0
2023-01-24 01:00:00,0.0,77.5,0.410085,91,0.0
2023-01-24 02:00:00,0.0,78.5,0.452785,91,0.0
2023-01-24 03:00:00,0.0,77.0,0.4679199999999999,91,0.0
2023-01-24 04:00:00,0.0,78.5,0.788425,91,0.0
2023-01-24 05:00:00,0.0,78.0,1.336735,91,0.0
2023-01-24 06:00:00,0.0,75.0,1.580445,91,0.0
2023-01-24 07:00:00,0.0,71.5,1.593265,91,0.0
2023-01-24 08:00:00,0.0,69.5,1.649925,91,0.0146070086083605
2023-01-24 09:00:00,0.1565,68.0,1.71229,91,0.099709572506766
2023-01-24 10:00:00,1.973833333333333,67.5,1.691685,91,0.2150842730204264
2023-01-24 11:00:00,0.1183333333333333,67.5,1.5332549999999998,91,0.3092747001973992
2023-01-24 12:00:00,0.0653333333333333,75.0,1.31674,91,0.3510121363452357
2023-01-24 13:00:00,1.0570000000000002,78.5,1.196395,91,0.3389216225778954
2023-01-24 14:00:00,2.595,76.0,1.1017,91,0.2755194013546675
2023-01-24 15:00:00,0.0168333333333333,76.5,1.044555,91,0.1798417102781116
2023-01-24 16:00:00,0.0,77.5,1.02691,91,0.0578141024581387
2023-01-24 17:00:00,0.0,78.5,1.11665,91,0.0061062393130129
2023-01-24 18:00:00,0.0,83.5,1.056485,91,0.0
2023-01-24 19:00:00,0.0,82.0,0.605865,91,0.0
2023-01-24 20:00:00,0.0,83.5,0.24938,91,0.0
2023-01-24 21:00:00,0.0,76.5,0.251195,91,0.0
2023-01-24 22:00:00,0.0,77.5,0.3283,91,0.0
2023-01-24 23:00:00,0.0,79.0,0.342895,91,0.0
2023-01-25 00:00:00,0.0,80.5,0.36684,91,0.0
2023-01-25 01:00:00,0.0,80.5,0.367855,91,0.0
2023-01-25 02:00:00,0.0,82.0,0.35507,91,0.0
2023-01-25 03:00:00,0.0,81.0,0.378505,91,0.0
2023-01-25 04:00:00,0.0,82.0,0.476205,91,0.0
2023-01-25 05:00:00,0.0,82.5,1.05205,91,0.0
2023-01-25 06:00:00,0.0,80.0,1.535425,91,0.0
2023-01-25 07:00:00,0.0,75.5,1.5022000000000002,91,0.0
2023-01-25 08:00:00,0.0,70.5,1.4774649999999998,91,0.0056433333147667
2023-01-25 09:00:00,0.0,70.5,1.42727,91,0.047740598050957
2023-01-25 10:00:00,0.0,76.5,1.3387199999999997,91,0.0772865810557308
2023-01-25 11:00:00,0.0,77.5,1.29506,91,0.0717999144089527
2023-01-25 12:00:00,0.0,88.0,1.3108350000000002,91,0.1380123934786544
2023-01-25 13:00:00,0.0,91.5,1.214405,91,0.1333737609732864
2023-01-25 14:00:00,0.0,92.0,1.14154,91,0.0999434191548926
2023-01-25 15:00:00,0.0,93.5,1.18917,91,0.0508646153181027
2023-01-25 16:00:00,0.0,93.0,1.16606,91,0.0218103419002304
2023-01-25 17:00:00,0.0,92.0,1.156235,91,0.0014517093954098
2023-01-25 18:00:00,0.0,91.5,0.960915,91,0.0
2023-01-25 19:00:00,0.0,90.5,0.530775,91,0.0
2023-01-25 20:00:00,0.0,93.0,0.24683,91,0.0
2023-01-25 21:00:00,0.0,84.0,0.224945,91,0.0
2023-01-25 22:00:00,0.0,81.5,0.288495,91,0.0
2023-01-25 23:00:00,0.0,82.5,0.30698,91,0.0
2023-01-26 00:00:00,0.0,81.5,0.3211599999999999,91,0.0
2023-01-26 01:00:00,0.0,83.0,0.3324499999999999,91,0.0
2023-01-26 02:00:00,0.0,83.0,0.340175,91,0.0
2023-01-26 03:00:00,0.0,81.0,0.3438049999999999,91,0.0
2023-01-26 04:00:00,0.0,82.5,0.36716,91,0.0
2023-01-26 05:00:00,0.0,86.0,0.950635,91,0.0
2023-01-26 06:00:00,0.0,81.5,1.51601,91,0.0
2023-01-26 07:00:00,0.0,78.5,1.51152,91,0.0
2023-01-26 08:00:00,0.0,72.5,1.476165,91,0.002222649584978
2023-01-26 09:00:00,0.0,72.5,1.4067999999999998,91,0.0178165810943668
2023-01-26 10:00:00,0.0,71.0,1.27531,91,0.0300134186051849
2023-01-26 11:00:00,0.0,71.0,1.195705,91,0.0378098288560525
2023-01-26 12:00:00,0.0,76.5,1.20847,91,0.0367214529738466
2023-01-26 13:00:00,0.0,80.5,1.22511,91,0.0329757265351776
2023-01-26 14:00:00,0.0,80.0,1.21159,91,0.0316946153559236
2023-01-26 15:00:00,0.0,73.0,1.167135,91,0.0265187177291283
2023-01-26 16:00:00,0.0,75.0,1.16205,91,0.0120300855137344
2023-01-26 17:00:00,0.0,76.0,1.17117,91,0.0004046153871772
2023-01-26 18:00:00,0.0,73.5,0.988775,91,0.0
2023-01-26 19:00:00,0.0,73.0,0.5281999999999999,91,0.0
2023-01-26 20:00:00,0.0,72.5,0.1891699999999999,91,0.0
2023-01-26 21:00:00,0.0,73.5,0.12572,91,0.0
2023-01-26 22:00:00,0.0,73.5,0.1897599999999999,91,0.0
2023-01-26 23:00:00,0.0,74.0,0.2494899999999999,91,0.0
2023-01-27 00:00:00,0.0,73.0,0.227295,91,0.0
2023-01-27 01:00:00,0.0,74.0,0.3864399999999999,91,0.0
2023-01-27 02:00:00,0.0,73.0,0.4687099999999999,91,0.0
2023-01-27 03:00:00,0.0,74.0,0.379715,91,0.0
2023-01-27 04:00:00,0.0,76.0,0.381295,91,0.0
2023-01-27 05:00:00,0.0,73.5,0.8764449999999999,91,0.0
2023-01-27 06:00:00,0.0,74.0,1.414565,91,0.0
2023-01-27 07:00:00,0.0,74.5,1.448835,91,0.0
2023-01-27 08:00:00,0.0,70.5,1.440785,91,0.0015847863346083
2023-01-27 09:00:00,0.458,71.0,1.42918,91,0.0199870940355154
2023-01-27 10:00:00,2.763,69.5,1.3822900000000002,91,0.0471134187828781
2023-01-27 11:00:00,1.5795,69.5,1.38603,91,0.060974017086192
2023-01-27 12:00:00,3.3216666666666668,70.5,1.3998400000000002,91,0.0565764958634335
2023-01-27 13:00:00,1.6271666666666669,71.5,1.3978000000000002,91,0.0482020513420431
2023-01-27 14:00:00,1.040333333333333,72.0,1.381495,91,0.0329158976139166
2023-01-27 15:00:00,1.2586666666666666,73.0,1.299255,91,0.0181208547975263
2023-01-27 16:00:00,0.0,73.5,1.269795,91,0.0081105128032529
2023-01-27 17:00:00,0.0,73.0,1.294335,91,0.0001557264947053
2023-01-27 18:00:00,0.0,71.5,1.199385,91,0.0
2023-01-27 19:00:00,0.0,70.5,0.6467299999999999,91,0.0
2023-01-27 20:00:00,0.0,70.0,0.1500399999999999,91,0.0
2023-01-27 21:00:00,0.0,71.5,0.1212999999999999,91,0.0
2023-01-27 22:00:00,0.0,72.0,0.183455,91,0.0
2023-01-27 23:00:00,0.0,74.0,0.231475,91,0.0
2023-01-28 00:00:00,0.0,74.0,0.25173,91,0.0
2023-01-28 01:00:00,0.0,75.5,0.311725,91,0.0
2023-01-28 02:00:00,0.0,73.0,0.34157,91,0.0
2023-01-28 03:00:00,0.0,68.0,0.310975,91,0.0
2023-01-28 04:00:00,0.0,62.5,0.287055,91,0.0
2023-01-28 05:00:00,0.0,62.5,0.461015,91,0.0
2023-01-28 06:00:00,0.0,62.0,0.461855,91,0.0
2023-01-28 07:00:00,0.0,65.5,0.31073,91,0.0
2023-01-28 08:00:00,0.0318333333333333,65.5,0.3458,91,0.0011908547051696
2023-01-28 09:00:00,0.1281666666666666,65.5,0.383235,91,0.0142021367183098
2023-01-28 10:00:00,0.1243333333333333,63.5,0.36627,91,0.0393158971346341
2023-01-28 11:00:00,0.1245,63.0,0.3237049999999999,91,0.0550621367723513
2023-01-28 12:00:00,0.1241666666666666,61.5,0.3478999999999999,91,0.0730557266463581
2023-01-28 13:00:00,0.1241666666666666,58.0,0.333255,91,0.0781777778853718
2023-01-28 14:00:00,0.1501666666666666,56.5,0.2906249999999999,91,0.080641367333567
2023-01-28 15:00:00,0.1945,56.5,0.28338,91,0.0636066667442648
2023-01-28 16:00:00,0.2048333333333333,57.0,0.33976,91,0.0228525641025641
2023-01-28 17:00:00,0.2063333333333333,56.5,0.362135,91,0.0017323076988482
2023-01-28 18:00:00,0.2166666666666666,56.0,0.30709,91,0.0
2023-01-28 19:00:00,0.2098333333333333,55.5,0.2879699999999999,91,0.0
2023-01-28 20:00:00,0.2103333333333333,56.5,0.2159199999999999,91,0.0
2023-01-28 21:00:00,0.2106666666666666,58.5,0.2231749999999999,91,0.0
2023-01-28 22:00:00,0.2141666666666666,60.0,0.335375,91,0.0
2023-01-28 23:00:00,0.2101666666666666,59.0,0.37358,91,0.0
2023-01-29 00:00:00,0.2101666666666666,60.0,0.3359499999999999,91,0.0
2023-01-29 01:00:00,0.2096666666666666,61.0,0.2905399999999999,91,0.0
2023-01-29 02:00:00,0.2108333333333333,60.0,0.30096,91,0.0
2023-01-29 03:00:00,0.2155,60.0,0.337285,91,0.0
2023-01-29 04:00:00,0.21,60.0,0.36154,91,0.0
2023-01-29 05:00:00,0.2106666666666666,60.0,0.503705,91,0.0
2023-01-29 06:00:00,0.2178333333333333,61.0,0.4512349999999999,91,0.0
2023-01-29 07:00:00,0.2151666666666666,60.0,0.294355,91,0.0
2023-01-29 08:00:00,0.2276666666666666,60.0,0.3335749999999999,91,0.0040531623917512
2023-01-29 09:00:00,0.2293333333333333,60.0,0.4128199999999999,91,0.0317506837641072
2023-01-29 10:00:00,0.2008333333333333,57.5,0.434285,91,0.0931769238985502
2023-01-29 11:00:00,0.0513333333333333,56.0,0.31386,91,0.1562382047604291
2023-01-29 12:00:00,0.0043333333333333,55.5,0.28014,91,0.1687219650725014
2023-01-29 13:00:00,0.0418333333333333,53.0,0.331465,91,0.1521177772782806
2023-01-29 14:00:00,0.0361666666666666,52.0,0.36429,91,0.1324791451804658
2023-01-29 15:00:00,1.5208333333333333,56.0,0.3339049999999999,91,0.1402304277664575
2023-01-29 16:00:00,0.0031666666666666,59.0,0.30172,91,0.0734395724484044
2023-01-29 17:00:00,0.0,60.5,0.35381,91,0.0149092308191471
2023-01-29 18:00:00,0.0,59.5,0.422885,91,0.0
2023-01-29 19:00:00,0.0,57.0,0.46735,91,0.0
2023-01-29 20:00:00,0.0,57.0,0.37957,91,0.0
2023-01-29 21:00:00,0.0,57.5,0.380415,91,0.0
2023-01-29 22:00:00,0.0,59.5,0.465765,91,0.0
2023-01-29 23:00:00,0.0,59.5,0.4567799999999999,91,0.0
2023-01-30 00:00:00,0.0,55.0,0.46771,91,0.0
2023-01-30 01:00:00,0.0,47.0,0.45615,91,0.0
2023-01-30 02:00:00,0.0,46.0,0.8242649999999999,91,0.0
2023-01-30 03:00:00,0.0,46.5,1.158955,91,0.0
2023-01-30 04:00:00,0.0,46.5,1.1278,91,0.0
2023-01-30 05:00:00,0.0,46.5,1.27113,91,0.0
2023-01-30 06:00:00,0.0,47.5,1.461925,91,0.0
2023-01-30 07:00:00,0.0,52.5,1.553445,91,0.0
2023-01-30 08:00:00,0.0,56.0,1.575605,91,0.0064907692907712
2023-01-30 09:00:00,1.952,55.0,1.5536900000000002,91,0.0366572650375529
2023-01-30 10:00:00,7.063833333333334,54.0,1.5190450000000002,91,0.0720894010657937
2023-01-30 11:00:00,0.0448333333333333,54.5,1.47394,91,0.1351641883198012
2023-01-30 12:00:00,2.4851666666666667,53.0,1.468585,91,0.2710202569227952
2023-01-30 13:00:00,2.7111666666666667,48.0,1.423565,91,0.3718331605960161
2023-01-30 14:00:00,0.0168333333333333,48.5,1.3081950000000002,91,0.3160710238595294
2023-01-30 15:00:00,3.9075,49.5,1.26179,91,0.2037617952395708
2023-01-30 16:00:00,0.0,53.0,1.247545,91,0.0692104279485523
2023-01-30 17:00:00,0.0,55.0,1.297545,91,0.0063797435442654
2023-01-30 18:00:00,0.0,55.5,1.107085,91,0.0
2023-01-30 19:00:00,0.0,53.0,0.61446,91,0.0
2023-01-30 20:00:00,0.0,55.5,0.30556,91,0.0
2023-01-30 21:00:00,0.0,56.0,0.27901,91,0.0
2023-01-30 22:00:00,0.0,50.0,0.32326,91,0.0
2023-01-30 23:00:00,0.0,50.0,0.359265,91,0.0
2023-01-31 00:00:00,0.0,51.0,0.3706899999999999,91,0.0
2023-01-31 01:00:00,0.0,46.0,0.34091,91,0.0
2023-01-31 02:00:00,0.0,50.0,0.3513,91,0.0
2023-01-31 03:00:00,0.0,51.0,0.389295,91,0.0
2023-01-31 04:00:00,0.0,52.0,0.64988,91,0.0
2023-01-31 05:00:00,0.0,52.0,1.1251,91,0.0
2023-01-31 06:00:00,0.0,49.5,1.39736,91,0.0
2023-01-31 07:00:00,0.0,45.5,1.466835,91,0.0
2023-01-31 08:00:00,0.0,43.5,1.52794,91,0.015764273456656
2023-01-31 09:00:00,1.5018333333333331,43.0,1.492875,91,0.0547637610150198
2023-01-31 10:00:00,0.867,41.5,1.445055,91,0.0991820511451134
2023-01-31 11:00:00,0.0,40.0,1.376125,91,0.2575058981088492
2023-01-31 12:00:00,0.0,37.5,1.209405,91,0.3054969220283704
2023-01-31 13:00:00,0.0,35.0,1.05128,91,0.3708800839155148
2023-01-31 14:00:00,0.0,36.5,0.91998,91,0.3083059826060238
2023-01-31 15:00:00,0.0,42.0,0.839585,91,0.2274125637152256
2023-01-31 16:00:00,0.0,43.0,0.7820300000000001,91,0.1095905127077021
2023-01-31 17:00:00,0.0,44.5,0.90256,91,0.0124682050686265
2023-01-31 18:00:00,0.0,43.5,0.910385,91,0.0
2023-01-31 19:00:00,0.0,42.0,0.4743099999999999,91,0.0
2023-01-31 20:00:00,0.0,39.0,0.16412,91,0.0
2023-01-31 21:00:00,0.0,40.0,0.12494,91,0.0
2023-01-31 22:00:00,0.0,40.5,0.1512,91,0.0
2023-01-31 23:00:00,0.0,41.0,0.2240849999999999,91,0.0
2023-02-01 00:00:00,0.0,43.75,0.36354,91,0.0
2023-02-01 01:00:00,0.0,40.75,0.41792,91,0.0
2023-02-01 02:00:00,0.0,40.25,0.365845,91,0.0
2023-02-01 03:00:00,0.0,39.75,0.3464799999999999,91,0.0
2023-02-01 04:00:00,0.0,39.75,0.439895,91,0.0
2023-02-01 05:00:00,0.0,41.25,0.945465,91,0.0
2023-02-01 06:00:00,0.0,54.25,1.359095,91,0.0
2023-02-01 07:00:00,0.0,59.25,1.41199,91,0.0
2023-02-01 08:00:00,0.0,58.5,1.4550150000000002,91,0.0212804273070178
2023-02-01 09:00:00,0.0,56.75,1.4719,91,0.1361464106730925
2023-02-01 10:00:00,0.0,55.25,1.35943,91,0.2637613682054047
2023-02-01 11:00:00,0.0,50.75,1.1592,91,0.3353580303681202
2023-02-01 12:00:00,0.0,48.5,0.982585,91,0.3891001719287318
2023-02-01 13:00:00,0.0,50.25,0.83371,91,0.3874704269670014
2023-02-01 14:00:00,0.0,52.5,0.71481,91,0.2240842726291754
2023-02-01 15:00:00,0.0,52.5,0.6849500000000001,91,0.2591931639777289
2023-02-01 16:00:00,0.0,54.25,0.6786499999999999,91,0.1246586318708892
2023-02-01 17:00:00,0.0,55.0,0.8348999999999999,91,0.0113383761423631
2023-02-01 18:00:00,0.0,56.25,0.83848,91,0.0
2023-02-01 19:00:00,0.0,56.0,0.41087,91,0.0
2023-02-01 20:00:00,0.0,58.0,0.14036,91,0.0
2023-02-01 21:00:00,0.0,57.5,0.05382,91,0.0
2023-02-01 22:00:00,0.0,57.75,0.09178,91,0.0
2023-02-01 23:00:00,0.0,55.5,0.19007,91,0.0
2023-02-02 00:00:00,0.0,49.75,0.194575,91,0.0
2023-02-02 01:00:00,0.0,49.0,0.250475,91,0.0
2023-02-02 02:00:00,0.0,51.25,0.344805,91,0.0
2023-02-02 03:00:00,0.0,49.5,0.369045,91,0.0
2023-02-02 04:00:00,0.0,49.5,0.3659699999999999,91,0.0
2023-02-02 05:00:00,0.0,52.0,0.854355,91,0.0
2023-02-02 06:00:00,0.0,59.75,1.422645,91,0.0
2023-02-02 07:00:00,0.0,64.0,1.487325,91,0.0
2023-02-02 08:00:00,0.0,64.0,1.43495,91,0.0279813676079114
2023-02-02 09:00:00,0.0,63.0,1.30182,91,0.1376394017537435
2023-02-02 10:00:00,0.0,62.0,1.05812,91,0.2552464969341572
2023-02-02 11:00:00,0.0,58.5,0.87394,91,0.3438077760354066
2023-02-02 12:00:00,0.0,55.5,0.7892250000000001,91,0.3895835896027393
2023-02-02 13:00:00,0.0,56.75,0.682855,91,0.491927521534455
2023-02-02 14:00:00,0.0,58.0,0.5671050000000001,91,0.4071225657014766
2023-02-02 15:00:00,0.0,59.0,0.5526300000000001,91,0.2769282058976655
2023-02-02 16:00:00,0.0,59.75,0.573665,91,0.1079076065161289
2023-02-02 17:00:00,0.0,60.75,0.7217699999999999,91,0.0089276923930161
2023-02-02 18:00:00,0.0,60.0,0.703665,91,0.0
2023-02-02 19:00:00,0.0,60.0,0.36929,91,0.0
2023-02-02 20:00:00,0.0,60.75,0.16124,91,0.0
2023-02-02 21:00:00,0.0,61.0,0.0537999999999999,91,0.0
2023-02-02 22:00:00,0.0,61.5,0.09174,91,0.0
2023-02-02 23:00:00,0.0,61.25,0.15882,91,0.0
2023-02-03 00:00:00,0.0,48.75,0.170205,91,0.0
2023-02-03 01:00:00,0.0,41.0,0.22274,91,0.0
2023-02-03 02:00:00,0.0,39.75,0.38683,91,0.0
2023-02-03 03:00:00,0.0,41.5,0.460415,91,0.0
2023-02-03 04:00:00,0.0,41.75,0.40212,91,0.0
2023-02-03 05:00:00,0.0,41.0,0.8541250000000001,91,0.0
2023-02-03 06:00:00,0.0,40.75,1.429375,91,0.0
2023-02-03 07:00:00,0.0,49.25,1.547665,91,0.0
2023-02-03 08:00:00,0.0,55.75,1.5011649999999996,91,0.0273176069010017
2023-02-03 09:00:00,0.0,55.75,1.3753149999999998,91,0.0964172642455141
2023-02-03 10:00:00,0.0,52.75,1.249005,91,0.2647064114432049
2023-02-03 11:00:00,0.0,51.25,1.138985,91,0.3546129911373823
2023-02-03 12:00:00,0.0,51.0,0.958735,91,0.3976322206676516
2023-02-03 13:00:00,0.0,51.5,0.7676050000000001,91,0.3778024774535089
2023-02-03 14:00:00,0.0,53.0,0.71213,91,0.3282119659684662
2023-02-03 15:00:00,0.0,55.0,0.6049,91,0.2354561533479609
2023-02-03 16:00:00,0.0,54.75,0.2318499999999999,91,0.0988330771372868
2023-02-03 17:00:00,0.0,57.25,0.0020749999999999,91,0.0114616238924427
2023-02-03 18:00:00,0.0,58.75,0.0004199999999999,91,7.521367918413419e-06
2023-02-03 19:00:00,0.0,57.5,0.0,91,0.0
2023-02-03 20:00:00,0.0,58.25,0.0,91,0.0
2023-02-03 21:00:00,0.0,58.5,0.0,91,0.0
2023-02-03 22:00:00,0.0,58.25,0.0,91,0.0
2023-02-03 23:00:00,0.0,59.0,0.0,91,0.0
2023-02-04 00:00:00,0.0,59.5,0.0,91,0.0
2023-02-04 01:00:00,0.0,61.25,0.0,91,0.0
2023-02-04 02:00:00,0.0,63.25,0.0,91,0.0
2023-02-04 03:00:00,0.0,63.25,0.0,91,0.0
2023-02-04 04:00:00,0.0,60.75,0.0,91,0.0
2023-02-04 05:00:00,0.0,65.5,0.0,91,0.0
2023-02-04 06:00:00,0.0,64.0,0.0,91,0.0
2023-02-04 07:00:00,0.0,62.75,0.0,91,0.0
2023-02-04 08:00:00,0.0,64.5,0.0,91,0.0070029059179827
2023-02-04 09:00:00,0.0,62.0,0.0,91,0.0392337606910966
2023-02-04 10:00:00,0.0,58.75,0.49128,91,0.0922913672781398
2023-02-04 11:00:00,0.0,57.75,0.872525,91,0.1336737605037852
2023-02-04 12:00:00,0.0,58.0,0.52689,91,0.205017521687043
2023-02-04 13:00:00,0.0,58.0,0.228195,91,0.212523076962202
2023-02-04 14:00:00,0.0013333333333333,57.5,0.110425,91,0.1883237604809622
2023-02-04 15:00:00,0.0,60.75,0.12065,91,0.209796239168216
2023-02-04 16:00:00,0.0,64.5,0.135345,91,0.0804840170216356
2023-02-04 17:00:00,0.0,65.25,0.146485,91,0.0065076922415158
2023-02-04 18:00:00,0.0,62.25,0.1853399999999999,91,0.0
2023-02-04 19:00:00,0.0,62.25,0.170485,91,0.0
2023-02-04 20:00:00,0.0,63.75,0.13939,91,0.0
2023-02-04 21:00:00,0.0,63.5,0.079445,91,0.0
2023-02-04 22:00:00,0.0,65.25,0.09718,91,0.0
2023-02-04 23:00:00,0.0,65.0,0.1491249999999999,91,0.0
2023-02-05 00:00:00,0.0,56.25,0.164595,91,0.0
2023-02-05 01:00:00,0.0,41.75,0.1899149999999999,91,0.0
2023-02-05 02:00:00,0.0,38.25,0.209995,91,0.0
2023-02-05 03:00:00,0.0,37.75,0.203285,91,0.0
2023-02-05 04:00:00,0.0,35.75,0.19887,91,0.0
2023-02-05 05:00:00,0.0,35.75,0.3374949999999999,91,0.0
2023-02-05 06:00:00,0.0,36.5,0.3582049999999999,91,0.0
2023-02-05 07:00:00,0.0,35.25,0.2564,91,1.0598290425080512e-05
2023-02-05 08:00:00,0.0,34.0,0.3066849999999999,91,0.015761965748846
2023-02-05 09:00:00,0.0,31.75,0.3077149999999999,91,0.0813196577169956
2023-02-05 10:00:00,0.0,32.5,0.269225,91,0.1882470077938503
2023-02-05 11:00:00,0.0,31.5,0.213565,91,0.2732927348471096
2023-02-05 12:00:00,0.0,30.25,0.1942,91,0.2569094876346425
2023-02-05 13:00:00,0.0,30.0,0.183485,91,0.1731899998330662
2023-02-05 14:00:00,0.0,31.25,0.1594799999999999,91,0.1360041024949815
2023-02-05 15:00:00,0.0,33.25,0.1891199999999999,91,0.1013162396096775
2023-02-05 16:00:00,0.315,34.5,0.2123549999999999,91,0.0498076922261817
2023-02-05 17:00:00,0.3351666666666666,40.25,0.2291449999999999,91,0.0120504273706649
2023-02-05 18:00:00,1.1363333333333332,50.75,0.25236,91,0.0
2023-02-05 19:00:00,1.4025,52.5,0.262115,91,0.0
2023-02-05 20:00:00,0.0,54.0,0.202635,91,0.0
2023-02-05 21:00:00,0.0,54.75,0.2043749999999999,91,0.0
2023-02-05 22:00:00,0.0,56.25,0.26635,91,0.0
2023-02-05 23:00:00,0.0,58.75,0.30159,91,0.0
2023-02-06 00:00:00,0.0,56.75,0.339485,91,0.0
2023-02-06 01:00:00,0.0,55.25,0.36287,91,0.0
2023-02-06 02:00:00,0.0,56.0,0.3572249999999999,91,0.0
2023-02-06 03:00:00,0.0,56.75,0.7464050000000001,91,0.0
2023-02-06 04:00:00,0.0,58.0,1.106855,91,0.0
2023-02-06 05:00:00,0.0,66.0,1.149265,91,0.0
2023-02-06 06:00:00,0.0,73.0,1.310755,91,0.0
2023-02-06 07:00:00,0.0,75.25,1.355995,91,9.230769470206668e-06
2023-02-06 08:00:00,0.0,75.75,1.342805,91,0.0237035042646094
2023-02-06 09:00:00,0.0,69.0,1.23901,91,0.0718305982279981
2023-02-06 10:00:00,0.0,70.75,1.12367,91,0.0948399146805461
2023-02-06 11:00:00,0.0,70.0,1.101555,91,0.1822874352870843
2023-02-06 12:00:00,0.0,69.25,0.92702,91,0.3361008541400616
2023-02-06 13:00:00,0.0,68.0,0.783065,91,0.3128645288842355
2023-02-06 14:00:00,0.1728333333333333,69.5,0.862175,91,0.1130859824938651
2023-02-06 15:00:00,1.2973333333333334,70.75,0.916285,91,0.0849601708925686
2023-02-06 16:00:00,2.221,74.0,0.91004,91,0.0400518803311209
2023-02-06 17:00:00,3.4776666666666665,74.0,0.955205,91,0.0120926495770024
2023-02-06 18:00:00,2.3841666666666668,72.0,0.851735,91,0.0
2023-02-06 19:00:00,6.210666666666666,70.0,0.46703,91,0.0
2023-02-06 20:00:00,9.1795,71.0,0.1663849999999999,91,0.0
2023-02-06 21:00:00,3.1126666666666662,68.5,0.07297,91,0.0
2023-02-06 22:00:00,0.0,63.75,0.13014,91,0.0
2023-02-06 23:00:00,0.0,63.25,0.20345,91,0.0
2023-02-07 00:00:00,0.0,63.75,0.17398,91,0.0
2023-02-07 01:00:00,0.0,65.25,0.2017449999999999,91,0.0
2023-02-07 02:00:00,0.0,64.0,0.358135,91,0.0
2023-02-07 03:00:00,0.0,63.25,0.376905,91,0.0
2023-02-07 04:00:00,0.0,65.0,0.3587,91,0.0
2023-02-07 05:00:00,0.0,65.0,0.851245,91,0.0
2023-02-07 06:00:00,0.0,64.0,1.325445,91,0.0
2023-02-07 07:00:00,0.0,62.0,1.394525,91,0.000162649572405
2023-02-07 08:00:00,0.0,57.0,1.4013800000000003,91,0.0379354704139579
2023-02-07 09:00:00,0.0,56.0,1.40474,91,0.1670594873998919
2023-02-07 10:00:00,0.0,56.0,1.22747,91,0.2826437612680289
2023-02-07 11:00:00,0.0,55.0,1.0818200000000002,91,0.3819103436592297
2023-02-07 12:00:00,0.0,46.75,1.00479,91,0.4285822243975777
2023-02-07 13:00:00,0.0,49.5,0.8608199999999999,91,0.4203363284901675
2023-02-07 14:00:00,3.698,51.0,0.7729750000000001,91,0.3629731659196381
2023-02-07 15:00:00,11.085333333333333,57.75,0.71355,91,0.2562914536957048
2023-02-07 16:00:00,0.1531666666666666,58.25,0.6259100000000001,91,0.1185038463885967
2023-02-07 17:00:00,0.0,58.0,0.76966,91,0.0114104273822954
2023-02-07 18:00:00,0.0,56.5,0.8405,91,1.709401790593932e-06
2023-02-07 19:00:00,0.0,56.0,0.460625,91,0.0
2023-02-07 20:00:00,0.0,55.25,0.17976,91,0.0
2023-02-07 21:00:00,0.0,58.25,0.161545,91,0.0
2023-02-07 22:00:00,0.0,60.0,0.2237,91,0.0
2023-02-07 23:00:00,0.0,60.75,0.26025,91,0.0
2023-02-08 00:00:00,0.0,62.25,0.294485,91,0.0
2023-02-08 01:00:00,0.0,63.0,0.348265,91,0.0
2023-02-08 02:00:00,0.0,62.25,0.39566,91,0.0
2023-02-08 03:00:00,0.0,63.25,0.392875,91,0.0
2023-02-08 04:00:00,0.0,66.0,0.40101,91,0.0
2023-02-08 05:00:00,0.0,66.0,0.9298,91,0.0
2023-02-08 06:00:00,0.0,66.25,1.50735,91,0.0
2023-02-08 07:00:00,0.0,66.75,1.55171,91,0.0003111111137092
2023-02-08 08:00:00,0.0,62.0,1.50585,91,0.0399243584810159
2023-02-08 09:00:00,0.0,60.75,1.5131249999999998,91,0.1552464951409234
2023-02-08 10:00:00,0.0,58.75,1.423205,91,0.279595214322082
2023-02-08 11:00:00,0.0,53.25,1.29492,91,0.3759963245880909
2023-02-08 12:00:00,0.7978333333333333,55.0,1.133035,91,0.4232894845294137
2023-02-08 13:00:00,1.4751666666666667,54.75,0.963865,91,0.4092078647450504
2023-02-08 14:00:00,0.1899999999999999,57.5,0.8386149999999999,91,0.3492642730321639
2023-02-08 15:00:00,1.0805,59.25,0.7477899999999998,91,0.2505599140917134
2023-02-08 16:00:00,0.7061666666666667,61.5,0.687865,91,0.1212005129838601
2023-02-08 17:00:00,0.3803333333333333,63.25,0.8048799999999999,91,0.0126014529104925
2023-02-08 18:00:00,0.0378333333333333,63.25,0.8669249999999998,91,1.3675213608349488e-05
2023-02-08 19:00:00,0.0,62.0,0.4874749999999999,91,0.0
2023-02-08 20:00:00,0.0,63.75,0.184835,91,0.0
2023-02-08 21:00:00,0.0,65.0,0.11297,91,0.0
2023-02-08 22:00:00,0.0,67.25,0.12853,91,0.0
2023-02-08 23:00:00,0.0,67.0,0.32231,91,0.0
2023-02-09 00:00:00,0.0,64.75,0.39797,91,0.0
2023-02-09 01:00:00,0.0,66.25,0.36134,91,0.0
2023-02-09 02:00:00,0.0,70.75,0.3846,91,0.0
2023-02-09 03:00:00,0.0,73.25,0.390295,91,0.0
2023-02-09 04:00:00,0.0,75.25,0.431525,91,0.0
2023-02-09 05:00:00,0.0,74.0,0.91429,91,0.0
2023-02-09 06:00:00,0.0,72.75,1.54282,91,0.0
2023-02-09 07:00:00,0.0,69.0,1.6823750000000002,91,0.0004958119676408
2023-02-09 08:00:00,0.0,70.5,1.632325,91,0.0412755554354088
2023-02-09 09:00:00,0.0,77.0,1.54959,91,0.1615149579496465
2023-02-09 10:00:00,0.0,75.5,1.345955,91,0.2953812842083793
2023-02-09 11:00:00,0.0,66.5,1.159445,91,0.4103088059384598
2023-02-09 12:00:00,0.0,66.0,0.997155,91,0.4444692301953959
2023-02-09 13:00:00,0.0,64.0,0.8460000000000001,91,0.382244017837394
2023-02-09 14:00:00,0.0,62.5,0.785335,91,0.3529136771829719
2023-02-09 15:00:00,0.0,66.75,0.70899,91,0.2760764955047868
2023-02-09 16:00:00,0.0,73.25,0.695335,91,0.0980796575138711
2023-02-09 17:00:00,0.0,73.5,0.78057,91,0.0196205126350888
2023-02-09 18:00:00,0.0,70.75,0.75249,91,1.1965812335157009e-06
2023-02-09 19:00:00,0.0,73.0,0.448855,91,0.0
2023-02-09 20:00:00,0.0,74.0,0.167685,91,0.0
2023-02-09 21:00:00,0.0,77.5,0.09396,91,0.0
2023-02-09 22:00:00,0.0,78.75,0.13941,91,0.0
2023-02-09 23:00:00,0.0,80.0,0.20123,91,0.0
2023-02-10 00:00:00,0.0,81.0,0.3559549999999999,91,0.0
2023-02-10 01:00:00,0.0,81.5,0.4515699999999999,91,0.0
2023-02-10 02:00:00,0.0,85.25,0.3963049999999999,91,0.0
2023-02-10 03:00:00,0.0,87.0,0.418415,91,0.0
2023-02-10 04:00:00,0.0,88.25,0.456155,91,0.0
2023-02-10 05:00:00,0.0,86.5,0.908325,91,0.0
2023-02-10 06:00:00,0.0,86.75,1.459695,91,0.0
2023-02-10 07:00:00,0.0,82.25,1.599755,91,0.0005456410252895
2023-02-10 08:00:00,0.363,79.75,1.6084249999999998,91,0.04363931601883
2023-02-10 09:00:00,1.8828333333333331,76.0,1.56864,91,0.1687996590443146
2023-02-10 10:00:00,0.0,76.75,1.37467,91,0.2942153001442933
2023-02-10 11:00:00,1.5273333333333332,76.75,1.136215,91,0.3876714494493273
2023-02-10 12:00:00,2.7758333333333334,71.75,0.99778,91,0.4246988032414363
2023-02-10 13:00:00,3.4323333333333337,69.0,0.903385,91,0.4133596580048912
2023-02-10 14:00:00,4.3853333333333335,69.25,0.844545,91,0.359134015466413
2023-02-10 15:00:00,3.0385000000000004,73.0,0.7780999999999999,91,0.2560149572649572
2023-02-10 16:00:00,0.0216666666666666,78.0,0.7063299999999999,91,0.1249996580629267
2023-02-10 17:00:00,0.0,81.0,0.831045,91,0.0163485469700943
2023-02-10 18:00:00,0.0,84.0,0.8729100000000001,91,6.769230613150653e-05
2023-02-10 19:00:00,0.0425,85.0,0.489745,91,0.0
2023-02-10 20:00:00,1.42,85.5,0.179945,91,0.0
2023-02-10 21:00:00,8.718166666666667,85.0,0.1166799999999999,91,0.0
2023-02-10 22:00:00,9.198833333333331,84.75,0.13132,91,0.0
2023-02-10 23:00:00,1.7665,86.5,0.1731599999999999,91,0.0
2023-02-11 00:00:00,0.0076666666666666,86.5,0.179225,91,0.0
2023-02-11 01:00:00,0.0,89.5,0.308605,91,0.0
2023-02-11 02:00:00,0.0,85.25,0.36039,91,0.0
2023-02-11 03:00:00,0.0,87.0,0.25855,91,0.0
2023-02-11 04:00:00,0.0,92.0,0.301625,91,0.0
2023-02-11 05:00:00,0.0,89.5,0.54116,91,0.0
2023-02-11 06:00:00,0.0,87.25,0.5026,91,0.0
2023-02-11 07:00:00,0.0,88.25,0.313075,91,0.0005761538471421
2023-02-11 08:00:00,0.0008333333333333,86.0,0.37856,91,0.0436986324216565
2023-02-11 09:00:00,0.0,82.25,0.418265,91,0.1666217955564841
2023-02-11 10:00:00,0.0,78.5,0.339375,91,0.2625379480867305
2023-02-11 11:00:00,0.0071666666666666,74.0,0.2356399999999999,91,0.2543702559185843
2023-02-11 12:00:00,2.106333333333333,71.0,0.1613899999999999,91,0.2470956414377587
2023-02-11 13:00:00,6.871666666666666,71.75,0.1039049999999999,91,0.2623233325664814
2023-02-11 14:00:00,8.498,75.0,0.0910199999999999,91,0.2654100000756418
2023-02-11 15:00:00,10.743833333333331,81.75,0.09035,91,0.2469350417047484
2023-02-11 16:00:00,9.094,84.0,0.07815,91,0.1314200851244804
2023-02-11 17:00:00,0.0,87.5,0.13136,91,0.0156511965903461
2023-02-11 18:00:00,0.0,88.5,0.1782949999999999,91,0.0001444444446386
2023-02-11 19:00:00,0.0,86.25,0.1583199999999999,91,0.0
2023-02-11 20:00:00,0.0,85.5,0.1160549999999999,91,0.0
2023-02-11 21:00:00,0.0,81.75,0.1170899999999999,91,0.0
2023-02-11 22:00:00,0.0,79.0,0.1684,91,0.0
2023-02-11 23:00:00,0.0,78.25,0.31695,91,0.0
2023-02-12 00:00:00,0.0,75.5,0.331945,91,0.0
2023-02-12 01:00:00,0.0,76.0,0.2989699999999999,91,0.0
2023-02-12 02:00:00,0.0,74.25,0.357815,91,0.0
2023-02-12 03:00:00,0.0,73.25,0.33157,91,0.0
2023-02-12 04:00:00,0.0,74.0,0.3623,91,0.0
2023-02-12 05:00:00,0.0,74.5,0.54464,91,0.0
2023-02-12 06:00:00,0.0,75.75,0.5169549999999999,91,0.0
2023-02-12 07:00:00,0.0,70.25,0.38077,91,0.0010549572543201
2023-02-12 08:00:00,0.0,62.75,0.42413,91,0.049019060175643
2023-02-12 09:00:00,0.0,58.75,0.4010599999999999,91,0.1775494865678314
2023-02-12 10:00:00,0.972,52.25,0.3265499999999999,91,0.2666338459243123
2023-02-12 11:00:00,9.132333333333332,50.5,0.23795,91,0.2613138462946965
2023-02-12 12:00:00,15.138333333333334,49.75,0.224985,91,0.2465944445031321
2023-02-12 13:00:00,15.142333333333331,50.0,0.202785,91,0.2533256406865568
2023-02-12 14:00:00,13.7915,53.75,0.143715,91,0.2793926506368523
2023-02-12 15:00:00,1.1398333333333333,56.0,0.120385,91,0.2496942732069227
2023-02-12 16:00:00,0.0,57.0,0.095685,91,0.1348248729542789
2023-02-12 17:00:00,0.0,63.0,0.14334,91,0.0151900853662409
2023-02-12 18:00:00,0.0,65.75,0.222365,91,0.0001245299147633
2023-02-12 19:00:00,0.0,64.0,0.21341,91,0.0
2023-02-12 20:00:00,0.0,64.75,0.150585,91,0.0
2023-02-12 21:00:00,0.0,65.25,0.138585,91,0.0
2023-02-12 22:00:00,0.0,64.75,0.197085,91,0.0
2023-02-12 23:00:00,0.0,65.5,0.38081,91,0.0
2023-02-13 00:00:00,0.0,68.25,0.465705,91,0.0
2023-02-13 01:00:00,0.0,68.75,0.3815549999999999,91,0.0
2023-02-13 02:00:00,0.0,68.75,0.40745,91,0.0
2023-02-13 03:00:00,0.0,68.5,0.917225,91,0.0
2023-02-13 04:00:00,0.0,69.25,1.18812,91,0.0
2023-02-13 05:00:00,0.0,72.75,1.224,91,0.0
2023-02-13 06:00:00,0.0,76.25,0.8228362409845449,91,0.0
2023-02-13 07:00:00,0.0,78.5,0.4759512409845449,91,0.000999914528404
2023-02-13 08:00:00,0.0,76.75,1.15694,91,0.0496120515032711
2023-02-13 09:00:00,0.0,75.25,1.637785,91,0.1804786326742579
2023-02-13 10:00:00,0.0,74.25,1.5232650000000003,91,0.2567689748910757
2023-02-13 11:00:00,0.0,74.5,1.181005,91,0.2068664961594801
2023-02-13 12:00:00,0.0,72.75,0.96552,91,0.1987253850953192
2023-02-13 13:00:00,0.0,72.0,0.806185,91,0.18991333333855
2023-02-13 14:00:00,5.261833333333333,72.0,0.66729,91,0.1911199991927188
2023-02-13 15:00:00,10.403333333333334,71.25,0.5755450000000001,91,0.1999645296732584
2023-02-13 16:00:00,5.289499999999999,73.75,0.511525,91,0.1385627355331029
2023-02-13 17:00:00,0.0,76.75,0.59026,91,0.0154546152475552
2023-02-13 18:00:00,0.0,79.25,0.5563049999999999,91,0.0001461538469864
2023-02-13 19:00:00,0.0,76.0,0.31482,91,0.0
2023-02-13 20:00:00,0.0,76.0,0.1567849999999999,91,0.0
2023-02-13 21:00:00,0.0,78.75,0.0695549999999999,91,0.0
2023-02-13 22:00:00,0.0,81.5,0.130375,91,0.0
2023-02-13 23:00:00,0.0,82.75,0.195195,91,0.0
2023-02-14 00:00:00,0.0,81.75,0.18849,91,0.0
2023-02-14 01:00:00,0.0,73.0,0.20378,91,0.0
2023-02-14 02:00:00,0.0,76.5,0.281015,91,0.0
2023-02-14 03:00:00,0.0,79.5,0.39962,91,0.0
2023-02-14 04:00:00,0.0,80.0,0.449465,91,0.0
2023-02-14 05:00:00,0.0,80.0,0.922585,91,0.0
2023-02-14 06:00:00,0.0,79.75,1.44231,91,0.0
2023-02-14 07:00:00,0.0,76.25,1.4661099999999998,91,0.0010843589666307
2023-02-14 08:00:00,0.0,74.25,1.43851,91,0.0516801707051758
2023-02-14 09:00:00,0.0,73.25,1.3324550000000002,91,0.1746913680052146
2023-02-14 10:00:00,0.0,75.25,1.08291,91,0.2129647005521333
2023-02-14 11:00:00,0.0,74.5,0.901965,91,0.2064311110667693
2023-02-14 12:00:00,0.0,69.75,0.7608799999999999,91,0.1919100013146033
2023-02-14 13:00:00,1.761,67.5,0.6215149999999999,91,0.1953858120421059
2023-02-14 14:00:00,10.507666666666667,67.25,0.52259,91,0.22972170968341
2023-02-14 15:00:00,12.095333333333334,74.0,0.38369,91,0.2357825629731529
2023-02-14 16:00:00,8.217,72.25,0.20934,91,0.1417006832514053
2023-02-14 17:00:00,3.9928333333333335,79.0,0.058185,91,0.0163576921846112
2023-02-14 18:00:00,0.0,78.25,0.349855,91,0.0001649572637775
2023-02-14 19:00:00,0.0,75.5,0.54654,91,0.0
2023-02-14 20:00:00,0.0,78.75,0.28202,91,0.0
2023-02-14 21:00:00,0.0,82.5,0.17193,91,0.0
2023-02-14 22:00:00,0.0,82.0,0.278255,91,0.0
2023-02-14 23:00:00,0.0,81.25,0.3553849999999999,91,0.0
2023-02-15 00:00:00,0.0,82.0,0.3717349999999999,91,0.0
2023-02-15 01:00:00,0.0,78.25,0.383605,91,0.0
2023-02-15 02:00:00,0.0,79.0,0.3957599999999999,91,0.0
2023-02-15 03:00:00,0.0,79.25,0.440415,91,0.0
2023-02-15 04:00:00,0.0,84.25,0.47234,91,0.0
2023-02-15 05:00:00,0.0,82.5,0.715665,91,0.0
2023-02-15 06:00:00,0.0,78.25,1.022095,91,0.0
2023-02-15 07:00:00,0.0,75.0,1.15756,91,0.0014185470059259
2023-02-15 08:00:00,0.0,74.0,1.149015,91,0.0557081196043226
2023-02-15 09:00:00,0.0,73.75,1.0059,91,0.1884616243737375
2023-02-15 10:00:00,0.0,74.75,0.932725,91,0.2506048720922226
2023-02-15 11:00:00,0.0,74.0,0.93953,91,0.249107435829619
2023-02-15 12:00:00,0.0,71.25,0.808395,91,0.2348200858352531
2023-02-15 13:00:00,0.0,71.0,0.64999,91,0.2315326495048327
2023-02-15 14:00:00,0.0,71.75,0.560755,91,0.1989080350826948
2023-02-15 15:00:00,0.0,77.5,0.5072150000000001,91,0.1823105115972013
2023-02-15 16:00:00,0.0,81.0,0.413025,91,0.1794407699454544
2023-02-15 17:00:00,0.0,83.0,0.336385,91,0.0377975213527679
2023-02-15 18:00:00,0.0,80.5,0.3986249999999999,91,0.0005477777782143
2023-02-15 19:00:00,0.0,87.75,0.3290149999999999,91,0.0
2023-02-15 20:00:00,0.0,85.0,0.16182,91,0.0
2023-02-15 21:00:00,0.0,81.25,0.121695,91,0.0
2023-02-15 22:00:00,0.0,81.25,0.16146,91,0.0
2023-02-15 23:00:00,0.0,81.5,0.21092,91,0.0
2023-02-16 00:00:00,0.0,83.0,0.235175,91,0.0
2023-02-16 01:00:00,0.0,81.75,0.255185,91,0.0
2023-02-16 02:00:00,0.0,80.25,0.2968949999999999,91,0.0
2023-02-16 03:00:00,0.0,75.5,0.36629,91,0.0
2023-02-16 04:00:00,0.0,76.5,0.47307,91,0.0
2023-02-16 05:00:00,0.0,77.25,0.731525,91,0.0
2023-02-16 06:00:00,0.0,76.0,1.061685,91,0.0
2023-02-16 07:00:00,0.0,71.5,1.286515,91,0.0011896581334881
2023-02-16 08:00:00,0.0,69.0,1.2592299999999998,91,0.0384930765526926
2023-02-16 09:00:00,0.0,67.5,1.066765,91,0.1768005124931661
2023-02-16 10:00:00,5.335166666666667,65.75,0.90567,91,0.1992688897939829
2023-02-16 11:00:00,7.979333333333333,64.0,0.748425,91,0.1953850428263346
2023-02-16 12:00:00,6.610166666666667,62.25,0.59033,91,0.1812457275390625
2023-02-16 13:00:00,10.399,60.25,0.445335,91,0.1751069233560154
2023-02-16 14:00:00,7.072833333333333,56.5,0.195175,91,0.1769547015785152
2023-02-16 15:00:00,0.0,57.5,0.002365,91,0.1866054714235485
2023-02-16 16:00:00,0.0,62.5,0.000515,91,0.1482827351235935
2023-02-16 17:00:00,0.0,66.75,0.0,91,0.0198539315991931
2023-02-16 18:00:00,0.0,68.75,0.413025,91,0.0003599999953284
2023-02-16 19:00:00,0.0,66.5,0.4398749999999999,91,0.0
2023-02-16 20:00:00,0.0,66.0,0.107,91,0.0
2023-02-16 21:00:00,0.0,63.0,0.096095,91,0.0
2023-02-16 22:00:00,0.0,59.0,0.11429,91,0.0
2023-02-16 23:00:00,0.0,54.5,0.21934,91,0.0
2023-02-17 00:00:00,0.0,48.5,0.22657,91,0.0
2023-02-17 01:00:00,0.0,46.0,0.2055749999999999,91,0.0
2023-02-17 02:00:00,0.0,38.75,0.230525,91,0.0
2023-02-17 03:00:00,0.0,38.75,0.261105,91,0.0
2023-02-17 04:00:00,0.0,37.0,0.4212849999999999,91,0.0
2023-02-17 05:00:00,0.0,37.0,0.74225,91,0.0
2023-02-17 06:00:00,0.0,45.0,1.03066,91,0.0
2023-02-17 07:00:00,0.0,53.5,1.24602,91,0.0020311110953872
2023-02-17 08:00:00,0.0,54.75,1.194605,91,0.053450255923801
2023-02-17 09:00:00,0.0,54.5,1.0091,91,0.1715899152837248
2023-02-17 10:00:00,5.519833333333334,52.75,0.814785,91,0.2086348725995447
2023-02-17 11:00:00,3.1521666666666666,50.25,0.635975,91,0.2016679486657819
2023-02-17 12:00:00,4.256166666666666,45.75,0.560585,91,0.2024632471850794
2023-02-17 13:00:00,0.0,44.0,0.467085,91,0.2193655558529063
2023-02-17 14:00:00,4.2428333333333335,44.5,0.371975,91,0.2465808548886552
2023-02-17 15:00:00,12.082666666666668,45.75,0.1835999999999999,91,0.2560615376529531
2023-02-17 16:00:00,4.8215,45.5,0.08326,91,0.148547436151749
2023-02-17 17:00:00,0.0,50.75,0.2162749999999999,91,0.0216835897651492
2023-02-17 18:00:00,0.0,56.75,0.3040399999999999,91,0.000211538460631
2023-02-17 19:00:00,0.0,57.25,0.16445,91,0.0
2023-02-17 20:00:00,0.0,58.0,0.0601,91,0.0
2023-02-17 21:00:00,0.0,58.5,0.046955,91,0.0
2023-02-17 22:00:00,0.0,60.0,0.002825,91,0.0
2023-02-17 23:00:00,0.0,60.75,0.0526149999999999,91,0.0
2023-02-18 00:00:00,0.0,61.75,0.098975,91,0.0
2023-02-18 01:00:00,0.0,53.75,0.0881449999999999,91,0.0
2023-02-18 02:00:00,0.0,46.5,0.0814599999999999,91,0.0
2023-02-18 03:00:00,0.0,40.75,0.0899999999999999,91,0.0
2023-02-18 04:00:00,0.0,39.25,0.0857049999999999,91,0.0
2023-02-18 05:00:00,0.0,39.5,0.2121849999999999,91,0.0
2023-02-18 06:00:00,0.0,40.25,0.19709,91,0.0
2023-02-18 07:00:00,0.0,38.5,0.10335,91,0.0017761538467473
2023-02-18 08:00:00,0.0,37.5,0.152605,91,0.0872416240537268
2023-02-18 09:00:00,0.0,36.0,0.13699,91,0.1668011955522064
2023-02-18 10:00:00,0.0,34.0,0.0972899999999999,91,0.2168610264704777
2023-02-18 11:00:00,0.0,33.25,0.0720249999999999,91,0.2349668372390616
2023-02-18 12:00:00,0.0,33.0,0.0805949999999999,91,0.237464187980717
2023-02-18 13:00:00,0.0,33.25,0.0498399999999999,91,0.2273854702354496
2023-02-18 14:00:00,0.1936666666666666,33.5,0.0114099999999999,91,0.2151688041034926
2023-02-18 15:00:00,1.0591666666666668,34.25,0.00225,91,0.2337506830590403
2023-02-18 16:00:00,0.5203333333333333,38.75,0.00044,91,0.1554496576032068
2023-02-18 17:00:00,0.2516666666666666,44.5,0.08921,91,0.0229696581608209
2023-02-18 18:00:00,0.2303333333333333,51.25,0.13442,91,0.0005685470124674
2023-02-18 19:00:00,11.0755,52.0,0.09375,91,0.0
2023-02-18 20:00:00,10.576,51.5,0.0758149999999999,91,0.0
2023-02-18 21:00:00,8.314833333333334,52.75,0.0281999999999999,91,0.0
2023-02-18 22:00:00,11.045333333333332,51.0,0.0086449999999999,91,0.0
2023-02-18 23:00:00,10.276166666666668,51.0,0.0545099999999999,91,0.0
2023-02-19 00:00:00,0.8751666666666665,45.5,0.091065,91,0.0
2023-02-19 01:00:00,0.0,40.5,0.092415,91,0.0
2023-02-19 02:00:00,0.0,41.0,0.102895,91,0.0
2023-02-19 03:00:00,0.0,41.25,0.1075299999999999,91,0.0
2023-02-19 04:00:00,0.0,41.25,0.1068399999999999,91,0.0
2023-02-19 05:00:00,0.0,41.75,0.2516299999999999,91,0.0
2023-02-19 06:00:00,0.0,43.25,0.409005,91,0.0
2023-02-19 07:00:00,0.0,44.0,0.3118249999999999,91,0.0019872649281452
2023-02-19 08:00:00,0.0,43.75,0.21821,91,0.072628632529169
2023-02-19 09:00:00,0.0,42.5,0.19183,91,0.2225033331324911
2023-02-19 10:00:00,0.3633333333333333,42.25,0.109355,91,0.2436461538331121
2023-02-19 11:00:00,9.490833333333333,41.25,0.05842,91,0.234380684061947
2023-02-19 12:00:00,0.0251666666666666,39.75,0.04862,91,0.2290421368525578
2023-02-19 13:00:00,0.0,38.0,0.04308,91,0.235759402870113
2023-02-19 14:00:00,1.0701666666666665,39.5,0.029625,91,0.2480350429176265
2023-02-19 15:00:00,8.902,41.25,0.046165,91,0.2491266667944753
2023-02-19 16:00:00,8.291333333333334,47.75,0.05935,91,0.165210684751853
2023-02-19 17:00:00,19.9655,59.0,0.09756,91,0.0330088031954235
2023-02-19 18:00:00,2.5695,64.75,0.128735,91,0.0002851282061738
2023-02-19 19:00:00,0.0,65.75,0.189245,91,0.0
2023-02-19 20:00:00,0.0,66.0,0.261705,91,0.0
2023-02-19 21:00:00,0.0,65.75,0.236735,91,0.0
2023-02-19 22:00:00,0.0,64.25,0.2225899999999999,91,0.0
2023-02-19 23:00:00,0.0,63.75,0.229765,91,0.0
2023-02-20 00:00:00,0.0,55.0,0.22992,91,0.0
2023-02-20 01:00:00,0.0,45.5,0.233455,91,0.0
2023-02-20 02:00:00,0.0,45.25,0.24395,91,0.0
2023-02-20 03:00:00,0.0,43.75,0.2561,91,0.0
2023-02-20 04:00:00,0.0,46.0,0.49742,91,0.0
2023-02-20 05:00:00,0.0,53.75,0.822785,91,0.0
2023-02-20 06:00:00,0.0,69.25,0.80539,91,0.0
2023-02-20 07:00:00,0.0,72.25,0.8820600000000001,91,0.0029602564094413
2023-02-20 08:00:00,0.0,74.5,0.9949600000000002,91,0.0530693158329042
2023-02-20 09:00:00,0.0,71.0,0.853675,91,0.1792647845928486
2023-02-20 10:00:00,0.0,67.25,0.65945,91,0.3212636755266759
2023-02-20 11:00:00,0.0,66.5,0.53211,91,0.4122541880811381
2023-02-20 12:00:00,0.0,61.0,0.466455,91,0.4521605134621644
2023-02-20 13:00:00,0.0,59.75,0.355555,91,0.4501981197259365
2023-02-20 14:00:00,0.0,61.0,0.175755,91,0.4008360707861745
2023-02-20 15:00:00,0.0,59.5,0.02337,91,0.2986726496769832
2023-02-20 16:00:00,0.037,61.5,0.0008649999999999,91,0.1654017953791169
2023-02-20 17:00:00,0.0,71.0,5.999999999994999e-05,91,0.0272705127031375
2023-02-20 18:00:00,0.0,77.25,0.0,91,0.0007892307743398
2023-02-20 19:00:00,0.0,75.5,0.0,91,0.0
2023-02-20 20:00:00,0.0,71.0,0.27904,91,0.0
2023-02-20 21:00:00,0.0,70.75,0.28016,91,0.0
2023-02-20 22:00:00,0.0,71.75,0.0274799999999999,91,0.0
2023-02-20 23:00:00,0.0,72.0,0.0790549999999999,91,0.0
2023-02-21 00:00:00,0.0,70.0,0.2828099999999999,91,0.0
2023-02-21 01:00:00,0.0,68.75,0.28469,91,0.0
2023-02-21 02:00:00,0.0,70.25,0.16849,91,0.0
2023-02-21 03:00:00,0.0,75.0,0.2457049999999999,91,0.0
2023-02-21 04:00:00,0.0,76.5,0.27002,91,0.0
2023-02-21 05:00:00,0.0,77.0,0.5855699999999999,91,0.0
2023-02-21 06:00:00,0.0,76.0,0.97169,91,0.0
2023-02-21 07:00:00,0.0,73.75,1.0531,91,0.0032982906164267
2023-02-21 08:00:00,0.0,69.75,1.0301600000000002,91,0.0724474352445358
2023-02-21 09:00:00,0.0,67.75,0.87995,91,0.2060088030497233
2023-02-21 10:00:00,0.0,68.75,0.67603,91,0.3399393153394389
2023-02-21 11:00:00,0.0121666666666666,67.25,0.542065,91,0.4085155542487771
2023-02-21 12:00:00,0.7826666666666666,66.0,0.386285,91,0.4568252980810964
2023-02-21 13:00:00,8.426666666666668,68.0,0.143185,91,0.4341575198703342
2023-02-21 14:00:00,10.836666666666666,68.5,0.001845,91,0.4089734186677852
2023-02-21 15:00:00,11.189,72.25,0.0003699999999999,91,0.2770445306892069
2023-02-21 16:00:00,10.281666666666666,70.25,0.0,91,0.1699036748185117
2023-02-21 17:00:00,0.0,70.5,0.0,91,0.0361025639680715
2023-02-21 18:00:00,6.618333333333333,70.25,0.0,91,0.0009571794856689
2023-02-21 19:00:00,11.684833333333335,67.25,0.307045,91,0.0
2023-02-21 20:00:00,11.021333333333333,67.75,0.30825,91,0.0
2023-02-21 21:00:00,12.286499999999998,68.5,0.001525,91,0.0
2023-02-21 22:00:00,11.193333333333332,69.0,0.0560499999999999,91,0.0
2023-02-21 23:00:00,0.5448333333333334,69.75,0.1114699999999999,91,0.0
2023-02-22 00:00:00,0.0,71.0,0.1183599999999999,91,0.0
2023-02-22 01:00:00,0.0,71.5,0.1219399999999999,91,0.0
2023-02-22 02:00:00,0.0,74.25,0.128545,91,0.0
2023-02-22 03:00:00,0.0,74.75,0.166535,91,0.0
2023-02-22 04:00:00,0.0,74.0,0.1981049999999999,91,0.0
2023-02-22 05:00:00,0.0,74.0,0.4715549999999999,91,0.0
2023-02-22 06:00:00,0.0,70.0,0.854695,91,0.0
2023-02-22 07:00:00,0.0,67.75,1.19118,91,0.0042145298733415
2023-02-22 08:00:00,0.0,67.75,1.126305,91,0.046079658218938
2023-02-22 09:00:00,9.9845,68.0,0.77786,91,0.1041048719944097
2023-02-22 10:00:00,10.853333333333332,68.5,0.705885,91,0.0888634186117058
2023-02-22 11:00:00,11.252833333333331,68.0,0.6730499999999999,91,0.0985823929615509
2023-02-22 12:00:00,9.533333333333331,66.75,0.6021899999999999,91,0.1015729912325867
2023-02-22 13:00:00,0.0001666666666666,66.75,0.5744699999999999,91,0.147132392785488
2023-02-22 14:00:00,1.7356666666666667,69.25,0.5239349999999999,91,0.1501622226095607
2023-02-22 15:00:00,14.998166666666668,68.5,0.443035,91,0.1106749572101821
2023-02-22 16:00:00,13.950833333333334,82.0,0.43581,91,0.0846440166897243
2023-02-22 17:00:00,5.800666666666667,86.25,0.4614899999999999,91,0.0091341025554216
2023-02-22 18:00:00,0.0,85.75,0.38029,91,0.0002196581194845
2023-02-22 19:00:00,0.0,81.75,0.19138,91,0.0
2023-02-22 20:00:00,0.0,74.5,0.06732,91,0.0
2023-02-22 21:00:00,0.0,72.5,0.0141699999999999,91,0.0
2023-02-22 22:00:00,0.0,71.5,0.0257749999999999,91,0.0
2023-02-22 23:00:00,0.0,72.25,0.0535849999999999,91,0.0
2023-02-23 00:00:00,0.0,71.75,0.056065,91,0.0
2023-02-23 01:00:00,0.0,74.0,0.06946,91,0.0
2023-02-23 02:00:00,0.0,76.0,0.098945,91,0.0
2023-02-23 03:00:00,0.0,72.5,0.12652,91,0.0
2023-02-23 04:00:00,0.0,73.5,0.13851,91,0.0
2023-02-23 05:00:00,0.0,72.75,0.40083,91,0.0
2023-02-23 06:00:00,0.0,70.75,0.761785,91,0.0
2023-02-23 07:00:00,0.0,69.5,1.073015,91,0.0091489743110206
2023-02-23 08:00:00,0.0,68.75,1.0621349999999998,91,0.0675241878297594
2023-02-23 09:00:00,0.0,70.5,0.808865,91,0.1869776072053827
2023-02-23 10:00:00,0.0,71.0,0.6699449999999999,91,0.2750583753015241
2023-02-23 11:00:00,0.0,70.75,0.47597,91,0.3846217098399105
2023-02-23 12:00:00,0.0,68.25,0.3668449999999999,91,0.2595054704715044
2023-02-23 13:00:00,0.0311666666666666,69.5,0.2783199999999999,91,0.2852589749067257
2023-02-23 14:00:00,0.5408333333333334,71.0,0.2744499999999999,91,0.14826111133282
2023-02-23 15:00:00,4.177333333333333,69.25,0.308895,91,0.2219396579775035
2023-02-23 16:00:00,0.0,67.25,0.2184749999999999,91,0.0921396573384602
2023-02-23 17:00:00,0.0,67.25,0.2462749999999999,91,0.0191026496173989
2023-02-23 18:00:00,0.0,65.75,0.26852,91,0.0004690598276977
2023-02-23 19:00:00,0.0,64.5,0.157645,91,0.0
2023-02-23 20:00:00,0.0,64.75,0.070275,91,0.0
2023-02-23 21:00:00,0.0,64.0,0.0122199999999999,91,0.0
2023-02-23 22:00:00,0.0,65.0,0.0009999999999999,91,0.0
2023-02-23 23:00:00,0.0,67.25,0.04373,91,0.0
2023-02-24 00:00:00,0.0278333333333333,65.5,0.078345,91,0.0
2023-02-24 01:00:00,0.0468333333333333,62.75,0.104615,91,0.0
2023-02-24 02:00:00,0.0381666666666666,66.25,0.175165,91,0.0
2023-02-24 03:00:00,0.0,70.0,0.21023,91,0.0
2023-02-24 04:00:00,0.0,69.25,0.20431,91,0.0
2023-02-24 05:00:00,0.0,71.25,0.4401599999999999,91,0.0
2023-02-24 06:00:00,0.0,68.75,0.79943,91,0.0
2023-02-24 07:00:00,0.0,68.25,0.91529,91,0.0036929914336173
2023-02-24 08:00:00,0.0,68.5,0.8660749999999999,91,0.0567551283347301
2023-02-24 09:00:00,0.0,67.25,0.76343,91,0.1412444454584366
2023-02-24 10:00:00,0.0,66.0,0.62381,91,0.325572993612697
2023-02-24 11:00:00,0.0,65.0,0.4348599999999999,91,0.4196711131038829
2023-02-24 12:00:00,1.0591666666666668,64.25,0.27102,91,0.3752360674866244
2023-02-24 13:00:00,13.4865,64.0,0.11135,91,0.2368042719262277
2023-02-24 14:00:00,11.835333333333333,64.75,0.0065299999999999,91,0.3299123923798912
2023-02-24 15:00:00,12.855166666666667,66.75,0.0015249999999999,91,0.1140995736407418
2023-02-24 16:00:00,12.535333333333334,67.0,0.000345,91,0.0396502561650724
2023-02-24 17:00:00,12.011333333333331,67.5,0.0,91,0.0193438461142727
2023-02-24 18:00:00,1.1993333333333334,69.25,0.0,91,0.0002941025640321
2023-02-24 19:00:00,0.0,66.5,0.0,91,0.0
2023-02-24 20:00:00,0.0,65.25,0.2639649999999999,91,0.0
2023-02-24 21:00:00,0.0,67.5,0.2649599999999999,91,0.0
2023-02-24 22:00:00,0.0,69.5,0.001265,91,0.0
2023-02-24 23:00:00,0.0,71.5,0.00027,91,0.0
2023-02-25 00:00:00,0.0,71.25,0.0,91,0.0
2023-02-25 01:00:00,0.0,72.25,0.017785,91,0.0
2023-02-25 02:00:00,0.0,73.0,0.0578899999999999,91,0.0
2023-02-25 03:00:00,0.0,72.25,0.0921999999999999,91,0.0
2023-02-25 04:00:00,0.0,76.5,0.0794349999999999,91,0.0
2023-02-25 05:00:00,0.0,76.5,0.1738499999999999,91,0.0
2023-02-25 06:00:00,0.0,76.5,0.148625,91,0.0
2023-02-25 07:00:00,0.0,75.0,0.0746899999999999,91,0.0
2023-02-25 08:00:00,0.0,73.5,0.13799,91,0.0125241880354463
2023-02-25 09:00:00,0.0,70.5,0.1309049999999999,91,0.0624779488082624
2023-02-25 10:00:00,0.0,67.5,0.1219199999999999,91,0.1119785475119566
2023-02-25 11:00:00,0.0,66.75,0.1105599999999999,91,0.1966118791368272
2023-02-25 12:00:00,0.0,63.25,0.076805,91,0.1668961538005078
2023-02-25 13:00:00,0.0,55.5,0.0599349999999999,91,0.1388736750936915
2023-02-25 14:00:00,0.0083333333333333,54.75,0.08315,91,0.0943186322236672
2023-02-25 15:00:00,0.4693333333333333,53.25,0.07795,91,0.1345238455747947
2023-02-25 16:00:00,0.1713333333333333,54.75,0.076305,91,0.0565263246878599
2023-02-25 17:00:00,0.0873333333333333,57.25,0.08666,91,0.0172846154066232
2023-02-25 18:00:00,0.1825,64.25,0.0910749999999999,91,0.0005031623887932
2023-02-25 19:00:00,0.2411666666666666,66.0,0.1083749999999999,91,0.0
2023-02-25 20:00:00,0.6343333333333333,66.25,0.1876799999999999,91,0.0
2023-02-25 21:00:00,0.8516666666666666,65.75,0.19507,91,0.0
2023-02-25 22:00:00,2.5668333333333333,66.25,0.1707999999999999,91,0.0
2023-02-25 23:00:00,2.9091666666666662,69.0,0.218635,91,0.0
2023-02-26 00:00:00,7.252,68.0,0.21602,91,0.0
2023-02-26 01:00:00,12.121166666666667,62.75,0.209245,91,0.0
2023-02-26 02:00:00,7.851333333333334,59.0,0.2378249999999999,91,0.0
2023-02-26 03:00:00,0.0,49.25,0.24161,91,0.0
2023-02-26 04:00:00,0.0,43.75,0.23368,91,0.0
2023-02-26 05:00:00,0.0,42.25,0.3802999999999999,91,0.0
2023-02-26 06:00:00,0.0,41.5,0.36457,91,0.0
2023-02-26 07:00:00,0.0,41.0,0.25154,91,0.0042818803524869
2023-02-26 08:00:00,9.058666666666666,39.75,0.31092,91,0.0320541881292294
2023-02-26 09:00:00,11.167,36.25,0.305585,91,0.066942392985026
2023-02-26 10:00:00,11.0615,33.75,0.2861499999999999,91,0.0680058976523896
2023-02-26 11:00:00,11.059,33.0,0.2654749999999999,91,0.1548511107355101
2023-02-26 12:00:00,10.781833333333331,33.0,0.2449349999999999,91,0.1941348727951702
2023-02-26 13:00:00,12.068,33.25,0.25796,91,0.201370426895272
2023-02-26 14:00:00,8.571166666666667,32.75,0.27923,91,0.1709758122762044
2023-02-26 15:00:00,0.0,35.25,0.2838099999999999,91,0.1332621365734654
2023-02-26 16:00:00,0.0,37.25,0.3072999999999999,91,0.0513284615166166
2023-02-26 17:00:00,0.0,46.0,0.33722,91,0.0206725640582223
2023-02-26 18:00:00,0.0,55.75,0.359905,91,0.0034357265171268
2023-02-26 19:00:00,0.0148333333333333,58.75,0.367235,91,0.0
2023-02-26 20:00:00,0.1301666666666666,60.0,0.2609649999999999,91,0.0
2023-02-26 21:00:00,0.4423333333333333,61.25,0.264645,91,0.0
2023-02-26 22:00:00,1.311,61.5,0.32243,91,0.0
2023-02-26 23:00:00,4.812666666666666,61.25,0.327115,91,0.0
2023-02-27 00:00:00,3.2761666666666667,63.75,0.376635,91,0.0
2023-02-27 01:00:00,0.0,66.25,0.40117,91,0.0
2023-02-27 02:00:00,0.0,68.25,0.4263999999999999,91,0.0
2023-02-27 03:00:00,0.0,70.0,0.76347,91,0.0
2023-02-27 04:00:00,0.0,73.75,1.111735,91,0.0
2023-02-27 05:00:00,0.0,75.25,1.170405,91,0.0
2023-02-27 06:00:00,0.0,76.5,1.3388099999999998,91,0.0
2023-02-27 07:00:00,0.0,73.0,1.426125,91,0.0062532478328953
2023-02-27 08:00:00,1.038,71.5,1.385045,91,0.0784626496551383
2023-02-27 09:00:00,11.954833333333331,70.25,1.333805,91,0.1159339319538866
2023-02-27 10:00:00,14.152333333333331,67.75,1.26222,91,0.1659499140682384
2023-02-27 11:00:00,12.9,69.0,1.15208,91,0.2098093150212214
2023-02-27 12:00:00,13.868666666666668,69.25,1.015175,91,0.2103291451217781
2023-02-27 13:00:00,14.367833333333332,69.25,0.9276,91,0.2291025634504791
2023-02-27 14:00:00,8.6485,71.75,0.89418,91,0.3599623094868455
2023-02-27 15:00:00,13.654666666666666,71.25,0.83448,91,0.3354505150949853
2023-02-27 16:00:00,14.185666666666668,72.0,0.78118,91,0.1516654691940698
2023-02-27 17:00:00,2.791,73.0,0.83001,91,0.0378047862827268
2023-02-27 18:00:00,0.0,73.5,0.797565,91,0.0022022222104665
2023-02-27 19:00:00,0.0,72.0,0.46918,91,0.0
2023-02-27 20:00:00,0.0,73.75,0.14504,91,0.0
2023-02-27 21:00:00,0.0,75.75,0.0744399999999999,91,0.0
2023-02-27 22:00:00,0.0,74.75,0.14657,91,0.0
2023-02-27 23:00:00,0.0,75.75,0.21313,91,0.0
2023-02-28 00:00:00,0.0,76.5,0.319605,91,0.0
2023-02-28 01:00:00,0.0,77.75,0.3634299999999999,91,0.0
2023-02-28 02:00:00,0.0,80.25,0.2904049999999999,91,0.0
2023-02-28 03:00:00,0.0,80.0,0.303605,91,0.0
2023-02-28 04:00:00,0.0,80.25,0.3374649999999999,91,0.0
2023-02-28 05:00:00,0.0,83.5,0.85574,91,0.0
2023-02-28 06:00:00,0.0,86.0,1.3677400000000002,91,0.0
2023-02-28 07:00:00,0.0,80.75,1.36965,91,0.007517606793051
2023-02-28 08:00:00,9.033666666666669,76.75,1.42071,91,0.0603546153989612
2023-02-28 09:00:00,14.825,75.75,1.3514,91,0.1360238468137562
2023-02-28 10:00:00,15.0865,76.0,1.177535,91,0.1350205982240856
2023-02-28 11:00:00,15.1325,74.5,1.08006,91,0.1513760684086726
2023-02-28 12:00:00,15.137,72.75,1.002135,91,0.1904524791750133
2023-02-28 13:00:00,15.335166666666666,77.5,1.00713,91,0.1604533332433456
2023-02-28 14:00:00,11.733166666666667,78.75,0.99638,91,0.1855264099642762
2023-02-28 15:00:00,0.0,78.25,0.95154,91,0.1517054703704312
2023-02-28 16:00:00,0.0,76.25,0.989255,91,0.0519140174246241
2023-02-28 17:00:00,0.0,78.5,1.049325,91,0.0121261538654311
2023-02-28 18:00:00,7.518333333333333,83.25,0.89206,91,0.0002247008565876
2023-02-28 19:00:00,10.938,89.75,0.470485,91,0.0
2023-02-28 20:00:00,13.42,94.25,0.1618949999999999,91,0.0
2023-02-28 21:00:00,0.0258333333333333,83.5,0.0969699999999999,91,0.0
2023-02-28 22:00:00,0.0853333333333333,80.5,0.213025,91,0.0
2023-02-28 23:00:00,0.1266666666666666,81.25,0.2983849999999999,91,0.0
2023-03-01 00:00:00,0.0556666666666666,77.75,0.2696749999999999,91,0.0
2023-03-01 01:00:00,0.0,78.25,0.2961,91,0.0
2023-03-01 02:00:00,0.0,80.5,0.292045,91,0.0
2023-03-01 03:00:00,0.0,80.5,0.277795,91,0.0
2023-03-01 04:00:00,0.0,81.0,0.29039,91,0.0
2023-03-01 05:00:00,0.0,82.75,0.7330350000000001,91,0.0
2023-03-01 06:00:00,0.0,81.5,1.27812,91,0.0
2023-03-01 07:00:00,0.0,79.0,1.389755,91,0.0006782051207672
2023-03-01 08:00:00,0.0,77.25,1.360205,91,0.008581367603734
2023-03-01 09:00:00,0.0,76.25,1.291995,91,0.0526552136535318
2023-03-01 10:00:00,0.0,75.25,1.17031,91,0.1009958120492788
2023-03-01 11:00:00,0.4555,69.25,1.03214,91,0.185290000622089
2023-03-01 12:00:00,0.7006666666666667,69.0,0.93897,91,0.2026050433949527
2023-03-01 13:00:00,1.1256666666666666,64.75,0.90653,91,0.2263952118311173
2023-03-01 14:00:00,2.808666666666667,69.75,0.88318,91,0.3087546151316064
2023-03-01 15:00:00,10.137,72.25,0.863435,91,0.2521142744406676
2023-03-01 16:00:00,7.607833333333333,75.5,0.89326,91,0.1801881195133567
2023-03-01 17:00:00,4.943666666666666,78.5,0.975135,91,0.0615486327195778
2023-03-01 18:00:00,13.476666666666668,90.0,0.974595,91,0.0053958119005442
2023-03-01 19:00:00,12.2685,86.0,0.5668350000000001,91,0.0
2023-03-01 20:00:00,11.163666666666666,81.0,0.1579599999999999,91,0.0
2023-03-01 21:00:00,0.0161666666666666,76.5,0.0975599999999999,91,0.0
2023-03-01 22:00:00,0.0,74.5,0.11645,91,0.0
2023-03-01 23:00:00,0.0,77.75,0.1751399999999999,91,0.0
2023-03-02 00:00:00,0.0,80.5,0.2770149999999999,91,0.0
2023-03-02 01:00:00,0.0,82.75,0.311865,91,0.0
2023-03-02 02:00:00,0.0,83.0,0.25988,91,0.0
2023-03-02 03:00:00,0.0,84.0,0.2741149999999999,91,0.0
2023-03-02 04:00:00,0.0,85.0,0.2936299999999999,91,0.0
2023-03-02 05:00:00,0.0,87.5,0.593745,91,0.0
2023-03-02 06:00:00,0.0,88.25,1.18426,91,0.0
2023-03-02 07:00:00,0.0339999999999999,87.75,1.43694,91,0.0049420512980248
2023-03-02 08:00:00,8.563166666666667,86.5,1.38436,91,0.0552105125606569
2023-03-02 09:00:00,8.135,82.75,1.184805,91,0.1223617948222364
2023-03-02 10:00:00,10.0495,83.75,0.95052,91,0.1907272658388838
2023-03-02 11:00:00,6.977666666666667,84.25,0.8516050000000001,91,0.3873165805523212
2023-03-02 12:00:00,7.804833333333334,80.25,0.81756,91,0.4829735043517544
2023-03-02 13:00:00,9.388166666666669,76.75,0.754655,91,0.4832716252253606
2023-03-02 14:00:00,12.281333333333334,78.75,0.62739,91,0.4293722240741436
2023-03-02 15:00:00,0.8923333333333333,82.0,0.565705,91,0.32303649674114
2023-03-02 16:00:00,0.0,85.5,0.286715,91,0.1990047870538173
2023-03-02 17:00:00,0.0,87.75,0.0,91,0.0601860681558266
2023-03-02 18:00:00,0.0,101.0,0.0,91,0.0040677777522554
2023-03-02 19:00:00,0.0,94.75,0.0,91,0.0
2023-03-02 20:00:00,0.0,91.0,0.0,91,0.0
2023-03-02 21:00:00,0.0,91.5,0.0,91,0.0
2023-03-02 22:00:00,9.428166666666666,90.5,0.0,91,0.0
2023-03-02 23:00:00,12.666,90.25,0.0,91,0.0
2023-03-03 00:00:00,0.0,91.75,0.0,91,0.0
2023-03-03 01:00:00,0.0,92.5,0.0,91,0.0
2023-03-03 02:00:00,0.0,92.75,0.0,91,0.0
2023-03-03 03:00:00,0.0,95.25,0.0,91,0.0
2023-03-03 04:00:00,0.0,96.25,0.0,91,0.0
2023-03-03 05:00:00,0.0,94.0,0.0,91,0.0
2023-03-03 06:00:00,0.0,89.0,0.0,91,0.0
2023-03-03 07:00:00,0.0,84.5,0.0,91,0.0029845299240615
2023-03-03 08:00:00,3.888,81.5,0.0,91,0.0339910256760752
2023-03-03 09:00:00,2.595666666666667,79.25,0.0,91,0.0869762388865152
2023-03-03 10:00:00,2.4991666666666665,79.0,0.0,91,0.1273341884776058
2023-03-03 11:00:00,0.3663333333333333,81.0,0.0,91,0.1633251283107659
2023-03-03 12:00:00,0.1798333333333333,78.75,0.0,91,0.201349743900136
2023-03-03 13:00:00,0.0959999999999999,79.5,0.0,91,0.2311922223343808
2023-03-03 14:00:00,0.836,83.25,0.0,91,0.1615348724626068
2023-03-03 15:00:00,0.1403333333333333,91.0,0.0,91,0.1769430765331301
2023-03-03 16:00:00,0.054,94.25,0.0,91,0.0931676929832523
2023-03-03 17:00:00,0.0,92.5,0.0,91,0.0275631624613052
2023-03-03 18:00:00,0.0,90.75,0.0,91,0.0006652136739645
2023-03-03 19:00:00,0.0306666666666666,87.5,0.0,91,0.0
2023-03-03 20:00:00,0.1356666666666666,91.0,0.0,91,0.0
2023-03-03 21:00:00,0.1785,91.5,0.0,91,0.0
2023-03-03 22:00:00,0.6431666666666667,90.75,0.0,91,0.0
2023-03-03 23:00:00,1.885,88.75,0.0,91,0.0
2023-03-04 00:00:00,6.741833333333333,83.5,0.0,91,0.0
2023-03-04 01:00:00,4.272166666666666,79.0,0.0,91,0.0
2023-03-04 02:00:00,0.0,79.5,0.0,91,0.0
2023-03-04 03:00:00,0.0,78.75,0.0,91,0.0
2023-03-04 04:00:00,0.0,79.5,0.0,91,0.0
2023-03-04 05:00:00,0.0,80.5,0.0,91,0.0
2023-03-04 06:00:00,0.0,80.0,0.0,91,0.0
2023-03-04 07:00:00,0.0,79.0,0.0,91,0.0020916239176996
2023-03-04 08:00:00,0.0,78.0,0.0,91,0.0214390597791753
2023-03-04 09:00:00,0.0,74.0,0.0,91,0.0465984615912804
2023-03-04 10:00:00,0.0,70.75,0.0,91,0.0827782048934545
2023-03-04 11:00:00,0.0,66.75,0.0,91,0.1355094875433505
2023-03-04 12:00:00,0.0,65.75,0.0,91,0.1673451276925894
2023-03-04 13:00:00,0.0,65.75,0.0,91,0.1350064952556903
2023-03-04 14:00:00,0.0001666666666666,67.75,0.0,91,0.1384558976002229
2023-03-04 15:00:00,11.707166666666666,72.0,0.0,91,0.1784089745415581
2023-03-04 16:00:00,6.682166666666666,77.5,0.0,91,0.0977226496150351
2023-03-04 17:00:00,0.0013333333333333,80.0,0.0,91,0.035004187934419
2023-03-04 18:00:00,0.0128333333333333,79.25,0.0,91,0.0024289743544963
2023-03-04 19:00:00,0.3393333333333332,86.0,0.0,91,0.0
2023-03-04 20:00:00,0.6921666666666666,87.5,0.0,91,0.0
2023-03-04 21:00:00,7.777,83.5,0.0,91,0.0
2023-03-04 22:00:00,13.441833333333332,77.5,0.0,91,0.0
2023-03-04 23:00:00,2.259,75.0,0.0,91,0.0
2023-03-05 00:00:00,0.2241666666666667,79.25,0.0,91,0.0
2023-03-05 01:00:00,0.5445000000000001,80.0,0.0,91,0.0
2023-03-05 02:00:00,0.1516666666666666,81.0,0.0,91,0.0
2023-03-05 03:00:00,0.0,84.0,0.0,91,0.0
2023-03-05 04:00:00,0.0,85.5,0.0,91,0.0
2023-03-05 05:00:00,0.0,86.0,0.0,91,0.0
2023-03-05 06:00:00,0.0,87.25,0.0,91,0.0
2023-03-05 07:00:00,0.0,88.25,0.0,91,0.0093949573595299
2023-03-05 08:00:00,0.005,86.5,0.0,91,0.0620095726567455
2023-03-05 09:00:00,2.168,78.25,0.0,91,0.1110179490309495
2023-03-05 10:00:00,11.844666666666669,73.5,0.0,91,0.2007215398804754
2023-03-05 11:00:00,9.633166666666666,70.75,0.0,91,0.420070424854246
2023-03-05 12:00:00,7.357333333333333,67.0,0.0,91,0.5030764111901961
2023-03-05 13:00:00,6.658333333333334,65.5,0.0,91,0.5033935031727848
2023-03-05 14:00:00,4.5103333333333335,71.25,0.0,91,0.4404111956734943
2023-03-05 15:00:00,2.262166666666667,78.5,0.0,91,0.3421233325534397
2023-03-05 16:00:00,10.554333333333334,83.5,0.0,91,0.2105215384002424
2023-03-05 17:00:00,10.553833333333332,85.75,0.0,91,0.0683941021332374
2023-03-05 18:00:00,12.2015,84.0,0.0,91,0.0043734188051496
2023-03-05 19:00:00,12.201833333333331,94.75,0.0,91,0.0
2023-03-05 20:00:00,12.2065,96.5,0.0,91,0.0
2023-03-05 21:00:00,12.1775,92.25,0.0,91,0.0
2023-03-05 22:00:00,12.168666666666669,87.5,0.0,91,0.0
2023-03-05 23:00:00,12.164666666666667,85.5,0.0,91,0.0
2023-03-06 00:00:00,4.058000000000001,88.75,0.0,91,0.0
2023-03-06 01:00:00,0.0,87.5,0.0,91,0.0
2023-03-06 02:00:00,0.0,88.5,0.0,91,0.0
2023-03-06 03:00:00,0.0,89.5,0.0,91,0.0
2023-03-06 04:00:00,0.0,91.0,0.0,91,0.0
2023-03-06 05:00:00,0.0,93.5,0.0,91,0.0
2023-03-06 06:00:00,0.0,96.25,0.0,91,0.0
2023-03-06 07:00:00,0.0096666666666666,97.0,0.0,91,0.0127041880429809
2023-03-06 08:00:00,0.0521666666666666,98.5,0.0,91,0.1087863249656481
2023-03-06 09:00:00,4.572166666666667,96.25,0.0,91,0.2588004257332565
2023-03-06 10:00:00,12.263166666666669,97.0,0.0,91,0.3891876911913228
2023-03-06 11:00:00,12.273833333333334,93.75,0.0,91,0.4782794013390175
2023-03-06 12:00:00,12.296833333333334,85.5,0.0,91,0.5311096595698952
2023-03-06 13:00:00,12.307333333333332,84.0,0.0,91,0.5292103439722305
2023-03-06 14:00:00,12.355166666666667,86.0,0.0,91,0.4674580331133981
2023-03-06 15:00:00,12.405333333333331,86.25,0.0,91,0.3658009406847832
2023-03-06 16:00:00,12.417166666666668,90.0,0.0,91,0.2259899996896076
2023-03-06 17:00:00,6.297333333333333,87.25,0.0,91,0.0633881197831569
2023-03-06 18:00:00,0.1565,93.5,0.0,91,0.0036604273614561
2023-03-06 19:00:00,0.1501666666666666,91.0,0.0,91,0.0
2023-03-06 20:00:00,0.1546666666666666,90.75,0.0,91,0.0
2023-03-06 21:00:00,0.154,81.5,0.0,91,0.0
2023-03-06 22:00:00,0.1643333333333333,78.0,0.0,91,0.0
2023-03-06 23:00:00,0.1763333333333333,67.5,0.0,91,0.0
2023-03-07 00:00:00,0.154,67.5,0.0,91,0.0
2023-03-07 01:00:00,0.1535,62.5,0.0,91,0.0
2023-03-07 02:00:00,0.1533333333333333,63.25,0.0,91,0.0
2023-03-07 03:00:00,0.1473333333333333,62.75,0.0,91,0.0
2023-03-07 04:00:00,0.1536666666666666,62.5,0.0,91,0.0
2023-03-07 05:00:00,0.146,67.0,0.0,91,0.0
2023-03-07 06:00:00,0.146,66.5,0.0,91,0.0
2023-03-07 07:00:00,0.1465,62.25,0.0,91,0.0148137605538926
2023-03-07 08:00:00,2.902333333333333,58.75,0.0,91,0.1384061537033472
2023-03-07 09:00:00,4.207,55.5,0.0,91,0.2869572654137245
2023-03-07 10:00:00,12.384333333333332,54.5,0.0,91,0.3952689765864967
2023-03-07 11:00:00,12.398166666666668,54.0,0.0,91,0.4969897477239628
2023-03-07 12:00:00,12.420833333333334,54.0,0.0,91,0.4115730764927009
2023-03-07 13:00:00,12.4275,55.0,0.0,91,0.4715851260454227
2023-03-07 14:00:00,12.411666666666669,57.25,0.0,91,0.1196720524323292
2023-03-07 15:00:00,12.326333333333332,59.75,0.0,91,0.0425064958262647
2023-03-07 16:00:00,12.242833333333332,61.25,0.0,91,0.0178510256913992
2023-03-07 17:00:00,0.0091666666666666,61.75,0.0,91,0.007318546955402
2023-03-07 18:00:00,0.0028333333333333,59.5,0.0,91,0.0020983760605335
2023-03-07 19:00:00,0.0148333333333333,64.5,0.0,91,0.0
2023-03-07 20:00:00,0.0536666666666666,65.5,0.0,91,0.0
2023-03-07 21:00:00,0.1073333333333333,68.0,0.0,91,0.0
2023-03-07 22:00:00,0.1621666666666666,71.5,0.0,91,0.0
2023-03-07 23:00:00,0.0758333333333333,69.75,0.0,91,0.0
2023-03-08 00:00:00,0.2303333333333333,70.0,0.0,91,0.0
2023-03-08 01:00:00,0.7303333333333333,68.0,0.0,91,0.0
2023-03-08 02:00:00,0.9873333333333334,66.0,0.0,91,0.0
2023-03-08 03:00:00,0.0,64.25,0.0,91,0.0
2023-03-08 04:00:00,0.0,67.0,0.0,91,0.0
2023-03-08 05:00:00,0.0,70.75,0.0,91,0.0
2023-03-08 06:00:00,0.0,77.75,0.0,91,0.0
2023-03-08 07:00:00,0.002,74.25,0.0,91,0.0007029059844521
2023-03-08 08:00:00,10.193,66.5,0.0,91,0.018402649536092
2023-03-08 09:00:00,13.905666666666669,63.0,0.48113,91,0.0387144444946549
2023-03-08 10:00:00,13.9205,62.75,0.48113,91,0.1042285467213035
2023-03-08 11:00:00,13.937166666666668,63.75,0.0,91,0.1770504273308648
2023-03-08 12:00:00,13.955666666666668,63.75,0.0,91,0.0848183764759292
2023-03-08 13:00:00,13.9735,62.5,0.0,91,0.0469553844337789
2023-03-08 14:00:00,13.985833333333334,54.75,0.0,91,0.0784437601790468
2023-03-08 15:00:00,13.979833333333334,52.0,0.0,91,0.0449458972816793
2023-03-08 16:00:00,3.518166666666667,60.0,0.0,91,0.0289747008910546
2023-03-08 17:00:00,0.0106666666666666,74.25,0.0,91,0.0177007691880576
2023-03-08 18:00:00,0.0646666666666666,72.75,0.0,91,0.000922051285091
2023-03-08 19:00:00,0.109,71.0,0.0,91,0.0
2023-03-08 20:00:00,0.1923333333333333,65.75,0.0,91,0.0
2023-03-08 21:00:00,0.0061666666666666,59.75,0.0,91,0.0
2023-03-08 22:00:00,0.018,50.75,0.0,91,0.0
2023-03-08 23:00:00,0.0088333333333333,48.5,0.0,91,0.0
2023-03-09 00:00:00,0.0968333333333333,42.75,0.0,91,0.0
2023-03-09 01:00:00,0.2228333333333333,39.75,0.0,91,0.0
2023-03-09 02:00:00,1.6411666666666669,39.25,0.0,91,0.0
2023-03-09 03:00:00,13.493333333333334,40.25,0.0,91,0.0
2023-03-09 04:00:00,2.2983333333333333,41.5,0.0,91,0.0
2023-03-09 05:00:00,0.0,42.0,0.0,91,0.0
2023-03-09 06:00:00,0.0,47.0,0.0,91,0.0
2023-03-09 07:00:00,0.0,51.0,0.0,91,0.0199876068277746
2023-03-09 08:00:00,8.468666666666666,62.25,0.0,91,0.105988718179556
2023-03-09 09:00:00,12.232833333333334,64.25,0.0,91,0.2418008553268563
2023-03-09 10:00:00,12.249333333333333,61.25,0.0,91,0.299918461335011
2023-03-09 11:00:00,13.495666666666668,54.75,0.0,91,0.316607180212298
2023-03-09 12:00:00,13.956,51.0,0.0,91,0.3611164960290631
2023-03-09 13:00:00,13.976833333333332,45.25,0.0,91,0.5146457248263888
2023-03-09 14:00:00,13.696166666666665,47.25,0.0,91,0.4760135050716565
2023-03-09 15:00:00,9.329833333333331,55.75,0.0,91,0.3971347854483842
2023-03-09 16:00:00,0.0938333333333333,57.75,0.0,91,0.164541195763482
2023-03-09 17:00:00,0.6168333333333333,60.25,0.0,91,0.0624179487554436
2023-03-09 18:00:00,1.4621666666666666,66.75,0.0,91,0.0052498290538151
2023-03-09 19:00:00,3.125666666666667,68.0,0.0,91,0.0
2023-03-09 20:00:00,7.655,61.5,0.0,91,0.0
2023-03-09 21:00:00,10.615333333333334,54.0,0.0,91,0.0
2023-03-09 22:00:00,13.492166666666668,60.0,0.0,91,0.0
2023-03-09 23:00:00,13.486333333333334,63.25,0.0,91,0.0
2023-03-10 00:00:00,13.490666666666668,57.5,0.0,91,0.0
2023-03-10 01:00:00,13.4855,48.25,0.0,91,0.0
2023-03-10 02:00:00,13.494666666666667,50.0,0.0,91,0.0
2023-03-10 03:00:00,9.609666666666667,50.0,0.0,91,0.0
2023-03-10 04:00:00,0.0,47.75,0.0,91,0.0
2023-03-10 05:00:00,0.0,47.5,0.0,91,0.0
2023-03-10 06:00:00,0.0,47.5,0.0,91,0.0
2023-03-10 07:00:00,0.0,49.75,0.0,91,0.0081265811392894
2023-03-10 08:00:00,9.993833333333331,49.25,0.0,91,0.0561238460866814
2023-03-10 09:00:00,14.01,47.25,0.0,91,0.0675800002334464
2023-03-10 10:00:00,14.0165,46.25,0.0,91,0.0914947862706632
2023-03-10 11:00:00,14.0595,47.0,0.0,91,0.2358490588522365
2023-03-10 12:00:00,14.1255,49.25,0.0,91,0.2562000837081518
2023-03-10 13:00:00,13.009166666666667,49.75,0.0,91,0.3760070103050296
2023-03-10 14:00:00,14.1175,51.75,0.0,91,0.3536681189903846
2023-03-10 15:00:00,1.9498333333333333,55.5,0.0,91,0.115902992232233
2023-03-10 16:00:00,0.651,65.5,0.0,91,0.0620752138969225
2023-03-10 17:00:00,0.4966666666666666,64.25,0.0,91,0.0215383760847597
2023-03-10 18:00:00,0.4648333333333334,73.0,0.0,91,0.0010272649675607
2023-03-10 19:00:00,1.0276666666666667,76.5,0.0,91,0.0
2023-03-10 20:00:00,5.357833333333333,77.25,0.0,91,0.0
2023-03-10 21:00:00,6.865666666666667,71.75,0.0,91,0.0
2023-03-10 22:00:00,12.601,72.5,0.0,91,0.0
2023-03-10 23:00:00,11.534333333333334,74.0,0.0,91,0.0
2023-03-11 00:00:00,7.605333333333334,77.25,0.0,91,0.0
2023-03-11 01:00:00,7.397166666666667,79.0,0.0,91,0.0
2023-03-11 02:00:00,6.797999999999999,78.0,0.0,91,0.0
2023-03-11 03:00:00,1.0235,77.5,0.0,91,0.0
2023-03-11 04:00:00,1.0158333333333334,72.25,0.0,91,0.0
2023-03-11 05:00:00,6.619666666666666,58.75,0.0,91,0.0
2023-03-11 06:00:00,2.500833333333333,55.75,0.0,91,0.0
2023-03-11 07:00:00,0.204,57.0,0.0,91,0.005861367531057
2023-03-11 08:00:00,0.106,55.5,0.0,91,0.0305788033640282
2023-03-11 09:00:00,0.0255,52.75,0.0,91,0.0792172644688533
2023-03-11 10:00:00,0.0,51.75,0.0,91,0.1222297439412174
2023-03-11 11:00:00,0.0,50.25,0.0,91,0.2321271793658916
2023-03-11 12:00:00,0.0,41.5,0.0,91,0.2996652136908637
2023-03-11 13:00:00,0.0,37.5,0.0,91,0.2317797439118736
2023-03-11 14:00:00,0.0,37.25,0.0,91,0.3688278628618289
2023-03-11 15:00:00,0.0086666666666666,39.25,0.0,91,0.2663617945940066
2023-03-11 16:00:00,0.0,42.5,0.0,91,0.0939994020543546
2023-03-11 17:00:00,0.0,49.0,0.0,91,0.0388773502906163
2023-03-11 18:00:00,0.0,59.75,0.0,91,0.003568974360744
2023-03-11 19:00:00,0.0,60.75,0.0,91,0.0
2023-03-11 20:00:00,0.0,61.0,0.0,91,0.0
2023-03-11 21:00:00,0.0,55.5,0.0,91,0.0
2023-03-11 22:00:00,0.0,51.5,0.0,91,0.0
2023-03-11 23:00:00,0.0,52.75,0.0,91,0.0
2023-03-12 00:00:00,0.0,48.25,0.0,91,0.0
2023-03-12 01:00:00,0.0,41.75,0.0,91,0.0
2023-03-12 02:00:00,0.0,34.5,0.0,91,0.0
2023-03-12 03:00:00,0.0,33.75,0.0,91,0.0
2023-03-12 04:00:00,0.0,34.0,0.0,91,0.0
2023-03-12 05:00:00,0.0,33.25,0.0,91,0.0
2023-03-12 06:00:00,0.0,33.0,0.0,91,0.0
2023-03-12 07:00:00,0.0,34.25,0.0,91,0.0101619658049227
2023-03-12 08:00:00,0.0435,34.75,0.0,91,0.0655529060119237
2023-03-12 09:00:00,0.059,32.75,0.0,91,0.3044091452900161
2023-03-12 10:00:00,0.1025,32.0,0.0,91,0.434733931549594
2023-03-12 11:00:00,0.1358333333333333,31.0,0.0,91,0.4269000857100525
2023-03-12 12:00:00,0.1391666666666667,33.0,0.0,91,0.6172292334401713
2023-03-12 13:00:00,0.14,32.0,0.0,91,0.5899895744649776
2023-03-12 14:00:00,0.1393333333333333,33.25,0.0,91,0.5249292305188304
2023-03-12 15:00:00,0.3376666666666666,34.75,0.0,91,0.4145791449913611
2023-03-12 16:00:00,11.719333333333331,35.0,0.0,91,0.256005384657118
2023-03-12 17:00:00,11.509833333333331,34.75,0.0,91,0.1118382911193065
2023-03-12 18:00:00,1.8493333333333333,34.75,0.0,91,0.0141191453615235
2023-03-12 19:00:00,9.6,33.0,0.0,91,0.0
2023-03-12 20:00:00,13.752333333333333,32.75,0.0,91,0.0
2023-03-12 21:00:00,13.116333333333332,32.25,0.0,91,0.0
2023-03-12 22:00:00,17.9855,32.5,0.0,91,0.0
2023-03-12 23:00:00,17.230999999999998,32.5,0.0,91,0.0
2023-03-13 00:00:00,7.1735,32.0,0.0,91,0.0
2023-03-13 01:00:00,0.1476666666666666,33.25,0.0,91,0.0
2023-03-13 02:00:00,0.145,33.75,0.0,91,0.0
2023-03-13 03:00:00,0.1411666666666666,35.25,0.0,91,0.0
2023-03-13 04:00:00,0.1425,35.0,0.0,91,0.0
2023-03-13 05:00:00,0.1416666666666667,35.0,0.0,91,0.0
2023-03-13 06:00:00,0.1395,35.25,0.0,91,0.0
2023-03-13 07:00:00,0.1408333333333333,33.75,0.0,91,0.0333708550851059
2023-03-13 08:00:00,0.141,38.0,0.0,91,0.1529961541167691
2023-03-13 09:00:00,0.1445,34.0,0.0,91,0.1750273502382458
2023-03-13 10:00:00,0.1255,31.5,0.0,91,0.2405090594495464
2023-03-13 11:00:00,0.1208333333333333,32.0,0.0,91,0.4833433343610192
2023-03-13 12:00:00,0.121,31.75,0.0,91,0.4597952159653363
2023-03-13 13:00:00,0.1203333333333333,30.0,0.0,91,0.5868276944934814
2023-03-13 14:00:00,0.173,32.75,0.0,91,0.4652613674066005
2023-03-13 15:00:00,0.1295,33.5,0.0,91,0.3169287171323075
2023-03-13 16:00:00,0.1306666666666666,34.0,0.0,91,0.2067366660354484
2023-03-13 17:00:00,0.132,33.25,0.0,91,0.1127120517665504
2023-03-13 18:00:00,0.1306666666666666,38.0,0.0,91,0.0064787180045157
2023-03-13 19:00:00,0.1293333333333333,38.25,0.0,91,0.0
2023-03-13 20:00:00,0.131,32.0,0.0,91,0.0
2023-03-13 21:00:00,0.131,31.25,0.0,91,0.0
2023-03-13 22:00:00,0.1285,31.75,0.0,91,0.0
2023-03-13 23:00:00,0.1293333333333333,32.5,0.0,91,0.0
2023-03-14 00:00:00,0.1328333333333333,34.25,0.0,91,0.0
2023-03-14 01:00:00,0.1333333333333333,35.25,0.0,91,0.0
2023-03-14 02:00:00,0.1283333333333333,35.75,0.0,91,0.0
2023-03-14 03:00:00,0.1295,36.0,0.0,91,0.0
2023-03-14 04:00:00,0.1296666666666666,36.0,0.261565,91,0.0
2023-03-14 05:00:00,0.128,34.75,0.394125,91,0.0
2023-03-14 06:00:00,0.1306666666666666,33.5,0.44636,91,0.0
2023-03-14 07:00:00,0.1303333333333333,31.5,0.73782,91,0.0059094016967166
2023-03-14 08:00:00,0.1368333333333333,33.25,0.7472799999999999,91,0.0184279486868116
2023-03-14 09:00:00,0.1463333333333333,33.5,0.597455,91,0.027236666516361
2023-03-14 10:00:00,0.1528333333333333,33.0,0.55241,91,0.0508260687396057
2023-03-14 11:00:00,0.1573333333333333,32.5,0.547585,91,0.0845805129026755
2023-03-14 12:00:00,0.1548333333333333,30.0,0.53032,91,0.3406816228230794
2023-03-14 13:00:00,0.1573333333333333,30.5,0.410765,91,0.4978617073124288
2023-03-14 14:00:00,4.0355,31.0,0.286495,91,0.2344421388348961
2023-03-14 15:00:00,10.926833333333336,32.0,0.387485,91,0.1120134192246657
2023-03-14 16:00:00,0.0598333333333333,33.5,0.5416249999999999,91,0.1640280356264521
2023-03-14 17:00:00,0.0,38.75,0.51677,91,0.0676309400949722
2023-03-14 18:00:00,0.0,44.25,0.39486,91,0.0066985470009569
2023-03-14 19:00:00,7.326833333333333,49.0,0.24442,91,0.0
2023-03-14 20:00:00,3.728666666666667,51.75,0.133385,91,0.0
2023-03-14 21:00:00,0.2308333333333333,52.25,0.11409,91,0.0
2023-03-14 22:00:00,0.0,54.0,0.112785,91,0.0
2023-03-14 23:00:00,0.0,54.25,0.10017,91,0.0
2023-03-15 00:00:00,0.0,52.0,0.044545,91,0.0
2023-03-15 01:00:00,0.0,53.0,0.054115,91,0.0
2023-03-15 02:00:00,0.0,50.75,0.116315,91,0.0
2023-03-15 03:00:00,0.0,51.0,0.1213,91,0.0
2023-03-15 04:00:00,0.0,52.0,0.13215,91,0.0
2023-03-15 05:00:00,0.0,53.0,0.397495,91,0.0
2023-03-15 06:00:00,0.0,54.5,0.85349,91,0.0005646153825979
2023-03-15 07:00:00,0.0571666666666666,53.75,1.20484,91,0.0362967522225828
2023-03-15 08:00:00,12.735,51.25,1.095365,91,0.1906995726039267
2023-03-15 09:00:00,4.452,47.25,0.67193,91,0.3596764973697499
2023-03-15 10:00:00,4.722,41.0,0.5224650000000001,91,0.484738033327282
2023-03-15 11:00:00,4.578833333333333,39.25,0.2733449999999999,91,0.5703122231899164
2023-03-15 12:00:00,0.0,39.5,0.0028699999999999,91,0.6097675183288057
2023-03-15 13:00:00,0.0,38.75,0.000575,91,0.619803162273179
2023-03-15 14:00:00,0.0536666666666666,40.5,0.0,91,0.5532932483640493
2023-03-15 15:00:00,0.06,41.5,0.0,91,0.4411320521688869
2023-03-15 16:00:00,2.5503333333333336,43.75,0.0,91,0.2910531625992212
2023-03-15 17:00:00,0.8255,46.0,0.0,91,0.1031603422124161
2023-03-15 18:00:00,0.0613333333333333,47.75,0.0,91,0.0064035042857305
2023-03-15 19:00:00,1.7185,49.25,0.0,91,0.0
2023-03-15 20:00:00,1.3833333333333335,49.0,0.0,91,0.0
2023-03-15 21:00:00,1.0373333333333334,48.75,0.0,91,0.0
2023-03-15 22:00:00,0.0,48.25,0.0,91,0.0
2023-03-15 23:00:00,0.0,46.5,0.0,91,0.0
2023-03-16 00:00:00,0.0,35.75,0.0,91,0.0
2023-03-16 01:00:00,0.0,35.0,0.0,91,0.0
2023-03-16 02:00:00,0.0,34.75,0.0,91,0.0
2023-03-16 03:00:00,0.0,34.25,0.0,91,0.0
2023-03-16 04:00:00,0.0,35.25,0.359695,91,0.0
2023-03-16 05:00:00,0.0,34.25,0.97332,91,0.0
2023-03-16 06:00:00,0.0,37.25,1.29627,91,0.000831709399692
2023-03-16 07:00:00,0.0,38.5,1.3205349999999998,91,0.032836495851859
2023-03-16 08:00:00,0.0,38.0,1.176215,91,0.1708019649473011
2023-03-16 09:00:00,0.0,37.75,0.85353,91,0.3632272638826289
2023-03-16 10:00:00,0.0,36.25,0.6041449999999999,91,0.4832653854239699
2023-03-16 11:00:00,0.0,31.75,0.5126449999999999,91,0.5398628234863284
2023-03-16 12:00:00,0.3045,30.0,0.369555,91,0.584647434593266
2023-03-16 13:00:00,0.875,29.0,0.1863849999999999,91,0.5892036764030781
2023-03-16 14:00:00,3.1471666666666667,30.25,0.0414149999999999,91,0.5233036765074119
2023-03-16 15:00:00,3.907,29.5,0.001055,91,0.4005942734286316
2023-03-16 16:00:00,5.915166666666667,30.25,0.000175,91,0.2297888894366403
2023-03-16 17:00:00,6.6306666666666665,34.75,0.0,91,0.1114117089703551
2023-03-16 18:00:00,0.046,38.75,0.0,91,0.0143636753005731
2023-03-16 19:00:00,7.129,39.25,0.0,91,0.0
2023-03-16 20:00:00,7.477666666666667,35.0,0.0,91,0.0
2023-03-16 21:00:00,10.409833333333331,31.75,0.0,91,0.0
2023-03-16 22:00:00,7.049333333333334,31.25,0.0,91,0.0
2023-03-16 23:00:00,0.0,33.0,0.0,91,0.0
2023-03-17 00:00:00,0.0,32.25,0.0,91,0.0
2023-03-17 01:00:00,0.0,33.5,0.0,91,0.0
2023-03-17 02:00:00,0.0,35.0,0.0,91,0.0
2023-03-17 03:00:00,0.0,35.5,0.0,91,0.0
2023-03-17 04:00:00,0.0,34.25,0.278815,91,0.0
2023-03-17 05:00:00,0.0,33.5,0.54921,91,0.0
2023-03-17 06:00:00,0.0325,34.0,0.7019299999999999,91,0.000539829057888
2023-03-17 07:00:00,0.0586666666666666,31.25,1.00302,91,0.0367918802734114
2023-03-17 08:00:00,1.1656666666666669,32.5,0.963065,91,0.0974008538172795
2023-03-17 09:00:00,21.40983333333333,35.0,0.6486299999999999,91,0.257591624300704
2023-03-17 10:00:00,1.6488333333333334,35.75,0.4534499999999999,91,0.4848610243838057
2023-03-17 11:00:00,10.996166666666667,34.75,0.2302549999999999,91,0.5709382068601427
2023-03-17 12:00:00,13.107833333333334,33.75,0.0346599999999999,91,0.6264860697689217
2023-03-17 13:00:00,11.342166666666666,33.0,0.0008949999999999,91,0.4444977792919192
2023-03-17 14:00:00,12.761333333333331,33.5,8.999999999995e-05,91,0.4091564103477021
2023-03-17 15:00:00,2.0176666666666665,34.5,0.0,91,0.3407773502056415
2023-03-17 16:00:00,0.1638333333333333,36.0,0.0,91,0.1433816239772698
2023-03-17 17:00:00,0.16,42.25,0.0,91,0.0557356405665731
2023-03-17 18:00:00,0.1616666666666666,47.75,0.0,91,0.005954700896803
2023-03-17 19:00:00,0.1596666666666666,53.5,0.0,91,0.0
2023-03-17 20:00:00,0.1585,47.75,0.0,91,0.0
2023-03-17 21:00:00,0.1593333333333333,46.75,0.0,91,0.0
2023-03-17 22:00:00,0.1576666666666666,46.0,0.0,91,0.0
2023-03-17 23:00:00,0.1658333333333333,46.5,0.0,91,0.0
2023-03-18 00:00:00,0.1573333333333333,45.0,0.0,91,0.0
2023-03-18 01:00:00,0.1595,42.75,0.0,91,0.0
2023-03-18 02:00:00,0.1563333333333333,35.5,0.0,91,0.0
2023-03-18 03:00:00,0.1566666666666666,37.25,0.0,91,0.0
2023-03-18 04:00:00,0.1573333333333333,38.5,0.0,91,0.0
2023-03-18 05:00:00,0.158,39.25,0.0,91,0.0
2023-03-18 06:00:00,0.1558333333333333,39.0,0.0,91,0.0009893162242877
2023-03-18 07:00:00,0.1576666666666666,37.5,0.0,91,0.051992649583735
2023-03-18 08:00:00,0.1563333333333333,37.5,0.0,91,0.2007070937523475
2023-03-18 09:00:00,0.1533333333333333,36.0,0.0,91,0.3454933349087706
2023-03-18 10:00:00,0.1438333333333333,34.25,0.0,91,0.4025112820486738
2023-03-18 11:00:00,0.15,32.75,0.0,91,0.4577100007146853
2023-03-18 12:00:00,0.1511666666666666,33.0,0.0,91,0.4694971792106955
2023-03-18 13:00:00,0.1511666666666666,33.0,0.0,91,0.4821926488631813
2023-03-18 14:00:00,0.1543333333333333,32.75,0.0,91,0.3430567531096629
2023-03-18 15:00:00,7.596666666666667,34.0,0.0,91,0.2298191458547217
2023-03-18 16:00:00,0.6923333333333334,36.75,0.0,91,0.168548033787654
2023-03-18 17:00:00,6.165666666666667,44.25,0.0,91,0.1068541021428556
2023-03-18 18:00:00,0.1683333333333333,49.75,0.0,91,0.0173531623837402
2023-03-18 19:00:00,0.1666666666666666,49.75,0.0,91,0.0
2023-03-18 20:00:00,0.1666666666666666,51.0,0.0,91,0.0
2023-03-18 21:00:00,0.1671666666666666,51.25,0.0,91,0.0
2023-03-18 22:00:00,0.1648333333333333,51.75,0.0,91,0.0
2023-03-18 23:00:00,0.1621666666666666,51.75,0.0,91,0.0
2023-03-19 00:00:00,0.1643333333333333,51.0,0.0,91,0.0
2023-03-19 01:00:00,0.1625,47.75,0.0,91,0.0
2023-03-19 02:00:00,0.1645,46.75,0.0,91,0.0
2023-03-19 03:00:00,0.1613333333333333,45.25,0.0,91,0.0
2023-03-19 04:00:00,0.1636666666666666,42.5,0.0,91,0.0
2023-03-19 05:00:00,0.1641666666666666,44.25,0.0,91,0.0
2023-03-19 06:00:00,0.1608333333333333,44.25,0.0,91,0.0
2023-03-19 07:00:00,0.1421666666666666,45.0,0.0,91,0.0087269231282238
2023-03-19 08:00:00,2.8811666666666667,44.25,0.0,91,0.0345260682065262
2023-03-19 09:00:00,15.021,42.25,0.0,91,0.066104017078367
2023-03-19 10:00:00,14.601666666666668,39.5,0.0,91,0.0947507691994691
2023-03-19 11:00:00,12.102666666666666,40.0,0.0,91,0.1687891454778166
2023-03-19 12:00:00,2.4095,40.0,0.0,91,0.2521797454051483
2023-03-19 13:00:00,0.0,37.5,0.0,91,0.2119678634252304
2023-03-19 14:00:00,0.0,37.5,0.0,91,0.2525138476771167
2023-03-19 15:00:00,0.0,40.75,0.0,91,0.2512569213932395
2023-03-19 16:00:00,0.0,42.25,0.0,91,0.1629962392953726
2023-03-19 17:00:00,0.0,55.25,0.0,91,0.0374911110013978
2023-03-19 18:00:00,0.0,64.5,0.0,91,0.0020721367510178
2023-03-19 19:00:00,0.0,64.5,0.0,91,0.0
2023-03-19 20:00:00,0.0,63.25,0.0,91,0.0
2023-03-19 21:00:00,0.0,55.25,0.0,91,0.0
2023-03-19 22:00:00,0.0,55.25,0.0,91,0.0
2023-03-19 23:00:00,0.0,61.25,0.0,91,0.0
2023-03-20 00:00:00,0.0,62.5,0.0,91,0.0
2023-03-20 01:00:00,0.0,62.75,0.0,91,0.0
2023-03-20 02:00:00,0.0,64.5,0.0,91,0.0
2023-03-20 03:00:00,0.0,63.75,0.302205,91,0.0
2023-03-20 04:00:00,0.0,63.0,0.631005,91,0.0
2023-03-20 05:00:00,0.0,60.5,0.90513,91,0.0
2023-03-20 06:00:00,0.0,59.5,1.13129,91,0.0009026495672953
2023-03-20 07:00:00,0.0011666666666666,62.0,1.083765,91,0.0277669232421451
2023-03-20 08:00:00,0.0851666666666666,60.75,0.97342,91,0.1173641024695502
2023-03-20 09:00:00,0.0743333333333333,58.75,0.71633,91,0.1948111113523825
2023-03-20 10:00:00,0.148,56.0,0.5317299999999999,91,0.1955442718766693
2023-03-20 11:00:00,0.1598333333333333,54.5,0.4845249999999999,91,0.2333991466424404
2023-03-20 12:00:00,0.1656666666666666,51.25,0.471205,91,0.2556441885793311
2023-03-20 13:00:00,0.204,48.0,0.470605,91,0.3531515398596087
2023-03-20 14:00:00,0.2256666666666666,46.5,0.30452,91,0.5511544434637086
2023-03-20 15:00:00,0.159,48.75,0.0816149999999999,91,0.4443630782559387
2023-03-20 16:00:00,1.0053333333333334,50.5,0.0012299999999999,91,0.3171430763831505
2023-03-20 17:00:00,6.000833333333333,55.5,0.000225,91,0.1210147861333994
2023-03-20 18:00:00,3.1488333333333327,57.5,0.0,91,0.0097238461626295
2023-03-20 19:00:00,0.165,62.75,0.0,91,0.0
2023-03-20 20:00:00,0.159,61.25,0.0,91,0.0
2023-03-20 21:00:00,0.1588333333333333,59.75,0.0,91,0.0
2023-03-20 22:00:00,0.1598333333333333,58.0,0.0,91,0.0
2023-03-20 23:00:00,0.1575,54.5,0.0,91,0.0
2023-03-21 00:00:00,0.159,53.5,0.0,91,0.0
2023-03-21 01:00:00,0.1606666666666666,53.75,0.0,91,0.0
2023-03-21 02:00:00,0.1596666666666666,54.0,0.0,91,0.0
2023-03-21 03:00:00,0.1663333333333333,55.0,0.0,91,0.0
2023-03-21 04:00:00,0.1603333333333333,54.75,0.30339,91,0.0
2023-03-21 05:00:00,0.1566666666666666,54.0,0.602015,91,0.0
2023-03-21 06:00:00,0.1561666666666666,52.5,0.776965,91,0.0017362393120415
2023-03-21 07:00:00,0.1591666666666666,50.25,1.1235,91,0.0509958974316588
2023-03-21 08:00:00,9.131833333333333,51.0,1.05203,91,0.206175127436972
2023-03-21 09:00:00,6.249666666666666,49.5,0.64717,91,0.3409533355582474
2023-03-21 10:00:00,9.605,44.5,0.40432,91,0.4110192310300648
2023-03-21 11:00:00,0.2401666666666666,41.25,0.321115,91,0.4939970075167145
2023-03-21 12:00:00,7.43,38.0,0.262215,91,0.5497511982714012
2023-03-21 13:00:00,3.2273333333333336,38.25,0.107285,91,0.4930553840571998
2023-03-21 14:00:00,0.1613333333333333,40.0,0.002685,91,0.4772296572954227
2023-03-21 15:00:00,0.0636666666666666,41.0,0.00052,91,0.325863758315388
2023-03-21 16:00:00,0.0,41.25,0.0,91,0.2206570088965261
2023-03-21 17:00:00,0.0,45.25,0.0,91,0.0905056413829836
2023-03-21 18:00:00,0.0,54.5,0.0,91,0.0157077778194051
2023-03-21 19:00:00,0.0,54.0,0.0,91,0.0
2023-03-21 20:00:00,0.0,53.75,0.0,91,0.0
2023-03-21 21:00:00,0.0,50.0,0.0,91,0.0
2023-03-21 22:00:00,0.0,47.75,0.0,91,0.0
2023-03-21 23:00:00,0.0,47.0,0.0,91,0.0
2023-03-22 00:00:00,0.0,43.5,0.0,91,0.0
2023-03-22 01:00:00,0.0,36.5,0.0,91,0.0
2023-03-22 02:00:00,0.0,38.75,0.0,91,0.0
2023-03-22 03:00:00,0.0,38.25,0.0,91,0.0
2023-03-22 04:00:00,0.0,39.5,0.335415,91,0.0
2023-03-22 05:00:00,0.0,34.75,0.520725,91,0.0
2023-03-22 06:00:00,0.0,33.75,0.57631,91,0.0016316239322479
2023-03-22 07:00:00,0.0,32.25,0.962535,91,0.0539791457062093
2023-03-22 08:00:00,0.0,30.75,0.8394150000000001,91,0.2224517954312838
2023-03-22 09:00:00,0.0,27.75,0.3946449999999999,91,0.3808546992244884
2023-03-22 10:00:00,0.0,27.25,0.129835,91,0.5027018803001465
2023-03-22 11:00:00,0.0,27.0,0.0036349999999999,91,0.567423333062066
2023-03-22 12:00:00,0.0,31.5,0.000565,91,0.607488550039438
2023-03-22 13:00:00,0.0,29.0,0.0,91,0.6087336743998729
2023-03-22 14:00:00,0.0,30.0,0.0,91,0.546206153804421
2023-03-22 15:00:00,0.0,30.25,0.0,91,0.4134081183539497
2023-03-22 16:00:00,0.0,33.0,0.0,91,0.2754779496152177
2023-03-22 17:00:00,0.0,35.25,0.0,91,0.109405128364889
2023-03-22 18:00:00,0.0,38.5,0.0,91,0.0174005982422261
2023-03-22 19:00:00,0.0,36.5,0.0,91,0.0
2023-03-22 20:00:00,0.0,34.25,0.0,91,0.0
2023-03-22 21:00:00,0.0,34.5,0.0,91,0.0
2023-03-22 22:00:00,0.0,34.0,0.0,91,0.0
2023-03-22 23:00:00,0.0,34.5,0.0,91,0.0
2023-03-23 00:00:00,0.0,31.25,0.0,91,0.0
2023-03-23 01:00:00,0.0,29.25,0.0,91,0.0
2023-03-23 02:00:00,0.0,31.25,0.0,91,0.0
2023-03-23 03:00:00,0.0,32.25,0.0,91,0.0
2023-03-23 04:00:00,0.0,32.5,0.20762,91,0.0
2023-03-23 05:00:00,0.0,30.75,0.33118,91,0.0
2023-03-23 06:00:00,0.0,29.75,0.327745,91,0.001444615389292
2023-03-23 07:00:00,0.0,28.0,0.476695,91,0.0486876924832662
2023-03-23 08:00:00,0.0,29.25,0.3820999999999999,91,0.1348186329898671
2023-03-23 09:00:00,0.0,27.25,0.110725,91,0.165196752059154
2023-03-23 10:00:00,0.0,26.75,0.00144,91,0.1719674356574686
2023-03-23 11:00:00,0.0,26.0,0.000305,91,0.2674770945361537
2023-03-23 12:00:00,0.0,26.5,0.0,91,0.4121585474258813
2023-03-23 13:00:00,0.0,27.0,0.0,91,0.1992252987266605
2023-03-23 14:00:00,0.0,27.25,0.1373899999999999,91,0.1276341880081046
2023-03-23 15:00:00,0.0,28.0,0.1382399999999999,91,0.092226410645705
2023-03-23 16:00:00,0.0,28.5,0.0010099999999999,91,0.0745599143525473
2023-03-23 17:00:00,0.0,31.25,0.00016,91,0.0598361536580273
2023-03-23 18:00:00,0.0,34.75,0.0,91,0.0123694017625007
2023-03-23 19:00:00,0.0,38.25,0.0,91,0.0
2023-03-23 20:00:00,0.0,31.25,0.0,91,0.0
2023-03-23 21:00:00,0.0,30.0,0.0,91,0.0
2023-03-23 22:00:00,0.0,28.75,0.0,91,0.0
2023-03-23 23:00:00,0.0,29.0,0.0,91,0.0
2023-03-24 00:00:00,0.0,28.5,0.0,91,0.0
2023-03-24 01:00:00,0.0,28.5,0.0,91,0.0
2023-03-24 02:00:00,0.0,26.75,0.0,91,0.0
2023-03-24 03:00:00,0.0,27.75,0.0,91,0.0
2023-03-24 04:00:00,0.0,28.75,0.2136399999999999,91,0.0
2023-03-24 05:00:00,0.0,30.0,0.341965,91,0.0
2023-03-24 06:00:00,0.0096666666666666,29.5,0.327395,91,0.0
2023-03-24 07:00:00,0.0538333333333333,27.5,0.48788,91,0.0244108546900952
2023-03-24 08:00:00,0.0551666666666666,26.25,0.49799,91,0.0384018802540933
2023-03-24 09:00:00,0.0551666666666666,26.0,0.370235,91,0.185918632735554
2023-03-24 10:00:00,0.1131666666666666,25.25,0.26913,91,0.1487245298043275
2023-03-24 11:00:00,0.1475,25.0,0.1625149999999999,91,0.1859511114593245
2023-03-24 12:00:00,0.1481666666666666,24.25,0.1625399999999998,91,0.1642050433362651
2023-03-24 13:00:00,0.1466666666666667,25.25,0.2269249999999999,91,0.0752341024284689
2023-03-24 14:00:00,0.1466666666666666,25.0,0.29269,91,0.1487132474296113
2023-03-24 15:00:00,0.1548333333333333,25.25,0.17593,91,0.1171119654076731
2023-03-24 16:00:00,0.1478333333333333,25.75,0.0025449999999999,91,0.0587552994540614
2023-03-24 17:00:00,0.1555,25.25,0.0004799999999999,91,0.015282734989101
2023-03-24 18:00:00,0.1473333333333333,32.25,0.0,91,0.0043135042678819
2023-03-24 19:00:00,0.1476666666666666,40.25,0.0,91,0.0
2023-03-24 20:00:00,0.1533333333333333,30.5,0.0,91,0.0
2023-03-24 21:00:00,0.1466666666666666,28.0,0.0,91,0.0
2023-03-24 22:00:00,0.1551666666666666,27.5,0.0,91,0.0
2023-03-24 23:00:00,0.147,28.0,0.0,91,0.0
2023-03-25 00:00:00,0.1471666666666666,27.75,0.0,91,0.0
2023-03-25 01:00:00,0.1536666666666666,29.0,0.0,91,0.0
2023-03-25 02:00:00,0.1486666666666666,28.75,0.0,91,0.0
2023-03-25 03:00:00,0.1563333333333333,29.0,0.0,91,0.0
2023-03-25 04:00:00,0.1466666666666667,30.0,0.0,91,0.0
2023-03-25 05:00:00,0.1523333333333333,30.0,0.0,91,0.0
2023-03-25 06:00:00,0.1466666666666666,30.0,0.0,91,0.0048057264977922
2023-03-25 07:00:00,0.158,30.0,0.0,91,0.0534338464492406
2023-03-25 08:00:00,0.2046666666666666,29.5,0.0,91,0.1661423930958804
2023-03-25 09:00:00,0.1838333333333333,28.75,0.0,91,0.1972572649442233
2023-03-25 10:00:00,0.1485,27.75,0.0,91,0.2595623929276425
2023-03-25 11:00:00,0.141,27.0,0.0,91,0.3019960670797234
2023-03-25 12:00:00,0.1483333333333333,26.75,0.0,91,0.3625153830112554
2023-03-25 13:00:00,0.149,27.25,0.0,91,0.3598571796906302
2023-03-25 14:00:00,0.1688333333333333,28.0,0.0,91,0.2808479498186682
2023-03-25 15:00:00,0.1483333333333333,29.0,0.0,91,0.2498117952265291
2023-03-25 16:00:00,0.152,29.0,0.0,91,0.132326495667808
2023-03-25 17:00:00,0.1495,29.75,0.0,91,0.0888811110635088
2023-03-25 18:00:00,0.1496666666666666,28.5,0.0,91,0.0101842734559128
2023-03-25 19:00:00,0.1448333333333333,28.0,0.0,91,0.0
2023-03-25 20:00:00,0.1426666666666666,28.25,0.0,91,0.0
2023-03-25 21:00:00,0.147,29.0,0.0,91,0.0
2023-03-25 22:00:00,0.146,29.25,0.0,91,0.0
2023-03-25 23:00:00,0.1453333333333333,28.75,0.0,91,0.0
2023-03-26 00:00:00,0.1381666666666666,28.25,0.0,91,0.0
2023-03-26 01:00:00,0.1446666666666666,29.0,0.0,91,0.0
2023-03-26 02:00:00,0.145,29.0,0.0,91,0.0
2023-03-26 03:00:00,0.1456666666666666,28.75,0.0,91,0.0
2023-03-26 04:00:00,0.1385,30.0,0.0,91,0.0
2023-03-26 05:00:00,0.1425,29.25,0.0,91,0.0
2023-03-26 06:00:00,0.1436666666666666,28.5,0.0,91,0.0
2023-03-26 07:00:00,0.1445,28.25,0.0,91,0.0
2023-03-26 08:00:00,0.1436666666666667,27.5,0.0,91,0.007925555508934
2023-03-26 09:00:00,0.1438333333333333,26.75,0.0,91,0.0184019657689282
2023-03-26 10:00:00,0.14,26.0,0.0,91,0.0279525640071966
2023-03-26 11:00:00,0.1428333333333333,25.0,0.0,91,0.0414116239955282
2023-03-26 12:00:00,0.145,24.75,0.0,91,0.1501735043321919
2023-03-26 13:00:00,0.147,25.5,0.0,91,0.2209845296745626
2023-03-26 14:00:00,0.1468333333333333,26.5,0.0,91,0.4010946149907562
2023-03-26 15:00:00,0.1465,27.0,0.0,91,0.2828288031439497
2023-03-26 16:00:00,0.1495,27.25,0.0,91,0.413835385477441
2023-03-26 17:00:00,0.1481666666666666,26.75,0.0,91,0.1146063258505275
2023-03-26 18:00:00,0.1448333333333333,27.0,0.0,91,0.062865555490184
2023-03-26 19:00:00,0.1445,26.25,0.0,91,0.0058955555476853
2023-03-26 20:00:00,0.1436666666666666,26.0,0.0,91,0.0
2023-03-26 21:00:00,0.1448333333333333,26.75,0.0,91,0.0
2023-03-26 22:00:00,0.145,27.25,0.0,91,0.0
2023-03-26 23:00:00,0.1456666666666666,27.75,0.0,91,0.0
2023-03-27 00:00:00,0.1461666666666666,29.25,0.0,91,0.0
2023-03-27 01:00:00,0.1441666666666666,31.0,0.0,91,0.0
2023-03-27 02:00:00,0.143,30.75,0.0,91,0.0
2023-03-27 03:00:00,0.1451666666666666,32.5,0.25124,91,0.0
2023-03-27 04:00:00,0.1456666666666666,34.0,0.7911549999999999,91,0.0
2023-03-27 05:00:00,0.1423333333333333,38.25,1.15733,91,0.0
2023-03-27 06:00:00,0.1425,42.0,1.046755,91,0.0
2023-03-27 07:00:00,0.1408333333333333,46.25,0.92475,91,0.0
2023-03-27 08:00:00,0.1415,49.5,0.95207,91,0.0104500854448375
2023-03-27 09:00:00,0.1426666666666667,49.0,0.91415,91,0.0600367522239685
2023-03-27 10:00:00,0.1446666666666666,46.5,0.842695,91,0.1087399148533486
2023-03-27 11:00:00,0.1468333333333333,44.0,0.7379749999999999,91,0.1784187188107743
2023-03-27 12:00:00,0.1448333333333333,39.75,0.667785,91,0.3484192293933315
2023-03-27 13:00:00,0.1433333333333333,36.75,0.6771249999999999,91,0.1388729919531406
2023-03-27 14:00:00,0.1446666666666666,34.75,0.73459,91,0.2037399992983566
2023-03-27 15:00:00,0.1453333333333333,35.5,0.726105,91,0.1358250427246093
2023-03-27 16:00:00,0.1423333333333333,34.75,0.644065,91,0.1105788027934539
2023-03-27 17:00:00,0.141,36.0,0.641555,91,0.0921914530207968
2023-03-27 18:00:00,0.1475,45.75,0.62854,91,0.064082991526677
2023-03-27 19:00:00,0.1358333333333333,46.25,0.3817000000000001,91,0.0180031624182453
2023-03-27 20:00:00,0.1374999999999999,46.5,0.16628,91,0.0
2023-03-27 21:00:00,0.1366666666666667,47.0,0.12536,91,0.0
2023-03-27 22:00:00,0.1388333333333333,50.0,0.140165,91,0.0
2023-03-27 23:00:00,0.1398333333333333,53.0,0.1216999999999999,91,0.0
2023-03-28 00:00:00,0.142,52.0,0.1915499999999999,91,0.0
2023-03-28 01:00:00,0.1406666666666667,51.75,0.2237449999999999,91,0.0
2023-03-28 02:00:00,0.1396666666666667,52.0,0.2014049999999999,91,0.0
2023-03-28 03:00:00,0.1411666666666666,52.25,0.26869,91,0.0
2023-03-28 04:00:00,0.1418333333333333,51.25,0.303885,91,0.0
2023-03-28 05:00:00,0.138,49.0,0.56949,91,0.0
2023-03-28 06:00:00,0.1378333333333333,51.75,1.07976,91,0.0
2023-03-28 07:00:00,0.1363333333333333,48.75,1.361705,91,0.0053565812155477
2023-03-28 08:00:00,0.1371666666666666,45.5,1.358875,91,0.0879378635659177
2023-03-28 09:00:00,0.1383333333333333,43.75,1.15009,91,0.2619801708775708
2023-03-28 10:00:00,0.1383333333333333,41.75,0.7812899999999999,91,0.4106270931928585
2023-03-28 11:00:00,0.1391666666666666,37.0,0.601065,91,0.5451086334489349
2023-03-28 12:00:00,0.1374999999999999,31.0,0.601865,91,0.5818601738693367
2023-03-28 13:00:00,0.1323333333333333,26.25,0.5532149999999999,91,0.6429949559920872
2023-03-28 14:00:00,0.139,26.0,0.4842599999999999,91,0.6100035030006346
2023-03-28 15:00:00,0.1381666666666666,26.0,0.365015,91,0.4635541045360077
2023-03-28 16:00:00,0.1413333333333333,26.0,0.1405499999999999,91,0.4591581194624939
2023-03-28 17:00:00,0.1431666666666666,31.0,0.177015,91,0.3005561523763542
2023-03-28 18:00:00,0.1343333333333333,37.75,0.225415,91,0.1616797436608208
2023-03-28 19:00:00,0.1378333333333333,40.5,0.060575,91,0.0224706836719798
2023-03-28 20:00:00,0.1391666666666666,43.75,0.0076049999999999,91,5.042734914101085e-06
2023-03-28 21:00:00,0.1396666666666667,44.75,0.0012299999999999,91,0.0
2023-03-28 22:00:00,0.1388333333333333,45.0,0.000265,91,0.0
2023-03-28 23:00:00,0.1328333333333333,44.75,0.0,91,0.0
2023-03-29 00:00:00,0.1398333333333333,42.75,0.0,91,0.0
2023-03-29 01:00:00,0.1403333333333333,33.5,0.0,91,0.0
2023-03-29 02:00:00,0.1411666666666666,35.0,0.0,91,0.0
2023-03-29 03:00:00,0.1403333333333333,37.0,0.0,91,0.0
2023-03-29 04:00:00,0.1333333333333333,37.0,0.1805449999999999,91,0.0
2023-03-29 05:00:00,0.1401666666666666,39.5,0.3959749999999999,91,0.0
2023-03-29 06:00:00,0.1394999999999999,45.75,0.55189,91,0.0
2023-03-29 07:00:00,0.1398333333333333,46.75,0.823225,91,0.0072258973822125
2023-03-29 08:00:00,0.1386666666666667,47.0,0.8438650000000001,91,0.0579709400274814
2023-03-29 09:00:00,0.1355,46.25,0.6257,91,0.1403361534053444
2023-03-29 10:00:00,0.1404999999999999,45.75,0.45622,91,0.254175042698526
2023-03-29 11:00:00,0.1404999999999999,44.75,0.317735,91,0.353308119162535
2023-03-29 12:00:00,0.1406666666666666,41.75,0.1317949999999999,91,0.3066702570466914
2023-03-29 13:00:00,0.1353333333333333,34.75,0.0020949999999999,91,0.4261034184643346
2023-03-29 14:00:00,0.1378333333333333,34.75,0.000415,91,0.5688933321960972
2023-03-29 15:00:00,0.1404999999999999,38.25,0.0,91,0.4558630778646878
2023-03-29 16:00:00,0.14,40.0,0.0,91,0.3716355553651469
2023-03-29 17:00:00,0.1391666666666666,44.0,0.0,91,0.2067239311413886
2023-03-29 18:00:00,0.1313333333333333,45.25,0.0,91,0.1166843582218528
2023-03-29 19:00:00,0.1383333333333333,45.0,0.0,91,0.0240624786289329
2023-03-29 20:00:00,0.1384999999999999,44.0,0.0,91,1.7948718104734277e-06
2023-03-29 21:00:00,0.1381666666666666,40.75,0.0,91,0.0
2023-03-29 22:00:00,0.1361666666666666,37.25,0.0,91,0.0
2023-03-29 23:00:00,0.1351666666666666,35.0,0.0,91,0.0
2023-03-30 00:00:00,0.1401666666666666,29.25,0.0,91,0.0
2023-03-30 01:00:00,0.14,28.0,0.0,91,0.0
2023-03-30 02:00:00,0.1394999999999999,28.0,0.0,91,0.0
2023-03-30 03:00:00,0.1333333333333333,29.0,0.0,91,0.0
2023-03-30 04:00:00,0.1396666666666667,29.0,0.070425,91,0.0
2023-03-30 05:00:00,0.1394999999999999,28.75,0.2713399999999999,91,0.0
2023-03-30 06:00:00,0.1401666666666666,27.5,0.427885,91,0.0
2023-03-30 07:00:00,0.1393333333333333,26.0,0.55257,91,0.0039558974223641
2023-03-30 08:00:00,0.135,25.0,0.54857,91,0.0367671794565314
2023-03-30 09:00:00,0.1396666666666666,24.25,0.40903,91,0.1058142737038115
2023-03-30 10:00:00,0.1396666666666667,24.75,0.344055,91,0.1435917096260266
2023-03-30 11:00:00,0.1383333333333333,25.0,0.232865,91,0.2508870936662721
2023-03-30 12:00:00,0.1316666666666666,24.25,0.076185,91,0.3476976075131669
2023-03-30 13:00:00,0.1381666666666666,25.0,0.00166,91,0.3312600835164388
2023-03-30 14:00:00,0.1386666666666667,25.0,0.000345,91,0.5153574382749379
2023-03-30 15:00:00,0.1401666666666666,25.0,0.0,91,0.2008477768531212
2023-03-30 16:00:00,0.1396666666666667,25.75,0.0,91,0.2105851274474054
2023-03-30 17:00:00,0.1323333333333333,26.0,0.0,91,0.1340457270695613
2023-03-30 18:00:00,0.1393333333333333,25.5,0.0,91,0.1012594018430791
2023-03-30 19:00:00,0.139,24.75,0.0,91,0.02232888887708
2023-03-30 20:00:00,0.1384999999999999,25.75,0.0,91,2.905982988289533e-05
2023-03-30 21:00:00,0.134,25.75,0.0,91,0.0
2023-03-30 22:00:00,0.1361666666666666,26.25,0.0,91,0.0
2023-03-30 23:00:00,0.138,26.0,0.0,91,0.0
2023-03-31 00:00:00,0.1381666666666666,25.75,0.0,91,0.0
2023-03-31 01:00:00,0.1383333333333333,27.75,0.0,91,0.0
2023-03-31 02:00:00,0.1315,29.25,0.0,91,0.0
2023-03-31 03:00:00,0.1383333333333333,30.0,0.0,91,0.0
2023-03-31 04:00:00,0.1378333333333333,30.0,0.0618149999999999,91,0.0
2023-03-31 05:00:00,0.1364999999999999,29.0,0.2416049999999999,91,0.0
2023-03-31 06:00:00,0.1318333333333333,26.75,0.373065,91,0.0
2023-03-31 07:00:00,0.1383333333333333,25.5,0.453695,91,0.0
2023-03-31 08:00:00,0.1173333333333333,25.0,0.449975,91,0.0163543590521201
2023-03-31 09:00:00,0.123,24.0,0.371955,91,0.0281482904079632
2023-03-31 10:00:00,0.134,23.75,0.403595,91,0.1220383763924623
2023-03-31 11:00:00,0.1515,23.0,0.3499,91,0.2738111114501953
2023-03-31 12:00:00,0.1491666666666666,23.75,0.203515,91,0.5765016219962356
2023-03-31 13:00:00,0.1733333333333333,24.0,0.07581,91,0.5519605150793353
2023-03-31 14:00:00,0.1565,24.0,0.001275,91,0.4417805996104186
2023-03-31 15:00:00,0.1465,24.0,0.000275,91,0.2454188886463133
2023-03-31 16:00:00,0.1476666666666666,24.25,0.0,91,0.1077887178078675
2023-03-31 17:00:00,0.1406666666666667,24.0,0.0,91,0.1627228202167739
2023-03-31 18:00:00,0.1468333333333333,24.25,0.0,91,0.0462123077343671
2023-03-31 19:00:00,0.14,24.0,0.0,91,0.0131439316842673
2023-03-31 20:00:00,0.1468333333333333,24.0,0.0,91,0.0
2023-03-31 21:00:00,0.1383333333333333,24.5,0.0,91,0.0
2023-03-31 22:00:00,0.142,25.0,0.0,91,0.0
2023-03-31 23:00:00,0.1213333333333333,25.0,0.0,91,0.0
2023-04-01 00:00:00,0.0,24.5,0.0,91,0.0
2023-04-01 01:00:00,0.0,24.75,0.0,91,0.0
2023-04-01 02:00:00,0.0,18.25,0.0,91,0.0
2023-04-01 03:00:00,0.0,16.75,0.0,91,0.0
2023-04-01 04:00:00,0.0,17.0,0.0,91,0.0
2023-04-01 05:00:00,0.0,17.0,0.0,91,0.0
2023-04-01 06:00:00,0.0,17.0,0.0,91,0.0
2023-04-01 07:00:00,0.038,16.75,0.0,91,0.0024842734873676
2023-04-01 08:00:00,0.1013333333333333,15.0,0.0,91,0.0635970940141596
2023-04-01 09:00:00,0.1276666666666666,14.0,0.0,91,0.1651768375461937
2023-04-01 10:00:00,0.1331666666666666,13.0,0.0,91,0.1934981182294013
2023-04-01 11:00:00,0.0128333333333333,13.75,0.0,91,0.3925847863743447
2023-04-01 12:00:00,0.0,12.5,0.0,91,0.2246197441296699
2023-04-01 13:00:00,0.0745,12.0,0.0,91,0.4614150446704312
2023-04-01 14:00:00,0.2136666666666666,12.25,0.0,91,0.5508539320464827
2023-04-01 15:00:00,0.1761666666666666,12.75,0.0,91,0.24780444454943
2023-04-01 16:00:00,0.1723333333333333,13.0,0.0,91,0.0554599145742562
2023-04-01 17:00:00,0.1683333333333333,14.5,0.0,91,0.0395963247209532
2023-04-01 18:00:00,0.1671666666666666,15.5,0.0,91,0.0970652135620769
2023-04-01 19:00:00,0.1751666666666667,16.75,0.0,91,0.0319408547120471
2023-04-01 20:00:00,0.1661666666666666,17.0,0.0,91,4.273504496384888e-06
2023-04-01 21:00:00,0.168,17.0,0.0,91,0.0
2023-04-01 22:00:00,0.1693333333333333,17.5,0.0,91,0.0
2023-04-01 23:00:00,0.1673333333333333,17.0,0.0,91,0.0
2023-04-02 00:00:00,0.1693333333333333,15.25,0.0,91,0.0
2023-04-02 01:00:00,0.168,15.0,0.0,91,0.0
2023-04-02 02:00:00,0.1665,15.0,0.0,91,0.0
2023-04-02 03:00:00,0.173,15.0,0.0,91,0.0
2023-04-02 04:00:00,0.1668333333333333,15.0,0.0,91,0.0
2023-04-02 05:00:00,0.1683333333333333,15.0,0.0,91,0.0
2023-04-02 06:00:00,0.1665,15.0,0.0,91,0.0
2023-04-02 07:00:00,0.168,14.75,0.0,91,0.0114665811961023
2023-04-02 08:00:00,0.213,14.0,0.0,91,0.1217676073465591
2023-04-02 09:00:00,0.2621666666666666,14.0,0.0,91,0.174152734544542
2023-04-02 10:00:00,0.2561666666666666,13.0,0.0,91,0.2177637592543903
2023-04-02 11:00:00,0.1953333333333333,13.0,0.0,91,0.3909580331786067
2023-04-02 12:00:00,0.9185,13.0,0.0,91,0.5985287175626837
2023-04-02 13:00:00,1.3613333333333333,13.75,0.0,91,0.4148316218710354
2023-04-02 14:00:00,0.7756666666666666,14.0,0.0,91,0.5452290631155684
2023-04-02 15:00:00,0.1588333333333333,14.0,0.0,91,0.4157865804688543
2023-04-02 16:00:00,0.0711666666666666,14.0,0.0,91,0.3921245284773346
2023-04-02 17:00:00,0.1628333333333333,13.75,0.0,91,0.1287427347949427
2023-04-02 18:00:00,0.1861666666666666,14.0,0.0,91,0.0859818798456436
2023-04-02 19:00:00,0.1863333333333333,16.5,0.0,91,0.0162225641297478
2023-04-02 20:00:00,0.1888333333333333,18.0,0.0,91,2.111111126808273e-05
2023-04-02 21:00:00,0.1913333333333333,18.0,0.0,91,0.0
2023-04-02 22:00:00,0.1888333333333333,18.0,0.0,91,0.0
2023-04-02 23:00:00,0.1883333333333333,18.5,0.0,91,0.0
2023-04-03 00:00:00,0.1879999999999999,18.75,0.0,91,0.0
2023-04-03 01:00:00,0.1863333333333333,19.0,0.0,91,0.0
2023-04-03 02:00:00,0.1815,19.75,0.0,91,0.0
2023-04-03 03:00:00,0.1865,19.75,0.29952,91,0.0
2023-04-03 04:00:00,0.1875,19.25,0.62672,91,0.0
2023-04-03 05:00:00,0.1858333333333333,22.75,0.87848,91,0.0
2023-04-03 06:00:00,0.1865,27.25,1.03165,91,0.0
2023-04-03 07:00:00,0.2003333333333333,38.0,0.98359,91,0.0105391452353224
2023-04-03 08:00:00,0.5681666666666667,41.5,0.921395,91,0.0690745298271505
2023-04-03 09:00:00,0.2029999999999999,41.25,0.77134,91,0.1329811961834247
2023-04-03 10:00:00,0.2053333333333333,37.0,0.6167250000000001,91,0.1614279484545064
2023-04-03 11:00:00,4.087166666666667,22.5,0.6296700000000001,91,0.2345271800114558
2023-04-03 12:00:00,1.663833333333333,17.5,0.62516,91,0.2255866675091604
2023-04-03 13:00:00,0.2338333333333333,17.25,0.49942,91,0.2029348705976437
2023-04-03 14:00:00,0.2121666666666667,17.75,0.4771,91,0.3816118797889121
2023-04-03 15:00:00,0.2056666666666666,18.0,0.429875,91,0.373047265761938
2023-04-03 16:00:00,0.2045,18.75,0.27464,91,0.4722837604620519
2023-04-03 17:00:00,0.2026666666666666,20.25,0.37477,91,0.2968141865526509
2023-04-03 18:00:00,0.2018333333333333,29.25,0.3979999999999999,91,0.0881980341723841
2023-04-03 19:00:00,0.2028333333333333,33.25,0.1817149999999999,91,0.01858709397479
2023-04-03 20:00:00,0.205,35.0,0.1242149999999999,91,0.0004442735066494
2023-04-03 21:00:00,0.2029999999999999,30.5,0.11984,91,0.0
2023-04-03 22:00:00,0.2019999999999999,31.5,0.1439749999999999,91,0.0
2023-04-03 23:00:00,0.2041666666666667,34.0,0.1093949999999999,91,0.0
2023-04-04 00:00:00,0.2013333333333333,32.0,0.045245,91,0.0
2023-04-04 01:00:00,0.2001666666666667,19.5,0.085145,91,0.0
2023-04-04 02:00:00,0.1978333333333333,19.25,0.13445,91,0.0
2023-04-04 03:00:00,0.1941666666666666,20.5,0.133265,91,0.0
2023-04-04 04:00:00,0.1979999999999999,20.25,0.324355,91,0.0
2023-04-04 05:00:00,0.1986666666666666,25.75,0.6961499999999999,91,0.0
2023-04-04 06:00:00,0.1969999999999999,35.75,1.035515,91,0.0
2023-04-04 07:00:00,0.1956666666666666,38.0,1.164715,91,0.0029314530039062
2023-04-04 08:00:00,0.1883333333333333,37.75,1.096525,91,0.0315768377801291
2023-04-04 09:00:00,0.1983333333333333,34.25,1.01322,91,0.0752301707634559
2023-04-04 10:00:00,0.1988333333333333,32.5,0.95503,91,0.1363487184964693
2023-04-04 11:00:00,0.1996666666666666,21.0,0.8620950000000001,91,0.139896324190319
2023-04-04 12:00:00,0.1919999999999999,15.5,0.78572,91,0.1588394862770015
2023-04-04 13:00:00,0.1953333333333333,15.0,0.7067749999999999,91,0.1818652995835002
2023-04-04 14:00:00,0.1951666666666666,15.25,0.617835,91,0.2542224779699603
2023-04-04 15:00:00,0.1896666666666666,15.5,0.5338799999999999,91,0.651470339848445
2023-04-04 16:00:00,0.1941666666666666,16.75,0.3536899999999999,91,0.4452199138739171
2023-04-04 17:00:00,0.1943333333333333,21.0,0.402285,91,0.3671767524980072
2023-04-04 18:00:00,0.1928333333333333,28.5,0.39456,91,0.1965242726578671
2023-04-04 19:00:00,0.1879999999999999,34.25,0.1839899999999999,91,0.0291865812000046
2023-04-04 20:00:00,0.1939999999999999,34.25,0.1236999999999999,91,0.0005888888903328
2023-04-04 21:00:00,0.1943333333333333,33.75,0.098565,91,0.0
2023-04-04 22:00:00,0.1871666666666666,35.25,0.1084049999999999,91,0.0
2023-04-04 23:00:00,0.1938333333333333,38.75,0.0811749999999999,91,0.0
2023-04-05 00:00:00,0.1963333333333333,37.0,0.025135,91,0.0
2023-04-05 01:00:00,0.1885,36.75,0.0681949999999999,91,0.0
2023-04-05 02:00:00,0.1953333333333333,38.0,0.152535,91,0.0
2023-04-05 03:00:00,0.1948333333333333,40.25,0.1829849999999999,91,0.0
2023-04-05 04:00:00,0.1886666666666666,40.5,0.2330949999999999,91,0.0
2023-04-05 05:00:00,0.1933333333333333,41.25,0.66918,91,0.0
2023-04-05 06:00:00,0.1945,44.0,1.16685,91,0.0
2023-04-05 07:00:00,0.1913333333333333,55.0,1.215925,91,0.0136420512743867
2023-04-05 08:00:00,0.1899999999999999,55.0,1.142225,91,0.1173060686567909
2023-04-05 09:00:00,0.1931666666666666,50.75,1.04144,91,0.3031325658162435
2023-04-05 10:00:00,0.1931666666666666,34.0,0.694695,91,0.458687522431724
2023-04-05 11:00:00,0.1863333333333333,22.75,0.506535,91,0.5823475197034005
2023-04-05 12:00:00,0.1929999999999999,19.0,0.537375,91,0.6656611072507678
2023-04-05 13:00:00,0.1928333333333333,17.75,0.477675,91,0.7039982931022973
2023-04-05 14:00:00,0.1881666666666666,18.5,0.43826,91,0.6907529886359843
2023-04-05 15:00:00,0.1728333333333333,18.0,0.368695,91,0.63030401572203
2023-04-05 16:00:00,0.1694999999999999,18.75,0.2225149999999999,91,0.5199941866622012
2023-04-05 17:00:00,0.1653333333333333,24.25,0.3489549999999999,91,0.3675529039823092
2023-04-05 18:00:00,0.1651666666666666,32.25,0.3317699999999999,91,0.1901574356535561
2023-04-05 19:00:00,0.1683333333333333,37.25,0.0933549999999999,91,0.0358825642328996
2023-04-05 20:00:00,0.169,37.5,0.0948549999999999,91,0.0007049572728892
2023-04-05 21:00:00,0.1616666666666666,37.75,0.089065,91,0.0
2023-04-05 22:00:00,0.1691666666666667,34.25,0.098035,91,0.0
2023-04-05 23:00:00,0.1688333333333333,37.0,0.08241,91,0.0
2023-04-06 00:00:00,0.1625,34.0,0.032215,91,0.0
2023-04-06 01:00:00,0.1693333333333333,32.0,0.05862,91,0.0
2023-04-06 02:00:00,0.1691666666666667,37.0,0.10467,91,0.0
2023-04-06 03:00:00,0.1625,39.0,0.1439649999999999,91,0.0
2023-04-06 04:00:00,0.169,38.5,0.17794,91,0.0
2023-04-06 05:00:00,0.1691666666666666,38.75,0.431795,91,0.0
2023-04-06 06:00:00,0.1648333333333333,36.75,0.8774850000000001,91,0.0
2023-04-06 07:00:00,0.1658333333333333,36.0,1.16219,91,0.0164566666147329
2023-04-06 08:00:00,0.1678333333333333,34.75,1.215255,91,0.1341502563770001
2023-04-06 09:00:00,0.1671666666666666,33.5,0.8601800000000001,91,0.2923986324082073
2023-04-06 10:00:00,0.1615,31.25,0.5039999999999999,91,0.4556343574197883
2023-04-06 11:00:00,0.1678333333333333,25.25,0.4270199999999999,91,0.5691764968480819
2023-04-06 12:00:00,0.1674999999999999,19.75,0.3360749999999999,91,0.6299682036831846
2023-04-06 13:00:00,0.1613333333333333,13.25,0.13595,91,0.690083504701272
2023-04-06 14:00:00,0.1674999999999999,13.0,0.0040049999999999,91,0.6391698260185046
2023-04-06 15:00:00,0.1683333333333333,12.25,0.0005899999999999,91,0.58349111051641
2023-04-06 16:00:00,0.1631666666666666,12.75,0.0,91,0.3754952129135784
2023-04-06 17:00:00,0.1696666666666666,16.75,0.0,91,0.2022467517037677
2023-04-06 18:00:00,0.168,27.0,0.0,91,0.1267220512618366
2023-04-06 19:00:00,0.165,27.75,0.0,91,0.0371860684594537
2023-04-06 20:00:00,0.1633333333333333,33.25,0.0,91,0.0003176068398369
2023-04-06 21:00:00,0.1678333333333333,33.0,0.0,91,0.0
2023-04-06 22:00:00,0.168,34.75,0.0,91,0.0
2023-04-06 23:00:00,0.1621666666666666,36.0,0.0,91,0.0
2023-04-07 00:00:00,0.1691666666666667,34.75,0.0,91,0.0
2023-04-07 01:00:00,0.169,22.0,0.0,91,0.0
2023-04-07 02:00:00,0.163,22.75,0.0,91,0.0
2023-04-07 03:00:00,0.1674999999999999,23.0,0.0,91,0.0
2023-04-07 04:00:00,0.1676666666666666,22.25,0.322225,91,0.0
2023-04-07 05:00:00,0.1605,22.75,0.580565,91,0.0
2023-04-07 06:00:00,0.1673333333333333,31.0,0.67792,91,0.0
2023-04-07 07:00:00,0.1616666666666666,35.25,1.001325,91,0.0154338461081059
2023-04-07 08:00:00,0.1326666666666666,34.75,0.943415,91,0.0929635898475973
2023-04-07 09:00:00,0.1438333333333333,32.75,0.607445,91,0.0922486324391813
2023-04-07 10:00:00,0.1505,25.75,0.6094149999999999,91,0.0696039314759083
2023-04-07 11:00:00,0.1508333333333333,25.25,0.6452249999999999,91,0.1127329056894677
2023-04-07 12:00:00,0.1328333333333333,22.25,0.49621,91,0.6571699155497757
2023-04-07 13:00:00,0.1528333333333333,18.5,0.400385,91,0.7222709434052822
2023-04-07 14:00:00,0.1808333333333333,16.75,0.2825049999999999,91,0.3408172659588676
2023-04-07 15:00:00,0.1741666666666666,17.75,0.16078,91,0.25830521567255
2023-04-07 16:00:00,0.1683333333333333,18.5,0.0647449999999999,91,0.4254244444105362
2023-04-07 17:00:00,0.1674999999999999,19.25,0.0007849999999999,91,0.4140692306583763
2023-04-07 18:00:00,0.1693333333333333,30.75,7.5e-05,91,0.0780904272682646
2023-04-07 19:00:00,0.1696666666666666,37.0,0.0,91,0.0455084614672212
2023-04-07 20:00:00,0.1674999999999999,37.0,0.0,91,0.0009894871897597
2023-04-07 21:00:00,0.1678333333333333,37.0,0.0,91,0.0
2023-04-07 22:00:00,0.1668333333333333,36.25,0.0,91,0.0
2023-04-07 23:00:00,0.1671666666666666,36.0,0.0,91,0.0
2023-04-08 00:00:00,0.1674999999999999,36.25,0.0,91,0.0
2023-04-08 01:00:00,0.1681666666666666,29.0,0.0,91,0.0
2023-04-08 02:00:00,0.1671666666666666,24.25,0.0,91,0.0
2023-04-08 03:00:00,0.1651666666666666,24.75,0.0,91,0.0
2023-04-08 04:00:00,0.1636666666666666,25.25,0.0,91,0.0
2023-04-08 05:00:00,0.1668333333333333,25.5,0.0,91,0.0
2023-04-08 06:00:00,0.1683333333333333,31.5,0.0,91,0.0
2023-04-08 07:00:00,0.1685,31.5,0.0,91,0.0147253846039629
2023-04-08 08:00:00,0.1648333333333333,31.5,0.0,91,0.1239016243127676
2023-04-08 09:00:00,0.1711666666666667,33.0,0.0,91,0.3244901709271293
2023-04-08 10:00:00,0.1995,29.25,0.3102749999999999,91,0.4810753866342399
2023-04-08 11:00:00,0.2009999999999999,21.25,0.3115699999999999,91,0.5899511966542305
2023-04-08 12:00:00,0.1668333333333333,18.25,0.0016849999999999,91,0.6601891398633649
2023-04-08 13:00:00,0.1398333333333333,17.5,0.00039,91,0.6998119686811397
2023-04-08 14:00:00,0.1334999999999999,18.0,0.0,91,0.6772392305553474
2023-04-08 15:00:00,0.1955,18.75,0.0,91,0.6180882049625758
2023-04-08 16:00:00,2.462833333333333,17.25,0.0,91,0.5879977775638937
2023-04-08 17:00:00,0.1816666666666666,21.5,0.0,91,0.3903599144047142
2023-04-08 18:00:00,0.1741666666666666,29.75,0.0,91,0.2086954700437366
2023-04-08 19:00:00,0.1776666666666666,36.25,0.0,91,0.030550598120078
2023-04-08 20:00:00,0.1785,37.5,0.0,91,0.0009443589823288
2023-04-08 21:00:00,0.1663333333333333,37.75,0.0,91,0.0
2023-04-08 22:00:00,0.1706666666666666,36.75,0.0,91,0.0
2023-04-08 23:00:00,0.17,35.5,0.0,91,0.0
2023-04-09 00:00:00,0.163,36.5,0.0,91,0.0
2023-04-09 01:00:00,0.1696666666666666,37.5,0.0,91,0.0
2023-04-09 02:00:00,0.1693333333333333,33.25,0.0,91,0.0
2023-04-09 03:00:00,0.1646666666666666,28.25,0.0,91,0.0
2023-04-09 04:00:00,0.1663333333333333,26.75,0.0,91,0.0
2023-04-09 05:00:00,0.1671666666666666,26.0,0.0,91,0.0
2023-04-09 06:00:00,0.166,26.0,0.0,91,0.0
2023-04-09 07:00:00,0.202,26.0,0.0,91,0.0136652136218344
2023-04-09 08:00:00,0.2319999999999999,24.5,0.0,91,0.1313928210022103
2023-04-09 09:00:00,0.1898333333333333,23.25,0.0,91,0.3365379503038195
2023-04-09 10:00:00,0.1733333333333333,21.0,0.0,91,0.4690423068837221
2023-04-09 11:00:00,0.1565,19.5,0.0,91,0.5732998265975563
2023-04-09 12:00:00,0.0653333333333333,15.25,0.0,91,0.6432591501871746
2023-04-09 13:00:00,0.0,15.75,0.0,91,0.6594034165602467
2023-04-09 14:00:00,0.0,16.75,0.0,91,0.6573205977219804
2023-04-09 15:00:00,0.0,17.0,0.0,91,0.5786467521211018
2023-04-09 16:00:00,0.0,17.75,0.0,91,0.4748348699064336
2023-04-09 17:00:00,0.0,17.5,0.0,91,0.3710851281320947
2023-04-09 18:00:00,0.0,20.25,0.0,91,0.1974787177387466
2023-04-09 19:00:00,0.0,25.0,0.0,91,0.0395719659124684
2023-04-09 20:00:00,0.0,25.0,0.0,91,0.0007970940174821
2023-04-09 21:00:00,0.0,24.5,0.0,91,0.0
2023-04-09 22:00:00,0.0,24.25,0.0,91,0.0
2023-04-09 23:00:00,0.0,26.75,0.0,91,0.0
2023-04-10 00:00:00,0.0,23.0,0.0,91,0.0
2023-04-10 01:00:00,0.0,17.25,0.0,91,0.0
2023-04-10 02:00:00,0.0,18.5,0.0,91,0.0
2023-04-10 03:00:00,0.0,22.25,0.16669,91,0.0
2023-04-10 04:00:00,0.0,23.0,0.314425,91,0.0
2023-04-10 05:00:00,0.0013333333333333,22.75,0.61988,91,0.0
2023-04-10 06:00:00,0.066,22.25,0.782095,91,0.0
2023-04-10 07:00:00,0.2385,19.75,0.8859400000000001,91,0.0204358118947627
2023-04-10 08:00:00,0.0841666666666666,16.0,0.915235,91,0.1268605129535381
2023-04-10 09:00:00,0.0935,16.0,0.534385,91,0.3058952135917467
2023-04-10 10:00:00,0.1673333333333333,16.0,0.1971549999999999,91,0.4746655534271501
2023-04-10 11:00:00,0.1746666666666666,15.75,0.0025499999999999,91,0.5944693169227013
2023-04-10 12:00:00,0.3371666666666666,15.25,0.000535,91,0.5800866653572798
2023-04-10 13:00:00,2.1403333333333334,16.0,0.0,91,0.5266983749520068
2023-04-10 14:00:00,5.307833333333334,8.0,0.0,91,0.6026483760735927
2023-04-10 15:00:00,10.306666666666668,8.0,0.0,91,0.5493930754702316
2023-04-10 16:00:00,11.775,13.5,0.0,91,0.3188029913616995
2023-04-10 17:00:00,0.2113333333333333,15.5,0.0,91,0.1227533339638995
2023-04-10 18:00:00,0.1896666666666666,14.25,0.0,91,0.0748770084544124
2023-04-10 19:00:00,0.1951666666666666,14.0,0.0,91,0.0194186324543423
2023-04-10 20:00:00,0.1936666666666666,13.25,0.0,91,0.0002951282058627
2023-04-10 21:00:00,0.1865,14.0,0.0,91,0.0
2023-04-10 22:00:00,0.1929999999999999,14.0,0.0,91,0.0
2023-04-10 23:00:00,0.1928333333333333,14.0,0.0,91,0.0
2023-04-11 00:00:00,0.1849999999999999,15.0,0.0,91,0.0
2023-04-11 01:00:00,0.1919999999999999,17.25,0.0,91,0.0
2023-04-11 02:00:00,0.1918333333333333,18.0,0.0,91,0.0
2023-04-11 03:00:00,0.1839999999999999,18.25,0.0,91,0.0
2023-04-11 04:00:00,0.1901666666666666,19.25,0.0406749999999999,91,0.0
2023-04-11 05:00:00,0.1908333333333333,21.25,0.2450899999999999,91,0.0
2023-04-11 06:00:00,0.1963333333333333,28.0,0.437235,91,0.0
2023-04-11 07:00:00,0.8123333333333332,30.5,0.508185,91,0.0038125640497757
2023-04-11 08:00:00,0.1988333333333333,34.25,0.48745,91,0.0278497435496403
2023-04-11 09:00:00,0.2593333333333333,34.75,0.44537,91,0.0641713673436743
2023-04-11 10:00:00,1.2534999999999998,33.5,0.440935,91,0.1584963251586653
2023-04-11 11:00:00,7.122166666666668,32.5,0.338365,91,0.2361029059255225
2023-04-11 12:00:00,6.031833333333334,31.0,0.219325,91,0.250062736446022
2023-04-11 13:00:00,7.967166666666666,22.5,0.0915599999999999,91,0.400300172006982
2023-04-11 14:00:00,1.1663333333333334,20.75,0.003475,91,0.4127681207249306
2023-04-11 15:00:00,0.287,20.25,0.000525,91,0.55965940100515
2023-04-11 16:00:00,0.1906666666666666,20.5,0.0,91,0.4340447867629874
2023-04-11 17:00:00,0.1821666666666666,23.75,0.0,91,0.3471605975811298
2023-04-11 18:00:00,0.1883333333333333,31.5,0.0,91,0.1333727345914922
2023-04-11 19:00:00,0.1876666666666666,45.25,0.0,91,0.0274108546819442
2023-04-11 20:00:00,0.1809999999999999,54.75,0.0,91,0.0002081196601144
2023-04-11 21:00:00,0.1898333333333333,45.0,0.0,91,0.0
2023-04-11 22:00:00,0.1831666666666666,39.0,0.0,91,0.0
2023-04-11 23:00:00,0.1758333333333333,38.0,0.0,91,0.0
2023-04-12 00:00:00,0.1738333333333333,28.5,0.0,91,0.0
2023-04-12 01:00:00,0.1793333333333333,23.75,0.0,91,0.0
2023-04-12 02:00:00,0.178,22.5,0.0,91,0.0
2023-04-12 03:00:00,0.1708333333333333,21.25,0.0,91,0.0
2023-04-12 04:00:00,0.1776666666666666,20.5,0.0657249999999999,91,0.0
2023-04-12 05:00:00,0.1773333333333333,21.0,0.2631249999999999,91,0.0
2023-04-12 06:00:00,0.1701666666666666,26.75,0.42116,91,0.0
2023-04-12 07:00:00,0.1765,33.25,0.535975,91,0.0109891452735815
2023-04-12 08:00:00,0.1768333333333333,34.25,0.5074799999999999,91,0.0593243589971819
2023-04-12 09:00:00,0.1705,33.25,0.3429999999999999,91,0.0857764954852242
2023-04-12 10:00:00,0.1776666666666666,31.5,0.2834299999999999,91,0.1471388043297661
2023-04-12 11:00:00,0.1768333333333333,28.0,0.1636249999999999,91,0.1941862391610431
2023-04-12 12:00:00,0.1721666666666666,20.0,0.028755,91,0.2319088031084109
2023-04-12 13:00:00,0.1746666666666666,17.75,0.00095,91,0.3037943577562642
2023-04-12 14:00:00,0.1763333333333333,18.25,0.000125,91,0.265737606439835
2023-04-12 15:00:00,0.1765,18.25,0.0,91,0.1597282041239942
2023-04-12 16:00:00,0.1705,19.75,0.0,91,0.1077039319225865
2023-04-12 17:00:00,0.1761666666666666,20.75,0.0,91,0.0285181195715553
2023-04-12 18:00:00,0.1756666666666666,27.5,0.0,91,0.0118034188767783
2023-04-12 19:00:00,0.1691666666666667,31.5,0.0,91,0.0023047008658321
2023-04-12 20:00:00,0.176,31.25,0.0,91,0.0001223076930524
2023-04-12 21:00:00,0.1766666666666666,29.75,0.0,91,0.0
2023-04-12 22:00:00,0.1698333333333333,30.0,0.0,91,0.0
2023-04-12 23:00:00,0.1768333333333333,23.75,0.0,91,0.0
2023-04-13 00:00:00,0.177,19.5,0.0,91,0.0
2023-04-13 01:00:00,0.1746666666666666,19.75,0.0,91,0.0
2023-04-13 02:00:00,0.1728333333333333,20.25,0.0,91,0.0
2023-04-13 03:00:00,0.1771666666666666,21.0,0.0,91,0.0
2023-04-13 04:00:00,0.1768333333333333,21.0,0.255855,91,0.0
2023-04-13 05:00:00,0.1698333333333333,20.75,0.492545,91,0.0
2023-04-13 06:00:00,0.1765,24.0,0.64674,91,0.0
2023-04-13 07:00:00,0.1765,29.75,0.953715,91,0.0077620512559118
2023-04-13 08:00:00,0.17,31.75,0.904395,91,0.1010412813659407
2023-04-13 09:00:00,0.177,31.5,0.596125,91,0.3245235055939763
2023-04-13 10:00:00,0.1765,30.5,0.3862699999999999,91,0.2749632489783132
2023-04-13 11:00:00,0.1808333333333333,28.5,0.390085,91,0.2250906844016833
2023-04-13 12:00:00,0.1713333333333333,26.5,0.663065,91,0.4844305108551289
2023-04-13 13:00:00,0.1786666666666666,25.5,0.4587050000000001,91,0.4652205137921195
2023-04-13 14:00:00,0.179,25.25,0.299805,91,0.6827296627077282
2023-04-13 15:00:00,0.1718333333333333,23.25,0.39606,91,0.1879448705249362
2023-04-13 16:00:00,0.1776666666666666,21.75,0.3834299999999999,91,0.3336890585809692
2023-04-13 17:00:00,0.1768333333333333,23.0,0.2531349999999999,91,0.212266923790304
2023-04-13 18:00:00,0.1698333333333333,27.0,0.001,91,0.2395287187690408
2023-04-13 19:00:00,0.1773333333333333,30.5,0.0001899999999999,91,0.0534805129328344
2023-04-13 20:00:00,0.1766666666666666,34.25,0.0,91,0.0020726495896442
2023-04-13 21:00:00,0.1725,35.0,0.0,91,0.0
2023-04-13 22:00:00,0.1735,34.0,0.0,91,0.0
2023-04-13 23:00:00,0.1763333333333333,35.0,0.0,91,0.0
2023-04-14 00:00:00,0.175,36.0,0.0,91,0.0
2023-04-14 01:00:00,0.1696666666666666,34.25,0.0,91,0.0
2023-04-14 02:00:00,0.1758333333333333,35.25,0.0,91,0.0
2023-04-14 03:00:00,0.1755,38.5,0.0,91,0.0
2023-04-14 04:00:00,0.1691666666666667,40.0,0.29885,91,0.0
2023-04-14 05:00:00,0.1768333333333333,38.75,0.5322399999999999,91,0.0
2023-04-14 06:00:00,0.1775,37.75,0.6292949999999999,91,0.0
2023-04-14 07:00:00,0.1711666666666667,36.75,0.958755,91,0.023547777713746
2023-04-14 08:00:00,0.177,36.0,0.917895,91,0.177250256660657
2023-04-14 09:00:00,0.1763333333333333,34.75,0.589245,91,0.3326828190404126
2023-04-14 10:00:00,0.1936666666666666,33.75,0.3659649999999999,91,0.4075194859300923
2023-04-14 11:00:00,9.867,30.5,0.306315,91,0.6289676072862413
2023-04-14 12:00:00,11.776000000000002,26.5,0.30853,91,0.6386111124152808
2023-04-14 13:00:00,6.0415,26.75,0.1837899999999999,91,0.4446077767396586
2023-04-14 14:00:00,13.869833333333334,30.25,0.05094,91,0.3101455561319987
2023-04-14 15:00:00,0.1843333333333333,33.25,0.0014099999999999,91,0.2629141029944786
2023-04-14 16:00:00,18.80516666666667,33.75,0.00028,91,0.1498289744059245
2023-04-14 17:00:00,3.589,35.25,0.0,91,0.100410513022007
2023-04-14 18:00:00,4.429666666666667,32.5,0.0,91,0.0459629913476797
2023-04-14 19:00:00,0.1859999999999999,44.25,0.0,91,0.0143588888798004
2023-04-14 20:00:00,0.181,43.25,0.0,91,0.0001989743609825
2023-04-14 21:00:00,0.1773333333333333,35.5,0.0,91,0.0
2023-04-14 22:00:00,0.1818333333333333,36.75,0.0,91,0.0
2023-04-14 23:00:00,0.1816666666666666,39.5,0.0,91,0.0
2023-04-15 00:00:00,0.1741666666666666,39.5,0.0,91,0.0
2023-04-15 01:00:00,0.1806666666666666,37.5,0.0,91,0.0
2023-04-15 02:00:00,0.1808333333333333,38.5,0.0,91,0.0
2023-04-15 03:00:00,0.1728333333333333,37.25,0.0,91,0.0
2023-04-15 04:00:00,0.179,36.0,0.0,91,0.0
2023-04-15 05:00:00,0.1785,36.5,0.0,91,0.0
2023-04-15 06:00:00,0.1763333333333333,33.0,0.0,91,0.0
2023-04-15 07:00:00,0.1745,33.5,0.0,91,0.0024876922993069
2023-04-15 08:00:00,0.2111666666666666,35.75,0.0,91,0.0238023932163531
2023-04-15 09:00:00,1.9813333333333332,34.0,0.0,91,0.0750982908509735
2023-04-15 10:00:00,0.1653333333333333,26.5,0.0,91,0.0936706838037213
2023-04-15 11:00:00,0.1615,21.75,0.0,91,0.3105252137143389
2023-04-15 12:00:00,0.1576666666666666,22.5,0.0,91,0.1592117947798509
2023-04-15 13:00:00,0.1628333333333333,21.25,0.0,91,0.1824424794596484
2023-04-15 14:00:00,0.1731666666666666,20.0,0.0,91,0.1485561538761498
2023-04-15 15:00:00,0.1694999999999999,22.75,0.0,91,0.1138316230284861
2023-04-15 16:00:00,0.173,21.75,0.0,91,0.1345610263204982
2023-04-15 17:00:00,0.1733333333333333,24.75,0.0,91,0.1133097437508085
2023-04-15 18:00:00,0.1676666666666666,35.5,0.0,91,0.0403595725899068
2023-04-15 19:00:00,0.1693333333333333,40.75,0.0,91,0.0186535042779058
2023-04-15 20:00:00,0.059,41.5,0.0,91,0.0003374359000108
2023-04-15 21:00:00,0.0,37.5,0.0,91,0.0
2023-04-15 22:00:00,0.0,31.5,0.0,91,0.0
2023-04-15 23:00:00,0.0,33.0,0.0,91,0.0
2023-04-16 00:00:00,0.0,34.0,0.0,91,0.0
2023-04-16 01:00:00,0.0,33.25,0.0,91,0.0
2023-04-16 02:00:00,0.0,34.75,0.0,91,0.0
2023-04-16 03:00:00,0.0,35.75,0.0,91,0.0
2023-04-16 04:00:00,0.0,37.25,0.0,91,0.0
2023-04-16 05:00:00,0.0,36.0,0.0,91,0.0
2023-04-16 06:00:00,0.0,38.75,0.0,91,2.769230713701658e-05
2023-04-16 07:00:00,0.0,40.5,0.0,91,0.0244098289616597
2023-04-16 08:00:00,0.0,40.5,0.0,91,0.0935038466331286
2023-04-16 09:00:00,0.0,37.5,0.0,91,0.1688035903017745
2023-04-16 10:00:00,0.0,35.75,0.0018599999999999,91,0.2496729053595127
2023-04-16 11:00:00,0.0,28.5,0.259755,91,0.260427607022799
2023-04-16 12:00:00,0.0,24.75,0.25862,91,0.2841759826790573
2023-04-16 13:00:00,0.0,22.5,0.0008399999999999,91,0.2652041886810564
2023-04-16 14:00:00,0.0,23.5,0.000115,91,0.3086373513376612
2023-04-16 15:00:00,0.0,22.5,0.0,91,0.3951484608446432
2023-04-16 16:00:00,0.0,24.5,0.0,91,0.4993691449287611
2023-04-16 17:00:00,0.094,26.5,0.0,91,0.302968803307949
2023-04-16 18:00:00,0.0,35.25,0.0,91,0.0892058967525123
2023-04-16 19:00:00,0.0,42.25,0.0,91,0.0140564102443874
2023-04-16 20:00:00,0.0,43.0,0.0,91,0.0005510256374971
2023-04-16 21:00:00,0.0,43.0,0.0,91,0.0
2023-04-16 22:00:00,0.0,41.5,0.0,91,0.0
2023-04-16 23:00:00,0.0,40.5,0.0,91,0.0
2023-04-17 00:00:00,0.0,42.5,0.0,91,0.0
2023-04-17 01:00:00,0.0,43.25,0.0,91,0.0
2023-04-17 02:00:00,0.0,44.0,0.0,91,0.0
2023-04-17 03:00:00,0.0,43.25,0.250715,91,0.0
2023-04-17 04:00:00,0.0,43.75,0.90878,91,0.0
2023-04-17 05:00:00,0.0,44.25,1.136935,91,0.0
2023-04-17 06:00:00,0.0,45.0,0.916985,91,0.0
2023-04-17 07:00:00,0.0,44.75,0.953905,91,0.0073189743862957
2023-04-17 08:00:00,0.0851666666666666,43.0,0.96657,91,0.0349315384921864
2023-04-17 09:00:00,0.0731666666666666,41.75,0.8639550000000001,91,0.1029983766669901
2023-04-17 10:00:00,0.0745,40.5,0.72436,91,0.1831623087173853
2023-04-17 11:00:00,0.3616666666666666,36.25,0.6051399999999999,91,0.1710335912459936
2023-04-17 12:00:00,3.2298333333333336,32.25,0.59909,91,0.1558683763813768
2023-04-17 13:00:00,12.255833333333332,28.25,0.58258,91,0.2220761538774539
2023-04-17 14:00:00,20.8275,23.25,0.520665,91,0.2579365797124357
2023-04-17 15:00:00,5.2075000000000005,23.25,0.436725,91,0.2765536756597013
2023-04-17 16:00:00,5.210166666666667,22.5,0.2946049999999999,91,0.2511894861857096
2023-04-17 17:00:00,15.913333333333334,26.5,0.2112399999999999,91,0.1893229911673782
2023-04-17 18:00:00,0.1808333333333333,34.75,0.111875,91,0.1124835895473121
2023-04-17 19:00:00,0.1663333333333333,39.5,0.00217,91,0.0335209401142902
2023-04-17 20:00:00,0.1646666666666666,40.25,0.000435,91,0.0008255555552358
2023-04-17 21:00:00,0.1681666666666666,37.25,0.0,91,0.0
2023-04-17 22:00:00,0.1603333333333333,36.5,0.0,91,0.0
2023-04-17 23:00:00,0.1645,38.25,0.0,91,0.0
2023-04-18 00:00:00,0.1573333333333333,31.5,0.0,91,0.0
2023-04-18 01:00:00,0.1646666666666666,29.5,0.0,91,0.0
2023-04-18 02:00:00,0.157,29.25,0.0,91,0.0
2023-04-18 03:00:00,0.1633333333333333,27.0,0.0,91,0.0
2023-04-18 04:00:00,0.162,28.25,0.163195,91,0.0
2023-04-18 05:00:00,0.1565,26.75,0.44635,91,0.0
2023-04-18 06:00:00,0.1638333333333333,32.25,0.651225,91,0.0002599145325585
2023-04-18 07:00:00,0.1578333333333333,40.0,0.8380000000000001,91,0.0225476067901676
2023-04-18 08:00:00,0.165,41.0,0.81658,91,0.0548349575711111
2023-04-18 09:00:00,3.917833333333333,40.0,0.6433649999999999,91,0.1525827345073732
2023-04-18 10:00:00,11.687833333333332,32.75,0.4999999999999999,91,0.4308174374572232
2023-04-18 11:00:00,2.5783333333333336,22.5,0.29961,91,0.6230688033144701
2023-04-18 12:00:00,2.7511666666666668,22.5,0.1597599999999999,91,0.6876885464660122
2023-04-18 13:00:00,1.5708333333333335,23.25,0.06499,91,0.6924655549139038
2023-04-18 14:00:00,0.875,24.25,0.00196,91,0.6778567511403664
2023-04-18 15:00:00,0.15,24.25,0.000405,91,0.5294945281591174
2023-04-18 16:00:00,0.1548333333333333,22.25,0.0,91,0.4684826513437125
2023-04-18 17:00:00,0.1535,21.75,0.0,91,0.226971880085448
2023-04-18 18:00:00,0.1528333333333333,27.75,0.0,91,0.0443457264370388
2023-04-18 19:00:00,0.1458333333333333,38.0,0.0,91,0.029051880344239
2023-04-18 20:00:00,0.152,40.0,0.0,91,1.1196581041838342e-05
2023-04-18 21:00:00,0.1523333333333333,39.75,0.0,91,0.0
2023-04-18 22:00:00,0.1526666666666666,38.5,0.0,91,0.0
2023-04-18 23:00:00,0.1488333333333333,39.0,0.0,91,0.0
2023-04-19 00:00:00,0.1488333333333333,30.5,0.0,91,0.0
2023-04-19 01:00:00,0.1526666666666666,25.5,0.0,91,0.0
2023-04-19 02:00:00,0.1533333333333333,25.5,0.0,91,0.0
2023-04-19 03:00:00,0.1523333333333333,25.75,0.0,91,0.0
2023-04-19 04:00:00,0.145,26.25,0.151345,91,0.0
2023-04-19 05:00:00,0.1515,29.5,0.423625,91,0.0
2023-04-19 06:00:00,0.1511666666666666,38.0,0.6384949999999999,91,0.0004895726406676
2023-04-19 07:00:00,0.1508333333333333,39.75,0.86322,91,0.0225660683660425
2023-04-19 08:00:00,0.149,40.0,0.83794,91,0.1778306833087888
2023-04-19 09:00:00,0.1446666666666666,38.0,0.520405,91,0.3617411957439194
2023-04-19 10:00:00,0.1496666666666666,32.75,0.2789649999999999,91,0.5069355558737733
2023-04-19 11:00:00,0.1485,24.75,0.194135,91,0.6237875190147988
2023-04-19 12:00:00,0.1571666666666666,21.75,0.096825,91,0.6995941931569677
2023-04-19 13:00:00,0.1478333333333333,20.75,0.00273,91,0.7517494905911962
2023-04-19 14:00:00,0.1441666666666666,22.5,0.000545,91,0.7177676835019368
2023-04-19 15:00:00,0.1495,22.5,0.0,91,0.7139072626880096
2023-04-19 16:00:00,0.1488333333333333,23.0,0.0,91,0.5922609420515534
2023-04-19 17:00:00,0.1498333333333333,24.0,0.0,91,0.3710694013090215
2023-04-19 18:00:00,0.147,28.75,0.0,91,0.2365682890476324
2023-04-19 19:00:00,0.1436666666666666,39.5,0.0,91,0.0595270084723448
2023-04-19 20:00:00,0.1493333333333333,40.0,0.0,91,0.002907008558042
2023-04-19 21:00:00,0.1491666666666666,40.0,0.0,91,0.0
2023-04-19 22:00:00,0.1501666666666666,38.5,0.0,91,0.0
2023-04-19 23:00:00,0.1475,38.5,0.0,91,0.0
2023-04-20 00:00:00,0.1466666666666666,29.0,0.0,91,0.0
2023-04-20 01:00:00,0.151,24.5,0.0,91,0.0
2023-04-20 02:00:00,0.1511666666666666,26.75,0.0,91,0.0
2023-04-20 03:00:00,0.1506666666666666,29.5,0.0,91,0.0
2023-04-20 04:00:00,0.1448333333333333,30.25,0.095405,91,0.0
2023-04-20 05:00:00,0.1503333333333333,27.5,0.288805,91,0.0
2023-04-20 06:00:00,0.1508333333333333,34.25,0.453305,91,0.0001296581210106
2023-04-20 07:00:00,0.1506666666666666,35.5,0.6143,91,0.0279869230333556
2023-04-20 08:00:00,0.1503333333333333,35.0,0.583405,91,0.0641815381172375
2023-04-20 09:00:00,0.1431666666666666,37.25,0.4137549999999999,91,0.0642971799312494
2023-04-20 10:00:00,0.149,35.5,0.417105,91,0.1899958964290782
2023-04-20 11:00:00,0.1493333333333333,30.0,0.350205,91,0.6042757272312783
2023-04-20 12:00:00,0.1515,22.5,0.122705,91,0.1085134185888828
2023-04-20 13:00:00,0.1245,19.75,0.0054549999999999,91,0.2112229054605858
2023-04-20 14:00:00,0.1255,21.75,0.0005949999999999,91,0.3703187166523729
2023-04-20 15:00:00,0.1296666666666666,23.0,0.0,91,0.2826558977110773
2023-04-20 16:00:00,0.1291666666666666,22.75,0.0,91,0.2557441882598094
2023-04-20 17:00:00,0.1288333333333333,22.75,0.0,91,0.225492562514085
2023-04-20 18:00:00,0.1238333333333333,33.0,0.0,91,0.0575167520229633
2023-04-20 19:00:00,0.1266666666666666,40.0,0.0,91,0.0339079484165224
2023-04-20 20:00:00,0.1288333333333333,41.25,0.0,91,0.0010611111066566
2023-04-20 21:00:00,0.1288333333333333,42.5,0.0,91,0.0
2023-04-20 22:00:00,0.1283333333333333,42.0,0.0,91,0.0
2023-04-20 23:00:00,0.1221666666666666,41.25,0.0,91,0.0
2023-04-21 00:00:00,0.1283333333333333,40.75,0.0,91,0.0
2023-04-21 01:00:00,0.1291666666666666,35.75,0.0,91,0.0
2023-04-21 02:00:00,0.131,39.5,0.0,91,0.0
2023-04-21 03:00:00,0.1278333333333333,44.75,0.0,91,0.0
2023-04-21 04:00:00,0.1233333333333333,44.25,0.1200899999999999,91,0.0
2023-04-21 05:00:00,0.1291666666666666,43.75,0.342215,91,0.0
2023-04-21 06:00:00,0.1288333333333333,42.0,0.53233,91,0.0006358119667085
2023-04-21 07:00:00,0.13,39.25,0.7211850000000001,91,0.0223540170586262
2023-04-21 08:00:00,0.1258333333333333,40.0,0.6972550000000001,91,0.2014169232458131
2023-04-21 09:00:00,0.129,38.75,0.419255,91,0.3454890601655356
2023-04-21 10:00:00,0.1318333333333333,33.25,0.2027249999999999,91,0.3649568367004395
2023-04-21 11:00:00,0.1318333333333333,32.5,0.0887299999999999,91,0.3190162378294854
2023-04-21 12:00:00,0.1321666666666666,27.0,0.02005,91,0.3770891434107071
2023-04-21 13:00:00,0.1258333333333333,27.0,0.0013449999999999,91,0.5303081192929523
2023-04-21 14:00:00,0.1326666666666666,26.0,0.00028,91,0.3793176064124474
2023-04-21 15:00:00,0.1318333333333333,24.0,0.0,91,0.4211796569824218
2023-04-21 16:00:00,0.131,23.25,0.0,91,0.4210134193224784
2023-04-21 17:00:00,0.1301666666666666,26.75,0.0,91,0.2376908548469217
2023-04-21 18:00:00,0.1228333333333333,35.0,0.0,91,0.1123031621916681
2023-04-21 19:00:00,0.1291666666666666,40.5,0.0,91,0.0374625640852838
2023-04-21 20:00:00,0.1291666666666666,41.75,0.0,91,0.0044817948522858
2023-04-21 21:00:00,0.129,39.5,0.0,91,0.0
2023-04-21 22:00:00,0.1285,38.5,0.0,91,0.0
2023-04-21 23:00:00,0.1261666666666666,40.5,0.0,91,0.0
2023-04-22 00:00:00,0.1198333333333333,40.5,0.0,91,0.0
2023-04-22 01:00:00,0.127,38.25,0.0,91,0.0
2023-04-22 02:00:00,0.1266666666666666,38.75,0.0,91,0.0
2023-04-22 03:00:00,0.127,37.25,0.0,91,0.0
2023-04-22 04:00:00,0.1215,37.25,0.0,91,0.0
2023-04-22 05:00:00,0.1246666666666666,37.0,0.0,91,0.0
2023-04-22 06:00:00,0.1266666666666666,36.25,0.0,91,0.0008759829223665
2023-04-22 07:00:00,0.1381666666666666,35.75,0.0,91,0.0466941023789919
2023-04-22 08:00:00,0.1601666666666666,34.5,0.0,91,0.1750425640334431
2023-04-22 09:00:00,0.1201666666666666,33.25,0.0,91,0.16487581285656
2023-04-22 10:00:00,0.1266666666666666,32.25,0.0,91,0.0956934186332246
2023-04-22 11:00:00,0.127,31.5,0.0,91,0.2221592299958579
2023-04-22 12:00:00,0.1275,32.75,0.0,91,0.4119736741546893
2023-04-22 13:00:00,0.1258333333333333,31.75,0.0,91,0.4658393194736578
2023-04-22 14:00:00,0.1211666666666666,29.75,0.0,91,0.4367486357077574
2023-04-22 15:00:00,0.1263333333333333,24.75,0.0,91,0.3573604283781133
2023-04-22 16:00:00,0.1256666666666666,26.0,0.0,91,0.1765982906634991
2023-04-22 17:00:00,0.125,28.25,0.0,91,0.1018735902737348
2023-04-22 18:00:00,0.1228333333333333,36.0,0.0,91,0.0619337603577181
2023-04-22 19:00:00,0.1216666666666666,40.25,0.0,91,0.0266301710279578
2023-04-22 20:00:00,0.1258333333333333,40.5,0.0,91,0.0011000854609152
2023-04-22 21:00:00,0.1255,41.25,0.0,91,0.0
2023-04-22 22:00:00,0.1258333333333333,39.5,0.0,91,0.0
2023-04-22 23:00:00,0.1196666666666666,38.75,0.0,91,0.0
2023-04-23 00:00:00,0.124,36.5,0.0,91,0.0
2023-04-23 01:00:00,0.1255,29.5,0.0,91,0.0
2023-04-23 02:00:00,0.1258333333333333,24.75,0.0,91,0.0
2023-04-23 03:00:00,0.1251666666666666,21.25,0.0,91,0.0
2023-04-23 04:00:00,0.1175,21.0,0.0,91,0.0
2023-04-23 05:00:00,0.1246666666666666,21.75,0.0,91,0.0
2023-04-23 06:00:00,0.125,21.75,0.0,91,0.0021013675298955
2023-04-23 07:00:00,0.1266666666666666,19.25,0.0,91,0.0293309400428054
2023-04-23 08:00:00,0.1236666666666666,19.0,0.0,91,0.1306652138783381
2023-04-23 09:00:00,0.1228333333333333,17.0,0.0,91,0.3422801720382821
2023-04-23 10:00:00,0.1303333333333333,18.0,0.0,91,0.4788228199624609
2023-04-23 11:00:00,0.1275,18.5,0.0,91,0.4943361575786885
2023-04-23 12:00:00,0.128,17.0,0.0,91,0.3511062410142687
2023-04-23 13:00:00,0.1251666666666666,16.5,0.0,91,0.4079851284190121
2023-04-23 14:00:00,0.1226666666666666,16.0,0.0,91,0.2598221384358202
2023-04-23 15:00:00,0.1281666666666666,16.0,0.0,91,0.1619737597408458
2023-04-23 16:00:00,0.1283333333333333,17.5,0.0,91,0.245723760148399
2023-04-23 17:00:00,0.1285,17.25,0.0,91,0.0225758976304633
2023-04-23 18:00:00,0.1223333333333333,21.25,0.0,91,0.0125393162527654
2023-04-23 19:00:00,0.1266666666666666,24.75,0.0,91,0.0052701709209344
2023-04-23 20:00:00,0.1278333333333333,26.0,0.0,91,0.0028222222192786
2023-04-23 21:00:00,0.1278333333333333,28.25,0.0,91,0.0
2023-04-23 22:00:00,0.128,28.5,0.0,91,0.0
2023-04-23 23:00:00,0.1211666666666666,29.0,0.0,91,0.0
2023-04-24 00:00:00,0.1276666666666666,27.5,0.0,91,0.0
2023-04-24 01:00:00,0.127,28.0,0.0,91,0.0
2023-04-24 02:00:00,0.1271666666666666,28.75,0.0,91,0.0
2023-04-24 03:00:00,0.1235,28.25,0.0912212409845449,91,0.0
2023-04-24 04:00:00,0.1235,27.75,0.2123012409845449,91,0.0
2023-04-24 05:00:00,0.1285,27.5,0.43029,91,0.0
2023-04-24 06:00:00,0.1908333333333333,31.25,0.4565749999999999,91,0.0
2023-04-24 07:00:00,3.096,35.75,0.51945,91,0.0176247864076469
2023-04-24 08:00:00,0.136,37.5,0.63492,91,0.0580991454002184
2023-04-24 09:00:00,0.1401666666666666,36.5,0.45048,91,0.0947906831594613
2023-04-24 10:00:00,0.1391666666666666,34.5,0.371565,91,0.3502544448722122
2023-04-24 11:00:00,0.1391666666666666,32.25,0.25175,91,0.7225384580172026
2023-04-24 12:00:00,0.1366666666666667,27.5,0.072705,91,0.7291904276660365
2023-04-24 13:00:00,0.1325,23.0,0.005565,91,0.5999628223517005
2023-04-24 14:00:00,0.1368333333333333,23.0,0.00069,91,0.7236894043490418
2023-04-24 15:00:00,0.1353333333333333,23.0,0.0,91,0.6682043613531652
2023-04-24 16:00:00,0.1348333333333333,23.5,0.0,91,0.5261756401388057
2023-04-24 17:00:00,0.129,24.25,0.0,91,0.3495041883093679
2023-04-24 18:00:00,0.1303333333333333,34.25,0.0,91,0.2034782044500367
2023-04-24 19:00:00,0.1328333333333333,40.25,0.0,91,0.1133302557366525
2023-04-24 20:00:00,0.1318333333333333,43.0,0.0,91,0.0062270085467025
2023-04-24 21:00:00,0.1308333333333333,43.0,0.0,91,0.0
2023-04-24 22:00:00,0.124,41.5,0.0,91,0.0
2023-04-24 23:00:00,0.1303333333333333,41.75,0.0,91,0.0
2023-04-25 00:00:00,0.131,42.25,0.0,91,0.0
2023-04-25 01:00:00,0.131,43.0,0.0,91,0.0
2023-04-25 02:00:00,0.128,44.75,0.0,91,0.0
2023-04-25 03:00:00,0.1246666666666666,48.0,0.0,91,0.0
2023-04-25 04:00:00,0.1305,44.0,0.0,91,0.0
2023-04-25 05:00:00,0.1313333333333333,42.25,0.28057,91,0.0
2023-04-25 06:00:00,0.1324999999999999,44.75,0.453265,91,0.0015948718009341
2023-04-25 07:00:00,0.1253333333333333,46.0,0.419305,91,0.0328873502494942
2023-04-25 08:00:00,0.1308333333333333,46.5,0.291575,91,0.1400842739985539
2023-04-25 09:00:00,0.1321666666666666,44.75,0.0457799999999999,91,0.2973011093465692
2023-04-25 10:00:00,0.1326666666666666,41.25,0.000915,91,0.399640427939912
2023-04-25 11:00:00,0.1324999999999999,31.0,0.0001,91,0.6353092317499667
2023-04-25 12:00:00,0.1261666666666666,30.5,0.0,91,0.6347513671614169
2023-04-25 13:00:00,0.1313333333333333,30.25,0.0,91,0.750369400937333
2023-04-25 14:00:00,0.132,34.75,0.0,91,0.7082752143012153
2023-04-25 15:00:00,0.1324999999999999,34.25,0.0,91,0.6766099147307564
2023-04-25 16:00:00,0.1316666666666666,35.0,0.0,91,0.620068206461067
2023-04-25 17:00:00,0.124,39.75,0.0,91,0.4811348717844385
2023-04-25 18:00:00,0.1291666666666666,43.75,0.0,91,0.2440281193888085
2023-04-25 19:00:00,0.1291666666666666,45.5,0.0,91,0.0552120511552207
2023-04-25 20:00:00,0.1286666666666666,46.0,0.0,91,0.004248205114745
2023-04-25 21:00:00,0.1253333333333333,48.25,0.0,91,0.0
2023-04-25 22:00:00,0.1246666666666666,51.25,0.0,91,0.0
2023-04-25 23:00:00,0.1285,48.75,0.0,91,0.0
2023-04-26 00:00:00,0.1283333333333333,45.0,0.0,91,0.0
2023-04-26 01:00:00,0.1281666666666666,46.0,0.0,91,0.0
2023-04-26 02:00:00,0.122,49.5,0.0,91,0.0
2023-04-26 03:00:00,0.1281666666666666,49.25,0.0,91,0.0
2023-04-26 04:00:00,0.1281666666666666,50.5,0.0,91,0.0
2023-04-26 05:00:00,0.1293333333333333,49.25,0.342655,91,0.0
2023-04-26 06:00:00,0.127,49.0,0.700435,91,0.003387948734224
2023-04-26 07:00:00,0.1243333333333333,47.0,0.7619199999999999,91,0.0264848718683943
2023-04-26 08:00:00,0.1283333333333333,44.75,0.674715,91,0.2207644446283324
2023-04-26 09:00:00,0.1275,43.5,0.2847399999999999,91,0.4034096576005985
2023-04-26 10:00:00,0.1281666666666666,43.0,0.0148749999999999,91,0.5473617964524488
2023-04-26 11:00:00,0.1243333333333333,41.25,0.0007249999999999,91,0.6383370117448333
2023-04-26 12:00:00,0.125,39.25,1.5e-05,91,0.6927077751485716
2023-04-26 13:00:00,0.128,38.75,0.0,91,0.7192824795714811
2023-04-26 14:00:00,0.1291666666666666,38.0,0.0,91,0.7205699177277392
2023-04-26 15:00:00,0.127,38.75,0.0,91,0.6694644451956464
2023-04-26 16:00:00,0.1215,39.5,0.0,91,0.5218853851057527
2023-04-26 17:00:00,0.1273333333333333,43.75,0.0,91,0.285297007438464
2023-04-26 18:00:00,0.128,45.75,0.0,91,0.1174724784264197
2023-04-26 19:00:00,0.1285,45.5,0.0,91,0.0578667522088075
2023-04-26 20:00:00,0.1268333333333333,46.25,0.0,91,0.0066375213742861
2023-04-26 21:00:00,0.1215,46.0,0.0,91,0.0
2023-04-26 22:00:00,0.1285,43.25,0.0,91,0.0
2023-04-26 23:00:00,0.1275,45.5,0.0,91,0.0
2023-04-27 00:00:00,0.1281666666666666,44.5,0.0,91,0.0
2023-04-27 01:00:00,0.1233333333333333,43.25,0.0,91,0.0
2023-04-27 02:00:00,0.1258333333333333,45.0,0.0,91,0.0
2023-04-27 03:00:00,0.1285,45.25,0.0,91,0.0
2023-04-27 04:00:00,0.128,44.0,0.0,91,0.0
2023-04-27 05:00:00,0.1278333333333333,44.0,0.274765,91,0.0
2023-04-27 06:00:00,0.1208333333333333,44.5,0.423805,91,0.0018195726582382
2023-04-27 07:00:00,0.1271666666666666,43.5,0.421445,91,0.0245035041703118
2023-04-27 08:00:00,0.1275,42.25,0.307795,91,0.2277302561050806
2023-04-27 09:00:00,0.1274999999999999,38.75,0.036175,91,0.3774952997713007
2023-04-27 10:00:00,0.1253333333333333,38.75,0.0008849999999999,91,0.5319832487187832
2023-04-27 11:00:00,0.1221666666666666,36.0,0.0001,91,0.6127402561546392
2023-04-27 12:00:00,0.1268333333333333,34.25,0.0,91,0.4833876076722756
2023-04-27 13:00:00,0.1266666666666666,33.5,0.0,91,0.5191397453373315
2023-04-27 14:00:00,0.1268333333333333,34.5,0.0,91,0.4801325662727032
2023-04-27 15:00:00,0.1238333333333333,35.25,0.0,91,0.5065614527514861
2023-04-27 16:00:00,0.1246666666666666,35.5,0.0,91,0.349124870952378
2023-04-27 17:00:00,0.1278333333333333,39.25,0.0,91,0.3098282065758339
2023-04-27 18:00:00,0.1271666666666666,38.75,0.0,91,0.1675855559976691
2023-04-27 19:00:00,0.1271666666666666,40.5,0.0,91,0.0714356412643041
2023-04-27 20:00:00,0.121,40.75,0.0,91,0.007987863237484
2023-04-27 21:00:00,0.1268333333333333,40.5,0.0,91,0.0
2023-04-27 22:00:00,0.1278333333333333,38.75,0.0,91,0.0
2023-04-27 23:00:00,0.1276666666666666,38.25,0.0,91,0.0
2023-04-28 00:00:00,0.1266666666666666,37.5,0.0,91,0.0
2023-04-28 01:00:00,0.1216666666666666,37.25,0.0,91,0.0
2023-04-28 02:00:00,0.1276666666666666,38.75,0.0,91,0.0
2023-04-28 03:00:00,0.1271666666666666,38.5,0.0,91,0.0
2023-04-28 04:00:00,0.1265,39.0,0.0,91,0.0
2023-04-28 05:00:00,0.1216666666666666,37.5,0.0,91,0.0
2023-04-28 06:00:00,0.1253333333333333,39.0,0.25533,91,0.0036392308141176
2023-04-28 07:00:00,0.1281666666666666,39.25,0.32073,91,0.0485765812132093
2023-04-28 08:00:00,0.1281666666666666,34.75,0.07196,91,0.1575370090843265
2023-04-28 09:00:00,0.1261666666666666,32.75,0.00729,91,0.3609872664753189
2023-04-28 10:00:00,0.1243333333333333,32.5,0.0007599999999999,91,0.3957767499613966
2023-04-28 11:00:00,11.299166666666666,30.0,3e-05,91,0.3897030776586287
2023-04-28 12:00:00,12.0015,29.0,0.0,91,0.6471061530480017
2023-04-28 13:00:00,0.2029999999999999,27.5,0.0,91,0.6173259813357621
2023-04-28 14:00:00,0.1294999999999999,27.5,0.0,91,0.482399657811874
2023-04-28 15:00:00,0.1246666666666666,26.0,0.0,91,0.5194608522072818
2023-04-28 16:00:00,0.1285,27.5,0.0,91,0.3598322214631952
2023-04-28 17:00:00,0.1278333333333333,31.75,0.0,91,0.1912701711084088
2023-04-28 18:00:00,0.1283333333333333,35.5,0.0,91,0.1531937600812341
2023-04-28 19:00:00,0.1241666666666666,36.75,0.0,91,0.0591576926321045
2023-04-28 20:00:00,0.1246666666666666,36.0,0.0,91,0.0031403419093236
2023-04-28 21:00:00,0.128,36.75,0.0,91,0.0
2023-04-28 22:00:00,0.1281666666666666,36.0,0.0,91,0.0
2023-04-28 23:00:00,0.1285,36.5,0.0,91,0.0
2023-04-29 00:00:00,0.1215,37.5,0.0,91,0.0
2023-04-29 01:00:00,0.128,39.0,0.0,91,0.0
2023-04-29 02:00:00,0.1288333333333333,38.75,0.0,91,0.0
2023-04-29 03:00:00,0.1291666666666666,38.0,0.0,91,0.0
2023-04-29 04:00:00,0.1266666666666666,39.0,0.0,91,0.0
2023-04-29 05:00:00,0.1221666666666666,38.25,0.0,91,0.0
2023-04-29 06:00:00,0.1268333333333333,37.0,0.0,91,0.0
2023-04-29 07:00:00,0.1271666666666666,36.0,0.0,91,0.0096356410475877
2023-04-29 08:00:00,0.1273333333333333,35.0,0.0,91,0.0536375213484478
2023-04-29 09:00:00,0.1231666666666666,34.5,0.0,91,0.0962080339285043
2023-04-29 10:00:00,0.125,33.25,0.0,91,0.2458405971527099
2023-04-29 11:00:00,0.1288333333333333,26.25,0.0,91,0.3066230772295569
2023-04-29 12:00:00,0.1281666666666666,21.0,0.0,91,0.2330323938223032
2023-04-29 13:00:00,0.1275,20.0,0.0,91,0.3711482043144031
2023-04-29 14:00:00,0.1678333333333333,20.25,0.0,91,0.5039674331795456
2023-04-29 15:00:00,0.1246666666666666,20.75,0.0,91,0.4438920515011518
2023-04-29 16:00:00,0.1281666666666666,21.0,0.0,91,0.3093080347827357
2023-04-29 17:00:00,0.1273333333333333,20.75,0.0,91,0.2082839321886372
2023-04-29 18:00:00,0.1276666666666666,26.75,0.0,91,0.1183932486151018
2023-04-29 19:00:00,0.1231666666666666,33.5,0.0,91,0.0873545303813412
2023-04-29 20:00:00,0.1258333333333333,34.0,0.0,91,0.0028259828819646
2023-04-29 21:00:00,0.1285,34.0,0.0,91,0.0
2023-04-29 22:00:00,0.1286666666666666,33.75,0.0,91,0.0
2023-04-29 23:00:00,0.128,33.75,0.0,91,0.0
2023-04-30 00:00:00,0.1216666666666666,32.0,0.0,91,0.0
2023-04-30 01:00:00,0.1288333333333333,28.0,0.0,91,0.0
2023-04-30 02:00:00,0.1288333333333333,22.25,0.0,91,0.0
2023-04-30 03:00:00,0.1285,18.75,0.0,91,0.0
2023-04-30 04:00:00,0.1246666666666666,16.0,0.0,91,0.0
2023-04-30 05:00:00,0.1245,16.0,0.0,91,0.0
2023-04-30 06:00:00,0.1278333333333333,15.0,0.0,91,0.0010460683652478
2023-04-30 07:00:00,0.1318333333333333,15.25,0.0,91,0.0339800854829641
2023-04-30 08:00:00,0.127,15.75,0.0,91,0.1135817097394894
2023-04-30 09:00:00,0.1208333333333333,16.0,0.0,91,0.1813370085170126
2023-04-30 10:00:00,0.143,16.0,0.0,91,0.2875742750901442
2023-04-30 11:00:00,0.2251666666666666,16.5,0.0,91,0.2701247014754858
2023-04-30 12:00:00,0.7818333333333333,16.0,0.0,91,0.1685933336437258
2023-04-30 13:00:00,0.1316666666666666,16.0,0.0,91,0.093825214092548
2023-04-30 14:00:00,0.1258333333333333,17.0,0.0,91,0.1060313673916025
2023-04-30 15:00:00,0.1313333333333333,17.0,0.0,91,0.0749805984334048
2023-04-30 16:00:00,0.1308333333333333,17.0,0.0,91,0.0923819660936665
2023-04-30 17:00:00,0.131,16.25,0.0,91,0.1110464958451752
2023-04-30 18:00:00,0.1286666666666666,20.5,0.0,91,0.1410993165236253
2023-04-30 19:00:00,0.1235,27.0,0.0,91,0.0939562394883897
2023-04-30 20:00:00,0.1288333333333333,31.5,0.0,91,0.0100135042051522
2023-04-30 21:00:00,0.1286666666666666,32.0,0.0,91,0.0
2023-04-30 22:00:00,0.129,31.25,0.0,91,0.0
2023-04-30 23:00:00,0.1246666666666666,31.25,0.0,91,0.0
2023-05-01 00:00:00,0.1261666666666666,30.75,0.0,91,0.0
2023-05-01 01:00:00,0.1301666666666666,28.5,0.0,91,0.0
2023-05-01 02:00:00,0.1296666666666666,28.5,0.0,91,0.0
2023-05-01 03:00:00,0.1295,28.25,0.0,91,0.0
2023-05-01 04:00:00,0.122,28.5,0.0,91,0.0
2023-05-01 05:00:00,0.1271666666666666,28.5,0.0,91,0.0
2023-05-01 06:00:00,0.1275,28.5,0.0,91,0.0
2023-05-01 07:00:00,0.128,28.75,0.0,91,0.0303249572236568
2023-05-01 08:00:00,0.1266666666666666,23.5,0.0,91,0.0585424788792928
2023-05-01 09:00:00,0.121,22.5,0.0,91,0.1428429056640364
2023-05-01 10:00:00,0.1275,19.25,0.0,91,0.1059065808190239
2023-05-01 11:00:00,0.1275,16.0,0.0,91,0.0946933333894126
2023-05-01 12:00:00,0.1273333333333333,15.0,0.0,91,0.1087731627113798
2023-05-01 13:00:00,0.1275,15.0,0.0,91,0.4474582893828042
2023-05-01 14:00:00,0.122,15.0,0.0,91,0.3278494869949471
2023-05-01 15:00:00,0.128,15.0,0.0,91,0.1771734183058779
2023-05-01 16:00:00,0.1283333333333333,15.0,0.0,91,0.0852758972461407
2023-05-01 17:00:00,0.1278333333333333,15.75,0.0,91,0.2087305134178227
2023-05-01 18:00:00,0.127,20.75,0.0,91,0.0834200001170492
2023-05-01 19:00:00,0.1211666666666666,26.75,0.0,91,0.1039624783116528
2023-05-01 20:00:00,0.1276666666666666,30.75,0.0,91,0.0302568375319242
2023-05-01 21:00:00,0.1285,33.75,0.0,91,0.0
2023-05-01 22:00:00,0.1285,33.75,0.0,91,0.0
2023-05-01 23:00:00,0.125,31.5,0.0,91,0.0
2023-05-02 00:00:00,0.1258333333333333,22.0,0.0,91,0.0
2023-05-02 01:00:00,0.1298333333333333,22.25,0.3400399999999999,91,0.0
2023-05-02 02:00:00,0.131,23.25,0.41563,91,0.0
2023-05-02 03:00:00,0.131,23.25,0.215395,91,0.0
2023-05-02 04:00:00,0.1235,25.0,0.282565,91,0.0
2023-05-02 05:00:00,0.1325,26.0,0.3635649999999999,91,0.0
2023-05-02 06:00:00,0.1308333333333333,33.5,0.33581,91,0.0025107692137487
2023-05-02 07:00:00,0.1293333333333333,37.25,0.4089899999999999,91,0.0522392304942139
2023-05-02 08:00:00,0.1275,35.5,0.4298749999999999,91,0.2451711961143037
2023-05-02 09:00:00,0.1236666666666666,33.75,0.1374049999999999,91,0.2983651283459785
2023-05-02 10:00:00,0.1295,32.25,0.2482899999999999,91,0.2172693169422638
2023-05-02 11:00:00,0.129,32.25,0.249495,91,0.2275014538235135
2023-05-02 12:00:00,0.1288333333333333,28.75,0.003245,91,0.2067955559950608
2023-05-02 13:00:00,0.1281666666666666,24.25,0.000525,91,0.4453881196894197
2023-05-02 14:00:00,0.1225,23.25,0.0,91,0.6916167505378398
2023-05-02 15:00:00,0.1286666666666666,22.5,0.0,91,0.653724784851074
2023-05-02 16:00:00,0.1288333333333333,21.5,0.0,91,0.5393623058612531
2023-05-02 17:00:00,0.129,22.75,0.0,91,0.4239679473485702
2023-05-02 18:00:00,0.128,31.5,0.0,91,0.2785308541191948
2023-05-02 19:00:00,0.1223333333333333,38.75,0.0,91,0.1009332477944528
2023-05-02 20:00:00,0.129,41.25,0.0,91,0.0109168376239876
2023-05-02 21:00:00,0.1283333333333333,42.25,0.0,91,0.0
2023-05-02 22:00:00,0.1293333333333333,41.75,0.0,91,0.0
2023-05-02 23:00:00,0.1266666666666666,39.5,0.0,91,0.0
2023-05-03 00:00:00,0.1251666666666666,31.0,0.0,91,0.0
2023-05-03 01:00:00,0.1295,31.25,0.0,91,0.0
2023-05-03 02:00:00,0.129,32.25,0.0,91,0.0
2023-05-03 03:00:00,0.1298333333333333,32.5,0.0,91,0.0
2023-05-03 04:00:00,0.1256666666666666,34.25,0.0,91,0.0
2023-05-03 05:00:00,0.1256666666666666,36.25,0.0,91,0.0
2023-05-03 06:00:00,0.129,36.5,0.0,91,0.0049907692528178
2023-05-03 07:00:00,0.1288333333333333,34.5,0.0,91,0.0445101711077567
2023-05-03 08:00:00,0.1286666666666666,36.0,0.0,91,0.2391823930006761
2023-05-03 09:00:00,0.1255,34.25,0.0,91,0.4116547886123005
2023-05-03 10:00:00,0.124,31.0,0.0,91,0.5528523939083787
2023-05-03 11:00:00,0.1278333333333333,21.75,0.0,91,0.6523505127735627
2023-05-03 12:00:00,0.128,20.0,0.0,91,0.6950539293859758
2023-05-03 13:00:00,0.1281666666666666,19.5,0.0,91,0.716929570385534
2023-05-03 14:00:00,0.1281666666666666,17.5,0.0,91,0.7014870968028013
2023-05-03 15:00:00,0.1216666666666666,14.25,0.0,91,0.6517706011910727
2023-05-03 16:00:00,0.1281666666666666,14.5,0.0,91,0.560861284304888
2023-05-03 17:00:00,0.1281666666666666,16.25,0.0,91,0.4243923089443109
2023-05-03 18:00:00,0.1283333333333333,22.75,0.0,91,0.2637972650772486
2023-05-03 19:00:00,0.1281666666666666,27.5,0.0,91,0.0934783755408392
2023-05-03 20:00:00,0.1218333333333333,29.0,0.0,91,0.0081348718074747
2023-05-03 21:00:00,0.1278333333333333,28.75,0.0,91,0.0
2023-05-03 22:00:00,0.1283333333333333,28.5,0.0,91,0.0
2023-05-03 23:00:00,0.1295,28.75,0.0,91,0.0
2023-05-04 00:00:00,0.129,23.5,0.0,91,0.0
2023-05-04 01:00:00,0.1216666666666666,19.75,0.0,91,0.0
2023-05-04 02:00:00,0.1285,18.75,0.0,91,0.0
2023-05-04 03:00:00,0.1305,18.75,0.0,91,0.0
2023-05-04 04:00:00,0.1295,18.0,0.0,91,0.0
2023-05-04 05:00:00,0.129,18.75,0.0,91,0.0
2023-05-04 06:00:00,0.1286666666666666,23.5,0.0,91,0.0072853846344937
2023-05-04 07:00:00,0.1324999999999999,29.0,0.0,91,0.0592450427193927
2023-05-04 08:00:00,0.1324999999999999,28.25,0.0,91,0.2103586328946627
2023-05-04 09:00:00,0.1323333333333333,27.0,0.0,91,0.3820899158053928
2023-05-04 10:00:00,0.1313333333333333,24.5,0.0,91,0.5208717072315707
2023-05-04 11:00:00,0.1268333333333333,20.0,0.0,91,0.635982135218433
2023-05-04 12:00:00,0.132,18.0,0.0,91,0.6819239324586005
2023-05-04 13:00:00,0.1326666666666666,18.0,0.0,91,0.659767092843341
2023-05-04 14:00:00,0.1334999999999999,17.75,0.0,91,0.5749670931824252
2023-05-04 15:00:00,0.133,17.25,0.0,91,0.6306143586248416
2023-05-04 16:00:00,0.1273333333333333,18.0,0.0,91,0.55636957152277
2023-05-04 17:00:00,0.1333333333333333,19.0,0.0,91,0.4234656413803753
2023-05-04 18:00:00,0.1343333333333333,21.0,0.0,91,0.252690855662028
2023-05-04 19:00:00,0.133,28.5,0.0,91,0.0847970935625907
2023-05-04 20:00:00,0.132,32.25,0.0,91,0.0167928205452795
2023-05-04 21:00:00,0.1276666666666666,33.5,0.0,91,0.0
2023-05-04 22:00:00,0.1304999999999999,32.0,0.0,91,0.0
2023-05-04 23:00:00,0.1334999999999999,32.25,0.0,91,0.0
2023-05-05 00:00:00,0.1321666666666666,25.75,0.0,91,0.0
2023-05-05 01:00:00,0.1324999999999999,22.0,0.0,91,0.0
2023-05-05 02:00:00,0.1298333333333333,22.25,0.0,91,0.0
2023-05-05 03:00:00,0.1286666666666666,22.5,0.0,91,0.0
2023-05-05 04:00:00,0.1303333333333333,22.5,0.0,91,0.0
2023-05-05 05:00:00,0.1298333333333333,27.0,0.0,91,0.0
2023-05-05 06:00:00,0.1306666666666666,34.0,0.0,91,0.0106427350395128
2023-05-05 07:00:00,0.1291666666666666,34.0,0.0,91,0.0764099143509172
2023-05-05 08:00:00,0.125,32.25,0.0,91,0.228370426373604
2023-05-05 09:00:00,0.1314999999999999,31.0,0.0,91,0.3339137616931882
2023-05-05 10:00:00,0.1316666666666666,29.0,0.0,91,0.4349689750997429
2023-05-05 11:00:00,0.1313333333333333,23.75,0.0,91,0.5360811967116138
2023-05-05 12:00:00,0.131,20.5,0.0,91,0.5997372645190642
2023-05-05 13:00:00,0.125,19.75,0.0,91,0.7096581183539497
2023-05-05 14:00:00,0.1311666666666666,19.75,0.0,91,0.6198420549050356
2023-05-05 15:00:00,0.1331666666666666,20.75,0.0,91,0.6282402560242223
2023-05-05 16:00:00,0.1308333333333333,20.75,0.0,91,0.4172076918121078
2023-05-05 17:00:00,0.1308333333333333,28.0,0.0,91,0.319961795317821
2023-05-05 18:00:00,0.1238333333333333,32.0,0.0,91,0.2456404280051207
2023-05-05 19:00:00,0.1293333333333333,32.75,0.0,91,0.0689545302105765
2023-05-05 20:00:00,0.131,34.5,0.0,91,0.0055032478512113
2023-05-05 21:00:00,0.1304999999999999,35.75,0.0,91,0.0
2023-05-05 22:00:00,0.131,34.75,0.0,91,0.0
2023-05-05 23:00:00,0.1253333333333333,34.75,0.0,91,0.0
2023-05-06 00:00:00,0.1316666666666666,35.0,0.0,91,0.0
2023-05-06 01:00:00,0.1324999999999999,34.5,0.0,91,0.0
2023-05-06 02:00:00,0.1358333333333333,35.75,0.0,91,0.0
2023-05-06 03:00:00,0.1275,36.0,0.0,91,0.0
2023-05-06 04:00:00,0.1186666666666666,41.25,0.0,91,0.0
2023-05-06 05:00:00,0.1248333333333333,41.0,0.0,91,0.0
2023-05-06 06:00:00,0.125,38.25,0.0,91,0.0051758119231487
2023-05-06 07:00:00,0.1314999999999999,36.0,0.0,91,0.0598953847803621
2023-05-06 08:00:00,0.0974999999999999,34.25,0.0,91,0.2278535040830954
2023-05-06 09:00:00,0.0,31.0,0.0,91,0.3855050417908236
2023-05-06 10:00:00,0.0076666666666666,23.5,0.0,91,0.5166878620375935
2023-05-06 11:00:00,0.1616666666666666,18.75,0.0,91,0.6025877784663793
2023-05-06 12:00:00,0.1698333333333333,18.75,0.0,91,0.6650622212988703
2023-05-06 13:00:00,0.146,19.5,0.0,91,0.581675809876532
2023-05-06 14:00:00,0.1611666666666666,19.5,0.0,91,0.4289598285642445
2023-05-06 15:00:00,0.2123333333333333,20.5,0.0,91,0.3802347861395942
2023-05-06 16:00:00,0.4000000000000001,20.5,0.0,91,0.5528133327125488
2023-05-06 17:00:00,2.031166666666667,22.25,0.0,91,0.4401535027658837
2023-05-06 18:00:00,1.4823333333333333,28.25,0.0,91,0.2684700856657109
2023-05-06 19:00:00,0.2188333333333333,32.0,0.0,91,0.0862883759360028
2023-05-06 20:00:00,3.3523333333333336,32.0,0.0,91,0.0100900855316167
2023-05-06 21:00:00,5.904333333333334,35.5,0.0,91,0.0
2023-05-06 22:00:00,8.1325,34.75,0.0,91,0.0
2023-05-06 23:00:00,10.925833333333332,34.25,0.0,91,0.0
2023-05-07 00:00:00,14.722833333333334,35.5,0.0,91,0.0
2023-05-07 01:00:00,19.66433333333333,26.5,0.0,91,0.0
2023-05-07 02:00:00,3.6771666666666665,23.0,0.0,91,0.0
2023-05-07 03:00:00,0.1741666666666666,20.0,0.0,91,0.0
2023-05-07 04:00:00,0.1681666666666666,20.0,0.0,91,0.0
2023-05-07 05:00:00,0.1693333333333333,20.0,0.0,91,0.0
2023-05-07 06:00:00,0.1713333333333333,19.75,0.0,91,0.0084547863289331
2023-05-07 07:00:00,1.454,20.0,0.0,91,0.0447258121946938
2023-05-07 08:00:00,1.465833333333333,20.0,0.0,91,0.1655714525728144
2023-05-07 09:00:00,1.4489999999999998,17.25,0.0,91,0.2471005974468004
2023-05-07 10:00:00,1.49,15.75,0.0,91,0.1859870936727931
2023-05-07 11:00:00,2.5401666666666665,15.75,0.0,91,0.1242320513929057
2023-05-07 12:00:00,1.5246666666666666,15.25,0.0,91,0.1100704267289903
2023-05-07 13:00:00,1.393333333333333,15.5,0.0,91,0.1730998301709819
2023-05-07 14:00:00,1.3671666666666669,16.0,0.0,91,0.1751909402700571
2023-05-07 15:00:00,1.8156666666666668,16.0,0.0,91,0.1654373499878451
2023-05-07 16:00:00,0.541,15.75,0.0,91,0.0739420512598804
2023-05-07 17:00:00,1.7933333333333332,17.0,0.0,91,0.0733834185967078
2023-05-07 18:00:00,3.9245,21.0,0.0,91,0.1251188891973251
2023-05-07 19:00:00,5.783666666666666,30.0,0.0,91,0.0521231623184986
2023-05-07 20:00:00,7.992,35.0,0.0,91,0.0092431624652021
2023-05-07 21:00:00,10.724333333333334,35.0,0.0,91,0.0
2023-05-07 22:00:00,14.427833333333334,35.5,0.0,91,0.0
2023-05-07 23:00:00,19.31083333333333,35.5,0.0,91,0.0
2023-05-08 00:00:00,3.9483333333333337,32.0,0.0,91,0.0
2023-05-08 01:00:00,4.238833333333333,26.0,0.0,91,0.0
2023-05-08 02:00:00,8.116,27.5,0.0,91,0.0
2023-05-08 03:00:00,12.982166666666666,28.0,0.0,91,0.0
2023-05-08 04:00:00,16.445833333333333,27.5,0.0,91,0.0
2023-05-08 05:00:00,0.2005,25.75,0.0,91,0.0
2023-05-08 06:00:00,0.1969999999999999,28.25,0.0,91,0.0094236752059724
2023-05-08 07:00:00,0.4066666666666667,28.25,0.0,91,0.0893996589611738
2023-05-08 08:00:00,3.9445,28.0,0.0,91,0.1299275205889319
2023-05-08 09:00:00,3.386,28.5,0.0,91,0.1429935893849429
2023-05-08 10:00:00,4.020666666666667,26.5,0.0,91,0.3166631613837347
2023-05-08 11:00:00,5.6885,24.0,0.0,91,0.2654407690325354
2023-05-08 12:00:00,5.866833333333333,22.25,0.0,91,0.323950685028337
2023-05-08 13:00:00,6.037333333333334,21.25,0.0,91,0.313953503665761
2023-05-08 14:00:00,6.2475,19.5,0.0,91,0.3552657269208859
2023-05-08 15:00:00,3.5255,19.25,0.0,91,0.5675655541053186
2023-05-08 16:00:00,9.850666666666667,19.5,0.0,91,0.5575345265967215
2023-05-08 17:00:00,0.2906666666666667,21.5,0.0,91,0.3888853858882545
2023-05-08 18:00:00,0.297,27.25,0.0,91,0.2710252998221634
2023-05-08 19:00:00,0.2965,32.5,0.0,91,0.0758431626181317
2023-05-08 20:00:00,0.2976666666666667,32.75,0.0,91,0.0110733333419467
2023-05-08 21:00:00,0.7848333333333333,32.25,0.0,91,0.0
2023-05-08 22:00:00,3.3061666666666665,31.5,0.0,91,0.0
2023-05-08 23:00:00,5.525333333333333,33.0,0.0,91,0.0
2023-05-09 00:00:00,8.488833333333334,33.25,0.0,91,0.0
2023-05-09 01:00:00,12.610666666666669,32.75,0.0,91,0.0
2023-05-09 02:00:00,18.696166666666667,34.25,0.0,91,0.0
2023-05-09 03:00:00,3.8295,34.75,0.0,91,0.0
2023-05-09 04:00:00,0.1821666666666666,36.5,0.0,91,0.0
2023-05-09 05:00:00,0.1821666666666666,37.0,0.0,91,0.0
2023-05-09 06:00:00,0.1751666666666667,34.75,0.0,91,0.0067787179822086
2023-05-09 07:00:00,0.1796666666666666,33.0,0.0,91,0.0538280344416952
2023-05-09 08:00:00,0.1955,32.75,0.0,91,0.1899544442005646
2023-05-09 09:00:00,5.219666666666666,31.75,0.0,91,0.2961804264427251
2023-05-09 10:00:00,6.454166666666667,30.25,0.0,91,0.4705969205677
2023-05-09 11:00:00,7.807666666666667,28.75,0.0,91,0.5074376065506894
2023-05-09 12:00:00,5.0025,29.5,0.0,91,0.5009679465008599
2023-05-09 13:00:00,1.3276666666666666,30.25,0.0,91,0.258766239850949
2023-05-09 14:00:00,4.458166666666667,30.5,0.0,91,0.1411835897070729
2023-05-09 15:00:00,9.698,30.5,0.0,91,0.0744762395386003
2023-05-09 16:00:00,1.1315,31.5,0.0,91,0.0668386324042947
2023-05-09 17:00:00,10.079666666666666,31.0,0.0,91,0.0385393163077851
2023-05-09 18:00:00,2.7731666666666666,30.5,0.0,91,0.0232708545627757
2023-05-09 19:00:00,8.012666666666666,30.5,0.0,91,0.0131905128201867
2023-05-09 20:00:00,4.9925,31.75,0.0,91,0.0110879486512679
2023-05-09 21:00:00,4.301333333333333,31.75,0.0,91,0.0
2023-05-09 22:00:00,0.1808333333333333,30.75,0.0,91,0.0
2023-05-09 23:00:00,0.1735,30.25,0.0,91,0.0
2023-05-10 00:00:00,0.1801666666666666,25.25,0.0,91,0.0
2023-05-10 01:00:00,0.1795,24.75,0.0,91,0.0
2023-05-10 02:00:00,5.216833333333333,24.5,0.0,91,0.0
2023-05-10 03:00:00,5.332833333333334,23.25,0.0,91,0.0
2023-05-10 04:00:00,0.283,23.75,0.0,91,0.0
2023-05-10 05:00:00,0.2831666666666667,25.0,0.0,91,0.0
2023-05-10 06:00:00,0.2755,29.5,0.0,91,0.001516239321512
2023-05-10 07:00:00,0.6698333333333334,32.25,0.0,91,0.0363765811716389
2023-05-10 08:00:00,8.490833333333333,31.25,0.0,91,0.0944194877657116
2023-05-10 09:00:00,4.734166666666667,31.25,0.0,91,0.1548661540104793
2023-05-10 10:00:00,9.163666666666666,29.25,0.0,91,0.2966193158402402
2023-05-10 11:00:00,5.832,28.5,0.0,91,0.3245911120553302
2023-05-10 12:00:00,7.946166666666667,25.25,0.0,91,0.5188887134780233
2023-05-10 13:00:00,9.6255,24.5,0.0,91,0.5484908562032585
2023-05-10 14:00:00,0.2843333333333333,22.0,0.0,91,0.5756029060559399
2023-05-10 15:00:00,4.000166666666667,23.25,0.0,91,0.6605899093497515
2023-05-10 16:00:00,2.6475,25.25,0.0,91,0.6738514481242907
2023-05-10 17:00:00,14.053333333333333,27.0,0.0,91,0.3571006828699357
2023-05-10 18:00:00,2.525,28.5,0.0,91,0.2934230762057834
2023-05-10 19:00:00,5.600666666666666,31.5,0.0,91,0.1173823924349923
2023-05-10 20:00:00,1.151166666666667,32.0,0.0,91,0.0117884615800367
2023-05-10 21:00:00,3.140166666666667,32.75,0.0,91,0.0
2023-05-10 22:00:00,5.2508333333333335,32.75,0.0,91,0.0
2023-05-10 23:00:00,4.472166666666666,33.0,0.0,91,0.0
2023-05-11 00:00:00,2.8648333333333333,33.0,0.0,91,0.0
2023-05-11 01:00:00,0.4325,30.75,0.0,91,0.0
2023-05-11 02:00:00,3.4985,30.0,0.0,91,0.0
2023-05-11 03:00:00,3.183,29.5,0.0,91,0.0
2023-05-11 04:00:00,6.239333333333334,31.0,0.0,91,0.0
2023-05-11 05:00:00,6.089666666666667,34.0,0.0,91,0.0
2023-05-11 06:00:00,7.451666666666667,35.5,0.0,91,0.0042553846251506
2023-05-11 07:00:00,5.680833333333333,34.0,0.0,91,0.0408026494939103
2023-05-11 08:00:00,8.729666666666667,32.75,0.0,91,0.191086068764711
2023-05-11 09:00:00,5.945,31.75,0.0,91,0.3447042719523112
2023-05-11 10:00:00,7.926666666666667,30.5,0.0,91,0.3231058120727539
2023-05-11 11:00:00,5.1418333333333335,27.75,0.0,91,0.5922151262332237
2023-05-11 12:00:00,2.194333333333333,27.75,0.0,91,0.1960709400666065
2023-05-11 13:00:00,7.297333333333333,28.25,0.0,91,0.4619400881905841
2023-05-11 14:00:00,0.2608333333333333,29.25,0.0,91,0.3134606832520575
2023-05-11 15:00:00,0.2643333333333333,29.0,0.0,91,0.3129196584326589
2023-05-11 16:00:00,0.3515,29.0,0.0,91,0.4447351282885955
2023-05-11 17:00:00,1.3215,29.5,0.0,91,0.2349037604046683
2023-05-11 18:00:00,3.660833333333333,30.5,0.0,91,0.1030063247273111
2023-05-11 19:00:00,7.521666666666666,34.0,0.0,91,0.0286735041528685
2023-05-11 20:00:00,13.850166666666668,34.75,0.0,91,0.0196898290279329
2023-05-11 21:00:00,11.760833333333332,35.5,0.0,91,0.0
2023-05-11 22:00:00,0.2703333333333333,35.25,0.0,91,0.0
2023-05-11 23:00:00,0.2055,34.25,0.0,91,0.0
2023-05-12 00:00:00,0.205,33.5,0.0,91,0.0
2023-05-12 01:00:00,8.221,32.5,0.0,91,0.0
2023-05-12 02:00:00,12.325,32.0,0.0,91,0.0
2023-05-12 03:00:00,1.2128333333333334,32.25,0.0,91,0.0
2023-05-12 04:00:00,2.5806666666666667,31.5,0.0,91,0.0
2023-05-12 05:00:00,0.1636666666666666,31.5,0.0,91,0.0
2023-05-12 06:00:00,0.166,32.5,0.0,91,0.0080593162010877
2023-05-12 07:00:00,4.182833333333334,33.0,0.0,91,0.0381598287158542
2023-05-12 08:00:00,3.556833333333333,31.25,0.0,91,0.1085625646868322
2023-05-12 09:00:00,4.676333333333333,30.0,0.0,91,0.2106313667949448
2023-05-12 10:00:00,2.7515,27.25,0.0,91,0.2378531620645116
2023-05-12 11:00:00,2.404333333333333,26.5,0.0,91,0.2661600010211651
2023-05-12 12:00:00,8.569333333333333,28.5,0.0,91,0.1680217945066272
2023-05-12 13:00:00,5.750333333333334,29.5,0.0,91,0.2047151281894781
2023-05-12 14:00:00,0.249,30.75,0.0,91,0.2807229923998189
2023-05-12 15:00:00,2.474333333333333,31.5,0.0,91,0.3365690583449143
2023-05-12 16:00:00,0.2656666666666666,30.0,0.0,91,0.3346362399239826
2023-05-12 17:00:00,0.262,29.5,0.0,91,0.1138011968645275
2023-05-12 18:00:00,0.2613333333333333,30.5,0.0,91,0.032244358959361
2023-05-12 19:00:00,0.1576666666666666,30.5,0.0,91,0.0232004273447216
2023-05-12 20:00:00,0.1641666666666666,30.5,0.0,91,0.0055822221945541
2023-05-12 21:00:00,0.1645,30.5,0.0,91,0.0
2023-05-12 22:00:00,0.1591666666666666,30.5,0.0,91,0.0
2023-05-12 23:00:00,0.1616666666666666,30.0,0.0,91,0.0
2023-05-13 00:00:00,0.1635,24.5,0.0,91,0.0
2023-05-13 01:00:00,0.1595,20.25,0.0,91,0.0
2023-05-13 02:00:00,0.1556666666666666,19.75,0.0,91,0.0
2023-05-13 03:00:00,0.158,20.5,0.0,91,0.0
2023-05-13 04:00:00,0.1585,19.5,0.0,91,0.0
2023-05-13 05:00:00,0.1536666666666666,19.0,0.0,91,0.0
2023-05-13 06:00:00,0.1606666666666666,18.5,0.0,91,0.0047480341524649
2023-05-13 07:00:00,0.1945,16.5,0.0,91,0.0291436753109988
2023-05-13 08:00:00,0.1626666666666666,15.25,0.0,91,0.0617605129470173
2023-05-13 09:00:00,0.1836666666666666,15.0,0.0,91,0.2130844458555563
2023-05-13 10:00:00,0.158,15.0,0.0,91,0.3595799157558342
2023-05-13 11:00:00,0.2045,15.0,0.0,91,0.5780830774551782
2023-05-13 12:00:00,0.8340000000000001,15.0,0.0,91,0.7204387214856268
2023-05-13 13:00:00,0.2631666666666667,15.25,0.0,91,0.7014322231977416
2023-05-13 14:00:00,9.877166666666666,16.0,0.0,91,0.3772791430481479
2023-05-13 15:00:00,0.3651666666666666,16.0,0.0,91,0.1918765795128977
2023-05-13 16:00:00,0.1605,16.0,0.0,91,0.0592039315313355
2023-05-13 17:00:00,0.1565,16.75,0.0,91,0.154114444602249
2023-05-13 18:00:00,0.1598333333333333,18.25,0.0,91,0.0635317945480346
2023-05-13 19:00:00,0.2703333333333333,21.75,0.0,91,0.0186027351200071
2023-05-13 20:00:00,5.293500000000001,25.0,0.0,91,0.0025460683606947
2023-05-13 21:00:00,4.0616666666666665,24.75,0.0,91,0.0
2023-05-13 22:00:00,0.1613333333333333,23.25,0.0,91,0.0
2023-05-13 23:00:00,0.1533333333333333,23.75,0.0,91,0.0
2023-05-14 00:00:00,0.1595,24.25,0.0,91,0.0
2023-05-14 01:00:00,0.1596666666666666,25.0,0.0,91,0.0
2023-05-14 02:00:00,0.1551666666666666,25.0,0.0,91,0.0
2023-05-14 03:00:00,0.1595,19.0,0.0,91,0.0
2023-05-14 04:00:00,0.1593333333333333,18.75,0.0,91,0.0
2023-05-14 05:00:00,0.1541666666666666,16.75,0.0,91,0.0
2023-05-14 06:00:00,0.2626666666666666,16.0,0.0,91,0.0093997435717501
2023-05-14 07:00:00,0.3401666666666667,16.0,0.0,91,0.060792050850697
2023-05-14 08:00:00,0.256,16.0,0.0,91,0.1694989742376865
2023-05-14 09:00:00,0.1423333333333333,15.5,0.0,91,0.195515897049863
2023-05-14 10:00:00,0.0,15.0,0.0,91,0.3332416226313666
2023-05-14 11:00:00,0.014,15.0,0.0,91,0.3671683776072967
2023-05-14 12:00:00,2.1261666666666668,15.0,0.0,91,0.2982603425246019
2023-05-14 13:00:00,5.3565,15.0,0.0,91,0.5006148731199087
2023-05-14 14:00:00,8.3135,15.0,0.0,91,0.2630252994635166
2023-05-14 15:00:00,8.589,15.0,0.0,91,0.3353686318030724
2023-05-14 16:00:00,4.148833333333333,15.5,0.0,91,0.22909410403325
2023-05-14 17:00:00,0.0775,15.5,0.0,91,0.2831123932406434
2023-05-14 18:00:00,4.564333333333334,18.0,0.0,91,0.2200105128329024
2023-05-14 19:00:00,15.477166666666667,23.25,0.0,91,0.0853386324695032
2023-05-14 20:00:00,8.460166666666668,27.25,0.0,91,0.0099316238740092
2023-05-14 21:00:00,4.8406666666666665,28.0,0.0,91,0.0
2023-05-14 22:00:00,3.4498333333333338,27.75,0.0,91,0.0
2023-05-14 23:00:00,0.0338333333333333,27.0,0.0,91,0.0
2023-05-15 00:00:00,0.0,27.0,0.0,91,0.0
2023-05-15 01:00:00,0.0,24.0,0.0,91,0.0
2023-05-15 02:00:00,0.0,24.5,0.0,91,0.0
2023-05-15 03:00:00,0.0,24.75,0.0,91,0.0
2023-05-15 04:00:00,0.0,25.75,0.0,91,0.0
2023-05-15 05:00:00,0.0,25.0,0.0,91,0.0
2023-05-15 06:00:00,0.0855,24.75,0.0,91,0.0067933333213003
2023-05-15 07:00:00,0.1768333333333333,26.25,0.0,91,0.0859258978591006
2023-05-15 08:00:00,8.683666666666667,26.25,0.0,91,0.1732247008625259
2023-05-15 09:00:00,8.539833333333332,25.25,0.0,91,0.3387982904809152
2023-05-15 10:00:00,0.6124999999999999,23.5,0.0,91,0.2108881207001514
2023-05-15 11:00:00,8.7395,21.5,0.0,91,0.3303444462963657
2023-05-15 12:00:00,7.818833333333333,18.0,0.0,91,0.3253907686217218
2023-05-15 13:00:00,5.6935,17.5,0.0,91,0.4104180318066198
2023-05-15 14:00:00,7.807833333333334,17.5,0.0,91,0.4810409399179311
2023-05-15 15:00:00,0.2795,17.5,0.0,91,0.2991443603059165
2023-05-15 16:00:00,0.1928333333333333,18.75,0.0,91,0.2862292309296436
2023-05-15 17:00:00,0.1909999999999999,19.5,0.0,91,0.2424890589917826
2023-05-15 18:00:00,0.1903333333333333,20.5,0.0,91,0.2821052125784067
2023-05-15 19:00:00,0.976,21.0,0.0,91,0.0824997436388945
2023-05-15 20:00:00,2.839,21.5,0.0,91,0.0008952136734564
2023-05-15 21:00:00,0.1935,21.25,0.0,91,5.042734953901188e-06
2023-05-15 22:00:00,0.1933333333333333,21.75,0.0,91,0.0
2023-05-15 23:00:00,0.1955,22.0,0.0,91,0.0
2023-05-16 00:00:00,0.1948333333333333,18.75,0.0,91,0.0
2023-05-16 01:00:00,0.1948333333333333,19.5,0.0,91,0.0
2023-05-16 02:00:00,0.1945,19.5,0.0,91,0.0
2023-05-16 03:00:00,0.1939999999999999,19.75,0.0,91,0.0
2023-05-16 04:00:00,0.1941666666666666,19.25,0.0,91,0.0
2023-05-16 05:00:00,0.1936666666666666,18.5,0.0,91,0.0
2023-05-16 06:00:00,0.2706666666666666,21.5,0.0,91,0.0011101709478176
2023-05-16 07:00:00,0.3385,22.0,0.0,91,0.0072969230933067
2023-05-16 08:00:00,7.703500000000001,21.75,0.0,91,0.0086660683766389
2023-05-16 09:00:00,6.204000000000001,20.5,0.0,91,0.0314951281873588
2023-05-16 10:00:00,7.918333333333333,18.0,0.0,91,0.0358672648617345
2023-05-16 11:00:00,9.3975,17.25,0.0,91,0.0617399145599104
2023-05-16 12:00:00,5.8918333333333335,16.75,0.0,91,0.0878887176921225
2023-05-16 13:00:00,0.3016666666666667,16.5,0.0,91,0.060527179383824
2023-05-16 14:00:00,7.462000000000001,16.25,0.0,91,0.0680700855988722
2023-05-16 15:00:00,6.8773333333333335,15.75,0.0,91,0.0296088889113858
2023-05-16 16:00:00,15.666833333333336,17.25,0.0,91,0.0298836752695915
2023-05-16 17:00:00,13.241333333333335,18.5,0.0,91,0.0240292308065626
2023-05-16 18:00:00,9.5285,19.5,0.0,91,0.0155014530104449
2023-05-16 19:00:00,4.251166666666667,21.75,0.0,91,0.0085234188141985
2023-05-16 20:00:00,0.2136666666666666,23.0,0.0,91,0.0026965812079083
2023-05-16 21:00:00,0.1971666666666666,22.25,0.0,91,0.0
2023-05-16 22:00:00,0.1965,21.75,0.0,91,0.0
2023-05-16 23:00:00,0.1979999999999999,21.75,0.0,91,0.0
2023-05-17 00:00:00,0.1996666666666666,20.75,0.0,91,0.0
2023-05-17 01:00:00,0.1988333333333333,20.75,0.0,91,0.0
2023-05-17 02:00:00,0.1985,21.25,0.0,91,0.0
2023-05-17 03:00:00,0.1981666666666666,21.75,0.0,91,0.0
2023-05-17 04:00:00,0.1975,20.5,0.0,91,0.0
2023-05-17 05:00:00,0.1929999999999999,22.25,0.0,91,0.0
2023-05-17 06:00:00,0.1925,23.0,0.0,91,0.0039964102660743
2023-05-17 07:00:00,0.1929999999999999,23.0,0.0,91,0.0353635895557892
2023-05-17 08:00:00,0.1926666666666666,23.0,0.0,91,0.0379790597491794
2023-05-17 09:00:00,0.1933333333333333,21.75,0.0,91,0.0748071794428377
2023-05-17 10:00:00,0.1929999999999999,20.75,0.0,91,0.123902222396981
2023-05-17 11:00:00,0.1926666666666666,19.75,0.0,91,0.1258774362873827
2023-05-17 12:00:00,0.1926666666666666,18.75,0.0,91,0.1422856402600931
2023-05-17 13:00:00,0.1916666666666666,18.75,0.0,91,0.104077521104079
2023-05-17 14:00:00,0.1919999999999999,17.25,0.0,91,0.1129764102055476
2023-05-17 15:00:00,0.1918333333333333,17.75,0.0,91,0.0917853846916785
2023-05-17 16:00:00,0.1926666666666666,18.75,0.0,91,0.0859968372899243
2023-05-17 17:00:00,0.1941666666666666,19.75,0.0,91,0.0688180340660942
2023-05-17 18:00:00,0.1951666666666666,20.75,0.0,91,0.0496936753672412
2023-05-17 19:00:00,0.1961666666666666,21.0,0.0,91,0.0259500853831951
2023-05-17 20:00:00,0.1956666666666666,21.75,0.0,91,0.007439743585996
2023-05-17 21:00:00,0.1955,23.0,0.0,91,0.0
2023-05-17 22:00:00,0.1958333333333333,22.5,0.0,91,0.0
2023-05-17 23:00:00,0.1961666666666666,21.75,0.0,91,0.0
2023-05-18 00:00:00,0.1963333333333333,19.75,0.0,91,0.0
2023-05-18 01:00:00,0.1969999999999999,20.0,0.0,91,0.0
2023-05-18 02:00:00,0.1956666666666666,20.25,0.0,91,0.0
2023-05-18 03:00:00,0.1951666666666666,19.25,0.0,91,0.0
2023-05-18 04:00:00,0.1955,18.25,0.0,91,0.0
2023-05-18 05:00:00,0.1955,19.0,0.0,91,0.0
2023-05-18 06:00:00,0.1951666666666666,18.25,0.0,91,0.0033711111354522
2023-05-18 07:00:00,0.1948333333333333,17.75,0.0,91,0.0298045298380729
2023-05-18 08:00:00,0.3726666666666666,18.5,0.0,91,0.0673655557224893
2023-05-18 09:00:00,11.600499999999998,18.25,0.0,91,0.1049433334057148
2023-05-18 10:00:00,4.487,18.0,0.0,91,0.1614467519776434
2023-05-18 11:00:00,13.449666666666667,16.25,0.0,91,0.3279490593152168
2023-05-18 12:00:00,3.7006666666666663,15.0,0.0,91,0.2605226480858957
2023-05-18 13:00:00,11.568666666666669,15.25,0.0,91,0.2594272646129641
2023-05-18 14:00:00,12.598666666666666,16.0,0.0,91,0.2469953849988106
2023-05-18 15:00:00,14.341333333333331,16.0,0.0,91,0.2440458982418745
2023-05-18 16:00:00,8.249833333333333,16.0,0.0,91,0.2389503426837106
2023-05-18 17:00:00,4.722833333333333,16.25,0.0,91,0.0796479484362479
2023-05-18 18:00:00,0.2016666666666666,18.5,0.0,91,0.0639067521869626
2023-05-18 19:00:00,0.1976666666666666,20.0,0.0,91,0.0297751281200311
2023-05-18 20:00:00,0.1948333333333333,21.0,0.0,91,0.006441538498108
2023-05-18 21:00:00,0.1938333333333333,21.0,0.0,91,0.0
2023-05-18 22:00:00,0.1928333333333333,20.5,0.0,91,0.0
2023-05-18 23:00:00,0.1933333333333333,20.0,0.0,91,0.0
2023-05-19 00:00:00,0.1929999999999999,20.25,0.0,91,0.0
2023-05-19 01:00:00,0.1926666666666666,19.5,0.0,91,0.0
2023-05-19 02:00:00,0.1926666666666666,18.0,0.0,91,0.0
2023-05-19 03:00:00,0.1923333333333333,18.75,0.0,91,0.0
2023-05-19 04:00:00,0.1943333333333333,18.75,0.0,91,0.0
2023-05-19 05:00:00,0.1953333333333333,18.0,0.0,91,0.0
2023-05-19 06:00:00,0.2125,20.25,0.0,91,0.0050661538452164
2023-05-19 07:00:00,0.3196666666666666,21.5,0.0,91,0.0488464956609611
2023-05-19 08:00:00,3.9791666666666665,21.25,0.0,91,0.133879401704185
2023-05-19 09:00:00,17.505166666666668,20.5,0.0,91,0.2581091455312875
2023-05-19 10:00:00,3.5966666666666662,19.75,0.0,91,0.1959818792750693
2023-05-19 11:00:00,0.4075,17.0,0.0,91,0.3082031618428026
2023-05-19 12:00:00,12.409,16.75,0.0,91,0.2470984620314378
2023-05-19 13:00:00,14.993333333333334,17.0,0.0,91,0.1891685476058569
2023-05-19 14:00:00,4.2785,15.5,0.0,91,0.1862969238737709
2023-05-19 15:00:00,2.1101666666666667,16.25,0.0,91,0.2187733342097355
2023-05-19 16:00:00,0.8008333333333333,17.25,0.0,91,0.1462471794878315
2023-05-19 17:00:00,0.1991666666666667,18.0,0.0,91,0.0737791452652368
2023-05-19 18:00:00,0.1976666666666666,20.25,0.0,91,0.0319464103788392
2023-05-19 19:00:00,0.1953333333333333,21.0,0.0,91,0.0189314529834649
2023-05-19 20:00:00,0.1936666666666666,21.0,0.0,91,0.0055194871666896
2023-05-19 21:00:00,0.1931666666666666,21.0,0.0,91,0.0
2023-05-19 22:00:00,0.1928333333333333,21.0,0.0,91,0.0
2023-05-19 23:00:00,0.1918333333333333,19.5,0.0,91,0.0
2023-05-20 00:00:00,0.1931666666666666,16.5,0.0,91,0.0
2023-05-20 01:00:00,0.1936666666666666,15.0,0.0,91,0.0
2023-05-20 02:00:00,0.1949999999999999,15.0,0.0,91,0.0
2023-05-20 03:00:00,0.1916666666666666,15.0,0.0,91,0.0
2023-05-20 04:00:00,0.1911666666666666,16.0,0.0,91,0.0
2023-05-20 05:00:00,0.1935,16.0,0.0,91,0.0
2023-05-20 06:00:00,0.1933333333333333,15.75,0.0,91,0.0034176922761476
2023-05-20 07:00:00,0.2225,15.75,0.0,91,0.0336401709532126
2023-05-20 08:00:00,0.2295,15.75,0.0,91,0.0860925641019119
2023-05-20 09:00:00,0.2316666666666667,16.0,0.0,91,0.0933363251808362
2023-05-20 10:00:00,0.2101666666666666,16.0,0.0,91,0.0578135899600819
2023-05-20 11:00:00,0.6488333333333333,16.0,0.0,91,0.1578414537152673
2023-05-20 12:00:00,0.317,15.75,0.0,91,0.2745782040327023
2023-05-20 13:00:00,0.2009999999999999,16.5,0.0,91,0.3084819650242471
2023-05-20 14:00:00,0.5011666666666666,8.0,0.0,91,0.244779915768876
2023-05-20 15:00:00,2.142333333333333,14.0,0.0,91,0.1818417081262311
2023-05-20 16:00:00,2.2655,17.0,0.0,91,0.1507119659684662
2023-05-20 17:00:00,3.3806666666666665,16.0,0.0,91,0.0639870086083045
2023-05-20 18:00:00,2.2535000000000003,15.25,0.0,91,0.0447660685400677
2023-05-20 19:00:00,0.2029999999999999,15.0,0.0,91,0.0274087180439223
2023-05-20 20:00:00,0.2031666666666667,14.75,0.0,91,0.0071674358730928
2023-05-20 21:00:00,0.2019999999999999,15.0,0.0,91,2.564102586390598e-07
2023-05-20 22:00:00,0.2015,14.25,0.0,91,0.0
2023-05-20 23:00:00,0.2005,14.75,0.0,91,0.0
2023-05-21 00:00:00,0.1999999999999999,14.25,0.0,91,0.0
2023-05-21 01:00:00,0.1999999999999999,15.0,0.0,91,0.0
2023-05-21 02:00:00,0.1996666666666666,15.0,0.0,91,0.0
2023-05-21 03:00:00,0.1993333333333333,15.25,0.0,91,0.0
2023-05-21 04:00:00,0.1989999999999999,16.0,0.0,91,0.0
2023-05-21 05:00:00,0.2095,16.0,0.0,91,0.0
2023-05-21 06:00:00,0.328,16.0,0.0,91,0.0044576068203418
2023-05-21 07:00:00,2.875833333333334,16.0,0.0,91,0.0287188888411236
2023-05-21 08:00:00,15.192999999999998,16.0,0.0,91,0.0587089745203653
2023-05-21 09:00:00,13.65316666666667,16.25,0.0,91,0.0899362394544813
2023-05-21 10:00:00,13.5355,16.75,0.0,91,0.1026737609276405
2023-05-21 11:00:00,10.297666666666666,16.5,0.0,91,0.1563719651637933
2023-05-21 12:00:00,9.734666666666667,16.25,0.0,91,0.1694734182113256
2023-05-21 13:00:00,5.231333333333333,17.0,0.0,91,0.2265380344227847
2023-05-21 14:00:00,5.072500000000001,17.25,0.0,91,0.2838970944005199
2023-05-21 15:00:00,0.6956666666666665,18.0,0.0,91,0.2697410257453592
2023-05-21 16:00:00,0.7359999999999999,17.0,0.0,91,0.2885305988279164
2023-05-21 17:00:00,0.3488333333333333,16.75,0.0,91,0.2454866670135759
2023-05-21 18:00:00,2.360333333333333,16.0,0.0,91,0.2666190592447917
2023-05-21 19:00:00,2.115333333333333,16.5,0.0,91,0.1127117095441899
2023-05-21 20:00:00,1.8004999999999998,17.0,0.0,91,0.0177585470065092
2023-05-21 21:00:00,4.473,17.5,0.0,91,8.777777875303966e-05
2023-05-21 22:00:00,0.2026666666666666,18.0,0.0,91,0.0
2023-05-21 23:00:00,0.2019999999999999,18.25,0.0,91,0.0
2023-05-22 00:00:00,0.2009999999999999,29.25,0.0,91,0.0
2023-05-22 01:00:00,0.2005,30.25,0.0,91,0.0
2023-05-22 02:00:00,0.2003333333333333,27.0,0.0,91,0.0
2023-05-22 03:00:00,0.2003333333333333,25.25,0.0,91,0.0
2023-05-22 04:00:00,0.1998333333333333,23.0,0.0,91,0.0
2023-05-22 05:00:00,0.2005,24.0,0.0,91,0.0
2023-05-22 06:00:00,0.336,24.0,0.0,91,0.013034273468149
2023-05-22 07:00:00,1.828,24.75,0.0,91,0.0746994017739581
2023-05-22 08:00:00,9.174833333333334,24.25,0.0,91,0.2048936754210382
2023-05-22 09:00:00,9.736666666666666,23.5,0.0,91,0.3385906855265299
2023-05-22 10:00:00,8.115333333333334,23.0,0.0,91,0.4407498305883163
2023-05-22 11:00:00,4.2475,21.5,0.0,91,0.5351400006938186
2023-05-22 12:00:00,9.858,18.25,0.0,91,0.5973187171088326
2023-05-22 13:00:00,12.473166666666666,19.0,0.0,91,0.6188772667778861
2023-05-22 14:00:00,6.374,19.0,0.0,91,0.6147936754145178
2023-05-22 15:00:00,7.947666666666667,18.5,0.0,91,0.607301881252191
2023-05-22 16:00:00,1.2333333333333334,18.25,0.0,91,0.5408902561155141
2023-05-22 17:00:00,2.517333333333333,20.75,0.0,91,0.5169035900148572
2023-05-22 18:00:00,5.104,21.75,0.0,91,0.1103803428421672
2023-05-22 19:00:00,0.3056666666666667,22.5,0.0,91,0.058880085252289
2023-05-22 20:00:00,1.840833333333333,24.0,0.0,91,0.0209682906030589
2023-05-22 21:00:00,1.3836666666666666,25.0,0.0,91,0.0002148717940729
2023-05-22 22:00:00,0.2001666666666667,24.75,0.0,91,0.0
2023-05-22 23:00:00,0.2005,24.5,0.0,91,0.0
2023-05-23 00:00:00,0.1998333333333333,20.5,0.0,91,0.0
2023-05-23 01:00:00,0.1999999999999999,18.0,0.0,91,0.0
2023-05-23 02:00:00,0.2001666666666667,18.75,0.0,91,0.0
2023-05-23 03:00:00,0.1999999999999999,19.0,0.0,91,0.0
2023-05-23 04:00:00,0.1998333333333333,18.0,0.0,91,0.0
2023-05-23 05:00:00,0.2158333333333333,18.0,0.0,91,0.0
2023-05-23 06:00:00,0.3608333333333333,19.75,0.0,91,0.0184054700310668
2023-05-23 07:00:00,8.902166666666666,20.5,0.0,91,0.0679088890043079
2023-05-23 08:00:00,7.839166666666666,20.25,0.0,91,0.2232346156519702
2023-05-23 09:00:00,4.880166666666667,20.0,0.0,91,0.3888921388805422
2023-05-23 10:00:00,7.828,19.75,0.0,91,0.5356608548938719
2023-05-23 11:00:00,9.421166666666666,19.0,0.0,91,0.6634305129091964
2023-05-23 12:00:00,8.819666666666667,18.5,0.0,91,0.6704170106415056
2023-05-23 13:00:00,9.418166666666666,16.75,0.0,91,0.6929414550259582
2023-05-23 14:00:00,9.032833333333333,15.25,0.0,91,0.7369317913870529
2023-05-23 15:00:00,1.1913333333333334,15.25,0.0,91,0.6884801730946604
2023-05-23 16:00:00,2.477,16.0,0.0,91,0.5106167524288864
2023-05-23 17:00:00,4.4155,16.25,0.0,91,0.3686112813052969
2023-05-23 18:00:00,0.6008333333333333,20.0,0.0,91,0.1378220513335659
2023-05-23 19:00:00,2.503,23.25,0.0,91,0.0676258116502028
2023-05-23 20:00:00,1.8465,25.5,0.0,91,0.0236300853786305
2023-05-23 21:00:00,5.0536666666666665,24.0,0.0,91,0.0002756410265643
2023-05-23 22:00:00,0.2013333333333333,22.5,0.0,91,0.0
2023-05-23 23:00:00,0.2018333333333333,24.25,0.0,91,0.0
2023-05-24 00:00:00,0.2023333333333333,25.5,0.0,91,0.0
2023-05-24 01:00:00,0.2019999999999999,26.25,0.0,91,0.0
2023-05-24 02:00:00,0.2026666666666666,26.0,0.0,91,0.0
2023-05-24 03:00:00,0.2021666666666667,21.75,0.0,91,0.0
2023-05-24 04:00:00,0.2019999999999999,21.5,0.0,91,0.0
2023-05-24 05:00:00,0.1995,21.0,0.0,91,0.0
2023-05-24 06:00:00,0.1976666666666666,22.0,0.0,91,0.0021579487188759
2023-05-24 07:00:00,0.605,23.75,0.0,91,0.0413586325828845
2023-05-24 08:00:00,2.5621666666666667,25.0,0.0,91,0.0535210255679921
2023-05-24 09:00:00,1.8643333333333332,26.0,0.0,91,0.0771888037624522
2023-05-24 10:00:00,1.7886666666666666,24.5,0.0,91,0.2004882051190759
2023-05-24 11:00:00,2.419666666666666,18.5,0.0,91,0.271359145987747
2023-05-24 12:00:00,0.7128333333333333,15.75,0.0,91,0.3000434194059453
2023-05-24 13:00:00,2.025333333333333,15.25,0.0,91,0.3038135032979851
2023-05-24 14:00:00,1.3271666666666666,15.25,0.0,91,0.4706024779621352
2023-05-24 15:00:00,0.0306666666666666,15.0,0.0,91,0.2986352138030223
2023-05-24 16:00:00,0.0348333333333333,15.75,0.0,91,0.2399300854022686
2023-05-24 17:00:00,0.0405,15.0,0.0,91,0.3763470080775074
2023-05-24 18:00:00,0.0381666666666666,18.75,0.0,91,0.2020422231234037
2023-05-24 19:00:00,0.0308333333333333,22.5,0.0,91,0.0768038459516997
2023-05-24 20:00:00,0.0266666666666666,22.5,0.0,91,0.0240688033491118
2023-05-24 21:00:00,0.0296666666666666,23.0,0.0,91,0.0008361538435913
2023-05-24 22:00:00,0.0366666666666666,21.75,0.0,91,0.0
2023-05-24 23:00:00,0.0426666666666666,22.75,0.0,91,0.0
2023-05-25 00:00:00,0.0378333333333333,25.0,0.0,91,0.0
2023-05-25 01:00:00,0.0306666666666666,26.0,0.0,91,0.0
2023-05-25 02:00:00,0.0268333333333333,25.75,0.0,91,0.0
2023-05-25 03:00:00,0.03,22.25,0.0,91,0.0
2023-05-25 04:00:00,0.0361666666666666,23.75,0.0,91,0.0
2023-05-25 05:00:00,0.0423333333333333,22.0,0.0,91,0.0
2023-05-25 06:00:00,0.0535,22.0,0.0,91,0.0076755555830577
2023-05-25 07:00:00,0.137,23.5,0.0,91,0.0388344446002927
2023-05-25 08:00:00,0.1755,24.75,0.0,91,0.0399506837893754
2023-05-25 09:00:00,0.2375,21.75,0.0,91,0.1338144441751333
2023-05-25 10:00:00,0.2463333333333333,16.0,0.0,91,0.2053215387132433
2023-05-25 11:00:00,0.2485,15.0,0.0,91,0.3594808549147386
2023-05-25 12:00:00,0.245,15.0,0.0,91,0.6082689758039947
2023-05-25 13:00:00,0.2385,15.0,0.0,91,0.68872316148546
2023-05-25 14:00:00,0.2351666666666666,15.0,0.0,91,0.7393269237290082
2023-05-25 15:00:00,0.236,16.5,0.0,91,0.683018547775399
2023-05-25 16:00:00,0.2286666666666666,16.25,0.0,91,0.5520660690568452
2023-05-25 17:00:00,0.236,17.0,0.0,91,0.2055499132270487
2023-05-25 18:00:00,0.2356666666666667,19.0,0.0,91,0.1427635042891543
2023-05-25 19:00:00,0.2278333333333333,22.5,0.0,91,0.1430032476604494
2023-05-25 20:00:00,0.2348333333333333,25.75,0.0,91,0.0233206837095765
2023-05-25 21:00:00,0.235,25.75,0.0,91,0.000544529919409
2023-05-25 22:00:00,0.2281666666666666,24.25,0.0,91,0.0
2023-05-25 23:00:00,0.2358333333333333,23.25,0.0,91,0.0
2023-05-26 00:00:00,0.236,23.0,0.0,91,0.0
2023-05-26 01:00:00,0.229,22.75,0.0,91,0.0
2023-05-26 02:00:00,0.2365,23.75,0.0,91,0.0
2023-05-26 03:00:00,0.2363333333333333,24.0,0.0,91,0.0
2023-05-26 04:00:00,0.2305,23.5,0.0,91,0.0
2023-05-26 05:00:00,0.2435,23.0,0.0,91,0.0
2023-05-26 06:00:00,0.3361666666666666,22.0,0.0,91,0.0177285470036614
2023-05-26 07:00:00,2.2285,22.75,0.0,91,0.0971541019586416
2023-05-26 08:00:00,7.1565,22.0,0.0,91,0.2713457264044346
2023-05-26 09:00:00,9.213666666666668,18.5,0.0,91,0.4243852977263622
2023-05-26 10:00:00,8.809,16.0,0.0,91,0.5490791431655232
2023-05-26 11:00:00,7.7655,14.25,0.0,91,0.6359940162071817
2023-05-26 12:00:00,3.8176666666666654,14.0,0.0,91,0.685450422498915
2023-05-26 13:00:00,8.968666666666666,14.5,0.0,91,0.7183770895411826
2023-05-26 14:00:00,8.158666666666667,14.0,0.0,91,0.7141164130838512
2023-05-26 15:00:00,9.0335,14.0,0.0,91,0.6682738494873048
2023-05-26 16:00:00,0.3666666666666667,14.0,0.0,91,0.590689912453676
2023-05-26 17:00:00,4.3515,14.25,0.0,91,0.4635975242679954
2023-05-26 18:00:00,0.205,19.25,0.0,91,0.3074547870342548
2023-05-26 19:00:00,0.1911666666666666,22.25,0.0,91,0.1622135895949143
2023-05-26 20:00:00,0.1986666666666666,24.75,0.0,91,0.0282778632946503
2023-05-26 21:00:00,0.1986666666666666,26.5,0.0,91,0.0006315384608191
2023-05-26 22:00:00,0.1929999999999999,26.0,0.0,91,0.0
2023-05-26 23:00:00,0.1968333333333333,26.0,0.0,91,0.0
2023-05-27 00:00:00,0.1986666666666666,24.25,0.0,91,0.0
2023-05-27 01:00:00,0.1959999999999999,24.0,0.0,91,0.0
2023-05-27 02:00:00,0.1935,24.25,0.0,91,0.0
2023-05-27 03:00:00,0.1979999999999999,26.75,0.0,91,0.0
2023-05-27 04:00:00,0.1983333333333333,27.25,0.0,91,0.0
2023-05-27 05:00:00,0.1916666666666666,27.75,0.0,91,0.0
2023-05-27 06:00:00,0.1988333333333333,27.75,0.0,91,0.0142869231461459
2023-05-27 07:00:00,0.2345,26.75,0.0,91,0.0715652989118527
2023-05-27 08:00:00,0.2195,21.0,0.0,91,0.2072945307870196
2023-05-27 09:00:00,0.217,18.25,0.0,91,0.3230067496014456
2023-05-27 10:00:00,0.2623333333333333,16.5,0.0,91,0.4191442760239299
2023-05-27 11:00:00,0.92,16.0,0.0,91,0.4859243611392811
2023-05-27 12:00:00,6.384,16.0,0.0,91,0.5173594861152847
2023-05-27 13:00:00,0.5023333333333334,8.25,0.0,91,0.5402233325925647
2023-05-27 14:00:00,4.4383333333333335,9.0,0.0,91,0.5394278658353365
2023-05-27 15:00:00,8.9665,9.0,0.0,91,0.4100288876916609
2023-05-27 16:00:00,0.313,16.0,0.0,91,0.3280896589491103
2023-05-27 17:00:00,0.3116666666666667,19.25,0.0,91,0.2522676917834159
2023-05-27 18:00:00,0.304,21.75,0.0,91,0.1759697441361908
2023-05-27 19:00:00,0.6106666666666666,25.0,0.0,91,0.1433771792028703
2023-05-27 20:00:00,4.697,25.0,0.0,91,0.0372111968505076
2023-05-27 21:00:00,0.8675,25.0,0.0,91,0.000736068373936
2023-05-27 22:00:00,0.2008333333333333,21.75,0.0,91,0.0
2023-05-27 23:00:00,0.2043333333333333,24.25,0.0,91,0.0
2023-05-28 00:00:00,0.2048333333333333,24.75,0.0,91,0.0
2023-05-28 01:00:00,0.1973333333333333,25.0,0.0,91,0.0
2023-05-28 02:00:00,0.2035,25.5,0.0,91,0.0
2023-05-28 03:00:00,0.2041666666666667,27.75,0.0,91,0.0
2023-05-28 04:00:00,0.1955,30.0,0.0,91,0.0
2023-05-28 05:00:00,0.2028333333333333,30.25,0.0,91,0.0
2023-05-28 06:00:00,0.2021666666666667,27.5,0.0,91,0.019169658045165
2023-05-28 07:00:00,0.1955,26.5,0.0,91,0.0620331626060681
2023-05-28 08:00:00,0.2086666666666666,20.25,0.0,91,0.2002119652837769
2023-05-28 09:00:00,3.5075000000000003,18.0,0.0,91,0.3245882040822608
2023-05-28 10:00:00,1.8828333333333331,18.25,0.0,91,0.4231329058785724
2023-05-28 11:00:00,1.1515,19.25,0.0,91,0.4873152988792484
2023-05-28 12:00:00,0.8328333333333333,19.0,0.0,91,0.5219389747554424
2023-05-28 13:00:00,0.798,19.75,0.0,91,0.5549901704706698
2023-05-28 14:00:00,3.6555,20.75,0.0,91,0.5707398282564603
2023-05-28 15:00:00,14.625166666666669,20.75,0.0,91,0.2483064964490059
2023-05-28 16:00:00,20.96133333333333,20.25,0.0,91,0.1508370937445224
2023-05-28 17:00:00,22.104333333333333,18.5,0.0,91,0.1471801714611868
2023-05-28 18:00:00,9.986666666666666,18.5,0.0,91,0.0301947864415681
2023-05-28 19:00:00,14.189,18.25,0.0,91,0.004046752139902
2023-05-28 20:00:00,21.38283333333333,20.0,0.0,91,0.0340317949474367
2023-05-28 21:00:00,18.503,20.75,0.0,91,0.0042497435862867
2023-05-28 22:00:00,2.0471666666666666,20.75,0.0,91,0.0
2023-05-28 23:00:00,0.2048333333333333,20.0,0.0,91,0.0
2023-05-29 00:00:00,0.2001666666666667,18.5,0.0,91,0.0
2023-05-29 01:00:00,0.2051666666666667,18.5,0.0,91,0.0
2023-05-29 02:00:00,0.2038333333333333,19.0,0.0,91,0.0
2023-05-29 03:00:00,0.1969999999999999,19.25,0.0,91,0.0
2023-05-29 04:00:00,0.2025,17.5,0.0,91,0.0
2023-05-29 05:00:00,0.2025,16.75,0.0,91,0.0
2023-05-29 06:00:00,3.2095,16.0,0.0,91,0.0146933333053548
2023-05-29 07:00:00,1.9565,16.0,0.0,91,0.0742588033024062
2023-05-29 08:00:00,1.9628333333333328,16.0,0.0,91,0.2064284616454034
2023-05-29 09:00:00,1.1326666666666665,16.5,0.0,91,0.3165162397857405
2023-05-29 10:00:00,0.48,17.25,0.0,91,0.4153533342149522
2023-05-29 11:00:00,1.6913333333333334,17.25,0.0,91,0.4870383766369943
2023-05-29 12:00:00,0.8043333333333332,16.5,0.0,91,0.5210510240864551
2023-05-29 13:00:00,1.6645,16.75,0.0,91,0.553952904725686
2023-05-29 14:00:00,0.2968333333333333,17.0,0.0,91,0.5383416252462272
2023-05-29 15:00:00,11.718166666666669,17.25,0.0,91,0.514573590205266
2023-05-29 16:00:00,7.286833333333333,17.5,0.0,91,0.3118358114845733
2023-05-29 17:00:00,0.2036666666666666,16.75,0.0,91,0.056955640703185
2023-05-29 18:00:00,0.2496666666666666,17.5,0.0,91,0.0097521367287024
2023-05-29 19:00:00,5.353000000000001,17.0,0.0,91,0.0039944444405726
2023-05-29 20:00:00,5.346333333333334,17.0,0.0,91,0.0068571794848156
2023-05-29 21:00:00,5.34,17.0,0.0,91,0.0003934188016379
2023-05-29 22:00:00,5.337,16.5,0.0,91,0.0
2023-05-29 23:00:00,5.329166666666667,16.0,0.0,91,0.0
2023-05-30 00:00:00,5.335833333333333,17.0,0.0,91,0.0
2023-05-30 01:00:00,1.6901666666666666,17.0,0.0,91,0.0
2023-05-30 02:00:00,0.1981666666666666,17.25,0.0,91,0.0
2023-05-30 03:00:00,0.2026666666666666,17.25,0.0,91,0.0
2023-05-30 04:00:00,0.2028333333333333,17.25,0.0,91,0.0
2023-05-30 05:00:00,0.2001666666666667,18.25,0.0,91,0.0
2023-05-30 06:00:00,0.1958333333333333,19.0,0.0,91,0.0165725641754957
2023-05-30 07:00:00,3.089833333333333,22.5,0.0,91,0.076674615297562
2023-05-30 08:00:00,5.3373333333333335,28.0,0.0,91,0.2039420512598804
2023-05-30 09:00:00,5.337833333333333,22.5,0.0,91,0.3954385467268463
2023-05-30 10:00:00,5.349,19.25,0.0,91,0.5375156409108743
2023-05-30 11:00:00,5.343333333333334,19.0,0.0,91,0.5653151265983908
2023-05-30 12:00:00,5.331166666666667,18.0,0.0,91,0.6005208542000535
2023-05-30 13:00:00,3.5795,16.25,0.0,91,0.7009821371746882
2023-05-30 14:00:00,5.2875000000000005,16.25,0.0,91,0.6997997446956795
2023-05-30 15:00:00,16.551666666666666,16.5,0.0,91,0.6755243585048581
2023-05-30 16:00:00,15.249666666666664,17.0,0.0,91,0.5895191453460953
2023-05-30 17:00:00,15.436833333333333,17.0,0.0,91,0.4696339305649455
2023-05-30 18:00:00,15.8175,17.0,0.0,91,0.3485765809279222
2023-05-30 19:00:00,8.0925,16.75,0.0,91,0.1326203414721367
2023-05-30 20:00:00,6.800999999999999,17.25,0.0,91,0.0303694018033834
2023-05-30 21:00:00,5.4816666666666665,17.25,0.0,91,0.0010082906041628
2023-05-30 22:00:00,4.423166666666666,17.0,0.0,91,0.0
2023-05-30 23:00:00,0.2501666666666667,17.0,0.0,91,0.0
2023-05-31 00:00:00,0.1919999999999999,17.0,0.0,91,0.0
2023-05-31 01:00:00,0.1919999999999999,17.0,0.0,91,0.0
2023-05-31 02:00:00,0.1911666666666666,17.0,0.0,91,0.0
2023-05-31 03:00:00,0.1841666666666666,18.5,0.0,91,0.0
2023-05-31 04:00:00,0.1896666666666666,19.75,0.0,91,0.0
2023-05-31 05:00:00,1.3541666666666667,20.0,0.0,91,0.0
2023-05-31 06:00:00,0.8133333333333334,19.75,0.0,91,0.016338119606177
2023-05-31 07:00:00,0.2025,19.25,0.0,91,0.1210599999957614
2023-05-31 08:00:00,0.1886666666666666,21.5,0.0,91,0.1569856412186582
2023-05-31 09:00:00,0.1846666666666666,21.75,0.0,91,0.1581187181391267
2023-05-31 10:00:00,0.1859999999999999,21.75,0.0,91,0.2197068372547117
2023-05-31 11:00:00,0.2053333333333333,17.75,0.0,91,0.3181263250367254
2023-05-31 12:00:00,1.9615,16.25,0.0,91,0.3427854681422568
2023-05-31 13:00:00,9.533333333333331,15.75,0.0,91,0.4442059808714777
2023-05-31 14:00:00,8.639666666666667,14.0,0.0,91,0.4991464112762715
2023-05-31 15:00:00,20.181,14.0,0.0,91,0.3913195732312324
2023-05-31 16:00:00,19.728666666666665,14.75,0.0,91,0.4477537592048318
2023-05-31 17:00:00,6.1401666666666666,14.75,0.0,91,0.1881863253340761
2023-05-31 18:00:00,0.1928333333333333,19.5,0.0,91,0.027385726484478
2023-05-31 19:00:00,0.1896666666666666,22.0,0.0,91,0.049137607069097
2023-05-31 20:00:00,0.1856666666666666,23.0,0.0,91,0.0067479487463959
2023-05-31 21:00:00,0.1906666666666666,23.25,0.0,91,0.00051641025672
2023-05-31 22:00:00,0.1895,23.25,0.0,91,0.0
2023-05-31 23:00:00,0.1845,26.25,0.0,91,0.0
2023-06-01 00:00:00,0.1893333333333333,25.75,0.0,91,0.0
2023-06-01 01:00:00,0.1889999999999999,24.0,0.0,91,0.0
2023-06-01 02:00:00,0.1836666666666666,23.0,0.0,91,0.0
2023-06-01 03:00:00,0.1891666666666666,22.0,0.0,91,0.0
2023-06-01 04:00:00,0.1895,24.5,0.0,91,0.0
2023-06-01 05:00:00,0.1885,27.0,0.0,91,8.641025576836017e-05
2023-06-01 06:00:00,0.1855,26.0,0.0,91,0.0210595726100807
2023-06-01 07:00:00,0.1926666666666666,24.0,0.0,91,0.1049061534751174
2023-06-01 08:00:00,0.1915,25.0,0.0,91,0.2852488904121594
2023-06-01 09:00:00,0.1849999999999999,21.0,0.0,91,0.4318772666474693
2023-06-01 10:00:00,0.1911666666666666,18.0,0.0,91,0.5557029913225747
2023-06-01 11:00:00,0.1901666666666666,16.5,0.0,91,0.6370745295337126
2023-06-01 12:00:00,0.1906666666666666,16.0,0.0,91,0.6620488892253651
2023-06-01 13:00:00,0.1841666666666666,16.75,0.0,91,0.5109134171966814
2023-06-01 14:00:00,0.1895,17.0,0.0,91,0.6105337583101712
2023-06-01 15:00:00,0.2063333333333333,16.75,0.0,91,0.7205959802611266
2023-06-01 16:00:00,7.216,17.0,0.0,91,0.5959014533931374
2023-06-01 17:00:00,10.631833333333336,17.0,0.0,91,0.4945140176756764
2023-06-01 18:00:00,3.8775,21.25,0.0,91,0.3245713688777043
2023-06-01 19:00:00,1.8138333333333327,23.0,0.0,91,0.1581090610862797
2023-06-01 20:00:00,0.2015,23.0,0.0,91,0.0427400858993204
2023-06-01 21:00:00,0.1918333333333333,23.0,0.0,91,0.0020961538320168
2023-06-01 22:00:00,0.1919999999999999,21.0,0.0,91,0.0
2023-06-01 23:00:00,0.1845,22.5,0.0,91,0.0
2023-06-02 00:00:00,0.1901666666666666,22.25,0.0,91,0.0
2023-06-02 01:00:00,0.1903333333333333,21.5,0.0,91,0.0
2023-06-02 02:00:00,0.1886666666666666,25.25,0.0,91,0.0
2023-06-02 03:00:00,0.1829999999999999,28.0,0.0,91,0.0
2023-06-02 04:00:00,0.1888333333333333,28.0,0.0,91,0.0
2023-06-02 05:00:00,0.1883333333333333,27.5,0.0,91,1.1794871499395811e-05
2023-06-02 06:00:00,0.1813333333333333,26.25,0.0,91,0.0193590597477224
2023-06-02 07:00:00,0.1883333333333333,27.5,0.0,91,0.0977941870485615
2023-06-02 08:00:00,0.1893333333333333,29.0,0.0,91,0.2709282909295497
2023-06-02 09:00:00,0.1835,29.0,0.0,91,0.4072766674074352
2023-06-02 10:00:00,0.1868333333333333,24.0,0.0,91,0.5284852978306956
2023-06-02 11:00:00,0.1883333333333333,16.75,0.0,91,0.6325337590926733
2023-06-02 12:00:00,0.1879999999999999,15.25,0.0,91,0.7077803404718384
2023-06-02 13:00:00,0.1829999999999999,15.75,0.0,91,0.7265870027460607
2023-06-02 14:00:00,0.1858333333333333,16.0,0.0,91,0.6218532474224385
2023-06-02 15:00:00,0.1876666666666666,16.0,0.0,91,0.6889815384302383
2023-06-02 16:00:00,0.1875,16.0,0.0,91,0.1057769227639222
2023-06-02 17:00:00,0.1803333333333333,20.25,0.0,91,0.0216219658525581
2023-06-02 18:00:00,0.1868333333333333,27.0,0.0,91,0.0222688888688372
2023-06-02 19:00:00,0.1869999999999999,29.0,0.0,91,0.0059727350717935
2023-06-02 20:00:00,0.1801666666666666,30.75,0.0,91,0.0026548718064864
2023-06-02 21:00:00,0.1866666666666666,30.5,0.0,91,0.0
2023-06-02 22:00:00,0.1868333333333333,30.0,0.0,91,0.0
2023-06-02 23:00:00,0.1823333333333333,30.25,0.0,91,0.0
2023-06-03 00:00:00,0.1855,29.75,0.0,91,0.0
2023-06-03 01:00:00,0.1881666666666666,30.0,0.0,91,0.0
2023-06-03 02:00:00,0.1873333333333333,29.0,0.0,91,0.0
2023-06-03 03:00:00,0.1821666666666666,25.0,0.0,91,0.0
2023-06-03 04:00:00,0.1879999999999999,22.0,0.0,91,0.0
2023-06-03 05:00:00,0.1875,21.5,0.0,91,6.717948672863159e-05
2023-06-03 06:00:00,0.1809999999999999,21.75,0.0,91,0.0205133333216365
2023-06-03 07:00:00,0.1883333333333333,20.0,0.0,91,0.0957297436803834
2023-06-03 08:00:00,0.1883333333333333,18.0,0.0,91,0.2480198281443017
2023-06-03 09:00:00,0.1938333333333333,18.0,0.0,91,0.3537283768613116
2023-06-03 10:00:00,0.2608333333333333,15.75,0.0,91,0.5070696607410398
2023-06-03 11:00:00,0.2228333333333333,15.0,0.0,91,0.642793761033278
2023-06-03 12:00:00,0.2145,15.5,0.0,91,0.6676998281886434
2023-06-03 13:00:00,0.1813333333333333,16.0,0.0,91,0.3839975210336538
2023-06-03 14:00:00,0.1871666666666666,17.0,0.0,91,0.4994145287407767
2023-06-03 15:00:00,0.1876666666666666,16.5,0.0,91,0.7222962390867053
2023-06-03 16:00:00,0.9383333333333334,15.25,0.0,91,0.4690007697211373
2023-06-03 17:00:00,3.675166666666667,15.0,0.0,91,0.1566276070195385
2023-06-03 18:00:00,7.681,17.75,0.0,91,0.0342941879207252
2023-06-03 19:00:00,13.945666666666668,23.5,0.0,91,0.0058159828695476
2023-06-03 20:00:00,11.699666666666666,25.25,0.0,91,0.0016390598246143
2023-06-03 21:00:00,0.1945,25.25,0.0,91,0.0
2023-06-03 22:00:00,0.1921666666666666,23.75,0.0,91,0.0
2023-06-03 23:00:00,0.1841666666666666,23.25,0.0,91,0.0
2023-06-04 00:00:00,0.1909999999999999,23.5,0.0,91,0.0
2023-06-04 01:00:00,0.1888333333333333,24.5,0.0,91,0.0
2023-06-04 02:00:00,0.1866666666666666,25.5,0.0,91,0.0
2023-06-04 03:00:00,0.1856666666666666,22.5,0.0,91,0.0
2023-06-04 04:00:00,0.1883333333333333,21.5,0.0,91,0.0
2023-06-04 05:00:00,0.1876666666666666,20.0,0.0,91,0.0
2023-06-04 06:00:00,0.307,19.0,0.0,91,0.0179342735183035
2023-06-04 07:00:00,6.795833333333333,19.0,0.0,91,0.0683860684256268
2023-06-04 08:00:00,23.83366666666667,19.0,0.0,91,0.2393288889501848
2023-06-04 09:00:00,17.769333333333332,16.5,0.0,91,0.2878007689908019
2023-06-04 10:00:00,0.214,16.25,0.0,91,0.4055723108796992
2023-06-04 11:00:00,0.1933333333333333,16.0,0.0,91,0.5696764954134951
2023-06-04 12:00:00,0.1928333333333333,16.0,0.0,91,0.7072030783107142
2023-06-04 13:00:00,0.1876666666666666,16.0,0.0,91,0.7346364939110914
2023-06-04 14:00:00,0.1881666666666666,17.0,0.0,91,0.748727264404297
2023-06-04 15:00:00,1.1828333333333334,17.0,0.0,91,0.6319994018424269
2023-06-04 16:00:00,4.273833333333333,16.0,0.0,91,0.5874002587082042
2023-06-04 17:00:00,8.695833333333333,15.75,0.0,91,0.2846501704158946
2023-06-04 18:00:00,16.443,21.25,0.0,91,0.1468832480601775
2023-06-04 19:00:00,13.649666666666668,27.25,0.0,91,0.0090651282782738
2023-06-04 20:00:00,10.001666666666669,30.0,0.0,91,0.0003052136736611
2023-06-04 21:00:00,0.2278333333333333,31.0,0.0,91,0.0
2023-06-04 22:00:00,0.1883333333333333,30.5,0.0,91,0.0
2023-06-04 23:00:00,0.1895,30.5,0.0,91,0.0
2023-06-05 00:00:00,0.1896666666666666,31.25,0.0,91,0.0
2023-06-05 01:00:00,0.1828333333333333,30.75,0.0,91,0.0
2023-06-05 02:00:00,0.1891666666666666,30.0,0.0,91,0.0
2023-06-05 03:00:00,0.1899999999999999,31.5,0.0,91,0.0
2023-06-05 04:00:00,0.1831666666666666,29.75,0.0,91,0.0
2023-06-05 05:00:00,0.1939999999999999,29.75,0.0,91,0.0
2023-06-05 06:00:00,0.3046666666666667,33.0,0.0,91,0.013317777715687
2023-06-05 07:00:00,4.402,37.5,0.0,91,0.0592688886935894
2023-06-05 08:00:00,23.81983333333333,37.75,0.0,91,0.2266036737882174
2023-06-05 09:00:00,23.85533333333333,35.25,0.0,91,0.4414424778864934
2023-06-05 10:00:00,23.8785,31.0,0.0,91,0.5575218774518397
2023-06-05 11:00:00,23.883166666666668,31.0,0.0,91,0.6418061535175031
2023-06-05 12:00:00,23.878,28.5,0.0,91,0.7135244437975765
2023-06-05 13:00:00,23.873666666666665,26.25,0.0,91,0.6260179438142696
2023-06-05 14:00:00,17.407,27.5,0.0,91,0.6964668355436409
2023-06-05 15:00:00,0.3751666666666666,29.0,0.0,91,0.6897392351199422
2023-06-05 16:00:00,2.5578333333333334,32.25,0.0,91,0.6350717117439989
2023-06-05 17:00:00,5.1355,32.25,0.0,91,0.5048735890836797
2023-06-05 18:00:00,8.722166666666666,30.25,0.0,91,0.3446782928858048
2023-06-05 19:00:00,14.969666666666669,30.25,0.0,91,0.1686876062246469
2023-06-05 20:00:00,21.763166666666667,31.25,0.0,91,0.0391585469449687
2023-06-05 21:00:00,10.051666666666668,32.25,0.0,91,0.0020522222197495
2023-06-05 22:00:00,1.973833333333333,32.0,0.0,91,0.0
2023-06-05 23:00:00,0.0,32.0,0.0,91,0.0
2023-06-06 00:00:00,0.0,32.0,0.0,91,0.0
2023-06-06 01:00:00,0.0,34.25,0.0,91,0.0
2023-06-06 02:00:00,0.0,30.75,0.0,91,0.0
2023-06-06 03:00:00,0.0,28.5,0.0,91,0.0
2023-06-06 04:00:00,0.0,28.0,0.0,91,0.0
2023-06-06 05:00:00,0.0484999999999999,28.25,0.0,91,0.0001040170933955
2023-06-06 06:00:00,0.2668333333333333,33.25,0.0,91,0.0201913675640383
2023-06-06 07:00:00,16.246666666666666,34.25,0.0,91,0.1065133340134579
2023-06-06 08:00:00,23.844166666666663,34.5,0.0,91,0.2776617086035574
2023-06-06 09:00:00,23.878500000000003,34.5,0.0,91,0.433438971103766
2023-06-06 10:00:00,23.888,35.25,0.0,91,0.5421282887255024
2023-06-06 11:00:00,23.9005,34.25,0.0,91,0.6408972663553355
2023-06-06 12:00:00,23.915166666666664,32.25,0.0,91,0.7019739265115851
2023-06-06 13:00:00,12.242833333333332,30.25,0.0,91,0.7431901758960177
2023-06-06 14:00:00,0.3623333333333333,31.25,0.0,91,0.6858396637745396
2023-06-06 15:00:00,0.24,31.75,0.0,91,0.6656884648249705
2023-06-06 16:00:00,0.8943333333333333,33.0,0.0,91,0.5897506003094536
2023-06-06 17:00:00,1.8146666666666669,34.0,0.0,91,0.4163988028632271
2023-06-06 18:00:00,0.1963333333333333,34.5,0.0,91,0.2149685476580236
2023-06-06 19:00:00,0.1953333333333333,36.0,0.0,91,0.1364302564278627
2023-06-06 20:00:00,0.1879999999999999,36.0,0.0,91,0.0527281192021492
2023-06-06 21:00:00,0.1948333333333333,36.0,0.0,91,0.0037800854956333
2023-06-06 22:00:00,0.1945,35.75,0.0,91,0.0
2023-06-06 23:00:00,0.1866666666666666,36.25,0.0,91,0.0
2023-06-07 00:00:00,0.1935,34.75,0.0,91,0.0
2023-06-07 01:00:00,0.1946666666666666,33.25,0.0,91,0.0
2023-06-07 02:00:00,0.1911666666666666,35.5,0.0,91,0.0
2023-06-07 03:00:00,0.1895,38.75,0.0,91,0.0
2023-06-07 04:00:00,0.1939999999999999,38.75,0.0,91,0.0
2023-06-07 05:00:00,0.1945,38.5,0.0,91,1.0769230942440855e-05
2023-06-07 06:00:00,0.1871666666666666,38.25,0.0,91,0.0225408546486471
2023-06-07 07:00:00,0.1938333333333333,39.25,0.0,91,0.1044882052168887
2023-06-07 08:00:00,0.1933333333333333,38.5,0.0,91,0.2697372654971913
2023-06-07 09:00:00,0.1888333333333333,36.5,0.0,91,0.4256899131057609
2023-06-07 10:00:00,0.1918333333333333,34.0,0.0,91,0.570834870297685
2023-06-07 11:00:00,0.1953333333333333,31.25,0.0,91,0.6638778588710684
2023-06-07 12:00:00,0.1946666666666666,30.0,0.0,91,0.7261740151429791
2023-06-07 13:00:00,0.1869999999999999,29.0,0.0,91,0.6887861502883781
2023-06-07 14:00:00,0.1943333333333333,28.5,0.0,91,0.657310683095557
2023-06-07 15:00:00,0.1941666666666666,27.0,0.0,91,0.7098937623113649
2023-06-07 16:00:00,0.1868333333333333,28.0,0.0,91,0.5957881210196734
2023-06-07 17:00:00,0.1935,29.0,0.0,91,0.3176245324224488
2023-06-07 18:00:00,0.1936666666666666,29.75,0.0,91,0.0834211963262313
2023-06-07 19:00:00,0.1926666666666666,34.5,0.0,91,0.1474426505096957
2023-06-07 20:00:00,0.1898333333333333,35.0,0.0,91,0.0446694016456604
2023-06-07 21:00:00,0.1959999999999999,35.75,0.0,91,0.0017685470124308
2023-06-07 22:00:00,0.1968333333333333,36.0,0.0,91,0.0
2023-06-07 23:00:00,0.1983333333333333,35.75,0.0,91,0.0
2023-06-08 00:00:00,0.1913333333333333,36.75,0.0,91,0.0
2023-06-08 01:00:00,0.1983333333333333,38.0,0.0,91,0.0
2023-06-08 02:00:00,0.1986666666666666,40.5,0.0,91,0.0
2023-06-08 03:00:00,0.1933333333333333,39.25,0.0,91,0.0
2023-06-08 04:00:00,0.1975,36.0,0.0,91,0.0
2023-06-08 05:00:00,0.1981666666666666,36.0,0.0,91,4.564102643575419e-05
2023-06-08 06:00:00,0.1969999999999999,31.5,0.0,91,0.0164954700072606
2023-06-08 07:00:00,0.1901666666666666,30.75,0.0,91,0.0953538456533709
2023-06-08 08:00:00,0.1978333333333333,31.5,0.0,91,0.2335531625992212
2023-06-08 09:00:00,2.258,30.5,0.0,91,0.4284536795330863
2023-06-08 10:00:00,6.669999999999999,22.25,0.0,91,0.5577489751832101
2023-06-08 11:00:00,10.936,17.5,0.0,91,0.6684124788463625
2023-06-08 12:00:00,18.304,19.0,0.0,91,0.486118634215787
2023-06-08 13:00:00,18.18533333333333,20.75,0.0,91,0.6581741926405169
2023-06-08 14:00:00,0.2088333333333333,16.75,0.0,91,0.6437319695236335
2023-06-08 15:00:00,0.2029999999999999,17.25,0.0,91,0.4129145266867092
2023-06-08 16:00:00,0.2015,18.25,0.0,91,0.5378741024702027
2023-06-08 17:00:00,0.1935,23.75,0.0,91,0.372801282181699
2023-06-08 18:00:00,0.1989999999999999,30.0,0.0,91,0.2417780339819753
2023-06-08 19:00:00,0.1995,31.75,0.0,91,0.1206471792041745
2023-06-08 20:00:00,0.1996666666666666,35.75,0.0,91,0.0350395726342486
2023-06-08 21:00:00,0.1925,38.5,0.0,91,0.0009629914693486
2023-06-08 22:00:00,0.1986666666666666,34.5,0.0,91,0.0
2023-06-08 23:00:00,0.1985,35.25,0.0,91,0.0
2023-06-09 00:00:00,0.1919999999999999,40.75,0.0,91,0.0
2023-06-09 01:00:00,0.1981666666666666,34.0,0.0,91,0.0
2023-06-09 02:00:00,0.1993333333333333,34.5,0.0,91,0.0
2023-06-09 03:00:00,0.1985,35.0,0.0,91,0.0
2023-06-09 04:00:00,0.1906666666666666,35.75,0.0,91,0.0
2023-06-09 05:00:00,0.1976666666666666,36.0,0.0,91,0.0002145299111676
2023-06-09 06:00:00,0.1973333333333333,35.25,0.0,91,0.0306364955504735
2023-06-09 07:00:00,0.1909999999999999,34.25,0.0,91,0.0679120516980815
2023-06-09 08:00:00,0.1971666666666666,33.5,0.0,91,0.0754634188790606
2023-06-09 09:00:00,0.1985,33.5,0.0,91,0.1177788031814444
2023-06-09 10:00:00,0.1969999999999999,33.25,0.0,91,0.1859442730439015
2023-06-09 11:00:00,0.1929999999999999,33.0,0.0,91,0.1645145303775103
2023-06-09 12:00:00,0.1979999999999999,30.75,0.0,91,0.1777617961524898
2023-06-09 13:00:00,0.1969999999999999,27.75,0.0,91,0.149851196484688
2023-06-09 14:00:00,0.1895,21.0,0.0,91,0.130434016855354
2023-06-09 15:00:00,0.1965,20.75,0.0,91,0.1484465814248109
2023-06-09 16:00:00,0.1965,22.25,0.0,91,0.1448193160489074
2023-06-09 17:00:00,0.1921666666666666,26.75,0.0,91,0.1287355551760421
2023-06-09 18:00:00,0.1933333333333333,32.0,0.0,91,0.1203327347682072
2023-06-09 19:00:00,0.1968333333333333,32.0,0.0,91,0.0565000852356609
2023-06-09 20:00:00,0.1966666666666666,32.25,0.0,91,0.0143425639827027
2023-06-09 21:00:00,0.1895,30.5,0.0,91,8.803418813607642e-06
2023-06-09 22:00:00,0.1965,30.5,0.0,91,0.0
2023-06-09 23:00:00,0.1968333333333333,31.75,0.0,91,0.0
2023-06-10 00:00:00,0.1915,30.75,0.0,91,0.0
2023-06-10 01:00:00,0.1969999999999999,30.0,0.0,91,0.0
2023-06-10 02:00:00,0.1981666666666666,20.0,0.0,91,0.0
2023-06-10 03:00:00,0.1979999999999999,17.25,0.0,91,0.0
2023-06-10 04:00:00,0.1899999999999999,17.5,0.0,91,0.0
2023-06-10 05:00:00,0.1965,18.0,0.0,91,0.0
2023-06-10 06:00:00,0.1959999999999999,18.0,0.0,91,0.0186111965508033
2023-06-10 07:00:00,0.1886666666666666,17.25,0.0,91,0.053540085605067
2023-06-10 08:00:00,0.2166666666666666,17.0,0.0,91,0.1601899143773266
2023-06-10 09:00:00,0.1788333333333333,16.25,0.0,91,0.2777672655154497
2023-06-10 10:00:00,0.1716666666666666,14.0,0.0,91,0.5269906844440689
2023-06-10 11:00:00,0.1968333333333333,13.0,0.0,91,0.6242470941788111
2023-06-10 12:00:00,0.1953333333333333,12.75,0.0,91,0.7283461533244859
2023-06-10 13:00:00,0.1929999999999999,13.0,0.0,91,0.6273906016553569
2023-06-10 14:00:00,0.272,13.75,0.0,91,0.5126362414237781
2023-06-10 15:00:00,0.3741666666666667,14.0,0.0,91,0.7278612766102849
2023-06-10 16:00:00,0.3078333333333333,13.5,0.0,91,0.6749220536712908
2023-06-10 17:00:00,4.832166666666667,13.25,0.0,91,0.4983152125431943
2023-06-10 18:00:00,2.490833333333333,16.5,0.0,91,0.1795982055990105
2023-06-10 19:00:00,0.3135,23.0,0.0,91,0.0708764960623195
2023-06-10 20:00:00,2.022333333333333,24.25,0.0,91,0.0477120513793749
2023-06-10 21:00:00,3.600166666666667,25.0,0.0,91,0.0036260683723112
2023-06-10 22:00:00,2.601166666666667,24.25,0.0,91,0.0
2023-06-10 23:00:00,0.2236666666666666,24.0,0.0,91,0.0
2023-06-11 00:00:00,0.1999999999999999,24.25,0.0,91,0.0
2023-06-11 01:00:00,0.2025,17.5,0.0,91,0.0
2023-06-11 02:00:00,0.2031666666666667,15.75,0.0,91,0.0
2023-06-11 03:00:00,0.2025,13.25,0.0,91,0.0
2023-06-11 04:00:00,0.1948333333333333,13.75,0.0,91,0.0
2023-06-11 05:00:00,0.2019999999999999,14.0,0.0,91,0.0002932478665796
2023-06-11 06:00:00,0.2015,14.0,0.0,91,0.0245688034734155
2023-06-11 07:00:00,0.1966666666666666,13.75,0.0,91,0.0942029057201157
2023-06-11 08:00:00,1.2735,13.0,0.0,91,0.1883528197524894
2023-06-11 09:00:00,0.002,13.0,0.0,91,0.259012819273859
2023-06-11 10:00:00,0.0,13.0,0.0,91,0.5666720541929589
2023-06-11 11:00:00,0.5705,13.0,0.0,91,0.5759676061124883
2023-06-11 12:00:00,9.154000000000002,12.25,0.0,91,0.6879176069732408
2023-06-11 13:00:00,4.928,12.5,0.0,91,0.7522129039275339
2023-06-11 14:00:00,5.811833333333333,13.0,0.0,91,0.7488228183322484
2023-06-11 15:00:00,4.408166666666666,13.5,0.0,91,0.6822709414490272
2023-06-11 16:00:00,1.338666666666667,13.75,0.0,91,0.5286966643374194
2023-06-11 17:00:00,2.0418333333333334,12.75,0.0,91,0.1201180336618016
2023-06-11 18:00:00,4.8585,16.0,0.0,91,0.0240576067948952
2023-06-11 19:00:00,1.9423333333333328,24.25,0.0,91,0.0673989743452805
2023-06-11 20:00:00,5.159,28.25,0.0,91,0.0908350426519019
2023-06-11 21:00:00,10.248166666666668,30.5,0.0,91,0.0032897435778226
2023-06-11 22:00:00,19.093166666666665,30.0,0.0,91,0.0
2023-06-11 23:00:00,1.100833333333333,29.75,0.0,91,0.0
2023-06-12 00:00:00,2.59,30.25,0.0,91,0.0
2023-06-12 01:00:00,0.0,28.25,0.0,91,0.0
2023-06-12 02:00:00,0.0,28.25,0.0,91,0.0
2023-06-12 03:00:00,0.0,28.75,0.0,91,0.0
2023-06-12 04:00:00,0.0,29.0,0.0,91,0.0
2023-06-12 05:00:00,0.0,29.5,0.0,91,0.0
2023-06-12 06:00:00,0.0,30.0,0.0,91,0.0251124786439105
2023-06-12 07:00:00,0.5256666666666666,29.0,0.0,91,0.0901925639617137
2023-06-12 08:00:00,3.938833333333333,28.0,0.0,91,0.1934565804962419
2023-06-12 09:00:00,3.7465,27.25,0.0,91,0.4719477739904681
2023-06-12 10:00:00,3.749333333333334,23.75,0.0,91,0.5579951261862733
2023-06-12 11:00:00,6.746,20.5,0.0,91,0.6417320492736296
2023-06-12 12:00:00,3.9555,16.0,0.0,91,0.6938670929476749
2023-06-12 13:00:00,1.9643333333333333,13.5,0.0,91,0.7351947021484376
2023-06-12 14:00:00,2.214,14.25,0.0,91,0.267612991333008
2023-06-12 15:00:00,4.2495,13.25,0.0,91,0.2227578634278387
2023-06-12 16:00:00,10.9405,14.0,0.0,91,0.2599511963281876
2023-06-12 17:00:00,10.254666666666669,19.0,0.0,91,0.2954232455522586
2023-06-12 18:00:00,5.0875,27.0,0.0,91,0.1387719664614425
2023-06-12 19:00:00,0.0815,36.25,0.0,91,0.0290256408748463
2023-06-12 20:00:00,0.0736666666666666,37.75,0.0,91,0.0030458119664038
2023-06-12 21:00:00,0.0798333333333333,39.25,0.0,91,0.0
2023-06-12 22:00:00,0.0731666666666666,35.0,0.0,91,0.0
2023-06-12 23:00:00,1.0605,37.0,0.0,91,0.0
2023-06-13 00:00:00,5.146333333333334,41.5,0.0,91,0.0
2023-06-13 01:00:00,12.922,42.75,0.0,91,0.0
2023-06-13 02:00:00,7.471833333333333,42.25,0.0,91,0.0
2023-06-13 03:00:00,4.5775,33.0,0.0,91,0.0
2023-06-13 04:00:00,0.0,32.5,0.0,91,0.0
2023-06-13 05:00:00,0.0,32.75,0.0,91,0.0
2023-06-13 06:00:00,0.0,32.0,0.0,91,0.010114444418468
2023-06-13 07:00:00,0.0766666666666666,34.5,0.0,91,0.0491870938610826
2023-06-13 08:00:00,5.464,35.75,0.0,91,0.2186984609946227
2023-06-13 09:00:00,0.0683333333333333,34.5,0.0,91,0.2379442736633822
2023-06-13 10:00:00,0.0706666666666666,33.0,0.0,91,0.1497769231877775
2023-06-13 11:00:00,4.029,26.25,0.0,91,0.4743156387459519
2023-06-13 12:00:00,2.746333333333333,17.25,0.0,91,0.4502946165688017
2023-06-13 13:00:00,2.9726666666666666,17.0,0.0,91,0.5782996596637955
2023-06-13 14:00:00,3.4168333333333334,17.0,0.0,91,0.6956960661798461
2023-06-13 15:00:00,1.5123333333333335,17.75,0.0,91,0.3498971795628213
2023-06-13 16:00:00,0.5163333333333333,26.5,0.0,91,0.4017176919920834
2023-06-13 17:00:00,2.7686666666666664,39.75,0.0,91,0.1725169219318618
2023-06-13 18:00:00,4.917666666666666,43.25,0.0,91,0.022810085390368
2023-06-13 19:00:00,3.578,35.25,0.0,91,0.009232222259554
2023-06-13 20:00:00,0.3691666666666666,35.5,0.0,91,0.0050799999924169
2023-06-13 21:00:00,0.1453333333333333,36.0,0.0,91,1.40170940858686e-05
2023-06-13 22:00:00,3.358,35.75,0.0,91,0.0
2023-06-13 23:00:00,2.644,33.75,0.0,91,0.0
2023-06-14 00:00:00,0.453,34.5,0.0,91,0.0
2023-06-14 01:00:00,0.0,36.25,0.0,91,0.0
2023-06-14 02:00:00,0.0,39.75,0.0,91,0.0
2023-06-14 03:00:00,0.0,40.75,0.0,91,0.0
2023-06-14 04:00:00,0.0,38.0,0.0,91,0.0
2023-06-14 05:00:00,0.0,36.5,0.0,91,0.000164102565529
2023-06-14 06:00:00,0.0,34.5,0.0,91,0.0172272650044188
2023-06-14 07:00:00,0.0,35.0,0.0,91,0.034912222267216
2023-06-14 08:00:00,0.0,37.25,0.0,91,0.1207046997037708
2023-06-14 09:00:00,0.707,37.75,0.0,91,0.2338687172914162
2023-06-14 10:00:00,4.840166666666667,35.75,0.0,91,0.5877067520272021
2023-06-14 11:00:00,10.525166666666664,33.0,0.0,91,0.6446558106251251
2023-06-14 12:00:00,22.22266666666667,32.25,0.0,91,0.6973690600272937
2023-06-14 13:00:00,0.3921666666666667,32.5,0.0,91,0.7544032489744007
2023-06-14 14:00:00,2.6256666666666666,33.0,0.0,91,0.7506051257532886
2023-06-14 15:00:00,1.6616666666666668,32.75,0.0,91,0.6906318821051182
2023-06-14 16:00:00,3.301166666666667,33.25,0.0,91,0.5563193202222517
2023-06-14 17:00:00,3.5423333333333336,34.0,0.0,91,0.4976940174591845
2023-06-14 18:00:00,3.6705,35.25,0.0,91,0.3367010243733724
2023-06-14 19:00:00,2.673833333333333,36.75,0.0,91,0.1669771793561104
2023-06-14 20:00:00,2.8125,37.75,0.0,91,0.0297789743211534
2023-06-14 21:00:00,2.038,38.5,0.0,91,0.0025190598203633
2023-06-14 22:00:00,3.5501666666666662,46.0,0.0,91,0.0
2023-06-14 23:00:00,0.146,41.75,0.0,91,0.0
2023-06-15 00:00:00,4.889833333333334,32.0,0.0,91,0.0
2023-06-15 01:00:00,0.418,35.25,0.0,91,0.0
2023-06-15 02:00:00,0.0,40.25,0.0,91,0.0
2023-06-15 03:00:00,0.0,41.0,0.0,91,0.0
2023-06-15 04:00:00,0.0,41.25,0.0,91,0.0
2023-06-15 05:00:00,0.0,40.5,0.0,91,0.0002621367535529
2023-06-15 06:00:00,0.0,40.5,0.0,91,0.0201637605978892
2023-06-15 07:00:00,1.8478333333333328,38.25,0.0,91,0.1112010259302253
2023-06-15 08:00:00,6.926166666666667,37.5,0.0,91,0.2894374374650483
2023-06-15 09:00:00,13.3875,35.75,0.0,91,0.4218230780577048
2023-06-15 10:00:00,13.423666666666668,33.75,0.0,91,0.5513568363026679
2023-06-15 11:00:00,0.01,32.0,0.0,91,0.6442919661041003
2023-06-15 12:00:00,3.176,31.75,0.0,91,0.732081962650658
2023-06-15 13:00:00,1.6501666666666666,32.0,0.0,91,0.5841321355053503
2023-06-15 14:00:00,0.3246666666666666,31.75,0.0,91,0.6989910340920474
2023-06-15 15:00:00,3.2945,32.0,0.0,91,0.7277587998219027
2023-06-15 16:00:00,4.283,32.25,0.0,91,0.6245911094469904
2023-06-15 17:00:00,1.2416666666666665,33.5,0.0,91,0.4424018802805843
2023-06-15 18:00:00,6.373666666666668,34.0,0.0,91,0.2583568380632971
2023-06-15 19:00:00,2.853,35.0,0.0,91,0.1532234182928363
2023-06-15 20:00:00,3.524,35.5,0.0,91,0.0524776070138328
2023-06-15 21:00:00,4.996166666666666,35.75,0.0,91,0.0038499999867799
2023-06-15 22:00:00,8.075166666666666,36.75,0.0,91,0.0
2023-06-15 23:00:00,12.386833333333334,37.25,0.0,91,0.0
2023-06-16 00:00:00,19.237,37.25,0.0,91,0.0
2023-06-16 01:00:00,4.610166666666666,35.0,0.0,91,0.0
2023-06-16 02:00:00,0.0,39.25,0.0,91,0.0
2023-06-16 03:00:00,0.0,40.75,0.0,91,0.0
2023-06-16 04:00:00,0.0,41.75,0.0,91,0.0
2023-06-16 05:00:00,0.0,39.75,0.0,91,0.0008370085531829
2023-06-16 06:00:00,0.0,40.75,0.0,91,0.0291270084870167
2023-06-16 07:00:00,0.4713333333333334,39.25,0.0,91,0.1105490602998651
2023-06-16 08:00:00,4.0195,38.75,0.0,91,0.2663880340054504
2023-06-16 09:00:00,2.6148333333333333,36.25,0.0,91,0.4118458954900758
2023-06-16 10:00:00,3.5901666666666667,31.0,0.0,91,0.5357112812792135
2023-06-16 11:00:00,5.591,24.0,0.0,91,0.6390480341463007
2023-06-16 12:00:00,4.870166666666667,20.0,0.0,91,0.706954958663028
2023-06-16 13:00:00,8.138333333333334,21.5,0.0,91,0.7301946173773877
2023-06-16 14:00:00,10.587666666666664,20.25,0.0,91,0.7195740137344752
2023-06-16 15:00:00,9.994666666666664,20.0,0.0,91,0.6862288059332431
2023-06-16 16:00:00,0.5496666666666666,20.75,0.0,91,0.6075862395457732
2023-06-16 17:00:00,0.4403333333333333,30.5,0.0,91,0.4883754697620359
2023-06-16 18:00:00,3.002333333333333,38.25,0.0,91,0.3193365817599826
2023-06-16 19:00:00,4.315666666666666,39.5,0.0,91,0.1645152993487496
2023-06-16 20:00:00,2.712666666666667,40.25,0.0,91,0.0477347012055225
2023-06-16 21:00:00,4.530333333333333,41.0,0.0,91,0.0027073504348707
2023-06-16 22:00:00,2.798833333333333,40.5,0.0,91,0.0
2023-06-16 23:00:00,3.5635,40.5,0.0,91,0.0
2023-06-17 00:00:00,4.330666666666667,41.25,0.0,91,0.0
2023-06-17 01:00:00,2.5921666666666665,41.75,0.0,91,0.0
2023-06-17 02:00:00,0.1546666666666666,43.25,0.0,91,0.0
2023-06-17 03:00:00,0.1536666666666666,44.25,0.0,91,0.0
2023-06-17 04:00:00,0.1501666666666666,44.25,0.0,91,0.0
2023-06-17 05:00:00,0.1473333333333333,43.5,0.0,91,0.0001382051287298
2023-06-17 06:00:00,0.1661666666666666,42.75,0.0,91,0.0267298291636328
2023-06-17 07:00:00,0.1965,38.75,0.0,91,0.1062176931006276
2023-06-17 08:00:00,0.1561666666666666,36.0,0.0,91,0.262252564715524
2023-06-17 09:00:00,0.1563333333333333,26.75,0.0,91,0.4112314540504391
2023-06-17 10:00:00,0.1315,18.25,0.0,91,0.5194701678936295
2023-06-17 11:00:00,0.1308333333333333,16.0,0.0,91,0.6167569237081417
2023-06-17 12:00:00,0.1486666666666666,16.0,0.0,91,0.6703611135890343
2023-06-17 13:00:00,0.242,16.0,0.0,91,0.6794506027352097
2023-06-17 14:00:00,0.8515,16.25,0.0,91,0.6710653856065539
2023-06-17 15:00:00,0.3274999999999999,16.25,0.0,91,0.6473880330925315
2023-06-17 16:00:00,11.817166666666669,16.75,0.0,91,0.5591717098920772
2023-06-17 17:00:00,12.605333333333334,21.75,0.0,91,0.4180322219979049
2023-06-17 18:00:00,12.809666666666669,34.0,0.0,91,0.3027258975689227
2023-06-17 19:00:00,14.448666666666668,37.5,0.0,91,0.1570331617502066
2023-06-17 20:00:00,13.302666666666669,42.5,0.0,91,0.0498142735367147
2023-06-17 21:00:00,6.249833333333334,43.75,0.0,91,0.0031427350598904
2023-06-17 22:00:00,0.2463333333333333,39.25,0.0,91,0.0
2023-06-17 23:00:00,0.1708333333333333,39.75,0.0,91,0.0
2023-06-18 00:00:00,0.1668333333333333,36.5,0.0,91,0.0
2023-06-18 01:00:00,0.168,35.0,0.0,91,0.0
2023-06-18 02:00:00,0.1736666666666666,33.5,0.0,91,0.0
2023-06-18 03:00:00,0.1676666666666666,32.75,0.0,91,0.0
2023-06-18 04:00:00,0.1646666666666666,34.25,0.0,91,0.0
2023-06-18 05:00:00,0.1696666666666666,34.75,0.0,91,5.076922922052889e-05
2023-06-18 06:00:00,0.1628333333333333,35.5,0.0,91,0.0152989742873061
2023-06-18 07:00:00,0.2016666666666666,34.0,0.0,91,0.112482307833484
2023-06-18 08:00:00,3.5125,26.25,0.0,91,0.2904165810805101
2023-06-18 09:00:00,9.9985,22.0,0.0,91,0.4275556394788954
2023-06-18 10:00:00,3.413,21.25,0.0,91,0.3117039316943568
2023-06-18 11:00:00,3.3098333333333336,18.0,0.0,91,0.2187338470393776
2023-06-18 12:00:00,3.310833333333333,14.25,0.0,91,0.2300129908374232
2023-06-18 13:00:00,2.693,14.0,0.0,91,0.2745841021415516
2023-06-18 14:00:00,8.0225,14.0,0.0,91,0.5984293137248765
2023-06-18 15:00:00,10.243,14.0,0.0,91,0.3698530767717932
2023-06-18 16:00:00,10.256,15.0,0.0,91,0.4368986344948791
2023-06-18 17:00:00,0.5743333333333333,25.5,0.0,91,0.4167224771548541
2023-06-18 18:00:00,9.638,36.75,0.0,91,0.3108234189514421
2023-06-18 19:00:00,8.483833333333333,38.5,0.0,91,0.1128298294034778
2023-06-18 20:00:00,6.877,38.5,0.0,91,0.0210930769463889
2023-06-18 21:00:00,12.297,37.0,0.0,91,0.0012803418663704
2023-06-18 22:00:00,5.992999999999999,44.0,0.0,91,0.0
2023-06-18 23:00:00,0.0,48.0,0.0,91,0.0
2023-06-19 00:00:00,0.0,38.25,0.0,91,0.0
2023-06-19 01:00:00,0.0,32.0,0.0,91,0.0
2023-06-19 02:00:00,0.0,33.75,0.0,91,0.0
2023-06-19 03:00:00,0.0,34.75,0.0,91,0.0
2023-06-19 04:00:00,0.0,34.5,0.0,91,0.0
2023-06-19 05:00:00,0.0,34.25,0.0,91,0.0
2023-06-19 06:00:00,0.0173333333333333,34.75,0.0,91,0.0140286324778173
2023-06-19 07:00:00,8.897333333333334,35.0,0.0,91,0.0593120509335118
2023-06-19 08:00:00,10.193,34.25,0.0,91,0.0983842734801463
2023-06-19 09:00:00,7.571333333333333,33.0,0.0,91,0.1451574360611092
2023-06-19 10:00:00,0.0,32.0,0.0,91,0.1642897434723683
2023-06-19 11:00:00,0.06,31.5,0.0,91,0.3480620513003096
2023-06-19 12:00:00,5.674333333333333,30.0,0.0,91,0.5515123934623524
2023-06-19 13:00:00,14.676833333333333,30.0,0.0,91,0.7068685476188988
2023-06-19 14:00:00,5.351166666666667,29.0,0.0,91,0.7196938434829059
2023-06-19 15:00:00,3.8055,28.75,0.0,91,0.4996087150899774
2023-06-19 16:00:00,1.1508333333333334,29.5,0.0,91,0.566892477508284
2023-06-19 17:00:00,13.520166666666666,32.25,0.0,91,0.4422322235759509
2023-06-19 18:00:00,12.667666666666667,32.25,0.0,91,0.2457538464538053
2023-06-19 19:00:00,9.192,36.25,0.0,91,0.0775643591187958
2023-06-19 20:00:00,3.622666666666667,36.75,0.0,91,0.0181447008124783
2023-06-19 21:00:00,10.146833333333332,37.0,0.0,91,0.0002705982897
2023-06-19 22:00:00,5.269666666666667,36.25,0.0,91,0.0
2023-06-19 23:00:00,3.311166666666667,35.75,0.0,91,0.0
2023-06-20 00:00:00,0.0,37.5,0.0,91,0.0
2023-06-20 01:00:00,0.0,39.25,0.0,91,0.0
2023-06-20 02:00:00,0.0,39.75,0.0,91,0.0
2023-06-20 03:00:00,0.0,38.75,0.0,91,0.0
2023-06-20 04:00:00,0.0,37.75,0.0,91,0.0
2023-06-20 05:00:00,0.0,37.0,0.0,91,0.0
2023-06-20 06:00:00,0.0016666666666666,36.5,0.0,91,0.0265532477785889
2023-06-20 07:00:00,5.513166666666667,37.5,0.0,91,0.1097234189612233
2023-06-20 08:00:00,15.338,36.25,0.0,91,0.247290170457628
2023-06-20 09:00:00,20.227666666666668,34.5,0.0,91,0.3421376083243607
2023-06-20 10:00:00,11.0065,33.25,0.0,91,0.360350597414196
2023-06-20 11:00:00,22.8505,30.5,0.0,91,0.5301512817643649
2023-06-20 12:00:00,14.013333333333334,30.0,0.0,91,0.4500446146777553
2023-06-20 13:00:00,15.205333333333334,30.75,0.0,91,0.6927267540825741
2023-06-20 14:00:00,14.470333333333334,32.5,0.0,91,0.5858088035257454
2023-06-20 15:00:00,13.483833333333331,32.75,0.0,91,0.587804185916216
2023-06-20 16:00:00,1.7906666666666666,33.25,0.0,91,0.4645859827546991
2023-06-20 17:00:00,0.0,33.25,0.0,91,0.3373227359087039
2023-06-20 18:00:00,0.0,31.0,0.0,91,0.1308255555894639
2023-06-20 19:00:00,0.0,33.25,0.0,91,0.0928999146844586
2023-06-20 20:00:00,0.0,35.25,0.0,91,0.0222190599054352
2023-06-20 21:00:00,4.387166666666666,39.0,0.0,91,0.000870085477025
2023-06-20 22:00:00,10.903833333333331,38.75,0.0,91,0.0
2023-06-20 23:00:00,3.8816666666666655,38.25,0.0,91,0.0
2023-06-21 00:00:00,0.0166666666666666,39.75,0.0,91,0.0
2023-06-21 01:00:00,0.0,39.5,0.0,91,0.0
2023-06-21 02:00:00,0.0,39.0,0.0,91,0.0
2023-06-21 03:00:00,0.0,41.5,0.0,91,0.0
2023-06-21 04:00:00,0.0,42.0,0.0,91,0.0
2023-06-21 05:00:00,0.0,41.25,0.0,91,0.0
2023-06-21 06:00:00,0.0,40.0,0.0,91,0.0227983760668171
2023-06-21 07:00:00,3.9743333333333335,38.0,0.0,91,0.0975686322725735
2023-06-21 08:00:00,7.936833333333333,36.25,0.0,91,0.194721623771211
2023-06-21 09:00:00,9.115166666666669,35.75,0.0,91,0.181084700771886
2023-06-21 10:00:00,13.1045,35.0,0.0,91,0.0738252992711515
2023-06-21 11:00:00,14.31,34.0,0.0,91,0.3973599155132586
2023-06-21 12:00:00,15.809666666666669,33.5,0.0,91,0.5003397450895393
2023-06-21 13:00:00,14.319666666666668,31.0,0.0,91,0.6640300842024323
2023-06-21 14:00:00,7.726,30.0,0.0,91,0.5321541015103336
2023-06-21 15:00:00,15.991166666666668,30.75,0.0,91,0.5696144452869388
2023-06-21 16:00:00,19.211166666666667,31.5,0.0,91,0.4583411955222107
2023-06-21 17:00:00,15.286833333333334,32.25,0.0,91,0.2264889738294813
2023-06-21 18:00:00,2.776,32.5,0.0,91,0.2856767510960245
2023-06-21 19:00:00,0.694,31.75,0.0,91,0.0782330768536298
2023-06-21 20:00:00,11.9035,32.25,0.0,91,0.0438010257737249
2023-06-21 21:00:00,13.041666666666666,32.75,0.0,91,0.0025293162709468
2023-06-21 22:00:00,12.320166666666664,32.75,0.0,91,0.0
2023-06-21 23:00:00,11.947,32.75,0.0,91,0.0
2023-06-22 00:00:00,7.654833333333333,33.25,0.0,91,0.0
2023-06-22 01:00:00,0.0,34.5,0.0,91,0.0
2023-06-22 02:00:00,0.0,37.25,0.0,91,0.0
2023-06-22 03:00:00,0.0,37.5,0.0,91,0.0
2023-06-22 04:00:00,0.0,36.5,0.0,91,0.0
2023-06-22 05:00:00,0.0,36.75,0.0,91,0.0
2023-06-22 06:00:00,0.0,35.75,0.0,91,0.0013322222296498
2023-06-22 07:00:00,0.0,34.75,0.0,91,0.0329403420595022
2023-06-22 08:00:00,0.0,36.0,0.0,91,0.0953835891658424
2023-06-22 09:00:00,0.0,35.75,0.0,91,0.0369539317106589
2023-06-22 10:00:00,0.0028333333333333,38.75,0.0,91,0.0470264105103973
2023-06-22 11:00:00,3.2741666666666664,37.0,0.0,91,0.199402992623484
2023-06-22 12:00:00,6.782333333333334,27.0,0.0,91,0.1647266653664091
2023-06-22 13:00:00,6.180833333333333,26.75,0.0,91,0.3406758120936207
2023-06-22 14:00:00,0.0273333333333333,27.25,0.0,91,0.3320719678177793
2023-06-22 15:00:00,0.0,28.25,0.0,91,0.1345939315214721
2023-06-22 16:00:00,0.0,31.0,0.0,91,6.940171154391065e-05
2023-06-22 17:00:00,0.0,32.25,0.0,91,183.5457023931648
2023-06-22 18:00:00,0.0,33.5,0.0,91,0.2687776074042687
2023-06-22 19:00:00,0.0,33.0,0.0,91,0.0544276070391011
2023-06-22 20:00:00,0.0,34.25,0.0,91,0.0349223078214205
2023-06-22 21:00:00,0.0,35.75,0.0,91,0.0023879487242183
2023-06-22 22:00:00,0.0,35.25,0.0,91,0.0
2023-06-22 23:00:00,0.0,35.0,0.0,91,0.0
2023-06-23 00:00:00,0.0,34.5,0.0,91,0.0
2023-06-23 01:00:00,0.0,30.25,0.0,91,0.0
2023-06-23 02:00:00,0.0,31.5,0.0,91,0.0
2023-06-23 03:00:00,0.0,33.25,0.0,91,0.0
2023-06-23 04:00:00,0.0,39.0,0.0,91,0.0
2023-06-23 05:00:00,0.0,38.5,0.0,91,0.0
2023-06-23 06:00:00,0.0,37.5,0.0,91,0.0153399144186296
2023-06-23 07:00:00,12.331166666666666,37.25,0.0,91,0.0800975213091597
2023-06-23 08:00:00,17.388499999999997,37.0,0.0,91,0.2159723082974425
2023-06-23 09:00:00,20.34933333333333,34.0,0.0,91,0.1531152992574577
2023-06-23 10:00:00,16.211666666666666,32.25,0.0,91,0.3217078632778591
2023-06-23 11:00:00,21.4125,30.75,0.0,91,0.5052411110380776
2023-06-23 12:00:00,13.330166666666663,24.75,0.0,91,0.5534193166097007
2023-06-23 13:00:00,11.472333333333331,22.5,0.0,91,0.5696788064027444
2023-06-23 14:00:00,3.1063333333333336,21.75,0.0,91,0.5427764123117823
2023-06-23 15:00:00,9.683166666666668,22.0,0.0,91,0.6221428191356172
2023-06-23 16:00:00,8.667666666666667,22.0,0.0,91,0.6490135049412397
2023-06-23 17:00:00,0.273,26.25,0.0,91,0.4760696582305125
2023-06-23 18:00:00,12.252666666666668,31.25,0.0,91,0.3078236747806908
2023-06-23 19:00:00,5.657166666666666,32.75,0.0,91,0.1773276927328517
2023-06-23 20:00:00,0.1621666666666666,33.0,0.0,91,0.0663222225303323
2023-06-23 21:00:00,0.1608333333333333,33.25,0.0,91,0.0038652136688654
2023-06-23 22:00:00,0.1606666666666666,33.25,0.0,91,0.0
2023-06-23 23:00:00,0.1561666666666666,35.25,0.0,91,0.0
2023-06-24 00:00:00,0.156,36.75,0.0,91,0.0
2023-06-24 01:00:00,0.1555,36.75,0.0,91,0.0
2023-06-24 02:00:00,0.1556666666666666,35.75,0.0,91,0.0
2023-06-24 03:00:00,0.1548333333333333,33.25,0.0,91,0.0
2023-06-24 04:00:00,0.1545,33.25,0.0,91,0.0
2023-06-24 05:00:00,0.1536666666666666,33.0,0.0,91,4.786324774862353e-05
2023-06-24 06:00:00,0.1561666666666666,32.5,0.0,91,0.0167015384914528
2023-06-24 07:00:00,0.158,29.75,0.0,91,0.0994702558843498
2023-06-24 08:00:00,0.1498333333333333,23.5,0.0,91,0.2830764966133313
2023-06-24 09:00:00,1.3636666666666668,19.0,0.0,91,0.4229588024432842
2023-06-24 10:00:00,14.333,15.75,0.0,91,0.557679914164747
2023-06-24 11:00:00,5.678999999999999,13.25,0.0,91,0.6402202554034375
2023-06-24 12:00:00,0.1933333333333333,13.0,0.0,91,0.6918423070663062
2023-06-24 13:00:00,0.1988333333333333,13.0,0.0,91,0.7059745279947919
2023-06-24 14:00:00,0.165,13.0,0.0,91,0.6935452114007412
2023-06-24 15:00:00,0.1241666666666666,13.0,0.0,91,0.6604918801071302
2023-06-24 16:00:00,0.0288333333333333,13.5,0.0,91,0.5865052143325155
2023-06-24 17:00:00,0.0,16.5,0.0,91,0.4736815415080796
2023-06-24 18:00:00,0.0,24.25,0.0,91,0.336029059255225
2023-06-24 19:00:00,0.0,29.5,0.0,91,0.1836060682117429
2023-06-24 20:00:00,0.0,31.0,0.0,91,0.0525086321586217
2023-06-24 21:00:00,0.0,31.25,0.0,91,0.0031597436158957
2023-06-24 22:00:00,0.0,35.25,0.0,91,0.0
2023-06-24 23:00:00,0.0,36.75,0.0,91,0.0
2023-06-25 00:00:00,0.0,31.5,0.0,91,0.0
2023-06-25 01:00:00,0.0,30.25,0.0,91,0.0
2023-06-25 02:00:00,0.0,24.25,0.0,91,0.0
2023-06-25 03:00:00,0.0,19.25,0.0,91,0.0
2023-06-25 04:00:00,0.0,16.0,0.0,91,0.0
2023-06-25 05:00:00,0.0,15.0,0.0,91,0.0003623931683026
2023-06-25 06:00:00,0.0,15.5,0.0,91,0.0200767522184257
2023-06-25 07:00:00,0.0,15.25,0.0,91,0.1024364951940683
2023-06-25 08:00:00,0.0,15.0,0.0,91,0.2860753823956872
2023-06-25 09:00:00,0.0,14.0,0.0,91,0.4308460675753079
2023-06-25 10:00:00,0.0,14.0,0.0,91,0.5485467522776027
2023-06-25 11:00:00,0.0,13.25,0.0,91,0.6240977784507297
2023-06-25 12:00:00,0.0,13.0,0.0,91,0.6879096626216524
2023-06-25 13:00:00,0.3211666666666666,7.0,0.0,91,0.7260373472556089
2023-06-25 14:00:00,0.7531666666666667,7.0,0.0,91,0.711311198177501
2023-06-25 15:00:00,3.9518333333333335,10.5,0.0,91,0.6687456427680122
2023-06-25 16:00:00,7.731999999999999,13.0,0.0,91,0.5866876924954928
2023-06-25 17:00:00,5.3845,14.5,0.0,91,0.4725449566963392
2023-06-25 18:00:00,3.1485,19.75,0.0,91,0.3352367515237923
2023-06-25 19:00:00,0.0,27.25,0.0,91,0.186890683785463
2023-06-25 20:00:00,0.0,31.5,0.0,91,0.053076666807517
2023-06-25 21:00:00,0.0,34.0,0.0,91,0.0030602564249171
2023-06-25 22:00:00,0.0,38.75,0.0,91,0.0
2023-06-25 23:00:00,0.0,36.25,0.0,91,0.0
2023-06-26 00:00:00,0.0,30.75,0.0,91,0.0
2023-06-26 01:00:00,0.0,21.25,0.0,91,0.0
2023-06-26 02:00:00,0.0,18.5,0.0,91,0.0
2023-06-26 03:00:00,0.0,18.75,0.0,91,0.0
2023-06-26 04:00:00,0.0,18.25,0.0,91,0.0
2023-06-26 05:00:00,0.0,18.5,0.0,91,9.991453212295852e-05
2023-06-26 06:00:00,0.0,26.0,0.0,91,0.0182006837516768
2023-06-26 07:00:00,0.6846666666666668,35.0,0.0,91,0.0989080338192801
2023-06-26 08:00:00,1.349,31.75,0.0,91,0.2740278641790406
2023-06-26 09:00:00,1.1363333333333334,27.25,0.0,91,0.4082700869568392
2023-06-26 10:00:00,6.176166666666667,25.25,0.0,91,0.5286233324882312
2023-06-26 11:00:00,7.541,22.0,0.0,91,0.6394075214353382
2023-06-26 12:00:00,6.509166666666666,17.25,0.0,91,0.6967144436306424
2023-06-26 13:00:00,6.507833333333334,16.25,0.0,91,0.726516325860961
2023-06-26 14:00:00,6.234999999999999,16.25,0.0,91,0.715100514990652
2023-06-26 15:00:00,5.118333333333333,16.0,0.0,91,0.6497971806974491
2023-06-26 16:00:00,3.8875,16.25,0.0,91,0.5654025627201439
2023-06-26 17:00:00,3.686666666666666,17.5,0.0,91,0.4568686349982889
2023-06-26 18:00:00,5.600666666666666,26.0,0.0,91,0.3131568393544254
2023-06-26 19:00:00,5.657666666666667,33.0,0.0,91,0.1708983760409885
2023-06-26 20:00:00,0.039,34.0,0.0,91,0.051601795049814
2023-06-26 21:00:00,0.0,34.5,0.0,91,0.0057776068102441
2023-06-26 22:00:00,0.0,34.5,0.0,91,0.0
2023-06-26 23:00:00,0.0,34.25,0.0,91,0.0
2023-06-27 00:00:00,0.0,33.25,0.0,91,0.0
2023-06-27 01:00:00,0.0,34.25,0.0,91,0.0
2023-06-27 02:00:00,0.0,34.5,0.0,91,0.0
2023-06-27 03:00:00,0.0,34.75,0.0,91,0.0
2023-06-27 04:00:00,0.0,36.25,0.0,91,0.0
2023-06-27 05:00:00,0.0,36.0,0.0,91,6.153845888936624e-06
2023-06-27 06:00:00,0.0,36.25,0.0,91,0.0282040169682258
2023-06-27 07:00:00,0.0278333333333333,34.75,0.0,91,0.0989947865967058
2023-06-27 08:00:00,4.002666666666666,35.75,0.0,91,0.2254465804140792
2023-06-27 09:00:00,12.903666666666666,35.0,0.0,91,0.3938374357957107
2023-06-27 10:00:00,5.474166666666666,31.5,0.0,91,0.4489624773335251
2023-06-27 11:00:00,1.8608333333333336,25.0,0.0,91,0.6166146994044638
2023-06-27 12:00:00,3.906833333333333,21.5,0.0,91,0.672386752397586
2023-06-27 13:00:00,5.0841666666666665,19.75,0.0,91,0.7073058156070547
2023-06-27 14:00:00,5.065166666666666,20.75,0.0,91,0.6734558111989603
2023-06-27 15:00:00,2.824666666666667,21.0,0.0,91,0.6008186327290331
2023-06-27 16:00:00,3.385666666666667,21.25,0.0,91,0.5169495750492455
2023-06-27 17:00:00,5.501333333333332,28.25,0.0,91,0.4351964960342798
2023-06-27 18:00:00,5.396333333333334,34.0,0.0,91,0.3104272646781725
2023-06-27 19:00:00,0.2366666666666666,35.25,0.0,91,0.1662835905287
2023-06-27 20:00:00,0.0,35.0,0.0,91,0.0600953846711379
2023-06-27 21:00:00,0.0,39.25,0.0,91,0.0051891453135917
2023-06-27 22:00:00,0.0,49.5,0.0,91,0.0
2023-06-27 23:00:00,0.0,49.5,0.0,91,0.0
2023-06-28 00:00:00,0.0,42.5,0.0,91,0.0
2023-06-28 01:00:00,0.0,37.0,0.0,91,0.0
2023-06-28 02:00:00,0.0,38.75,0.0,91,0.0
2023-06-28 03:00:00,0.0,40.0,0.0,91,0.0
2023-06-28 04:00:00,0.0,39.25,0.0,91,0.0
2023-06-28 05:00:00,0.0,40.0,0.0,91,0.0
2023-06-28 06:00:00,0.0,41.0,0.0,91,0.0210723076843553
2023-06-28 07:00:00,0.0,41.75,0.0,91,0.097156495966463
2023-06-28 08:00:00,0.0,41.75,0.0,91,0.2423310258653429
2023-06-28 09:00:00,3.756166666666666,39.75,0.0,91,0.4005534186730018
2023-06-28 10:00:00,2.598666666666667,37.75,0.0,91,0.5452799159645014
2023-06-28 11:00:00,4.159833333333333,36.75,0.0,91,0.6471209397275222
2023-06-28 12:00:00,5.212166666666668,36.25,0.0,91,0.6968333317683295
2023-06-28 13:00:00,5.172,34.0,0.0,91,0.7140440120860045
2023-06-28 14:00:00,2.5816666666666666,33.25,0.0,91,0.6909868367513022
2023-06-28 15:00:00,4.349666666666667,32.5,0.0,91,0.6211942741198418
2023-06-28 16:00:00,5.952166666666667,33.75,0.0,91,0.5491370091886603
2023-06-28 17:00:00,0.0155,36.5,0.0,91,0.424020510290423
2023-06-28 18:00:00,0.0,39.75,0.0,91,0.2890972646077474
2023-06-28 19:00:00,0.0,43.25,0.0,91,0.150222650511652
2023-06-28 20:00:00,0.0,45.5,0.0,91,0.0440485470926659
2023-06-28 21:00:00,0.0,46.0,0.0,91,0.002640769232948
2023-06-28 22:00:00,0.0,45.0,0.0,91,0.0
2023-06-28 23:00:00,0.0,45.75,0.0,91,0.0
2023-06-29 00:00:00,0.0,45.25,0.0,91,0.0
2023-06-29 01:00:00,0.0,47.0,0.0,91,0.0
2023-06-29 02:00:00,0.0,48.75,0.0,91,0.0
2023-06-29 03:00:00,0.0,49.75,0.0,91,0.0
2023-06-29 04:00:00,0.0,50.0,0.0,91,0.0
2023-06-29 05:00:00,0.0,48.75,0.0,91,3.555555628915119e-05
2023-06-29 06:00:00,0.0,43.75,0.0,91,0.0223768375113479
2023-06-29 07:00:00,0.0,44.25,0.0,91,0.1024158119951558
2023-06-29 08:00:00,5.457000000000001,44.25,0.0,91,0.2353826496743748
2023-06-29 09:00:00,3.501,43.75,0.0,91,0.3592833334767921
2023-06-29 10:00:00,2.5465000000000004,42.25,0.0,91,0.4474459835606762
2023-06-29 11:00:00,5.19,40.0,0.0,91,0.5672923924372749
2023-06-29 12:00:00,3.7113333333333336,39.25,0.0,91,0.6339850420829581
2023-06-29 13:00:00,3.748,40.25,0.0,91,0.6466558162982652
2023-06-29 14:00:00,1.2306666666666668,41.25,0.0,91,0.6084509417542027
2023-06-29 15:00:00,0.8743333333333334,41.0,0.0,91,0.5873703426784941
2023-06-29 16:00:00,5.14,41.5,0.0,91,0.4892011984800682
2023-06-29 17:00:00,3.136833333333333,41.75,0.0,91,0.5033140172713844
2023-06-29 18:00:00,3.4305,41.25,0.0,91,0.2979702563163561
2023-06-29 19:00:00,0.0,43.25,0.0,91,0.1534014533116267
2023-06-29 20:00:00,0.0,42.75,0.0,91,0.0202178631886903
2023-06-29 21:00:00,0.0,44.25,0.0,91,0.0
2023-06-29 22:00:00,0.0,44.75,0.0,91,0.0
2023-06-29 23:00:00,0.0,45.25,0.0,91,0.0
2023-06-30 00:00:00,0.0,47.5,0.0,91,0.0
2023-06-30 01:00:00,0.0,48.0,0.0,91,0.0
2023-06-30 02:00:00,0.0,47.25,0.0,91,0.0
2023-06-30 03:00:00,0.0,46.25,0.0,91,0.0
2023-06-30 04:00:00,0.0,38.0,0.0,91,0.0
2023-06-30 05:00:00,0.0,37.75,0.0,91,0.0
2023-06-30 06:00:00,0.0,41.25,0.0,91,0.0044049572740864
2023-06-30 07:00:00,1.8101666666666667,43.25,0.0,91,0.0152554700721023
2023-06-30 08:00:00,3.4785000000000004,41.5,0.0,91,0.0229142735147068
2023-06-30 09:00:00,4.217666666666667,42.5,0.0,91,0.0745948716514131
2023-06-30 10:00:00,4.606166666666667,41.25,0.0,91,0.1100130769126435
2023-06-30 11:00:00,3.5361666666666665,38.25,0.0,91,0.2069396571623973
2023-06-30 12:00:00,3.528,36.25,0.0,91,0.2068163263695872
2023-06-30 13:00:00,4.230833333333333,35.75,0.0,91,0.2404964955647786
2023-06-30 14:00:00,5.8951666666666656,29.0,0.0,91,0.1011408541752741
2023-06-30 15:00:00,2.1253333333333333,26.5,0.0,91,0.1360288879198906
2023-06-30 16:00:00,0.0,28.0,0.0,91,0.1077496582422501
2023-06-30 17:00:00,0.0,32.0,0.0,91,0.0938220514395298
2023-06-30 18:00:00,0.0,36.25,0.0,91,0.1321648716722798
2023-06-30 19:00:00,0.0,38.25,0.0,91,0.0584087179053542
2023-06-30 20:00:00,0.0,38.5,0.0,91,0.0153893162755884
2023-06-30 21:00:00,0.0,40.0,0.0,91,6.324786374456865e-05
2023-06-30 22:00:00,0.0,39.0,0.0,91,0.0
2023-06-30 23:00:00,0.0,35.5,0.0,91,0.0
2023-07-01 00:00:00,0.0,21.5,0.0,91,0.0
2023-07-01 01:00:00,0.0,17.5,0.0,91,0.0
2023-07-01 02:00:00,0.0,16.0,0.0,91,0.0
2023-07-01 03:00:00,0.0,16.25,0.0,91,0.0
2023-07-01 04:00:00,0.0,17.0,0.0,91,0.0
2023-07-01 05:00:00,0.0,17.0,0.0,91,0.0
2023-07-01 06:00:00,0.0,17.0,0.0,91,0.0167394016995134
2023-07-01 07:00:00,0.0,16.0,0.0,91,0.105989315693195
2023-07-01 08:00:00,0.0,14.25,0.0,91,0.2907173521905883
2023-07-01 09:00:00,0.0,13.0,0.0,91,0.4447117132203191
2023-07-01 10:00:00,0.0,13.0,0.0,91,0.4342058961004274
2023-07-01 11:00:00,0.0,13.0,0.0,91,0.4629920509534005
2023-07-01 12:00:00,0.0,13.0,0.0,91,0.518320855034722
2023-07-01 13:00:00,0.013,13.0,0.0,91,0.3457606835650583
2023-07-01 14:00:00,0.0748333333333333,13.0,0.0,91,0.3416137607281025
2023-07-01 15:00:00,6.974166666666666,13.0,0.0,91,0.4388032482831905
2023-07-01 16:00:00,3.959333333333333,13.0,0.0,91,0.2847819652720395
2023-07-01 17:00:00,5.484999999999999,13.0,0.0,91,0.2637925638704218
2023-07-01 18:00:00,4.994833333333333,13.0,0.0,91,0.1860262389875884
2023-07-01 19:00:00,10.226666666666668,13.0,0.0,91,0.1681443594256017
2023-07-01 20:00:00,7.844166666666666,13.0,0.0,91,0.0313121367366905
2023-07-01 21:00:00,0.0131666666666666,13.0,0.0,91,0.0006229059856273
2023-07-01 22:00:00,0.0,13.0,0.0,91,0.0
2023-07-01 23:00:00,0.0,13.0,0.0,91,0.0
2023-07-02 00:00:00,0.0,15.0,0.0,91,0.0
2023-07-02 01:00:00,0.0,17.0,0.0,91,0.0
2023-07-02 02:00:00,0.0,18.0,0.0,91,0.0
2023-07-02 03:00:00,0.0,19.25,0.0,91,0.0
2023-07-02 04:00:00,0.0,21.5,0.0,91,0.0
2023-07-02 05:00:00,0.0,24.0,0.0,91,0.0
2023-07-02 06:00:00,0.0,24.0,0.0,91,0.0058505983236763
2023-07-02 07:00:00,0.0,24.75,0.0,91,0.0538888887666229
2023-07-02 08:00:00,3.2376666666666662,24.5,0.0,91,0.1556099143395057
2023-07-02 09:00:00,4.0825000000000005,20.25,0.0,91,0.2899984620575211
2023-07-02 10:00:00,1.7923333333333331,17.0,0.0,91,0.6266298294067384
2023-07-02 11:00:00,0.0494999999999999,16.0,0.0,91,0.4100989759070243
2023-07-02 12:00:00,0.8423333333333334,16.0,0.0,91,0.7545324772239753
2023-07-02 13:00:00,7.703833333333333,16.0,0.0,91,0.7711791444436097
2023-07-02 14:00:00,0.037,16.0,0.0,91,0.7620488869430677
2023-07-02 15:00:00,0.0,16.25,0.0,91,0.7312309382512022
2023-07-02 16:00:00,0.0,17.0,0.0,91,0.6372639334915033
2023-07-02 17:00:00,0.0,16.0,0.0,91,0.5196223932249935
2023-07-02 18:00:00,0.0,14.75,0.0,91,0.3547540175609099
2023-07-02 19:00:00,6.796333333333333,14.25,0.0,91,0.2252234193198701
2023-07-02 20:00:00,7.693166666666666,14.25,0.0,91,0.0281070086079784
2023-07-02 21:00:00,2.669,14.0,0.0,91,0.0034823076723891
2023-07-02 22:00:00,0.0,14.0,0.0,91,0.0
2023-07-02 23:00:00,0.0,14.25,0.0,91,0.0
2023-07-03 00:00:00,0.0,15.0,0.0,91,0.0
2023-07-03 01:00:00,0.0,17.5,0.0,91,0.0
2023-07-03 02:00:00,0.0,20.5,0.0,91,0.0
2023-07-03 03:00:00,0.0,21.0,0.0,91,0.0
2023-07-03 04:00:00,0.0,21.25,0.0,91,0.0
2023-07-03 05:00:00,0.0,20.75,0.0,91,0.0
2023-07-03 06:00:00,0.0,18.25,0.0,91,0.0153529914600663
2023-07-03 07:00:00,0.0,14.5,0.0,91,0.0864384614911853
2023-07-03 08:00:00,0.0,14.0,0.0,91,0.2677979493752504
2023-07-03 09:00:00,0.3523333333333333,13.25,0.0,91,0.3175905110285832
2023-07-03 10:00:00,1.9668333333333332,13.0,0.0,91,0.2131607681665665
2023-07-03 11:00:00,0.6133333333333334,12.5,0.0,91,0.570709653022962
2023-07-03 12:00:00,6.867666666666666,13.0,0.0,91,0.7446644448826454
2023-07-03 13:00:00,0.3028333333333333,13.0,0.0,91,0.7587711119040467
2023-07-03 14:00:00,3.9278333333333335,13.0,0.0,91,0.7463118815625833
2023-07-03 15:00:00,4.674166666666667,13.0,0.0,91,0.6682173499082908
2023-07-03 16:00:00,0.0,13.25,0.0,91,0.6134365818643167
2023-07-03 17:00:00,0.0,15.75,0.0,91,0.4931224803435499
2023-07-03 18:00:00,0.0,21.25,0.0,91,0.3478741041004148
2023-07-03 19:00:00,0.0,25.5,0.0,91,0.1904519659841162
2023-07-03 20:00:00,0.0,29.25,0.0,91,0.0547535039013267
2023-07-03 21:00:00,0.0,33.5,0.0,91,0.0034054700849163
2023-07-03 22:00:00,0.0,32.75,0.0,91,0.0
2023-07-03 23:00:00,0.0,32.5,0.0,91,0.0
2023-07-04 00:00:00,0.0,31.0,0.0,91,0.0
2023-07-04 01:00:00,0.0,23.75,0.0,91,0.0
2023-07-04 02:00:00,0.0,25.25,0.0,91,0.0
2023-07-04 03:00:00,0.0,24.75,0.0,91,0.0
2023-07-04 04:00:00,0.0,26.0,0.0,91,0.0
2023-07-04 05:00:00,0.0,29.25,0.0,91,0.0
2023-07-04 06:00:00,0.0,37.5,0.0,91,0.013263675104349
2023-07-04 07:00:00,0.0,40.0,0.0,91,0.09173837576157
2023-07-04 08:00:00,0.498,37.5,0.0,91,0.2829066669431507
2023-07-04 09:00:00,9.142666666666669,36.0,0.0,91,0.4268658975454478
2023-07-04 10:00:00,0.1165,29.25,0.0,91,0.5549481201171879
2023-07-04 11:00:00,0.0608333333333333,21.25,0.0,91,0.6644196599976628
2023-07-04 12:00:00,3.1598333333333337,21.25,0.0,91,0.7227806795560399
2023-07-04 13:00:00,3.077666666666667,22.25,0.0,91,0.7521329909104572
2023-07-04 14:00:00,0.0586666666666666,21.5,0.0,91,0.7393321345402645
2023-07-04 15:00:00,3.765833333333333,20.0,0.0,91,0.6854496582552918
2023-07-04 16:00:00,5.364333333333334,20.0,0.0,91,0.6013677789410976
2023-07-04 17:00:00,5.718166666666666,25.25,0.0,91,0.4852454682700653
2023-07-04 18:00:00,0.0098333333333333,32.75,0.0,91,0.3452785456078684
2023-07-04 19:00:00,0.0,36.0,0.0,91,0.1872957258958082
2023-07-04 20:00:00,0.0,36.5,0.0,91,0.0487329912796998
2023-07-04 21:00:00,0.0,34.5,0.0,91,0.0031184615354395
2023-07-04 22:00:00,0.0,32.25,0.0,91,0.0
2023-07-04 23:00:00,0.0,33.75,0.0,91,0.0
2023-07-05 00:00:00,0.0,36.0,0.0,91,0.0
2023-07-05 01:00:00,0.0,35.0,0.0,91,0.0
2023-07-05 02:00:00,0.0,32.0,0.0,91,0.0
2023-07-05 03:00:00,0.0,25.0,0.0,91,0.0
2023-07-05 04:00:00,0.0,15.25,0.0,91,0.0
2023-07-05 05:00:00,0.0,15.0,0.0,91,0.0
2023-07-05 06:00:00,0.0203333333333333,15.0,0.0,91,0.0318032478891376
2023-07-05 07:00:00,2.5735,15.75,0.0,91,0.0596296580224974
2023-07-05 08:00:00,1.9565,17.5,0.0,91,0.1899685479840661
2023-07-05 09:00:00,7.007833333333333,17.0,0.0,91,0.4103898278260843
2023-07-05 10:00:00,5.526833333333333,16.0,0.0,91,0.5711217120569994
2023-07-05 11:00:00,4.236166666666667,16.0,0.0,91,0.6396032480093149
2023-07-05 12:00:00,9.1,16.25,0.0,91,0.7478221312954894
2023-07-05 13:00:00,0.0816666666666666,16.0,0.0,91,0.7433541022406686
2023-07-05 14:00:00,6.2285,16.25,0.0,91,0.7224485465807794
2023-07-05 15:00:00,3.849833333333333,16.75,0.0,91,0.6900594016833187
2023-07-05 16:00:00,1.801,15.75,0.0,91,0.628505385961288
2023-07-05 17:00:00,9.837166666666668,15.25,0.0,91,0.2780964957343208
2023-07-05 18:00:00,1.6446666666666667,20.75,0.0,91,0.3203892318203918
2023-07-05 19:00:00,14.2825,33.5,0.0,91,0.1662620511829343
2023-07-05 20:00:00,0.563,37.75,0.0,91,0.065946922842254
2023-07-05 21:00:00,0.1016666666666666,39.0,0.0,91,0.0017010256342796
2023-07-05 22:00:00,0.8649999999999999,39.5,0.0,91,0.0
2023-07-05 23:00:00,2.9735,41.75,0.0,91,0.0
2023-07-06 00:00:00,6.572,40.25,0.0,91,0.0
2023-07-06 01:00:00,12.356333333333334,36.5,0.0,91,0.0
2023-07-06 02:00:00,13.876166666666668,35.25,0.0,91,0.0
2023-07-06 03:00:00,0.0636666666666666,35.5,0.0,91,0.0
2023-07-06 04:00:00,10.723999999999998,36.25,0.0,91,0.0
2023-07-06 05:00:00,0.0,39.5,0.0,91,0.0
2023-07-06 06:00:00,0.0,40.5,0.0,91,0.0149777778085225
2023-07-06 07:00:00,0.0,39.5,0.0,91,0.0894629060305081
2023-07-06 08:00:00,0.0,41.25,0.0,91,0.2712274345984825
2023-07-06 09:00:00,0.0213333333333333,39.0,0.0,91,0.4215360690385867
2023-07-06 10:00:00,7.707833333333333,37.75,0.0,91,0.5392396584535255
2023-07-06 11:00:00,7.170999999999999,28.25,0.0,91,0.635418460552509
2023-07-06 12:00:00,7.842833333333334,25.0,0.0,91,0.6917228216187569
2023-07-06 13:00:00,9.7865,24.5,0.0,91,0.7238792275974893
2023-07-06 14:00:00,2.1013333333333333,24.0,0.0,91,0.7162944435054424
2023-07-06 15:00:00,0.0,23.75,0.0,91,0.6735718771127555
2023-07-06 16:00:00,0.0,25.25,0.0,91,0.4733578624888362
2023-07-06 17:00:00,0.0,35.25,0.0,91,0.140789401796129
2023-07-06 18:00:00,0.0,40.75,0.0,91,0.1997546148707724
2023-07-06 19:00:00,0.0,43.0,0.0,91,0.142678119952862
2023-07-06 20:00:00,0.0,47.25,0.0,91,0.0710354700659075
2023-07-06 21:00:00,1.862,48.0,0.0,91,0.0063198290470764
2023-07-06 22:00:00,0.4336666666666666,46.25,0.0,91,0.0
2023-07-06 23:00:00,2.1005,46.0,0.0,91,0.0
2023-07-07 00:00:00,5.085166666666667,43.25,0.0,91,0.0
2023-07-07 01:00:00,9.682333333333334,42.0,0.0,91,0.0
2023-07-07 02:00:00,17.44966666666667,41.5,0.0,91,0.0
2023-07-07 03:00:00,3.2349999999999994,44.0,0.0,91,0.0
2023-07-07 04:00:00,0.0,42.0,0.0,91,0.0
2023-07-07 05:00:00,0.0,39.75,0.0,91,0.0
2023-07-07 06:00:00,0.0,39.0,0.0,91,0.0197346153078425
2023-07-07 07:00:00,1.5984999999999998,39.75,0.0,91,0.1035860684386685
2023-07-07 08:00:00,7.778833333333334,40.0,0.0,91,0.1416058119749411
2023-07-07 09:00:00,4.567166666666666,38.0,0.0,91,0.2715218806470562
2023-07-07 10:00:00,4.039333333333333,26.75,0.0,91,0.209638290079231
2023-07-07 11:00:00,5.9845,21.25,0.0,91,0.5968310227353351
2023-07-07 12:00:00,10.636833333333334,20.25,0.0,91,0.7043965866219286
2023-07-07 13:00:00,9.825666666666669,19.0,0.0,91,0.6733409399048896
2023-07-07 14:00:00,7.482,19.75,0.0,91,0.6332335043361047
2023-07-07 15:00:00,0.2248333333333333,20.0,0.0,91,0.6157010200696116
2023-07-07 16:00:00,0.0,21.75,0.0,91,0.5748740999922798
2023-07-07 17:00:00,0.0,28.75,0.0,91,0.4174695737137753
2023-07-07 18:00:00,0.1945,35.0,0.0,91,0.1511837601457905
2023-07-07 19:00:00,1.617,36.75,0.0,91,0.1525861537150847
2023-07-07 20:00:00,2.6605000000000003,37.0,0.0,91,0.0431246154634361
2023-07-07 21:00:00,3.5095,38.25,0.0,91,0.0012705982902732
2023-07-07 22:00:00,3.5113333333333334,36.5,0.0,91,0.0
2023-07-07 23:00:00,4.618166666666666,36.75,0.0,91,0.0
2023-07-08 00:00:00,6.354666666666667,35.0,0.0,91,0.0
2023-07-08 01:00:00,7.957666666666667,28.5,0.0,91,0.0
2023-07-08 02:00:00,11.517166666666666,19.25,0.0,91,0.0
2023-07-08 03:00:00,6.758500000000001,15.0,0.0,91,0.0
2023-07-08 04:00:00,0.0,15.5,0.0,91,0.0
2023-07-08 05:00:00,0.0,16.0,0.0,91,0.0
2023-07-08 06:00:00,0.0,16.0,0.0,91,0.0098618803587224
2023-07-08 07:00:00,0.0,16.0,0.0,91,0.0835565811548477
2023-07-08 08:00:00,0.0,15.0,0.0,91,0.2606851303883088
2023-07-08 09:00:00,0.0,14.75,0.0,91,0.3919770095694778
2023-07-08 10:00:00,0.0,14.0,0.0,91,0.4826370092538688
2023-07-08 11:00:00,0.0,13.25,0.0,91,0.6210638486422028
2023-07-08 12:00:00,0.0,13.0,0.0,91,0.6927827362321382
2023-07-08 13:00:00,0.2226666666666666,13.25,0.0,91,0.7079160758776543
2023-07-08 14:00:00,0.0665,14.0,0.0,91,0.7218172670022035
2023-07-08 15:00:00,1.2208333333333334,14.0,0.0,91,0.7234676928397942
2023-07-08 16:00:00,4.775166666666666,15.0,0.0,91,0.5681474330282623
2023-07-08 17:00:00,11.17,18.25,0.0,91,0.4530582943125668
2023-07-08 18:00:00,0.0606666666666666,30.75,0.0,91,0.3016199147803152
2023-07-08 19:00:00,0.0556666666666666,49.5,0.0,91,0.1699182057176899
2023-07-08 20:00:00,0.2371666666666666,56.0,0.0,91,0.0459411965272365
2023-07-08 21:00:00,0.5383333333333333,46.5,0.0,91,0.0020963247733302
2023-07-08 22:00:00,0.052,43.5,0.0,91,0.0
2023-07-08 23:00:00,0.0506666666666666,42.5,0.0,91,0.0
2023-07-09 00:00:00,0.7426666666666666,40.5,0.0,91,0.0
2023-07-09 01:00:00,6.386833333333333,36.75,0.0,91,0.0
2023-07-09 02:00:00,14.792333333333334,39.5,0.0,91,0.0
2023-07-09 03:00:00,4.1315,39.5,0.0,91,0.0
2023-07-09 04:00:00,0.0,41.0,0.0,91,0.0
2023-07-09 05:00:00,0.0,31.5,0.0,91,0.0
2023-07-09 06:00:00,0.0,27.0,0.0,91,0.0134038461158927
2023-07-09 07:00:00,0.0,24.75,0.0,91,0.0823376923341017
2023-07-09 08:00:00,0.0,22.25,0.0,91,0.2611630767431014
2023-07-09 09:00:00,0.0,17.0,0.0,91,0.4067761504344451
2023-07-09 10:00:00,0.0011666666666666,15.0,0.0,91,0.5228001729851096
2023-07-09 11:00:00,13.226333333333336,15.0,0.0,91,0.6032374331482454
2023-07-09 12:00:00,2.4055,14.75,0.0,91,0.6572274375980738
2023-07-09 13:00:00,4.0825000000000005,14.5,0.0,91,0.700624010134966
2023-07-09 14:00:00,0.3995,14.5,0.0,91,0.5004916272611701
2023-07-09 15:00:00,2.2836666666666665,15.0,0.0,91,0.569366324335082
2023-07-09 16:00:00,4.758666666666667,18.75,0.0,91,0.5827686329377002
2023-07-09 17:00:00,12.303333333333333,25.0,0.0,91,0.4597913693159056
2023-07-09 18:00:00,0.0,36.75,0.0,91,0.3162838481022761
2023-07-09 19:00:00,7.884166666666666,42.0,0.0,91,0.1626480347070938
2023-07-09 20:00:00,0.0143333333333333,44.0,0.0,91,0.0393064957398634
2023-07-09 21:00:00,0.02,45.0,0.0,91,0.0028052991193631
2023-07-09 22:00:00,1.8523333333333332,55.75,0.0,91,0.0
2023-07-09 23:00:00,4.3745,50.75,0.0,91,0.0
2023-07-10 00:00:00,0.0,46.0,0.0,91,0.0
2023-07-10 01:00:00,0.0,46.5,0.0,91,0.0
2023-07-10 02:00:00,0.0,52.25,0.0,91,0.0
2023-07-10 03:00:00,0.0,53.0,0.0,91,0.0
2023-07-10 04:00:00,0.0,53.5,0.0,91,0.0
2023-07-10 05:00:00,0.0,53.0,0.0,91,0.0
2023-07-10 06:00:00,0.0,50.25,0.0,91,0.0149661538883661
2023-07-10 07:00:00,0.0,47.5,0.0,91,0.0813211110922006
2023-07-10 08:00:00,0.0,46.0,0.0,91,0.2398955555451222
2023-07-10 09:00:00,2.7198333333333333,44.75,0.0,91,0.3794088044125809
2023-07-10 10:00:00,3.705333333333333,42.5,0.0,91,0.5071151303022335
2023-07-10 11:00:00,0.244,40.75,0.0,91,0.6030810279520151
2023-07-10 12:00:00,4.409166666666667,39.5,0.0,91,0.6634234201806223
2023-07-10 13:00:00,17.4605,38.75,0.0,91,0.6790672654371994
2023-07-10 14:00:00,6.704,40.0,0.0,91,0.67790769397703
2023-07-10 15:00:00,5.6305000000000005,40.25,0.0,91,0.6483971828884553
2023-07-10 16:00:00,0.0536666666666666,41.75,0.0,91,0.5752211970141812
2023-07-10 17:00:00,0.0528333333333333,43.0,0.0,91,0.4623442742763421
2023-07-10 18:00:00,4.136333333333333,41.5,0.0,91,0.321649059393467
2023-07-10 19:00:00,0.0,46.0,0.0,91,0.1711672644329886
2023-07-10 20:00:00,0.513,50.25,0.0,91,0.0406775212186014
2023-07-10 21:00:00,7.171166666666667,52.0,0.0,91,0.0023588034260269
2023-07-10 22:00:00,0.05,50.0,0.0,91,0.0
2023-07-10 23:00:00,0.0493333333333333,51.75,0.0,91,0.0
2023-07-11 00:00:00,0.9186666666666669,60.25,0.0,91,0.0
2023-07-11 01:00:00,8.485999999999999,63.75,0.0,91,0.0
2023-07-11 02:00:00,0.0,63.5,0.0,91,0.0
2023-07-11 03:00:00,0.0,62.75,0.0,91,0.0
2023-07-11 04:00:00,0.0,57.0,0.0,91,0.0
2023-07-11 05:00:00,0.0,56.0,0.0,91,0.0
2023-07-11 06:00:00,0.0,54.75,0.0,91,0.0217480342071025
2023-07-11 07:00:00,0.0,53.5,0.0,91,0.0825143590340247
2023-07-11 08:00:00,0.0,51.0,0.0,91,0.2477974355322683
2023-07-11 09:00:00,3.903666666666666,47.75,0.0,91,0.3977195694100143
2023-07-11 10:00:00,5.640333333333333,45.0,0.0,91,0.5224695691491801
2023-07-11 11:00:00,0.0,40.0,0.0,91,0.5976641871786528
2023-07-11 12:00:00,0.0,37.0,0.0,91,0.6521032519218248
2023-07-11 13:00:00,1.2878333333333334,35.5,0.0,91,0.688240939409305
2023-07-11 14:00:00,0.054,38.75,0.0,91,0.6729505105303908
2023-07-11 15:00:00,5.187833333333333,41.5,0.0,91,0.6309708554520567
2023-07-11 16:00:00,0.6478333333333334,41.25,0.0,91,0.4911684605199045
2023-07-11 17:00:00,1.4003333333333332,42.0,0.0,91,0.3347451276860685
2023-07-11 18:00:00,0.1868333333333333,41.75,0.0,91,0.2756234193459536
2023-07-11 19:00:00,0.0,42.25,0.0,91,0.1094960681393615
2023-07-11 20:00:00,0.041,43.5,0.0,91,0.0378138462906209
2023-07-11 21:00:00,0.6093333333333334,46.0,0.0,91,0.0024116239309088
2023-07-11 22:00:00,5.383833333333333,48.0,0.0,91,0.0
2023-07-11 23:00:00,17.7715,57.5,0.0,91,0.0
2023-07-12 00:00:00,13.738833333333332,61.0,0.0,91,0.0
2023-07-12 01:00:00,3.3985,60.0,0.0,91,0.0
2023-07-12 02:00:00,0.2365,61.25,0.0,91,0.0
2023-07-12 03:00:00,0.0,54.5,0.0,91,0.0
2023-07-12 04:00:00,0.0,50.0,0.0,91,0.0
2023-07-12 05:00:00,0.0,45.25,0.0,91,0.0
2023-07-12 06:00:00,0.0,55.75,0.0,91,0.0131447863209451
2023-07-12 07:00:00,0.0,60.5,0.0,91,0.0736558120678632
2023-07-12 08:00:00,0.0,61.0,0.0,91,0.2222134202158349
2023-07-12 09:00:00,0.0,45.75,0.0,91,0.3737592315673828
2023-07-12 10:00:00,0.0,45.25,0.0,91,0.5052504299848507
2023-07-12 11:00:00,0.0,44.0,0.0,91,0.577635983850202
2023-07-12 12:00:00,0.0,41.75,0.0,91,0.5803003425272101
2023-07-12 13:00:00,0.0183333333333333,43.0,0.0,91,0.6153794000087643
2023-07-12 14:00:00,2.488166666666667,43.25,0.0,91,0.5034535047743057
2023-07-12 15:00:00,0.2585,43.25,0.0,91,0.3813682060567742
2023-07-12 16:00:00,0.0203333333333333,46.5,0.0,91,0.2807794023171449
2023-07-12 17:00:00,0.5983333333333333,49.25,0.0,91,0.1147438463186606
2023-07-12 18:00:00,1.3058333333333334,46.0,0.0,91,0.0824123080849297
2023-07-12 19:00:00,4.297666666666667,49.0,0.0,91,0.0087181195976913
2023-07-12 20:00:00,8.4065,48.5,0.0,91,0.0069638462221393
2023-07-12 21:00:00,13.348833333333332,51.0,0.0,91,0.0014423077223965
2023-07-12 22:00:00,19.869666666666667,49.75,0.0,91,0.0
2023-07-12 23:00:00,7.0805,49.0,0.0,91,0.0
2023-07-13 00:00:00,2.3608333333333333,45.75,0.0,91,0.0
2023-07-13 01:00:00,0.0016666666666666,45.75,0.0,91,0.0
2023-07-13 02:00:00,0.0,46.75,0.0,91,0.0
2023-07-13 03:00:00,0.0,46.25,0.0,91,0.0
2023-07-13 04:00:00,0.0,47.75,0.0,91,0.0
2023-07-13 05:00:00,0.0,48.0,0.0,91,0.0
2023-07-13 06:00:00,0.0,50.25,0.0,91,0.0133006837352728
2023-07-13 07:00:00,0.0,52.0,0.0,91,0.0476677780477409
2023-07-13 08:00:00,0.0,51.0,0.0,91,0.0945390592069707
2023-07-13 09:00:00,0.0,49.25,0.0,91,0.2719678627731453
2023-07-13 10:00:00,0.0,45.0,0.0,91,0.4240876052726029
2023-07-13 11:00:00,0.0526666666666666,40.75,0.0,91,0.4995851252629206
2023-07-13 12:00:00,6.398,41.75,0.0,91,0.7275529949481672
2023-07-13 13:00:00,4.908333333333334,42.0,0.0,91,0.7502025675977397
2023-07-13 14:00:00,0.0543333333333333,40.0,0.0,91,0.7322664968376482
2023-07-13 15:00:00,0.0533333333333333,38.0,0.0,91,0.6695065816243494
2023-07-13 16:00:00,0.0526666666666666,38.75,0.0,91,0.6040779498499681
2023-07-13 17:00:00,0.0526666666666666,42.0,0.0,91,0.4835349586682443
2023-07-13 18:00:00,1.956,43.0,0.0,91,0.3035213692167885
2023-07-13 19:00:00,0.0569999999999999,43.0,0.0,91,0.1410599999550061
2023-07-13 20:00:00,0.0466666666666666,44.0,0.0,91,0.0602951284147735
2023-07-13 21:00:00,0.0621666666666666,45.75,0.0,91,0.0030358119459392
2023-07-13 22:00:00,1.903333333333333,46.5,0.0,91,0.0
2023-07-13 23:00:00,9.080333333333334,47.75,0.0,91,0.0
2023-07-14 00:00:00,12.680333333333332,49.75,0.0,91,0.0
2023-07-14 01:00:00,0.0028333333333333,50.0,0.0,91,0.0
2023-07-14 02:00:00,0.0,48.25,0.0,91,0.0
2023-07-14 03:00:00,0.0,48.5,0.0,91,0.0
2023-07-14 04:00:00,0.0,50.5,0.0,91,0.0
2023-07-14 05:00:00,0.0,51.5,0.0,91,0.0
2023-07-14 06:00:00,0.0146666666666666,49.0,0.0,91,0.0102878632364619
2023-07-14 07:00:00,2.0925,46.25,0.0,91,0.0774204273305387
2023-07-14 08:00:00,10.363666666666669,43.75,0.0,91,0.2708587180243598
2023-07-14 09:00:00,11.9525,37.5,0.0,91,0.3590088898096329
2023-07-14 10:00:00,3.6846666666666663,31.0,0.0,91,0.5454185466277296
2023-07-14 11:00:00,0.0775,24.75,0.0,91,0.6055683755467084
2023-07-14 12:00:00,0.0,17.5,0.0,91,0.6748309378338676
2023-07-14 13:00:00,0.0,16.0,0.0,91,0.7241999973394933
2023-07-14 14:00:00,0.0,16.0,0.0,91,0.7226597464797846
2023-07-14 15:00:00,0.0,16.0,0.0,91,0.675772225143563
2023-07-14 16:00:00,0.0,16.25,0.0,91,0.5927014518803002
2023-07-14 17:00:00,0.0,16.25,0.0,91,0.4760552998078175
2023-07-14 18:00:00,0.0,18.5,0.0,91,0.3372599127353766
2023-07-14 19:00:00,0.0,27.75,0.0,91,0.1830863245124491
2023-07-14 20:00:00,0.0,34.25,0.0,91,0.0406731623869675
2023-07-14 21:00:00,0.0,33.5,0.0,91,0.0020176922871022
2023-07-14 22:00:00,0.0,32.75,0.0,91,0.0
2023-07-14 23:00:00,0.0,30.0,0.0,91,0.0
2023-07-15 00:00:00,0.0,20.5,0.0,91,0.0
2023-07-15 01:00:00,0.0,17.0,0.0,91,0.0
2023-07-15 02:00:00,0.0,15.75,0.0,91,0.0
2023-07-15 03:00:00,0.0,15.25,0.0,91,0.0
2023-07-15 04:00:00,0.0,16.0,0.0,91,0.0
2023-07-15 05:00:00,0.0,16.0,0.0,91,0.0
2023-07-15 06:00:00,0.0,16.0,0.0,91,0.0105913674971486
2023-07-15 07:00:00,0.0,16.0,0.0,91,0.0741243585765871
2023-07-15 08:00:00,0.0,15.0,0.0,91,0.2514659833500527
2023-07-15 09:00:00,0.0,14.25,0.0,91,0.3822530752980811
2023-07-15 10:00:00,0.0,14.0,0.0,91,0.4852837622878895
2023-07-15 11:00:00,0.0,14.0,0.0,91,0.2595538447453426
2023-07-15 12:00:00,0.0031666666666666,14.0,0.0,91,0.44807127993331
2023-07-15 13:00:00,0.0,14.0,0.0,91,0.7230938446827424
2023-07-15 14:00:00,0.0,14.0,0.0,91,0.7386793178982207
2023-07-15 15:00:00,0.0,14.0,0.0,91,0.6515423055795525
2023-07-15 16:00:00,0.0,14.0,0.0,91,0.5723752959161742
2023-07-15 17:00:00,0.0,13.25,0.0,91,0.3884136765634912
2023-07-15 18:00:00,0.0,13.0,0.0,91,0.2989888033092531
2023-07-15 19:00:00,0.0,13.5,0.0,91,0.1117951276567247
2023-07-15 20:00:00,0.605,16.5,0.0,91,0.0354841879494169
2023-07-15 21:00:00,6.05,17.0,0.0,91,0.0013185470181111
2023-07-15 22:00:00,6.780500000000001,17.0,0.0,91,0.0
2023-07-15 23:00:00,8.731166666666667,17.5,0.0,91,0.0
2023-07-16 00:00:00,0.01,15.5,0.0,91,0.0
2023-07-16 01:00:00,0.0,14.25,0.0,91,0.0
2023-07-16 02:00:00,0.0,15.5,0.0,91,0.0
2023-07-16 03:00:00,0.0,17.5,0.0,91,0.0
2023-07-16 04:00:00,0.0,18.0,0.0,91,0.0
2023-07-16 05:00:00,0.0,18.25,0.0,91,0.0
2023-07-16 06:00:00,0.0,18.75,0.0,91,0.0044254700769471
2023-07-16 07:00:00,0.0,18.5,0.0,91,0.0485726496500846
2023-07-16 08:00:00,0.0,18.0,0.0,91,0.2008782888885237
2023-07-16 09:00:00,0.033,17.0,0.0,91,0.369984019678882
2023-07-16 10:00:00,0.3278333333333333,16.5,0.0,91,0.522305385883038
2023-07-16 11:00:00,0.4093333333333333,16.5,0.0,91,0.6022188900678587
2023-07-16 12:00:00,0.1368333333333333,16.25,0.0,91,0.5496490550244977
2023-07-16 13:00:00,0.2008333333333333,16.0,0.0,91,0.7290864067403683
2023-07-16 14:00:00,9.641166666666663,16.0,0.0,91,0.7167982913286257
2023-07-16 15:00:00,5.135166666666667,16.25,0.0,91,0.6680423938718615
2023-07-16 16:00:00,6.063833333333334,16.0,0.0,91,0.5862317103198452
2023-07-16 17:00:00,9.221666666666666,16.0,0.0,91,0.4650449606088492
2023-07-16 18:00:00,1.5148333333333337,17.25,0.0,91,0.2944952973748884
2023-07-16 19:00:00,1.9625,24.5,0.0,91,0.1858949574853619
2023-07-16 20:00:00,4.739166666666667,33.0,0.0,91,0.0374210257000393
2023-07-16 21:00:00,0.0,35.5,0.0,91,0.0026695726427814
2023-07-16 22:00:00,0.0,34.75,0.0,91,0.0
2023-07-16 23:00:00,0.0,33.75,0.0,91,0.0
2023-07-17 00:00:00,0.0,35.25,0.0,91,0.0
2023-07-17 01:00:00,0.0,37.25,0.0,91,0.0
2023-07-17 02:00:00,0.0,40.25,0.0,91,0.0
2023-07-17 03:00:00,0.0,41.25,0.0,91,0.0
2023-07-17 04:00:00,0.0,37.75,0.0,91,0.0
2023-07-17 05:00:00,0.0,36.75,0.0,91,0.0
2023-07-17 06:00:00,0.0,37.75,0.0,91,0.0094455555043159
2023-07-17 07:00:00,0.2106666666666666,32.75,0.0,91,0.0695788035433516
2023-07-17 08:00:00,0.4148333333333333,31.0,0.0,91,0.1518729059920351
2023-07-17 09:00:00,0.412,34.25,0.0,91,0.2362529904618222
2023-07-17 10:00:00,0.4101666666666666,30.75,0.0,91,0.3124882047604292
2023-07-17 11:00:00,0.4096666666666666,25.75,0.0,91,0.5008845285268931
2023-07-17 12:00:00,0.4118333333333333,23.5,0.0,91,0.6796389796591217
2023-07-17 13:00:00,0.4128333333333333,22.75,0.0,91,0.7054317950387288
2023-07-17 14:00:00,0.005,23.0,0.0,91,0.6943843548114484
2023-07-17 15:00:00,0.0,23.25,0.0,91,0.6493294055645283
2023-07-17 16:00:00,0.0,22.0,0.0,91,0.5694036741338224
2023-07-17 17:00:00,0.0,25.0,0.0,91,0.4503641027466863
2023-07-17 18:00:00,0.0,33.0,0.0,91,0.3093304273817274
2023-07-17 19:00:00,0.0,39.5,0.0,91,0.1612656412369165
2023-07-17 20:00:00,0.0063333333333333,43.5,0.0,91,0.039674102506067
2023-07-17 21:00:00,0.0088333333333333,44.75,0.0,91,0.0019525640800149
2023-07-17 22:00:00,8.408166666666666,48.5,0.0,91,0.0
2023-07-17 23:00:00,0.6513333333333333,51.75,0.0,91,0.0
2023-07-18 00:00:00,0.0,48.25,0.0,91,0.0
2023-07-18 01:00:00,0.0,49.5,0.0,91,0.0
2023-07-18 02:00:00,0.0,50.0,0.0,91,0.0
2023-07-18 03:00:00,0.0,48.5,0.0,91,0.0
2023-07-18 04:00:00,0.0,44.5,0.0,91,0.0
2023-07-18 05:00:00,0.0,45.5,0.0,91,0.0
2023-07-18 06:00:00,0.0,49.0,0.0,91,0.0101051281854255
2023-07-18 07:00:00,0.1389999999999999,47.5,0.0,91,0.0683545303344726
2023-07-18 08:00:00,0.4126666666666667,47.75,0.0,91,0.1818011107811561
2023-07-18 09:00:00,0.4124999999999999,45.5,0.0,91,0.2789415390471108
2023-07-18 10:00:00,0.4124999999999999,43.0,0.0,91,0.2882155560224484
2023-07-18 11:00:00,0.4008333333333333,42.25,0.0,91,0.5792864096877924
2023-07-18 12:00:00,2.889666666666667,41.25,0.0,91,0.6547653009137538
2023-07-18 13:00:00,6.024166666666666,41.5,0.0,91,0.6537044502323508
2023-07-18 14:00:00,7.103166666666667,41.75,0.0,91,0.3681406852526541
2023-07-18 15:00:00,6.201833333333333,39.25,0.0,91,0.553867691235665
2023-07-18 16:00:00,0.87,39.25,0.0,91,0.5467327346149673
2023-07-18 17:00:00,7.3145,41.25,0.0,91,0.4616292307927058
2023-07-18 18:00:00,1.3083333333333331,45.25,0.0,91,0.2928045318473098
2023-07-18 19:00:00,3.157666666666667,48.25,0.0,91,0.1591827354268131
2023-07-18 20:00:00,0.0,51.0,0.0,91,0.0310311112444624
2023-07-18 21:00:00,0.0,50.75,0.0,91,0.0004518803401698
2023-07-18 22:00:00,0.0,50.25,0.0,91,0.0
2023-07-18 23:00:00,0.0,45.75,0.0,91,0.0
2023-07-19 00:00:00,0.0,46.5,0.0,91,0.0
2023-07-19 01:00:00,0.0,47.25,0.0,91,0.0
2023-07-19 02:00:00,0.0,47.25,0.0,91,0.0
2023-07-19 03:00:00,0.0,48.5,0.0,91,0.0
2023-07-19 04:00:00,0.0,49.75,0.0,91,0.0
2023-07-19 05:00:00,0.0,47.25,0.0,91,0.0
2023-07-19 06:00:00,0.0,46.75,0.0,91,0.0132027350442531
2023-07-19 07:00:00,0.0,47.0,0.0,91,0.0624611963573684
2023-07-19 08:00:00,0.0,48.5,0.0,91,0.2150063237573346
2023-07-19 09:00:00,0.0,50.0,0.0,91,0.3395370913774539
2023-07-19 10:00:00,0.0,46.5,0.0,91,0.4910192307040226
2023-07-19 11:00:00,0.0,37.75,0.0,91,0.6003104270217766
2023-07-19 12:00:00,0.0,34.5,0.0,91,0.6669733350704878
2023-07-19 13:00:00,0.0,32.5,0.0,91,0.7043276077661764
2023-07-19 14:00:00,0.0,29.75,0.0,91,0.620946665706798
2023-07-19 15:00:00,0.0,29.5,0.0,91,0.4705181187034672
2023-07-19 16:00:00,0.1178333333333333,26.0,0.0,91,0.5742366676656611
2023-07-19 17:00:00,9.360666666666669,32.0,0.0,91,0.4639607682187334
2023-07-19 18:00:00,5.821166666666667,33.75,0.0,91,0.310145382677388
2023-07-19 19:00:00,5.546333333333333,35.75,0.0,91,0.1574797437944982
2023-07-19 20:00:00,6.375833333333333,41.25,0.0,91,0.0401362392433688
2023-07-19 21:00:00,0.3461666666666667,45.0,0.0,91,0.0020389743524595
2023-07-19 22:00:00,0.0,44.25,0.0,91,0.0
2023-07-19 23:00:00,0.0,43.75,0.0,91,0.0
2023-07-20 00:00:00,0.0,44.0,0.0,91,0.0
2023-07-20 01:00:00,0.0,43.75,0.0,91,0.0
2023-07-20 02:00:00,0.0,44.75,0.0,91,0.0
2023-07-20 03:00:00,0.0,43.75,0.0,91,0.0
2023-07-20 04:00:00,0.0,43.5,0.0,91,0.0
2023-07-20 05:00:00,0.0,47.75,0.0,91,0.0
2023-07-20 06:00:00,0.0,48.5,0.0,91,0.0095364957818618
2023-07-20 07:00:00,0.0,47.5,0.0,91,0.0657671792283017
2023-07-20 08:00:00,0.0,46.0,0.0,91,0.2446434172605857
2023-07-20 09:00:00,0.0016666666666666,43.75,0.0,91,0.3942769254374708
2023-07-20 10:00:00,7.709166666666666,40.75,0.0,91,0.5277117098294772
2023-07-20 11:00:00,5.383833333333333,37.5,0.0,91,0.6200819631723256
2023-07-20 12:00:00,5.1955,35.75,0.0,91,0.6856413647252271
2023-07-20 13:00:00,6.967666666666666,34.75,0.0,91,0.7203159873505945
2023-07-20 14:00:00,5.2156666666666665,37.75,0.0,91,0.709277089436849
2023-07-20 15:00:00,1.7979999999999998,40.5,0.0,91,0.6620794032170223
2023-07-20 16:00:00,0.0,41.75,0.0,91,0.5809253855648204
2023-07-20 17:00:00,0.0181666666666666,44.5,0.0,91,0.4628084635938334
2023-07-20 18:00:00,4.484833333333333,43.5,0.0,91,0.3129854707636385
2023-07-20 19:00:00,0.0,45.0,0.0,91,0.1306833331605308
2023-07-20 20:00:00,5.763833333333334,47.25,0.0,91,0.0469404273359184
2023-07-20 21:00:00,0.3171666666666666,49.0,0.0,91,0.0021319658007536
2023-07-20 22:00:00,0.0,47.75,0.0,91,0.0
2023-07-20 23:00:00,0.0,45.75,0.0,91,0.0
2023-07-21 00:00:00,0.0,45.75,0.0,91,0.0
2023-07-21 01:00:00,0.0,44.0,0.0,91,0.0
2023-07-21 02:00:00,0.0,43.5,0.0,91,0.0
2023-07-21 03:00:00,0.0,41.0,0.0,91,0.0
2023-07-21 04:00:00,0.0,40.0,0.0,91,0.0
2023-07-21 05:00:00,0.0,43.0,0.0,91,0.0
2023-07-21 06:00:00,0.0,42.0,0.0,91,0.0053663247702722
2023-07-21 07:00:00,0.0,39.25,0.0,91,0.0391275212576246
2023-07-21 08:00:00,0.0,40.0,0.0,91,0.1541851286602835
2023-07-21 09:00:00,0.0083333333333333,40.5,0.0,91,0.3514347004686665
2023-07-21 10:00:00,5.3015,39.5,0.0,91,0.4835592302501712
2023-07-21 11:00:00,2.468833333333333,37.0,0.0,91,0.6379386311718545
2023-07-21 12:00:00,6.821833333333334,34.25,0.0,91,0.6953473487267131
2023-07-21 13:00:00,5.717833333333334,31.75,0.0,91,0.721243074857272
2023-07-21 14:00:00,5.7781666666666665,31.25,0.0,91,0.714126925998264
2023-07-21 15:00:00,6.112833333333334,33.5,0.0,91,0.660122649690025
2023-07-21 16:00:00,4.9965,32.75,0.0,91,0.5774082033858338
2023-07-21 17:00:00,3.1413333333333333,33.25,0.0,91,0.4600710264026609
2023-07-21 18:00:00,0.0,34.75,0.0,91,0.3120784625844059
2023-07-21 19:00:00,0.0,36.5,0.0,91,0.1599495724735097
2023-07-21 20:00:00,0.0,39.0,0.0,91,0.0329235898021958
2023-07-21 21:00:00,0.0,40.0,0.0,91,0.0012303418874278
2023-07-21 22:00:00,0.0,38.5,0.0,91,0.0
2023-07-21 23:00:00,0.0,37.5,0.0,91,0.0
2023-07-22 00:00:00,0.0,39.5,0.0,91,0.0
2023-07-22 01:00:00,0.0,39.25,0.0,91,0.0
2023-07-22 02:00:00,0.0,35.5,0.0,91,0.0
2023-07-22 03:00:00,0.0,34.75,0.0,91,0.0
2023-07-22 04:00:00,0.0,35.25,0.0,91,0.0
2023-07-22 05:00:00,0.0,34.5,0.0,91,0.0
2023-07-22 06:00:00,0.0,33.75,0.0,91,0.0131449573684451
2023-07-22 07:00:00,0.0,30.75,0.0,91,0.0769572645578629
2023-07-22 08:00:00,0.0,25.75,0.0,91,0.1910146152463733
2023-07-22 09:00:00,0.0,17.75,0.0,91,0.3517818812834911
2023-07-22 10:00:00,0.0,13.5,0.0,91,0.4673034191946698
2023-07-22 11:00:00,0.0,12.0,0.0,91,0.5694801689213161
2023-07-22 12:00:00,0.0,12.0,0.0,91,0.650332138844026
2023-07-22 13:00:00,0.0098333333333333,12.0,0.0,91,0.6731570982321713
2023-07-22 14:00:00,0.0,12.0,0.0,91,0.687200089805147
2023-07-22 15:00:00,0.0,12.0,0.0,91,0.6300000026083397
2023-07-22 16:00:00,0.0,12.0,0.0,91,0.5503391435411242
2023-07-22 17:00:00,0.0,11.25,0.0,91,0.4246420503273988
2023-07-22 18:00:00,0.0185,16.0,0.0,91,0.2877291459303636
2023-07-22 19:00:00,6.952500000000001,27.5,0.0,91,0.1481161528367262
2023-07-22 20:00:00,9.4965,29.25,0.0,91,0.0356431625032017
2023-07-22 21:00:00,1.7634999999999998,30.5,0.0,91,0.0014790598381883
2023-07-22 22:00:00,6.924166666666667,30.5,0.0,91,0.0
2023-07-22 23:00:00,0.0,31.25,0.0,91,0.0
2023-07-23 00:00:00,0.0,30.0,0.0,91,0.0
2023-07-23 01:00:00,0.0,18.25,0.0,91,0.0
2023-07-23 02:00:00,0.0,15.0,0.0,91,0.0
2023-07-23 03:00:00,0.0,14.0,0.0,91,0.0
2023-07-23 04:00:00,0.0,14.75,0.0,91,0.0
2023-07-23 05:00:00,0.0,15.0,0.0,91,0.0
2023-07-23 06:00:00,0.0,15.75,0.0,91,0.0113964956686792
2023-07-23 07:00:00,0.2715,16.0,0.0,91,0.0601715386219513
2023-07-23 08:00:00,0.4426666666666667,15.75,0.0,91,0.2172259816552838
2023-07-23 09:00:00,0.0,14.75,0.0,91,0.3654290605202699
2023-07-23 10:00:00,0.0,14.25,0.0,91,0.4751023075723238
2023-07-23 11:00:00,0.0095,15.25,0.0,91,0.6347974314241329
2023-07-23 12:00:00,4.152666666666667,15.0,0.0,91,0.5536694860865928
2023-07-23 13:00:00,6.6265,15.0,0.0,91,0.5779032506698217
2023-07-23 14:00:00,1.763,14.25,0.0,91,0.398598289489746
2023-07-23 15:00:00,6.4665,14.75,0.0,91,0.5508999945159653
2023-07-23 16:00:00,6.367333333333334,15.0,0.0,91,0.541545980404585
2023-07-23 17:00:00,5.281333333333333,14.25,0.0,91,0.4204668345003047
2023-07-23 18:00:00,10.293666666666669,13.5,0.0,91,0.2928751295040815
2023-07-23 19:00:00,12.686,16.0,0.0,91,0.1447286326253515
2023-07-23 20:00:00,6.515999999999999,28.0,0.0,91,0.0242764957185484
2023-07-23 21:00:00,6.241166666666667,33.25,0.0,91,0.0004791452956553
2023-07-23 22:00:00,6.013333333333333,39.25,0.0,91,0.0
2023-07-23 23:00:00,0.3986666666666666,42.25,0.0,91,0.0
2023-07-24 00:00:00,0.0,32.0,0.0,91,0.0
2023-07-24 01:00:00,0.0,20.25,0.0,91,0.0
2023-07-24 02:00:00,0.0,19.0,0.0,91,0.0
2023-07-24 03:00:00,0.0,17.25,0.0,91,0.0
2023-07-24 04:00:00,0.0,18.75,0.0,91,0.0
2023-07-24 05:00:00,0.0,24.5,0.0,91,0.0
2023-07-24 06:00:00,0.0,30.75,0.0,91,0.0
2023-07-24 07:00:00,0.0,34.75,0.0,91,0.0016409401812105
2023-07-24 08:00:00,0.0,34.75,0.0,91,0.0713318808465941
2023-07-24 09:00:00,0.0,32.75,0.0,91,0.1421643593779996
2023-07-24 10:00:00,0.0,32.0,0.0,91,0.1652286336360834
2023-07-24 11:00:00,0.004,30.25,0.0,91,0.4342689748910758
2023-07-24 12:00:00,5.967,23.0,0.0,91,0.3933770096607697
2023-07-24 13:00:00,3.9931666666666663,19.0,0.0,91,0.4536381204719216
2023-07-24 14:00:00,6.462833333333333,16.0,0.0,91,0.4724792281582825
2023-07-24 15:00:00,5.566,16.75,0.0,91,0.5247524796184313
2023-07-24 16:00:00,6.1498333333333335,17.5,0.0,91,0.4653541038382764
2023-07-24 17:00:00,4.8533333333333335,19.0,0.0,91,0.2226702566228361
2023-07-24 18:00:00,1.1535,27.25,0.0,91,0.2150820530785454
2023-07-24 19:00:00,7.614333333333334,33.75,0.0,91,0.0639955556494558
2023-07-24 20:00:00,7.1626666666666665,33.25,0.0,91,0.0268293163002046
2023-07-24 21:00:00,6.127833333333332,28.5,0.0,91,0.0004184615366065
2023-07-24 22:00:00,0.0174999999999999,31.25,0.0,91,0.0
2023-07-24 23:00:00,0.0,33.25,0.0,91,0.0
2023-07-25 00:00:00,0.0,29.25,0.0,91,0.0
2023-07-25 01:00:00,0.0,24.5,0.0,91,0.0
2023-07-25 02:00:00,0.0,25.0,0.0,91,0.0
2023-07-25 03:00:00,0.0,24.0,0.0,91,0.0
2023-07-25 04:00:00,0.0,24.25,0.0,91,0.0
2023-07-25 05:00:00,0.0,26.75,0.0,91,0.0
2023-07-25 06:00:00,0.0,30.25,0.0,91,0.0153864957411319
2023-07-25 07:00:00,0.0,36.5,0.0,91,0.0619003413273738
2023-07-25 08:00:00,0.0,36.0,0.0,91,0.2548088903508635
2023-07-25 09:00:00,0.0,34.5,0.0,91,0.2549370100559332
2023-07-25 10:00:00,0.0,34.25,0.0,91,0.4136411983131347
2023-07-25 11:00:00,0.0,33.25,0.0,91,0.6205047881297577
2023-07-25 12:00:00,0.0,30.25,0.0,91,0.614602390843579
2023-07-25 13:00:00,0.0,27.25,0.0,91,0.6877530741895368
2023-07-25 14:00:00,0.0,28.25,0.0,91,0.6427341878516043
2023-07-25 15:00:00,0.0,29.75,0.0,91,0.3599685453757262
2023-07-25 16:00:00,0.0,33.25,0.0,91,0.5461623040223732
2023-07-25 17:00:00,1.3716666666666668,34.5,0.0,91,0.4302105135795396
2023-07-25 18:00:00,3.974833333333333,36.5,0.0,91,0.1125881201589209
2023-07-25 19:00:00,0.0,37.75,0.0,91,0.059881880915063
2023-07-25 20:00:00,0.0,39.25,0.0,91,0.024638119729188
2023-07-25 21:00:00,0.0,40.0,0.0,91,0.0
2023-07-25 22:00:00,0.0,39.75,0.0,91,0.0
2023-07-25 23:00:00,0.0,38.5,0.0,91,0.0
2023-07-26 00:00:00,0.0,30.25,0.0,91,0.0
2023-07-26 01:00:00,0.0,26.0,0.0,91,0.0
2023-07-26 02:00:00,0.0,25.0,0.0,91,0.0
2023-07-26 03:00:00,0.0,25.0,0.0,91,0.0
2023-07-26 04:00:00,0.0,25.0,0.0,91,0.0
2023-07-26 05:00:00,0.0,27.0,0.0,91,0.0
2023-07-26 06:00:00,0.0,36.25,0.0,91,0.0084373503764215
2023-07-26 07:00:00,0.0,39.75,0.0,91,0.0666945298920329
2023-07-26 08:00:00,0.0,41.75,0.0,91,0.2448091458051633
2023-07-26 09:00:00,0.0,39.5,0.0,91,0.4079206817170494
2023-07-26 10:00:00,0.0,38.5,0.0,91,0.5568366658789476
2023-07-26 11:00:00,0.0,34.25,0.0,91,0.6821420509794839
2023-07-26 12:00:00,0.0,29.5,0.0,91,0.696945898920043
2023-07-26 13:00:00,0.0,25.25,0.0,91,0.5760297400319679
2023-07-26 14:00:00,0.0,24.0,0.0,91,0.6119386324108158
2023-07-26 15:00:00,0.0,22.0,0.0,91,0.5723645319490352
2023-07-26 16:00:00,0.1058333333333333,21.5,0.0,91,0.5205039325942341
2023-07-26 17:00:00,3.234833333333333,26.5,0.0,91,0.4818255540244598
2023-07-26 18:00:00,4.711666666666667,35.5,0.0,91,0.334405642452403
2023-07-26 19:00:00,4.9065,36.5,0.0,91,0.1597723933162852
2023-07-26 20:00:00,6.736999999999999,39.25,0.0,91,0.0293695726863339
2023-07-26 21:00:00,4.831666666666666,40.0,0.0,91,0.0008716239235722
2023-07-26 22:00:00,0.0196666666666666,40.25,0.0,91,0.0
2023-07-26 23:00:00,0.0,40.0,0.0,91,0.0
2023-07-27 00:00:00,0.0,37.75,0.0,91,0.0
2023-07-27 01:00:00,0.0,29.0,0.0,91,0.0
2023-07-27 02:00:00,0.0,24.75,0.0,91,0.0
2023-07-27 03:00:00,0.0,21.25,0.0,91,0.0
2023-07-27 04:00:00,0.0,20.25,0.0,91,0.0
2023-07-27 05:00:00,0.0,19.75,0.0,91,0.0
2023-07-27 06:00:00,0.0,21.75,0.0,91,0.005512478643885
2023-07-27 07:00:00,0.0,27.0,0.0,91,0.0489576067272414
2023-07-27 08:00:00,0.0,25.25,0.0,91,0.2474980342897594
2023-07-27 09:00:00,0.0,23.75,0.0,91,0.4092801711905716
2023-07-27 10:00:00,0.0,22.25,0.0,91,0.5393797413100542
2023-07-27 11:00:00,0.0,17.5,0.0,91,0.634707264696431
2023-07-27 12:00:00,0.0,15.5,0.0,91,0.6823812787960741
2023-07-27 13:00:00,0.0,15.0,0.0,91,0.7083515408507782
2023-07-27 14:00:00,0.0,16.0,0.0,91,0.7011388925405648
2023-07-27 15:00:00,0.0,15.25,0.0,91,0.6680069184914619
2023-07-27 16:00:00,0.0,16.25,0.0,91,0.5853772650824657
2023-07-27 17:00:00,0.0,17.25,0.0,91,0.4651994023771368
2023-07-27 18:00:00,0.027,22.0,0.0,91,0.3207274360330696
2023-07-27 19:00:00,3.743833333333333,33.0,0.0,91,0.1586448728121244
2023-07-27 20:00:00,4.306666666666667,41.0,0.0,91,0.0187977779115367
2023-07-27 21:00:00,6.0376666666666665,42.25,0.0,91,0.0009967521437977
2023-07-27 22:00:00,0.065,41.25,0.0,91,0.0
2023-07-27 23:00:00,0.0,36.5,0.0,91,0.0
2023-07-28 00:00:00,0.0,31.75,0.0,91,0.0
2023-07-28 01:00:00,0.0,27.5,0.0,91,0.0
2023-07-28 02:00:00,0.0,26.75,0.0,91,0.0
2023-07-28 03:00:00,0.0,27.0,0.0,91,0.0
2023-07-28 04:00:00,0.0,27.25,0.0,91,0.0
2023-07-28 05:00:00,0.0,31.0,0.0,91,0.0
2023-07-28 06:00:00,0.0,31.25,0.0,91,0.0005194017131868
2023-07-28 07:00:00,0.0,32.75,0.0,91,0.0153267520717066
2023-07-28 08:00:00,0.0,35.0,0.0,91,0.1201288034977057
2023-07-28 09:00:00,0.0,34.0,0.0,91,0.1976730769719833
2023-07-28 10:00:00,0.098,32.75,0.0,91,0.4848305126744456
2023-07-28 11:00:00,4.829,29.5,0.0,91,0.4545944458399063
2023-07-28 12:00:00,4.823333333333333,26.5,0.0,91,0.5349857255332489
2023-07-28 13:00:00,5.455500000000001,24.0,0.0,91,0.5699799177381731
2023-07-28 14:00:00,4.808333333333334,23.25,0.0,91,0.6551681225116439
2023-07-28 15:00:00,4.940333333333333,20.25,0.0,91,0.546112393762311
2023-07-28 16:00:00,5.45,20.25,0.0,91,0.3209142727322048
2023-07-28 17:00:00,4.522666666666667,24.75,0.0,91,0.3168228195060013
2023-07-28 18:00:00,4.627666666666667,32.25,0.0,91,0.2238465814508943
2023-07-28 19:00:00,4.392333333333333,34.75,0.0,91,0.1435654703776041
2023-07-28 20:00:00,0.0,35.5,0.0,91,0.0314358120698195
2023-07-28 21:00:00,0.0,35.25,0.0,91,0.0003708547019025
2023-07-28 22:00:00,0.0,31.75,0.0,91,0.0
2023-07-28 23:00:00,0.0,30.75,0.0,91,0.0
2023-07-29 00:00:00,0.0,31.75,0.0,91,0.0
2023-07-29 01:00:00,0.0,32.0,0.0,91,0.0
2023-07-29 02:00:00,0.0,32.5,0.0,91,0.0
2023-07-29 03:00:00,0.0,31.0,0.0,91,0.0
2023-07-29 04:00:00,0.0,29.75,0.0,91,0.0
2023-07-29 05:00:00,0.0,29.5,0.0,91,0.0
2023-07-29 06:00:00,0.0,28.25,0.0,91,0.006827521371281
2023-07-29 07:00:00,0.0,26.75,0.0,91,0.0471470087002485
2023-07-29 08:00:00,0.0,23.75,0.0,91,0.2260398302322779
2023-07-29 09:00:00,0.0,21.5,0.0,91,0.327883588187715
2023-07-29 10:00:00,0.0,19.5,0.0,91,0.4777681217030583
2023-07-29 11:00:00,0.0,18.25,0.0,91,0.6254388903756428
2023-07-29 12:00:00,0.0,18.0,0.0,91,0.5502791471562832
2023-07-29 13:00:00,0.0,17.75,0.0,91,0.3803539325029421
2023-07-29 14:00:00,0.0,18.0,0.0,91,0.6686817110501803
2023-07-29 15:00:00,0.0,18.0,0.0,91,0.4126834191216365
2023-07-29 16:00:00,0.0,16.5,0.0,91,0.3984139320177908
2023-07-29 17:00:00,0.0,17.0,0.0,91,0.2121082892173375
2023-07-29 18:00:00,0.0,19.75,0.0,91,0.0071972649270652
2023-07-29 19:00:00,0.0,23.25,0.0,91,0.0048609401311518
2023-07-29 20:00:00,0.0,28.25,0.0,91,0.0036847862952715
2023-07-29 21:00:00,0.0,29.0,0.0,91,0.0008858119608022
2023-07-29 22:00:00,0.0,28.25,0.0,91,0.0
2023-07-29 23:00:00,0.0,27.25,0.0,91,0.0
2023-07-30 00:00:00,0.0,26.75,0.0,91,0.0
2023-07-30 01:00:00,0.0,26.25,0.0,91,0.0
2023-07-30 02:00:00,0.0,21.5,0.0,91,0.0
2023-07-30 03:00:00,0.0,21.0,0.0,91,0.0
2023-07-30 04:00:00,0.0,21.75,0.0,91,0.0
2023-07-30 05:00:00,0.0,22.0,0.0,91,0.0
2023-07-30 06:00:00,0.0,23.0,0.0,91,0.0157362391373031
2023-07-30 07:00:00,0.0,21.25,0.0,91,0.0502005986678294
2023-07-30 08:00:00,0.0655,18.0,0.0,91,0.2019540154220711
2023-07-30 09:00:00,0.0,17.0,0.0,91,0.3764096586113303
2023-07-30 10:00:00,0.0,16.25,0.0,91,0.5330097407153531
2023-07-30 11:00:00,0.1315,16.75,0.0,91,0.6461045296171792
2023-07-30 12:00:00,0.4118333333333333,15.25,0.0,91,0.6978712841588207
2023-07-30 13:00:00,0.2348333333333333,15.5,0.0,91,0.7258880360921227
2023-07-30 14:00:00,0.7315,17.0,0.0,91,0.7330817993685733
2023-07-30 15:00:00,0.0,17.5,0.0,91,0.6731836752606257
2023-07-30 16:00:00,0.0,18.0,0.0,91,0.5767069237863914
2023-07-30 17:00:00,0.0,16.75,0.0,91,0.4611281181400658
2023-07-30 18:00:00,0.0,16.0,0.0,91,0.2384388900822044
2023-07-30 19:00:00,0.0,17.25,0.0,91,0.1213570091051933
2023-07-30 20:00:00,0.0,19.75,0.0,91,0.0268812818608732
2023-07-30 21:00:00,0.0,20.0,0.0,91,0.0009791453028272
2023-07-30 22:00:00,0.0,20.0,0.0,91,0.0
2023-07-30 23:00:00,0.0,20.0,0.0,91,0.0
2023-07-31 00:00:00,0.0,20.5,0.0,91,0.0
2023-07-31 01:00:00,0.0,20.25,0.0,91,0.0
2023-07-31 02:00:00,0.0,21.5,0.0,91,0.0
2023-07-31 03:00:00,0.0,21.75,0.0,91,0.0
2023-07-31 04:00:00,0.0,22.0,0.0,91,0.0
2023-07-31 05:00:00,0.0,21.0,0.0,91,0.0
2023-07-31 06:00:00,0.0,20.0,0.0,91,0.0068029915140225
2023-07-31 07:00:00,0.0,19.5,0.0,91,0.0614999142263689
2023-07-31 08:00:00,0.0,19.5,0.0,91,0.2285394015678992
2023-07-31 09:00:00,0.0126666666666666,20.0,0.0,91,0.3947161509848049
2023-07-31 10:00:00,0.0,18.25,0.0,91,0.5207482049404047
2023-07-31 11:00:00,0.0,18.25,0.0,91,0.6123873477511935
2023-07-31 12:00:00,3.0718333333333336,18.75,0.0,91,0.6648660643487915
2023-07-31 13:00:00,1.5818333333333332,18.0,0.0,91,0.6932335004235946
2023-07-31 14:00:00,0.4141666666666666,18.0,0.0,91,0.6929906013684397
2023-07-31 15:00:00,0.0,18.75,0.0,91,0.6504656389024526
2023-07-31 16:00:00,0.0,18.0,0.0,91,0.5733411114032454
2023-07-31 17:00:00,0.0,18.5,0.0,91,0.4530804273817274
2023-07-31 18:00:00,0.0,20.25,0.0,91,0.3037888880672618
2023-07-31 19:00:00,0.0,26.25,0.0,91,0.1493160685514792
2023-07-31 20:00:00,0.0,29.75,0.0,91,0.0134707693080616
2023-07-31 21:00:00,0.0,29.0,0.0,91,7.188034092641287e-05
2023-07-31 22:00:00,0.0,28.5,0.0,91,0.0
2023-07-31 23:00:00,0.0,24.0,0.0,91,0.0
2023-08-01 00:00:00,0.0,22.25,0.0,91,0.0
2023-08-01 01:00:00,0.0,17.0,0.0,91,0.0
2023-08-01 02:00:00,0.0,17.0,0.0,91,0.0
2023-08-01 03:00:00,0.0,17.0,0.0,91,0.0
2023-08-01 04:00:00,0.0,17.0,0.0,91,0.0
2023-08-01 05:00:00,0.0,17.25,0.0,91,0.0
2023-08-01 06:00:00,0.0,19.5,0.0,91,0.0051982051146845
2023-08-01 07:00:00,0.0,24.0,0.0,91,0.051108290639698
2023-08-01 08:00:00,2.498333333333333,23.25,0.0,91,0.122732307564499
2023-08-01 09:00:00,1.5865,23.0,0.0,91,0.1358703414802876
2023-08-01 10:00:00,0.0,23.0,0.0,91,0.1793674363030327
2023-08-01 11:00:00,0.0,20.25,0.0,91,0.1849388892018897
2023-08-01 12:00:00,0.0,16.5,0.0,91,0.3529526496952416
2023-08-01 13:00:00,0.0,16.0,0.0,91,0.5036368384728064
2023-08-01 14:00:00,0.0,15.5,0.0,91,0.3620100842989407
2023-08-01 15:00:00,0.0,15.0,0.0,91,0.5366841003222345
2023-08-01 16:00:00,0.0,15.0,0.0,91,0.5339006864107575
2023-08-01 17:00:00,0.0,15.25,0.0,91,0.3532542725913546
2023-08-01 18:00:00,0.0,19.75,0.0,91,0.2463817096775414
2023-08-01 19:00:00,0.0,27.75,0.0,91,0.0708969226861611
2023-08-01 20:00:00,0.0,29.25,0.0,91,0.0145465811603089
2023-08-01 21:00:00,0.0,29.5,0.0,91,1.4529914364346068e-05
2023-08-01 22:00:00,0.0,29.0,0.0,91,0.0
2023-08-01 23:00:00,0.0,25.25,0.0,91,0.0
2023-08-02 00:00:00,0.0,24.5,0.0,91,0.0
2023-08-02 01:00:00,0.0,17.75,0.0,91,0.0
2023-08-02 02:00:00,0.0,16.75,0.0,91,0.0
2023-08-02 03:00:00,0.0,16.0,0.0,91,0.0
2023-08-02 04:00:00,0.0,16.0,0.0,91,0.0
2023-08-02 05:00:00,0.0,15.75,0.0,91,0.0
2023-08-02 06:00:00,0.0,14.75,0.0,91,0.0036997435757747
2023-08-02 07:00:00,0.0,14.0,0.0,91,0.0365594017607534
2023-08-02 08:00:00,0.0,13.25,0.0,91,0.198471709927942
2023-08-02 09:00:00,0.0,12.5,0.0,91,0.357077266008426
2023-08-02 10:00:00,0.0,12.25,0.0,91,0.4133797435271432
2023-08-02 11:00:00,0.0,11.75,0.0,91,0.5090976098867566
2023-08-02 12:00:00,0.0,11.75,0.0,91,0.6484846992166632
2023-08-02 13:00:00,0.0,12.0,0.0,91,0.6826822251539963
2023-08-02 14:00:00,0.0,12.0,0.0,91,0.6827882919963604
2023-08-02 15:00:00,0.0,12.0,0.0,91,0.629189659183861
2023-08-02 16:00:00,0.0,12.0,0.0,91,0.548857776609242
2023-08-02 17:00:00,0.0,12.0,0.0,91,0.4548294008695162
2023-08-02 18:00:00,0.0,12.0,0.0,91,0.1777698304918077
2023-08-02 19:00:00,0.0,12.0,0.0,91,0.0398141881645235
2023-08-02 20:00:00,0.0,12.25,0.0,91,0.0054505983059907
2023-08-02 21:00:00,0.0,12.25,0.0,91,0.0
2023-08-02 22:00:00,0.0,13.0,0.0,91,0.0
2023-08-02 23:00:00,0.0,13.5,0.0,91,0.0
2023-08-03 00:00:00,0.0,14.75,0.0,91,0.0
2023-08-03 01:00:00,0.0,13.5,0.0,91,0.0
2023-08-03 02:00:00,0.0,14.0,0.0,91,0.0
2023-08-03 03:00:00,0.0,14.25,0.0,91,0.0
2023-08-03 04:00:00,0.0,14.75,0.0,91,0.0
2023-08-03 05:00:00,0.0,14.25,0.0,91,0.0
2023-08-03 06:00:00,0.0,14.0,0.0,91,0.0044781196690522
2023-08-03 07:00:00,0.0,14.0,0.0,91,0.0401540169145307
2023-08-03 08:00:00,0.0,14.0,0.0,91,0.2247012826316377
2023-08-03 09:00:00,0.0,13.25,0.0,91,0.3880351273626344
2023-08-03 10:00:00,0.0,13.0,0.0,91,0.5334485469720304
2023-08-03 11:00:00,0.0,13.0,0.0,91,0.6432607712704913
2023-08-03 12:00:00,0.0,13.0,0.0,91,0.7081499109512721
2023-08-03 13:00:00,0.0,13.0,0.0,91,0.7389298359145468
2023-08-03 14:00:00,0.0,13.5,0.0,91,0.6952139282226566
2023-08-03 15:00:00,0.0,14.0,0.0,91,0.6553972632253269
2023-08-03 16:00:00,0.0,14.0,0.0,91,0.6116852132683127
2023-08-03 17:00:00,0.0,15.75,0.0,91,0.5004678631643965
2023-08-03 18:00:00,0.0,20.5,0.0,91,0.2621591457138713
2023-08-03 19:00:00,0.0,26.25,0.0,91,0.142568461304037
2023-08-03 20:00:00,0.0,31.25,0.0,91,0.0147686324313155
2023-08-03 21:00:00,0.0,32.75,0.0,91,1.5384615836744634e-05
2023-08-03 22:00:00,0.0,31.75,0.0,91,0.0
2023-08-03 23:00:00,0.0,31.75,0.0,91,0.0
2023-08-04 00:00:00,0.0,31.0,0.0,91,0.0
2023-08-04 01:00:00,0.0,29.25,0.0,91,0.0
2023-08-04 02:00:00,0.0,30.0,0.0,91,0.0
2023-08-04 03:00:00,0.0,30.25,0.0,91,0.0
2023-08-04 04:00:00,0.0,29.75,0.0,91,0.0
2023-08-04 05:00:00,0.0,30.0,0.0,91,0.0
2023-08-04 06:00:00,0.0,32.5,0.0,91,0.0035978632554029
2023-08-04 07:00:00,0.0,35.0,0.0,91,0.0482153848093798
2023-08-04 08:00:00,0.0,33.5,0.0,91,0.1432368373870849
2023-08-04 09:00:00,0.0,34.75,0.0,91,0.2368129061837481
2023-08-04 10:00:00,0.0,34.5,0.0,91,0.3025984628791482
2023-08-04 11:00:00,0.0,33.0,0.0,91,0.3280974350627671
2023-08-04 12:00:00,0.0,32.5,0.0,91,0.2776034180730836
2023-08-04 13:00:00,0.0,31.75,0.0,91,0.1791074346884703
2023-08-04 14:00:00,0.0,30.25,0.0,91,0.1923664106059278
2023-08-04 15:00:00,0.0,26.25,0.0,91,0.2053433344914362
2023-08-04 16:00:00,0.0,26.0,0.0,91,0.6386246161175588
2023-08-04 17:00:00,0.0,27.0,0.0,91,0.1372599139580359
2023-08-04 18:00:00,0.0,32.25,0.0,91,0.122536837341439
2023-08-04 19:00:00,0.0,35.0,0.0,91,0.0878336750747811
2023-08-04 20:00:00,0.0,37.25,0.0,91,0.0135892307843503
2023-08-04 21:00:00,0.0,37.5,0.0,91,0.0
2023-08-04 22:00:00,0.0,36.75,0.0,91,0.0
2023-08-04 23:00:00,0.0,33.5,0.0,91,0.0
2023-08-05 00:00:00,0.0,37.75,0.0,91,0.0
2023-08-05 01:00:00,0.0,33.75,0.0,91,0.0
2023-08-05 02:00:00,0.0,39.0,0.0,91,0.0
2023-08-05 03:00:00,0.0,37.5,0.0,91,0.0
2023-08-05 04:00:00,0.0,39.0,0.0,91,0.0
2023-08-05 05:00:00,0.0,36.75,0.0,91,0.0
2023-08-05 06:00:00,0.0,35.5,0.0,91,0.0031242734983436
2023-08-05 07:00:00,0.0,34.5,0.0,91,0.0386717949769435
2023-08-05 08:00:00,0.0,28.25,0.0,91,0.2059616243329823
2023-08-05 09:00:00,0.0,23.75,0.0,91,0.3997205983675443
2023-08-05 10:00:00,0.0,19.75,0.0,91,0.4257131620553825
2023-08-05 11:00:00,0.0,15.0,0.0,91,0.5779605115580766
2023-08-05 12:00:00,0.0,13.0,0.0,91,0.7387682917994314
2023-08-05 13:00:00,0.0,13.0,0.0,91,0.7218252954727566
2023-08-05 14:00:00,0.0,13.0,0.0,91,0.7463909357837125
2023-08-05 15:00:00,0.0,13.0,0.0,91,0.6749582055898815
2023-08-05 16:00:00,0.0,13.0,0.0,91,0.6412893155089812
2023-08-05 17:00:00,0.0,13.0,0.0,91,0.3837472651554988
2023-08-05 18:00:00,0.0,13.5,0.0,91,0.1424473500047993
2023-08-05 19:00:00,0.0,15.75,0.0,91,0.0985515386630327
2023-08-05 20:00:00,0.0,21.25,0.0,91,0.0190176068297308
2023-08-05 21:00:00,0.0,21.75,0.0,91,5.136752210589306e-05
2023-08-05 22:00:00,0.0,22.0,0.0,91,0.0
2023-08-05 23:00:00,0.0,21.75,0.0,91,0.0
2023-08-06 00:00:00,0.0,18.5,0.0,91,0.0
2023-08-06 01:00:00,0.0,15.5,0.0,91,0.0
2023-08-06 02:00:00,0.0,18.5,0.0,91,0.0
2023-08-06 03:00:00,0.0,21.75,0.0,91,0.0
2023-08-06 04:00:00,0.0,23.0,0.0,91,0.0
2023-08-06 05:00:00,0.0,23.0,0.0,91,0.0
2023-08-06 06:00:00,0.0,22.5,0.0,91,0.0011756410220494
2023-08-06 07:00:00,0.0,21.75,0.0,91,0.0334167520408956
2023-08-06 08:00:00,0.0,19.0,0.0,91,0.0811422223311204
2023-08-06 09:00:00,0.0,17.25,0.0,91,0.2007853853600657
2023-08-06 10:00:00,0.0,16.0,0.0,91,0.3770411962525458
2023-08-06 11:00:00,0.0,15.25,0.0,91,0.3412346176408295
2023-08-06 12:00:00,0.0,15.0,0.0,91,0.3313767513046917
2023-08-06 13:00:00,0.0,15.0,0.0,91,0.6919218819773093
2023-08-06 14:00:00,0.0,15.5,0.0,91,0.5608190562582425
2023-08-06 15:00:00,0.0,15.0,0.0,91,0.4424607692620693
2023-08-06 16:00:00,0.0,15.5,0.0,91,0.5063575196877502
2023-08-06 17:00:00,0.0,14.5,0.0,91,0.4285334192585742
2023-08-06 18:00:00,0.0,14.25,0.0,91,0.2425941010825654
2023-08-06 19:00:00,0.0,14.5,0.0,91,0.0737824785607492
2023-08-06 20:00:00,0.0,15.0,0.0,91,0.0164186324083652
2023-08-06 21:00:00,0.0,15.25,0.0,91,3.1623932031484616e-06
2023-08-06 22:00:00,0.0,16.0,0.0,91,0.0
2023-08-06 23:00:00,0.0,18.0,0.0,91,0.0
2023-08-07 00:00:00,0.0,21.0,0.0,91,0.0
2023-08-07 01:00:00,0.0,20.5,0.0,91,0.0
2023-08-07 02:00:00,0.0,22.5,0.0,91,0.0
2023-08-07 03:00:00,0.0,24.75,0.0,91,0.0
2023-08-07 04:00:00,0.0,26.0,0.0,91,0.0
2023-08-07 05:00:00,0.0,24.75,0.0,91,0.0
2023-08-07 06:00:00,0.0,20.0,0.0,91,0.0032918803432048
2023-08-07 07:00:00,0.0,18.0,0.0,91,0.0320168378210475
2023-08-07 08:00:00,0.0,17.5,0.0,91,0.2214288033379449
2023-08-07 09:00:00,0.0,16.75,0.0,91,0.3936212826590253
2023-08-07 10:00:00,0.0,16.0,0.0,91,0.5143848722408981
2023-08-07 11:00:00,0.0,15.75,0.0,91,0.2933631618206318
2023-08-07 12:00:00,0.0,17.5,0.0,91,0.1927393158480652
2023-08-07 13:00:00,0.0,18.0,0.0,91,0.6792899982745834
2023-08-07 14:00:00,0.0,19.5,0.0,91,0.6604405134152144
2023-08-07 15:00:00,0.0,20.75,0.0,91,0.7121691486978126
2023-08-07 16:00:00,0.0,21.0,0.0,91,0.6072956404726729
2023-08-07 17:00:00,0.0,23.0,0.0,91,0.4543034180209169
2023-08-07 18:00:00,0.0,25.75,0.0,91,0.3024616252866566
2023-08-07 19:00:00,0.0,27.5,0.0,91,0.1154031623938144
2023-08-07 20:00:00,0.0,28.75,0.0,91,0.0120188034504142
2023-08-07 21:00:00,0.0,27.25,0.0,91,0.0
2023-08-07 22:00:00,0.0,27.25,0.0,91,0.0
2023-08-07 23:00:00,0.0,27.75,0.0,91,0.0
2023-08-08 00:00:00,0.0,29.0,0.0,91,0.0
2023-08-08 01:00:00,0.0,29.75,0.0,91,0.0
2023-08-08 02:00:00,0.0,31.75,0.0,91,0.0
2023-08-08 03:00:00,0.0,32.5,0.0,91,0.0
2023-08-08 04:00:00,0.0,32.75,0.0,91,0.0
2023-08-08 05:00:00,0.0,35.0,0.0,91,0.0
2023-08-08 06:00:00,0.0,33.0,0.0,91,0.0030762393212216
2023-08-08 07:00:00,0.0,31.5,0.0,91,0.0285342734287946
2023-08-08 08:00:00,0.0,31.5,0.0,91,0.2167147864643324
2023-08-08 09:00:00,0.0,30.25,0.0,91,0.3870741888192984
2023-08-08 10:00:00,0.0,28.75,0.0,91,0.5237303442017647
2023-08-08 11:00:00,0.0,27.25,0.0,91,0.6170335036057693
2023-08-08 12:00:00,0.0,27.5,0.0,91,0.6613645328619543
2023-08-08 13:00:00,0.0,27.75,0.0,91,0.6745070087400259
2023-08-08 14:00:00,0.0,27.75,0.0,91,0.6997856414012419
2023-08-08 15:00:00,0.0,28.0,0.0,91,0.6405152123606104
2023-08-08 16:00:00,0.0,29.25,0.0,91,0.573982905852489
2023-08-08 17:00:00,0.0,30.0,0.0,91,0.4415753871559079
2023-08-08 18:00:00,0.0,29.0,0.0,91,0.262527096088116
2023-08-08 19:00:00,0.0,30.0,0.0,91,0.114526068043505
2023-08-08 20:00:00,0.0,30.5,0.0,91,0.0193582905109366
2023-08-08 21:00:00,0.0,31.75,0.0,91,0.0
2023-08-08 22:00:00,0.0,30.75,0.0,91,0.0
2023-08-08 23:00:00,0.0,30.0,0.0,91,0.0
2023-08-09 00:00:00,0.0,30.25,0.0,91,0.0
2023-08-09 01:00:00,0.0,30.75,0.0,91,0.0
2023-08-09 02:00:00,0.0,32.75,0.0,91,0.0
2023-08-09 03:00:00,0.0,33.75,0.0,91,0.0
2023-08-09 04:00:00,0.0,35.75,0.0,91,0.0
2023-08-09 05:00:00,0.0,37.0,0.0,91,0.0
2023-08-09 06:00:00,0.0,39.25,0.0,91,0.003693418793826
2023-08-09 07:00:00,0.0,43.5,0.0,91,0.0349814530111785
2023-08-09 08:00:00,0.0,43.5,0.0,91,0.2056453854813535
2023-08-09 09:00:00,0.0,43.0,0.0,91,0.3743611112415281
2023-08-09 10:00:00,0.0,40.5,0.0,91,0.5016864118005475
2023-08-09 11:00:00,0.0,38.0,0.0,91,0.5995887182512856
2023-08-09 12:00:00,0.0,35.25,0.0,91,0.6474235071687618
2023-08-09 13:00:00,0.0,32.25,0.0,91,0.6435329078609109
2023-08-09 14:00:00,0.0,30.75,0.0,91,0.6264188913198622
2023-08-09 15:00:00,0.0,32.0,0.0,91,0.6368837588057562
2023-08-09 16:00:00,0.0,32.5,0.0,91,0.5489686297555256
2023-08-09 17:00:00,0.0,35.25,0.0,91,0.429695299588717
2023-08-09 18:00:00,0.0,39.5,0.0,91,0.2804670076288729
2023-08-09 19:00:00,0.0,41.25,0.0,91,0.1149556399818159
2023-08-09 20:00:00,0.0,43.25,0.0,91,0.0090152136491149
2023-08-09 21:00:00,0.0,44.25,0.0,91,5.641025530858932e-06
2023-08-09 22:00:00,0.0,43.25,0.0,91,0.0
2023-08-09 23:00:00,0.0,42.5,0.0,91,0.0
2023-08-10 00:00:00,0.0,45.0,0.0,91,0.0
2023-08-10 01:00:00,0.0,47.75,0.0,91,0.0
2023-08-10 02:00:00,0.0,44.75,0.0,91,0.0
2023-08-10 03:00:00,0.0,45.75,0.0,91,0.0
2023-08-10 04:00:00,0.0,45.0,0.0,91,0.0
2023-08-10 05:00:00,0.0,43.75,0.0,91,0.0
2023-08-10 06:00:00,0.0,44.75,0.0,91,0.0029128204908572
2023-08-10 07:00:00,0.0,43.75,0.0,91,0.0298011109564039
2023-08-10 08:00:00,0.0,41.25,0.0,91,0.2103995724213429
2023-08-10 09:00:00,0.0,39.75,0.0,91,0.3202415381537544
2023-08-10 10:00:00,0.0,34.5,0.0,91,0.4554704271626271
2023-08-10 11:00:00,0.0,25.75,0.0,91,0.543291791606153
2023-08-10 12:00:00,0.0,24.75,0.0,91,0.5404029917920756
2023-08-10 13:00:00,0.0,25.0,0.0,91,0.4648419662214751
2023-08-10 14:00:00,0.0,24.5,0.0,91,0.2349552130087828
2023-08-10 15:00:00,0.0,24.75,0.0,91,0.3358882905682946
2023-08-10 16:00:00,0.0,25.0,0.0,91,0.5067817935780581
2023-08-10 17:00:00,0.0,21.5,0.0,91,0.3399758976341313
2023-08-10 18:00:00,0.0,39.0,0.0,91,0.2722375207884698
2023-08-10 19:00:00,0.0,45.25,0.0,91,0.1028267518883077
2023-08-10 20:00:00,0.0,32.75,0.0,91,0.0131942735040862
2023-08-10 21:00:00,0.0,34.0,0.0,91,7.692307759171795e-07
2023-08-10 22:00:00,0.0,33.5,0.0,91,0.0
2023-08-10 23:00:00,0.0,33.25,0.0,91,0.0
2023-08-11 00:00:00,0.0,36.0,0.0,91,0.0
2023-08-11 01:00:00,0.0,32.0,0.0,91,0.0
2023-08-11 02:00:00,0.0,31.75,0.0,91,0.0
2023-08-11 03:00:00,0.0,33.5,0.0,91,0.0
2023-08-11 04:00:00,0.0,36.0,0.0,91,0.0
2023-08-11 05:00:00,0.0,36.0,0.0,91,0.0
2023-08-11 06:00:00,0.0,37.0,0.0,91,0.0026966666423866
2023-08-11 07:00:00,0.0,34.75,0.0,91,0.0257205983308645
2023-08-11 08:00:00,0.0,33.25,0.0,91,0.195431282173874
2023-08-11 09:00:00,0.0,32.0,0.0,91,0.3488297431489341
2023-08-11 10:00:00,0.0,23.0,0.0,91,0.4772817073724208
2023-08-11 11:00:00,0.0,18.75,0.0,91,0.5741369231134399
2023-08-11 12:00:00,0.0,18.5,0.0,91,0.6351929930336458
2023-08-11 13:00:00,0.0,18.0,0.0,91,0.6514968389527412
2023-08-11 14:00:00,0.0001666666666666,19.0,0.0,91,0.6482840161445815
2023-08-11 15:00:00,0.0,18.25,0.0,91,0.6108944421751888
2023-08-11 16:00:00,0.0,19.0,0.0,91,0.5301367526584203
2023-08-11 17:00:00,0.0,20.75,0.0,91,0.4114596583700587
2023-08-11 18:00:00,0.0,28.5,0.0,91,0.2644332494491186
2023-08-11 19:00:00,0.0,31.0,0.0,91,0.102852650381561
2023-08-11 20:00:00,0.0,31.75,0.0,91,0.010175299137974
2023-08-11 21:00:00,0.0,32.25,0.0,91,0.0
2023-08-11 22:00:00,0.0,32.25,0.0,91,0.0
2023-08-11 23:00:00,0.0,33.0,0.0,91,0.0
2023-08-12 00:00:00,0.0,32.5,0.0,91,0.0
2023-08-12 01:00:00,0.0,33.0,0.0,91,0.0
2023-08-12 02:00:00,0.0,35.0,0.0,91,0.0
2023-08-12 03:00:00,0.0,33.0,0.0,91,0.0
2023-08-12 04:00:00,0.0,29.25,0.0,91,0.0
2023-08-12 05:00:00,0.0,29.0,0.0,91,0.0
2023-08-12 06:00:00,0.0108333333333333,27.75,0.0,91,0.0023254701119457
2023-08-12 07:00:00,0.0,25.0,0.0,91,0.0412111964796343
2023-08-12 08:00:00,0.0,26.0,0.0,91,0.1090451285370394
2023-08-12 09:00:00,0.0,25.25,0.0,91,0.2996424791547987
2023-08-12 10:00:00,0.0,22.75,0.0,91,0.4314305970607658
2023-08-12 11:00:00,0.0,18.5,0.0,91,0.5155832468342577
2023-08-12 12:00:00,0.0,15.5,0.0,91,0.6397508539705197
2023-08-12 13:00:00,0.0,15.75,0.0,91,0.6385765819060497
2023-08-12 14:00:00,0.0,16.0,0.0,91,0.5019234186156184
2023-08-12 15:00:00,0.0,17.0,0.0,91,0.3486241870456271
2023-08-12 16:00:00,0.0,16.5,0.0,91,0.2722744444496611
2023-08-12 17:00:00,0.0,17.0,0.0,91,0.2321372645125429
2023-08-12 18:00:00,0.0,21.5,0.0,91,0.2504439308296921
2023-08-12 19:00:00,0.0,26.25,0.0,91,0.1015924787113809
2023-08-12 20:00:00,0.0,31.5,0.0,91,0.0088741025633903
2023-08-12 21:00:00,0.0091666666666666,32.5,0.0,91,0.0
2023-08-12 22:00:00,0.0,38.0,0.0,91,0.0
2023-08-12 23:00:00,0.0,40.0,0.0,91,0.0
2023-08-13 00:00:00,0.0,33.25,0.0,91,0.0
2023-08-13 01:00:00,0.0,27.0,0.0,91,0.0
2023-08-13 02:00:00,0.0,28.0,0.0,91,0.0
2023-08-13 03:00:00,0.0,25.75,0.0,91,0.0
2023-08-13 04:00:00,0.0,25.5,0.0,91,0.0
2023-08-13 05:00:00,0.0,25.5,0.0,91,0.0
2023-08-13 06:00:00,0.0,25.0,0.0,91,0.0020625640859461
2023-08-13 07:00:00,0.0,23.0,0.0,91,0.0260932478537926
2023-08-13 08:00:00,0.0,20.25,0.0,91,0.1811560692746415
2023-08-13 09:00:00,0.0386666666666666,20.0,0.0,91,0.344375725118523
2023-08-13 10:00:00,0.0386666666666666,19.25,0.0,91,0.4367243618435331
2023-08-13 11:00:00,0.039,19.0,0.0,91,0.5500567512838249
2023-08-13 12:00:00,0.0425,17.0,0.0,91,0.6163611943497618
2023-08-13 13:00:00,0.0418333333333333,17.0,0.0,91,0.6789870087713258
2023-08-13 14:00:00,0.0408333333333333,17.25,0.0,91,0.6509239284808819
2023-08-13 15:00:00,0.0338333333333333,17.0,0.0,91,0.5736436781923996
2023-08-13 16:00:00,0.0401666666666666,17.25,0.0,91,0.5335394880506731
2023-08-13 17:00:00,0.039,16.75,0.0,91,0.3969621368147369
2023-08-13 18:00:00,0.0378333333333333,19.0,0.0,91,0.1797090598049326
2023-08-13 19:00:00,0.0393333333333333,23.5,0.0,91,0.0930477775467766
2023-08-13 20:00:00,0.02,30.25,0.0,91,0.0042611965772687
2023-08-13 21:00:00,0.0,31.75,0.0,91,0.0
2023-08-13 22:00:00,0.0,31.5,0.0,91,0.0
2023-08-13 23:00:00,0.0,31.0,0.0,91,0.0
2023-08-14 00:00:00,0.0,32.25,0.0,91,0.0
2023-08-14 01:00:00,0.0,31.25,0.0,91,0.0
2023-08-14 02:00:00,0.0,30.0,0.0,91,0.0
2023-08-14 03:00:00,0.0,28.75,0.0,91,0.0
2023-08-14 04:00:00,0.0056666666666666,28.25,0.0,91,0.0
2023-08-14 05:00:00,0.0,28.25,0.0,91,0.0
2023-08-14 06:00:00,0.0,31.5,0.0,91,0.0019104273337074
2023-08-14 07:00:00,0.0,30.25,0.0,91,0.0375916239746615
2023-08-14 08:00:00,0.0,28.0,0.0,91,0.084076239267985
2023-08-14 09:00:00,0.0,25.75,0.0,91,0.1383705990131084
2023-08-14 10:00:00,0.0,18.75,0.0,91,0.3319438459934332
2023-08-14 11:00:00,0.0,16.25,0.0,91,0.5632213657737797
2023-08-14 12:00:00,0.0,16.25,0.0,91,0.6283334148439587
2023-08-14 13:00:00,0.0,16.0,0.0,91,0.569868377294296
2023-08-14 14:00:00,0.0,15.75,0.0,91,0.5292146121946154
2023-08-14 15:00:00,0.039,16.25,0.0,91,0.5817155560876571
2023-08-14 16:00:00,0.0393333333333333,16.0,0.0,91,0.4501127353896445
2023-08-14 17:00:00,0.0383333333333333,16.75,0.0,91,0.3858908540774614
2023-08-14 18:00:00,0.0393333333333333,20.5,0.0,91,0.2549768384297689
2023-08-14 19:00:00,0.0396666666666666,34.5,0.0,91,0.0943049572268102
2023-08-14 20:00:00,0.0291666666666666,39.25,0.0,91,0.0072064102637286
2023-08-14 21:00:00,0.0,39.75,0.0,91,0.0
2023-08-14 22:00:00,0.0,41.5,0.0,91,0.0
2023-08-14 23:00:00,0.0,42.25,0.0,91,0.0
2023-08-15 00:00:00,0.0,37.25,0.0,91,0.0
2023-08-15 01:00:00,0.0,31.25,0.0,91,0.0
2023-08-15 02:00:00,0.0,28.75,0.0,91,0.0
2023-08-15 03:00:00,0.0,32.75,0.0,91,0.0
2023-08-15 04:00:00,0.0,34.0,0.0,91,0.0
2023-08-15 05:00:00,0.0,33.75,0.0,91,0.0
2023-08-15 06:00:00,0.0,32.75,0.0,91,0.0020306837711578
2023-08-15 07:00:00,0.0,31.0,0.0,91,0.0209685469081259
2023-08-15 08:00:00,0.0,28.75,0.0,91,0.1593520514985435
2023-08-15 09:00:00,0.0,26.5,0.0,91,0.3021482055207602
2023-08-15 10:00:00,0.0,23.75,0.0,91,0.3628125626001602
2023-08-15 11:00:00,0.019,20.0,0.0,91,0.5268119668553018
2023-08-15 12:00:00,0.039,17.75,0.0,91,0.6655923096746463
2023-08-15 13:00:00,0.0393333333333333,17.0,0.0,91,0.3931832494491186
2023-08-15 14:00:00,0.0396666666666666,16.5,0.0,91,0.3197576927119849
2023-08-15 15:00:00,0.0393333333333333,17.0,0.0,91,0.4750739311153058
2023-08-15 16:00:00,0.039,17.5,0.0,91,0.5065021358392175
2023-08-15 17:00:00,0.0388333333333333,19.5,0.0,91,0.3935135037674863
2023-08-15 18:00:00,0.0385,26.5,0.0,91,0.1753447010985806
2023-08-15 19:00:00,0.039,33.5,0.0,91,0.0655239319597554
2023-08-15 20:00:00,0.0396666666666666,34.75,0.0,91,0.0040563247925164
2023-08-15 21:00:00,0.0131666666666666,34.75,0.0,91,0.0
2023-08-15 22:00:00,0.0,33.5,0.0,91,0.0
2023-08-15 23:00:00,0.0,32.0,0.0,91,0.0
2023-08-16 00:00:00,0.0,32.25,0.0,91,0.0
2023-08-16 01:00:00,0.0,32.5,0.0,91,0.0
2023-08-16 02:00:00,0.0,29.75,0.0,91,0.0
2023-08-16 03:00:00,0.0068333333333333,30.0,0.0,91,0.0
2023-08-16 04:00:00,0.0,30.0,0.0,91,0.0
2023-08-16 05:00:00,0.0,32.0,0.0,91,0.0
2023-08-16 06:00:00,0.0,32.75,0.0,91,0.0009203418745444
2023-08-16 07:00:00,0.0,31.25,0.0,91,0.0234202563558888
2023-08-16 08:00:00,0.0,29.5,0.0,91,0.1766146155707856
2023-08-16 09:00:00,0.0,27.75,0.0,91,0.3157581202189128
2023-08-16 10:00:00,0.0,27.5,0.0,91,0.455540084838867
2023-08-16 11:00:00,0.0,22.0,0.0,91,0.5590313655494624
2023-08-16 12:00:00,0.0,19.0,0.0,91,0.5925705960265593
2023-08-16 13:00:00,0.0,19.0,0.0,91,0.6796197411952873
2023-08-16 14:00:00,0.0,19.5,0.0,91,0.6564731617462943
2023-08-16 15:00:00,0.0365,19.75,0.0,91,0.5994923074836404
2023-08-16 16:00:00,0.0381666666666666,22.5,0.0,91,0.5131439319838828
2023-08-16 17:00:00,0.0386666666666666,28.5,0.0,91,0.383679319528433
2023-08-16 18:00:00,0.0415,37.25,0.0,91,0.2373205970698951
2023-08-16 19:00:00,0.0393333333333333,39.0,0.0,91,0.0412393161170502
2023-08-16 20:00:00,0.037,40.75,0.0,91,0.007754615408042
2023-08-16 21:00:00,0.0,42.25,0.0,91,0.0
2023-08-16 22:00:00,0.0,42.0,0.0,91,0.0
2023-08-16 23:00:00,0.0,39.0,0.0,91,0.0
2023-08-17 00:00:00,0.0,38.25,0.0,91,0.0
2023-08-17 01:00:00,0.0,30.75,0.0,91,0.0
2023-08-17 02:00:00,0.0,25.5,0.0,91,0.0
2023-08-17 03:00:00,0.0,27.25,0.0,91,0.0
2023-08-17 04:00:00,0.0,28.25,0.0,91,0.0
2023-08-17 05:00:00,0.0,27.75,0.0,91,0.0
2023-08-17 06:00:00,0.0,29.25,0.0,91,0.0011052991437096
2023-08-17 07:00:00,0.0,34.0,0.0,91,0.0108844444435885
2023-08-17 08:00:00,0.0,34.25,0.0,91,0.1071439322854718
2023-08-17 09:00:00,0.0073333333333333,32.5,0.0,91,0.2299660672896948
2023-08-17 10:00:00,0.0,30.75,0.0,91,0.3746590604537572
2023-08-17 11:00:00,0.033,19.75,0.0,91,0.4948891445714186
2023-08-17 12:00:00,0.0393333333333333,17.25,0.0,91,0.6239088870317507
2023-08-17 13:00:00,0.039,17.25,0.0,91,0.5780405986818492
2023-08-17 14:00:00,0.0386666666666666,17.75,0.0,91,0.5620234158507781
2023-08-17 15:00:00,0.0375,18.0,0.0,91,0.3845858973315638
2023-08-17 16:00:00,0.0381666666666666,17.75,0.0,91,0.4932216239994407
2023-08-17 17:00:00,0.0378333333333333,20.25,0.0,91,0.3848722242697692
2023-08-17 18:00:00,0.0388333333333333,24.0,0.0,91,0.2349486324929783
2023-08-17 19:00:00,0.02,31.0,0.0,91,0.0764585467892834
2023-08-17 20:00:00,0.0,32.25,0.0,91,0.0046503418925194
2023-08-17 21:00:00,0.0,32.75,0.0,91,0.0
2023-08-17 22:00:00,0.0,28.0,0.0,91,0.0
2023-08-17 23:00:00,0.0,26.5,0.0,91,0.0
2023-08-18 00:00:00,0.0,26.0,0.0,91,0.0
2023-08-18 01:00:00,0.0123333333333333,29.75,0.0,91,0.0
2023-08-18 02:00:00,0.0,30.0,0.0,91,0.0
2023-08-18 03:00:00,0.0,27.0,0.0,91,0.0
2023-08-18 04:00:00,0.0,27.75,0.0,91,0.0
2023-08-18 05:00:00,0.0,27.75,0.0,91,0.0
2023-08-18 06:00:00,0.0,28.5,0.0,91,0.0009152136844956
2023-08-18 07:00:00,0.0,31.25,0.0,91,0.0237429059774447
2023-08-18 08:00:00,0.0141666666666666,29.75,0.0,91,0.1667942736699031
2023-08-18 09:00:00,0.0386666666666666,29.0,0.0,91,0.323965213808239
2023-08-18 10:00:00,0.0446666666666666,27.0,0.0,91,0.4746816221057859
2023-08-18 11:00:00,0.0473333333333333,23.5,0.0,91,0.5551612821399654
2023-08-18 12:00:00,0.0416666666666666,23.25,0.0,91,0.5862636758527188
2023-08-18 13:00:00,0.0478333333333333,23.5,0.0,91,0.5631451288859048
2023-08-18 14:00:00,0.044,23.5,0.0,91,0.6063857295370512
2023-08-18 15:00:00,0.0403333333333333,23.5,0.0,91,0.5910933365781085
2023-08-18 16:00:00,0.0386666666666666,24.5,0.0,91,0.3624080341697758
2023-08-18 17:00:00,0.0403333333333333,26.0,0.0,91,0.2540623073088817
2023-08-18 18:00:00,0.0408333333333333,27.25,0.0,91,0.1836027354052943
2023-08-18 19:00:00,0.0231666666666666,29.0,0.0,91,0.1223999997897025
2023-08-18 20:00:00,0.0,30.0,0.0,91,0.0079530769283286
2023-08-18 21:00:00,0.0131666666666666,30.75,0.0,91,0.0
2023-08-18 22:00:00,0.0,29.0,0.0,91,0.0
2023-08-18 23:00:00,0.0,29.5,0.0,91,0.0
2023-08-19 00:00:00,0.0,31.5,0.0,91,0.0
2023-08-19 01:00:00,0.0,24.5,0.0,91,0.0
2023-08-19 02:00:00,0.0,21.0,0.0,91,0.0
2023-08-19 03:00:00,0.0,19.5,0.0,91,0.0
2023-08-19 04:00:00,0.0,19.0,0.0,91,0.0
2023-08-19 05:00:00,0.0,18.75,0.0,91,0.0
2023-08-19 06:00:00,0.0,19.0,0.0,91,0.0008876068367917
2023-08-19 07:00:00,0.0266666666666666,18.75,0.0,91,0.0431718804591741
2023-08-19 08:00:00,0.0231666666666666,17.75,0.0,91,0.1641405971233661
2023-08-19 09:00:00,0.0,17.0,0.0,91,0.2857178644033579
2023-08-19 10:00:00,0.0,16.5,0.0,91,0.44460692316039
2023-08-19 11:00:00,0.0,16.0,0.0,91,0.5250884595691646
2023-08-19 12:00:00,0.0,16.25,0.0,91,0.5941799985445467
2023-08-19 13:00:00,0.0,16.0,0.0,91,0.6251602564102564
2023-08-19 14:00:00,0.0,14.25,0.0,91,0.6259541894635586
2023-08-19 15:00:00,0.0,14.0,0.0,91,0.579327177390074
2023-08-19 16:00:00,0.0,14.0,0.0,91,0.4904588878664195
2023-08-19 17:00:00,0.0,15.75,0.0,91,0.3656909388354701
2023-08-19 18:00:00,0.0103333333333333,23.5,0.0,91,0.2223270082066201
2023-08-19 19:00:00,0.0,28.75,0.0,91,0.0716443592259007
2023-08-19 20:00:00,0.0,32.75,0.0,91,0.0054183760587858
2023-08-19 21:00:00,0.0,33.25,0.0,91,0.0
2023-08-19 22:00:00,0.0,32.75,0.0,91,0.0
2023-08-19 23:00:00,0.0,32.75,0.0,91,0.0
2023-08-20 00:00:00,0.0,31.0,0.0,91,0.0
2023-08-20 01:00:00,0.0,29.5,0.0,91,0.0
2023-08-20 02:00:00,0.0,31.0,0.0,91,0.0
2023-08-20 03:00:00,0.0,28.75,0.0,91,0.0
2023-08-20 04:00:00,0.0136666666666666,29.25,0.0,91,0.0
2023-08-20 05:00:00,0.0,29.75,0.0,91,0.0
2023-08-20 06:00:00,0.0,28.5,0.0,91,0.0008442735111611
2023-08-20 07:00:00,0.0,26.0,0.0,91,0.0244582051191574
2023-08-20 08:00:00,0.0,24.0,0.0,91,0.1561892304868779
2023-08-20 09:00:00,0.0258333333333333,23.0,0.0,91,0.315803590106149
2023-08-20 10:00:00,0.0423333333333333,16.0,0.0,91,0.4508582905826406
2023-08-20 11:00:00,0.0423333333333333,14.5,0.0,91,0.5426712857759919
2023-08-20 12:00:00,0.1178333333333333,14.0,0.0,91,0.5913776065141723
2023-08-20 13:00:00,0.038,14.0,0.0,91,0.613425982222598
2023-08-20 14:00:00,0.038,14.5,0.0,91,0.6105616238585904
2023-08-20 15:00:00,0.0475,16.5,0.0,91,0.5704953824556793
2023-08-20 16:00:00,0.0393333333333333,16.5,0.0,91,0.4910620514959353
2023-08-20 17:00:00,0.0405,19.75,0.0,91,0.3686128192477756
2023-08-20 18:00:00,0.0403333333333333,28.25,0.0,91,0.2180837611663036
2023-08-20 19:00:00,0.0401666666666666,33.75,0.0,91,0.0677246153252756
2023-08-20 20:00:00,0.0386666666666666,34.5,0.0,91,0.0044995726734941
2023-08-20 21:00:00,0.0395,35.5,0.0,91,0.0
2023-08-20 22:00:00,0.0393333333333333,34.5,0.0,91,0.0
2023-08-20 23:00:00,0.04,35.5,0.0,91,0.0
2023-08-21 00:00:00,0.04,37.75,0.0,91,0.0
2023-08-21 01:00:00,0.0458333333333333,35.0,0.0,91,0.0
2023-08-21 02:00:00,0.038,33.75,0.0,91,0.0
2023-08-21 03:00:00,0.0386666666666666,35.0,0.0,91,0.0
2023-08-21 04:00:00,0.0396666666666666,38.5,0.0,91,0.0
2023-08-21 05:00:00,0.039,38.5,0.0,91,0.0
2023-08-21 06:00:00,0.0383333333333333,37.75,0.0,91,0.0003926495714192
2023-08-21 07:00:00,0.0395,37.75,0.0,91,0.0185062394284794
2023-08-21 08:00:00,0.0396666666666666,36.0,0.0,91,0.1531630768735184
2023-08-21 09:00:00,0.0383333333333333,33.0,0.0,91,0.3124331632434812
2023-08-21 10:00:00,0.039,29.5,0.0,91,0.4475264107467782
2023-08-21 11:00:00,0.0458333333333333,29.0,0.0,91,0.5438041008843315
2023-08-21 12:00:00,0.0921666666666666,28.75,0.0,91,0.5858055571205598
2023-08-21 13:00:00,0.1061666666666666,29.0,0.0,91,0.6150091428838226
2023-08-21 14:00:00,0.0569999999999999,29.5,0.0,91,0.6152646141378287
2023-08-21 15:00:00,0.0401666666666666,30.0,0.0,91,0.5658917105911127
2023-08-21 16:00:00,0.04,29.5,0.0,91,0.4844637611584785
2023-08-21 17:00:00,0.041,32.5,0.0,91,0.3627821359878931
2023-08-21 18:00:00,0.041,40.75,0.0,91,0.2172332486535748
2023-08-21 19:00:00,0.041,52.0,0.0,91,0.0647239314592801
2023-08-21 20:00:00,0.0406666666666666,55.5,0.0,91,0.0043255555406053
2023-08-21 21:00:00,0.0408333333333333,61.25,0.0,91,0.0
2023-08-21 22:00:00,0.0458333333333333,59.75,0.0,91,0.0
2023-08-21 23:00:00,0.0405,60.5,0.0,91,0.0
2023-08-22 00:00:00,0.0403333333333333,54.75,0.0,91,0.0
2023-08-22 01:00:00,0.0396666666666666,49.0,0.0,91,0.0
2023-08-22 02:00:00,0.039,50.25,0.0,91,0.0
2023-08-22 03:00:00,0.0403333333333333,50.0,0.0,91,0.0
2023-08-22 04:00:00,0.0393333333333333,49.5,0.0,91,0.0
2023-08-22 05:00:00,0.0396666666666666,46.25,0.0,91,0.0
2023-08-22 06:00:00,0.04,47.0,0.0,91,0.0002235042690657
2023-08-22 07:00:00,0.0445,46.5,0.0,91,0.0165200854825158
2023-08-22 08:00:00,0.0676666666666666,45.75,0.0,91,0.1509398292883848
2023-08-22 09:00:00,0.1073333333333333,44.25,0.0,91,0.3058161528497679
2023-08-22 10:00:00,0.108,41.25,0.0,91,0.4394300007616353
2023-08-22 11:00:00,0.1066666666666666,39.5,0.0,91,0.5316874342698317
2023-08-22 12:00:00,0.1063333333333333,41.0,0.0,91,0.576614016671466
2023-08-22 13:00:00,0.1068333333333333,39.75,0.0,91,0.5987329916668753
2023-08-22 14:00:00,0.0453333333333333,40.75,0.0,91,0.587500940306574
2023-08-22 15:00:00,0.0396666666666666,42.5,0.0,91,0.5530186351547892
2023-08-22 16:00:00,0.0401666666666666,43.5,0.0,91,0.4728605945293719
2023-08-22 17:00:00,0.0383333333333333,46.25,0.0,91,0.3539958986461672
2023-08-22 18:00:00,0.0383333333333333,49.25,0.0,91,0.2093749576144749
2023-08-22 19:00:00,0.0455,60.25,0.0,91,0.062214273285662
2023-08-22 20:00:00,0.0398333333333333,62.5,0.0,91,0.004071367520035
2023-08-22 21:00:00,0.0396666666666666,63.5,0.0,91,0.0
2023-08-22 22:00:00,0.0386666666666666,63.0,0.0,91,0.0
2023-08-22 23:00:00,0.04,62.0,0.0,91,0.0
2023-08-23 00:00:00,0.0403333333333333,61.5,0.0,91,0.0
2023-08-23 01:00:00,0.0386666666666666,49.75,0.0,91,0.0
2023-08-23 02:00:00,0.039,49.0,0.0,91,0.0
2023-08-23 03:00:00,0.038,48.5,0.0,91,0.0
2023-08-23 04:00:00,0.0378333333333333,47.5,0.0,91,0.0
2023-08-23 05:00:00,0.0411666666666666,47.25,0.0,91,0.0
2023-08-23 06:00:00,0.0396666666666666,48.0,0.0,91,0.0003038461566862
2023-08-23 07:00:00,0.04,46.5,0.0,91,0.022047606839074
2023-08-23 08:00:00,0.039,46.25,0.0,91,0.1454594872955583
2023-08-23 09:00:00,0.039,44.75,0.0,91,0.2980275211171207
2023-08-23 10:00:00,0.04,42.75,0.0,91,0.4281768388014573
2023-08-23 11:00:00,0.0405,41.5,0.0,91,0.5198181217552249
2023-08-23 12:00:00,0.0403333333333333,40.5,0.0,91,0.5697660690698869
2023-08-23 13:00:00,0.038,39.75,0.0,91,0.601658205863757
2023-08-23 14:00:00,0.0393333333333333,39.5,0.0,91,0.5990578623714611
2023-08-23 15:00:00,0.0391666666666666,40.75,0.0,91,0.5516256407387236
2023-08-23 16:00:00,0.0451666666666666,41.75,0.0,91,0.4653876071506077
2023-08-23 17:00:00,0.0386666666666666,42.25,0.0,91,0.3424331612872262
2023-08-23 18:00:00,0.0383333333333333,46.25,0.0,91,0.1890095736837795
2023-08-23 19:00:00,0.04,46.75,0.0,91,0.0548959829053308
2023-08-23 20:00:00,0.0403333333333333,47.75,0.0,91,0.0045535897504554
2023-08-23 21:00:00,0.0406666666666666,47.5,0.0,91,0.0
2023-08-23 22:00:00,0.0403333333333333,45.75,0.0,91,0.0
2023-08-23 23:00:00,0.0396666666666666,46.25,0.0,91,0.0
2023-08-24 00:00:00,0.0401666666666666,46.25,0.0,91,0.0
2023-08-24 01:00:00,0.0408333333333333,48.5,0.0,91,0.0
2023-08-24 02:00:00,0.0435,49.0,0.0,91,0.0
2023-08-24 03:00:00,0.0405,47.25,0.0,91,0.0
2023-08-24 04:00:00,0.0393333333333333,45.0,0.0,91,0.0
2023-08-24 05:00:00,0.0393333333333333,47.0,0.0,91,0.0
2023-08-24 06:00:00,0.0393333333333333,45.75,0.0,91,0.0001743589723721
2023-08-24 07:00:00,0.0385,44.0,0.0,91,0.0227274357712166
2023-08-24 08:00:00,0.0386666666666666,43.75,0.0,91,0.1396887180947849
2023-08-24 09:00:00,0.0396666666666666,41.0,0.0,91,0.2902860693646293
2023-08-24 10:00:00,0.0393333333333333,40.0,0.0,91,0.4227760673588158
2023-08-24 11:00:00,0.0396666666666666,39.0,0.0,91,0.5139534192207532
2023-08-24 12:00:00,0.04,37.0,0.0,91,0.5757404275225781
2023-08-24 13:00:00,0.0435,35.75,0.0,91,0.605211450299646
2023-08-24 14:00:00,0.0386666666666666,32.25,0.0,91,0.5959376917129913
2023-08-24 15:00:00,0.0388333333333333,31.5,0.0,91,0.5232446975381965
2023-08-24 16:00:00,0.0386666666666666,33.75,0.0,91,0.4528053003294855
2023-08-24 17:00:00,0.04,37.25,0.0,91,0.3401384617732121
2023-08-24 18:00:00,0.0393333333333333,40.0,0.0,91,0.1959350424546461
2023-08-24 19:00:00,0.0396666666666666,43.25,0.0,91,0.0578946151488866
2023-08-24 20:00:00,0.04,44.25,0.0,91,0.0042043589466275
2023-08-24 21:00:00,0.0403333333333333,46.25,0.0,91,0.0
2023-08-24 22:00:00,0.0403333333333333,47.25,0.0,91,0.0
2023-08-24 23:00:00,0.0466666666666666,47.75,0.0,91,0.0
2023-08-25 00:00:00,0.0406666666666666,48.75,0.0,91,0.0
2023-08-25 01:00:00,0.0401666666666666,50.75,0.0,91,0.0
2023-08-25 02:00:00,0.0405,52.5,0.0,91,0.0
2023-08-25 03:00:00,0.04,51.25,0.0,91,0.0
2023-08-25 04:00:00,0.0396666666666666,51.75,0.0,91,0.0
2023-08-25 05:00:00,0.0395,51.25,0.0,91,0.0
2023-08-25 06:00:00,0.038,48.25,0.0,91,0.0002113675211484
2023-08-25 07:00:00,0.038,47.5,0.0,91,0.0362907692204173
2023-08-25 08:00:00,0.039,46.75,0.0,91,0.1004361536563971
2023-08-25 09:00:00,0.0383333333333333,45.5,0.0,91,0.0754064100216596
2023-08-25 10:00:00,0.0446666666666666,43.5,0.0,91,0.1351252135252341
2023-08-25 11:00:00,0.0383333333333333,41.25,0.0,91,0.3068420524271127
2023-08-25 12:00:00,0.0383333333333333,41.25,0.0,91,0.6060446157210913
2023-08-25 13:00:00,0.038,39.25,0.0,91,0.4170800888844025
2023-08-25 14:00:00,0.0386666666666666,39.75,0.0,91,0.5438773497557031
2023-08-25 15:00:00,0.0401666666666666,39.75,0.0,91,0.5511911962786293
2023-08-25 16:00:00,0.0403333333333333,38.0,0.0,91,0.4644830778725126
2023-08-25 17:00:00,0.04,36.75,0.0,91,0.2072779476948273
2023-08-25 18:00:00,0.0405,35.75,0.0,91,0.0480755558380713
2023-08-25 19:00:00,0.0401666666666666,35.75,0.0,91,0.008118119652773
2023-08-25 20:00:00,0.0418333333333333,39.25,0.0,91,0.0
2023-08-25 21:00:00,0.0396666666666666,43.0,0.0,91,0.0
2023-08-25 22:00:00,0.0386666666666666,44.25,0.0,91,0.0
2023-08-25 23:00:00,0.039,42.75,0.0,91,0.0
2023-08-26 00:00:00,0.0393333333333333,43.25,0.0,91,0.0
2023-08-26 01:00:00,0.0396666666666666,43.5,0.0,91,0.0
2023-08-26 02:00:00,0.0401666666666666,44.0,0.0,91,0.0
2023-08-26 03:00:00,0.0403333333333333,39.25,0.0,91,0.0
2023-08-26 04:00:00,0.0383333333333333,35.25,0.0,91,0.0
2023-08-26 05:00:00,0.0385,36.0,0.0,91,0.0
2023-08-26 06:00:00,0.0401666666666666,38.0,0.0,91,0.0001626495717682
2023-08-26 07:00:00,0.0469999999999999,37.0,0.0,91,0.0284832478231853
2023-08-26 08:00:00,0.0438333333333333,35.75,0.0,91,0.1449639321188641
2023-08-26 09:00:00,0.075,35.5,0.0,91,0.0961947011132525
2023-08-26 10:00:00,0.1075,34.25,0.0,91,0.0350704273606976
2023-08-26 11:00:00,0.1073333333333333,29.75,0.0,91,0.0566076922416687
2023-08-26 12:00:00,0.1188333333333333,27.0,0.0,91,0.043537863115979
2023-08-26 13:00:00,0.1666666666666666,28.0,0.0,91,0.0478659827892596
2023-08-26 14:00:00,0.078,27.0,0.0,91,0.412237524211916
2023-08-26 15:00:00,0.0406666666666666,28.75,0.0,91,0.4844523072854066
2023-08-26 16:00:00,0.0413333333333333,29.25,0.0,91,0.4335770096738113
2023-08-26 17:00:00,0.0478333333333333,33.75,0.0,91,0.294466497470171
2023-08-26 18:00:00,0.0403333333333333,37.0,0.0,91,0.1394636750832582
2023-08-26 19:00:00,0.041,37.25,0.0,91,0.0477226496812624
2023-08-26 20:00:00,0.0416666666666666,37.5,0.0,91,0.000110512819762
2023-08-26 21:00:00,0.0418333333333333,37.75,0.0,91,0.0
2023-08-26 22:00:00,0.041,34.25,0.0,91,0.0
2023-08-26 23:00:00,0.0406666666666666,34.0,0.0,91,0.0
2023-08-27 00:00:00,0.041,36.0,0.0,91,0.0
2023-08-27 01:00:00,0.0405,34.0,0.0,91,0.0
2023-08-27 02:00:00,0.0406666666666666,33.5,0.0,91,0.0
2023-08-27 03:00:00,0.0471666666666666,31.0,0.0,91,0.0
2023-08-27 04:00:00,0.04,30.0,0.0,91,0.0
2023-08-27 05:00:00,0.0405,29.75,0.0,91,0.0
2023-08-27 06:00:00,0.0405,29.0,0.0,91,0.0
2023-08-27 07:00:00,0.0788333333333333,28.0,0.0,91,0.0079307692058575
2023-08-27 08:00:00,0.1503333333333333,27.0,0.0,91,0.0087378632003425
2023-08-27 09:00:00,0.1501666666666666,26.75,0.0,91,0.0336892307517875
2023-08-27 10:00:00,0.1561666666666666,20.25,0.0,91,0.0875025642427623
2023-08-27 11:00:00,0.1508333333333333,19.25,0.0,91,0.2199199991144685
2023-08-27 12:00:00,0.0956666666666666,18.5,0.0,91,0.274495982960758
2023-08-27 13:00:00,0.0001666666666666,18.25,0.0,91,0.2585554696759607
2023-08-27 14:00:00,0.0,16.25,0.0,91,0.2610936750102247
2023-08-27 15:00:00,0.0,16.0,0.0,91,0.1651650432032398
2023-08-27 16:00:00,0.0,16.0,0.0,91,0.113090256177462
2023-08-27 17:00:00,0.0,17.5,0.0,91,0.0353219660326965
2023-08-27 18:00:00,0.0,21.25,0.0,91,0.0226911112385937
2023-08-27 19:00:00,0.0,31.25,0.0,91,0.0061106837773297
2023-08-27 20:00:00,0.0,35.5,0.0,91,6.239316386417436e-06
2023-08-27 21:00:00,0.0,37.5,0.0,91,0.0
2023-08-27 22:00:00,0.0,36.5,0.0,91,0.0
2023-08-27 23:00:00,0.0,32.5,0.0,91,0.0
2023-08-28 00:00:00,0.0,27.5,0.0,91,0.0
2023-08-28 01:00:00,0.0,24.25,0.0,91,0.0
2023-08-28 02:00:00,0.0,25.0,0.0,91,0.0
2023-08-28 03:00:00,0.0,25.5,0.0,91,0.0
2023-08-28 04:00:00,0.0,26.0,0.0,91,0.0
2023-08-28 05:00:00,0.0,28.25,0.0,91,0.0
2023-08-28 06:00:00,0.0,37.25,0.0,91,0.0
2023-08-28 07:00:00,0.0,40.0,0.0,91,0.0015435897469775
2023-08-28 08:00:00,0.0,41.0,0.0,91,0.0103042735044772
2023-08-28 09:00:00,0.0,40.0,0.0,91,0.0260893162499126
2023-08-28 10:00:00,0.0,38.0,0.0,91,0.0469688036502936
2023-08-28 11:00:00,0.0001666666666666,36.0,0.0,91,0.1173622227530194
2023-08-28 12:00:00,0.0,30.5,0.0,91,0.1101433333372458
2023-08-28 13:00:00,0.0246666666666666,22.75,0.0,91,0.1717993168953137
2023-08-28 14:00:00,1.0633333333333332,22.5,0.0,91,0.1534111119131756
2023-08-28 15:00:00,3.5383333333333336,22.75,0.0,91,0.1851746996040018
2023-08-28 16:00:00,0.1398333333333333,22.75,0.0,91,0.0745881196372529
2023-08-28 17:00:00,0.0,26.25,0.0,91,0.0714551281725239
2023-08-28 18:00:00,0.0,33.25,0.0,91,0.0293688032362196
2023-08-28 19:00:00,0.0,36.5,0.0,91,0.0092577777968512
2023-08-28 20:00:00,0.0,37.75,0.0,91,0.0009064957216127
2023-08-28 21:00:00,0.0,38.75,0.0,91,0.0
2023-08-28 22:00:00,0.0,34.75,0.0,91,0.0
2023-08-28 23:00:00,0.0,33.25,0.0,91,0.0
2023-08-29 00:00:00,0.0,36.0,0.0,91,0.0
2023-08-29 01:00:00,0.0,32.75,0.0,91,0.0
2023-08-29 02:00:00,0.0,32.25,0.0,91,0.0
2023-08-29 03:00:00,0.0,35.5,0.0,91,0.0
2023-08-29 04:00:00,0.0,37.25,0.0,91,0.0
2023-08-29 05:00:00,0.0,40.25,0.0,91,0.0
2023-08-29 06:00:00,0.0,44.75,0.0,91,0.0
2023-08-29 07:00:00,0.0,45.5,0.0,91,0.0238706839008209
2023-08-29 08:00:00,0.0,44.75,0.0,91,0.0898139319460616
2023-08-29 09:00:00,0.0155,42.5,0.0,91,0.2090972660749387
2023-08-29 10:00:00,0.0,39.75,0.0,91,0.2712033325586563
2023-08-29 11:00:00,0.0,40.75,0.0,91,0.2124940172831217
2023-08-29 12:00:00,0.0266666666666666,37.25,0.0,91,0.2405270090673724
2023-08-29 13:00:00,6.072333333333333,36.75,0.0,91,0.386807605058719
2023-08-29 14:00:00,0.0,37.5,0.0,91,0.3375719650790222
2023-08-29 15:00:00,0.0,36.75,0.0,91,0.5770029090816141
2023-08-29 16:00:00,0.0,33.0,0.0,91,0.5663394008538664
2023-08-29 17:00:00,0.0,37.5,0.0,91,0.2961553850744524
2023-08-29 18:00:00,0.0,42.25,0.0,91,0.0701406835083268
2023-08-29 19:00:00,0.0,42.75,0.0,91,0.0247888034836858
2023-08-29 20:00:00,0.0,44.0,0.0,91,0.0014903418775488
2023-08-29 21:00:00,0.0,44.75,0.0,91,0.0
2023-08-29 22:00:00,0.0,41.5,0.0,91,0.0
2023-08-29 23:00:00,0.0,44.5,0.0,91,0.0
2023-08-30 00:00:00,0.0,44.25,0.0,91,0.0
2023-08-30 01:00:00,0.0,38.25,0.0,91,0.0
2023-08-30 02:00:00,0.0,36.0,0.0,91,0.0
2023-08-30 03:00:00,0.0,37.5,0.0,91,0.0
2023-08-30 04:00:00,0.0,33.75,0.0,91,0.0
2023-08-30 05:00:00,0.0,33.5,0.0,91,0.0
2023-08-30 06:00:00,0.0,44.0,0.0,91,8.376068411729275e-05
2023-08-30 07:00:00,0.0,47.75,0.0,91,0.0291323080837217
2023-08-30 08:00:00,0.0,46.25,0.0,91,0.1099344440199371
2023-08-30 09:00:00,0.0,44.25,0.0,91,0.2355242724296374
2023-08-30 10:00:00,0.0,41.5,0.0,91,0.3637988884428627
2023-08-30 11:00:00,0.0,31.75,0.0,91,0.5047707686465012
2023-08-30 12:00:00,0.0,29.0,0.0,91,0.5844264103816105
2023-08-30 13:00:00,0.0,29.75,0.0,91,0.5790193179529955
2023-08-30 14:00:00,0.0,31.0,0.0,91,0.459429571363661
2023-08-30 15:00:00,0.0,31.25,0.0,91,0.5695622220813721
2023-08-30 16:00:00,0.0,30.75,0.0,91,0.5329229905870225
2023-08-30 17:00:00,0.0,33.25,0.0,91,0.3378864099225427
2023-08-30 18:00:00,0.0,39.5,0.0,91,0.1778524773752587
2023-08-30 19:00:00,0.0,41.5,0.0,91,0.0455119658127809
2023-08-30 20:00:00,0.0,41.25,0.0,91,0.002453931615863
2023-08-30 21:00:00,0.0,42.0,0.0,91,0.0
2023-08-30 22:00:00,0.0,34.5,0.0,91,0.0
2023-08-30 23:00:00,0.0,34.25,0.0,91,0.0
2023-08-31 00:00:00,0.0,38.0,0.0,91,0.0
2023-08-31 01:00:00,0.0,35.75,0.0,91,0.0
2023-08-31 02:00:00,0.0,39.75,0.0,91,0.0
2023-08-31 03:00:00,0.0,41.0,0.0,91,0.0
2023-08-31 04:00:00,0.0,39.5,0.0,91,0.0
2023-08-31 05:00:00,0.0,41.0,0.0,91,0.0
2023-08-31 06:00:00,0.0,44.75,0.0,91,0.0
2023-08-31 07:00:00,0.0,44.0,0.0,91,0.0109574358615801
2023-08-31 08:00:00,0.0,43.5,0.0,91,0.1333057268664368
2023-08-31 09:00:00,0.0,41.0,0.0,91,0.3102361529097598
2023-08-31 10:00:00,0.0,39.5,0.0,91,0.4396658123048962
2023-08-31 11:00:00,0.0,29.75,0.0,91,0.5585252967247596
2023-08-31 12:00:00,0.0,26.25,0.0,91,0.6035095743032606
2023-08-31 13:00:00,0.0,26.5,0.0,91,0.6356399125319262
2023-08-31 14:00:00,0.0,25.75,0.0,91,0.6354218826946033
2023-08-31 15:00:00,0.0,25.25,0.0,91,0.5738786283313725
2023-08-31 16:00:00,0.0,27.75,0.0,91,0.4909036756988266
2023-08-31 17:00:00,0.0,35.75,0.0,91,0.3589043592795348
2023-08-31 18:00:00,0.0,41.75,0.0,91,0.1769329908159044
2023-08-31 19:00:00,0.0,42.5,0.0,91,0.0387124786621484
2023-08-31 20:00:00,0.0,41.5,0.0,91,0.001814871799742
2023-08-31 21:00:00,0.0,41.0,0.0,91,0.0
2023-08-31 22:00:00,0.0,42.25,0.0,91,0.0
2023-08-31 23:00:00,0.0,43.5,0.0,91,0.0
2023-09-01 00:00:00,0.0,36.0,0.0,91,0.0
2023-09-01 01:00:00,0.0,27.5,0.0,91,0.0
2023-09-01 02:00:00,0.0,27.0,0.0,91,0.0
2023-09-01 03:00:00,0.0,26.75,0.0,91,0.0
2023-09-01 04:00:00,0.0,26.25,0.0,91,0.0
2023-09-01 05:00:00,0.0,27.25,0.0,91,0.0
2023-09-01 06:00:00,0.0,30.5,0.0,91,0.0
2023-09-01 07:00:00,0.0,36.0,0.0,91,0.016175555592546
2023-09-01 08:00:00,0.0,36.0,0.0,91,0.1390825642887343
2023-09-01 09:00:00,0.0,35.0,0.0,91,0.3123686316074469
2023-09-01 10:00:00,0.0,33.5,0.0,91,0.4513869248088608
2023-09-01 11:00:00,0.0,28.75,0.0,91,0.5413536730383198
2023-09-01 12:00:00,0.0,23.5,0.0,91,0.5906746980063938
2023-09-01 13:00:00,0.0,21.25,0.0,91,0.6245638483813688
2023-09-01 14:00:00,0.0,19.5,0.0,91,0.6117873480381112
2023-09-01 15:00:00,0.0,19.0,0.0,91,0.5782947879367405
2023-09-01 16:00:00,0.0,20.25,0.0,91,0.4863645302536142
2023-09-01 17:00:00,0.0,28.0,0.0,91,0.3464885480179746
2023-09-01 18:00:00,0.0,37.5,0.0,91,0.1734319659991142
2023-09-01 19:00:00,0.0,40.75,0.0,91,0.0381866666598197
2023-09-01 20:00:00,0.0,39.75,0.0,91,0.0013724786342065
2023-09-01 21:00:00,0.0,37.75,0.0,91,0.0
2023-09-01 22:00:00,0.0,36.5,0.0,91,0.0
2023-09-01 23:00:00,0.0,37.5,0.0,91,0.0
2023-09-02 00:00:00,0.0,36.75,0.0,91,0.0
2023-09-02 01:00:00,0.0,38.25,0.0,91,0.0
2023-09-02 02:00:00,0.0,37.5,0.0,91,0.0
2023-09-02 03:00:00,0.0,35.5,0.0,91,0.0
2023-09-02 04:00:00,0.0,35.0,0.0,91,0.0
2023-09-02 05:00:00,0.0,35.0,0.0,91,0.0
2023-09-02 06:00:00,0.0,34.75,0.0,91,0.0
2023-09-02 07:00:00,0.0,32.75,0.0,91,0.0183926494699767
2023-09-02 08:00:00,0.0,32.25,0.0,91,0.130229743892311
2023-09-02 09:00:00,0.0078333333333333,31.25,0.0,91,0.2965965805705796
2023-09-02 10:00:00,0.0,24.5,0.0,91,0.439865468995184
2023-09-02 11:00:00,0.0,19.75,0.0,91,0.5359567524836615
2023-09-02 12:00:00,0.0,19.0,0.0,91,0.5671289717845426
2023-09-02 13:00:00,0.0,17.5,0.0,91,0.6365704287015475
2023-09-02 14:00:00,0.0305,15.75,0.0,91,0.6299290590204746
2023-09-02 15:00:00,0.0,16.0,0.0,91,0.5706163233569544
2023-09-02 16:00:00,0.0,16.25,0.0,91,0.4749203412960738
2023-09-02 17:00:00,0.0,22.5,0.0,91,0.3177197444948376
2023-09-02 18:00:00,0.0,29.75,0.0,91,0.1015241026267027
2023-09-02 19:00:00,0.0,30.25,0.0,91,0.0392043590341877
2023-09-02 20:00:00,0.0,27.25,0.0,91,0.0010777777717966
2023-09-02 21:00:00,0.0,26.0,0.0,91,0.0
2023-09-02 22:00:00,0.0,26.25,0.0,91,0.0
2023-09-02 23:00:00,0.0,26.5,0.0,91,0.0
2023-09-03 00:00:00,0.0,27.0,0.0,91,0.0
2023-09-03 01:00:00,0.0,24.5,0.0,91,0.0
2023-09-03 02:00:00,0.0,17.75,0.0,91,0.0
2023-09-03 03:00:00,0.0,17.5,0.0,91,0.0
2023-09-03 04:00:00,0.0,18.0,0.0,91,0.0
2023-09-03 05:00:00,0.0,17.5,0.0,91,0.0
2023-09-03 06:00:00,0.0,16.0,0.0,91,0.0
2023-09-03 07:00:00,0.0106666666666666,16.25,0.0,91,0.0131380342227271
2023-09-03 08:00:00,0.0503333333333333,15.5,0.0,91,0.1107347864167303
2023-09-03 09:00:00,0.0545,14.25,0.0,91,0.2715141015990168
2023-09-03 10:00:00,0.09,14.0,0.0,91,0.396633674099914
2023-09-03 11:00:00,0.0,13.25,0.0,91,0.5101138455643615
2023-09-03 12:00:00,0.0,13.0,0.0,91,0.5852092325585524
2023-09-03 13:00:00,0.0,13.0,0.0,91,0.597364016149798
2023-09-03 14:00:00,0.0,13.0,0.0,91,0.5978231628939634
2023-09-03 15:00:00,0.0,13.0,0.0,91,0.5136690625573838
2023-09-03 16:00:00,0.0,13.25,0.0,91,0.4015716265816973
2023-09-03 17:00:00,0.0,12.75,0.0,91,0.2781997423090486
2023-09-03 18:00:00,0.0,13.5,0.0,91,0.1452097433856409
2023-09-03 19:00:00,0.0,15.5,0.0,91,0.0254477778968648
2023-09-03 20:00:00,0.0,15.25,0.0,91,0.0007123077033549
2023-09-03 21:00:00,0.0,14.5,0.0,91,0.0
2023-09-03 22:00:00,0.0,14.75,0.0,91,0.0
2023-09-03 23:00:00,0.0,14.75,0.0,91,0.0
2023-09-04 00:00:00,0.0,16.5,0.0,91,0.0
2023-09-04 01:00:00,0.0,15.0,0.0,91,0.0
2023-09-04 02:00:00,0.0,14.5,0.0,91,0.0
2023-09-04 03:00:00,0.0,15.0,0.0,91,0.0
2023-09-04 04:00:00,0.0,15.0,0.0,91,0.0
2023-09-04 05:00:00,0.0,15.0,0.0,91,0.0
2023-09-04 06:00:00,0.0,16.5,0.0,91,0.0
2023-09-04 07:00:00,0.0,18.75,0.0,91,0.0130435898030797
2023-09-04 08:00:00,0.8445,18.5,0.0,91,0.1233057249916924
2023-09-04 09:00:00,11.321333333333332,18.0,0.0,91,0.3025231623853373
2023-09-04 10:00:00,15.684666666666669,18.0,0.0,91,0.4392305103530232
2023-09-04 11:00:00,10.033166666666666,15.0,0.0,91,0.5420217067359857
2023-09-04 12:00:00,8.994333333333334,14.0,0.0,91,0.6014844447730954
2023-09-04 13:00:00,6.0776666666666666,13.75,0.0,91,0.6150121359539847
2023-09-04 14:00:00,0.0,13.25,0.0,91,0.5956346176017043
2023-09-04 15:00:00,0.0,14.0,0.0,91,0.5443662405421592
2023-09-04 16:00:00,0.0,15.0,0.0,91,0.4518029045039772
2023-09-04 17:00:00,0.0,16.75,0.0,91,0.2424946996900771
2023-09-04 18:00:00,0.0,19.25,0.0,91,0.092651795118283
2023-09-04 19:00:00,4.245166666666667,21.25,0.0,91,0.0217178633070399
2023-09-04 20:00:00,7.8495,20.5,0.0,91,0.0006710256418038
2023-09-04 21:00:00,0.0,19.75,0.0,91,0.0
2023-09-04 22:00:00,0.0,19.5,0.0,91,0.0
2023-09-04 23:00:00,0.0,19.5,0.0,91,0.0
2023-09-05 00:00:00,0.0,18.25,0.0,91,0.0
2023-09-05 01:00:00,0.0,18.5,0.0,91,0.0
2023-09-05 02:00:00,0.0,18.5,0.0,91,0.0
2023-09-05 03:00:00,0.0,18.75,0.0,91,0.0
2023-09-05 04:00:00,0.0,18.75,0.0,91,0.0
2023-09-05 05:00:00,0.0,19.25,0.0,91,0.0
2023-09-05 06:00:00,0.0,24.25,0.0,91,0.0
2023-09-05 07:00:00,0.0,28.25,0.0,91,0.0161670940152855
2023-09-05 08:00:00,0.0,31.0,0.0,91,0.1176978637418176
2023-09-05 09:00:00,0.0,30.5,0.0,91,0.2785288903652093
2023-09-05 10:00:00,0.0,29.75,0.0,91,0.4187341869386853
2023-09-05 11:00:00,0.0,20.0,0.0,91,0.5224223092886117
2023-09-05 12:00:00,0.0,17.25,0.0,91,0.5887855562389408
2023-09-05 13:00:00,0.0,18.0,0.0,91,0.6195855582473625
2023-09-05 14:00:00,0.0,18.0,0.0,91,0.6016909424871463
2023-09-05 15:00:00,0.0,18.25,0.0,91,0.5474952991192155
2023-09-05 16:00:00,0.0,20.75,0.0,91,0.4525509382720686
2023-09-05 17:00:00,0.0,32.25,0.0,91,0.3151395712958442
2023-09-05 18:00:00,0.0,37.75,0.0,91,0.1618040169609917
2023-09-05 19:00:00,0.0,38.75,0.0,91,0.0259439316875914
2023-09-05 20:00:00,0.0,38.5,0.0,91,0.0003805128196811
2023-09-05 21:00:00,0.0,38.75,0.0,91,0.0
2023-09-05 22:00:00,0.0,38.25,0.0,91,0.0
2023-09-05 23:00:00,0.0,39.0,0.0,91,0.0
2023-09-06 00:00:00,0.0,29.75,0.0,91,0.0
2023-09-06 01:00:00,0.0,25.0,0.0,91,0.0
2023-09-06 02:00:00,0.0,26.25,0.0,91,0.0
2023-09-06 03:00:00,0.0,24.25,0.0,91,0.0
2023-09-06 04:00:00,0.0,22.75,0.0,91,0.0
2023-09-06 05:00:00,0.0,25.25,0.0,91,0.0
2023-09-06 06:00:00,0.0,30.25,0.0,91,0.0
2023-09-06 07:00:00,0.0,37.75,0.0,91,0.0137164957082679
2023-09-06 08:00:00,0.0,38.0,0.0,91,0.1123505983597192
2023-09-06 09:00:00,0.0,35.75,0.0,91,0.2651259831485585
2023-09-06 10:00:00,0.0,34.0,0.0,91,0.398653080606053
2023-09-06 11:00:00,0.0,29.0,0.0,91,0.5054691464676816
2023-09-06 12:00:00,0.0,23.75,0.0,91,0.5780970066429206
2023-09-06 13:00:00,0.009,19.0,0.0,91,0.608474361061031
2023-09-06 14:00:00,0.7843333333333332,19.25,0.0,91,0.5931319655719988
2023-09-06 15:00:00,17.355833333333333,21.25,0.0,91,0.5363146124945749
2023-09-06 16:00:00,18.836,27.25,0.0,91,0.4393832469190288
2023-09-06 17:00:00,8.887500000000001,33.5,0.0,91,0.3055596594525198
2023-09-06 18:00:00,16.6905,36.0,0.0,91,0.1529984609489767
2023-09-06 19:00:00,0.3608333333333333,37.0,0.0,91,0.0248576067146073
2023-09-06 20:00:00,0.0,37.0,0.0,91,0.0002764102587333
2023-09-06 21:00:00,0.0,35.5,0.0,91,0.0
2023-09-06 22:00:00,0.0,35.0,0.0,91,0.0
2023-09-06 23:00:00,0.0,35.25,0.0,91,0.0
2023-09-07 00:00:00,0.0,31.5,0.0,91,0.0
2023-09-07 01:00:00,0.0,31.0,0.0,91,0.0
2023-09-07 02:00:00,0.0,31.75,0.0,91,0.0
2023-09-07 03:00:00,0.0,32.75,0.0,91,0.0
2023-09-07 04:00:00,0.0,33.25,0.0,91,0.0
2023-09-07 05:00:00,0.0,35.0,0.0,91,0.0
2023-09-07 06:00:00,0.0,34.5,0.0,91,0.0
2023-09-07 07:00:00,0.0,33.5,0.0,91,0.0127471795527694
2023-09-07 08:00:00,0.0,32.5,0.0,91,0.1099586333983983
2023-09-07 09:00:00,0.0,30.5,0.0,91,0.2657611970819978
2023-09-07 10:00:00,0.0,27.5,0.0,91,0.4044808555668236
2023-09-07 11:00:00,0.0,20.5,0.0,91,0.5135713671822834
2023-09-07 12:00:00,0.0,17.5,0.0,91,0.5820887169471153
2023-09-07 13:00:00,0.0,15.75,0.0,91,0.6134530743982037
2023-09-07 14:00:00,0.0,15.75,0.0,91,0.5967705125075121
2023-09-07 15:00:00,0.2073333333333333,17.0,0.0,91,0.537324958214393
2023-09-07 16:00:00,9.842,18.75,0.0,91,0.4374441867404514
2023-09-07 17:00:00,19.09733333333333,24.5,0.0,91,0.3048069241515592
2023-09-07 18:00:00,8.018666666666666,30.0,0.0,91,0.1532634185725807
2023-09-07 19:00:00,6.768000000000001,30.5,0.0,91,0.0216307692700981
2023-09-07 20:00:00,0.0,30.25,0.0,91,0.000200598290206
2023-09-07 21:00:00,0.0,30.5,0.0,91,0.0
2023-09-07 22:00:00,0.0,30.5,0.0,91,0.0
2023-09-07 23:00:00,0.0,32.5,0.0,91,0.0
2023-09-08 00:00:00,0.0,32.75,0.0,91,0.0
2023-09-08 01:00:00,0.0,30.5,0.0,91,0.0
2023-09-08 02:00:00,0.0,33.5,0.0,91,0.0
2023-09-08 03:00:00,0.0,31.75,0.0,91,0.0
2023-09-08 04:00:00,0.0,31.25,0.0,91,0.0
2023-09-08 05:00:00,0.0,31.5,0.0,91,0.0
2023-09-08 06:00:00,0.0,33.75,0.0,91,0.0
2023-09-08 07:00:00,0.0,34.0,0.0,91,0.0118236752019988
2023-09-08 08:00:00,0.033,32.75,0.0,91,0.1083258111660297
2023-09-08 09:00:00,1.501,30.5,0.0,91,0.2651843584500826
2023-09-08 10:00:00,9.93,31.0,0.0,91,0.4001162374121511
2023-09-08 11:00:00,15.7015,21.5,0.0,91,0.5019757288745327
2023-09-08 12:00:00,7.298333333333333,17.75,0.0,91,0.5711426478980951
2023-09-08 13:00:00,17.46066666666667,16.25,0.0,91,0.6082004279764288
2023-09-08 14:00:00,16.9305,17.5,0.0,91,0.5923494870438535
2023-09-08 15:00:00,2.964833333333333,18.5,0.0,91,0.5296765834449705
2023-09-08 16:00:00,0.0541666666666666,21.5,0.0,91,0.4289943577693059
2023-09-08 17:00:00,0.022,30.25,0.0,91,0.2945950408674713
2023-09-08 18:00:00,0.0,33.5,0.0,91,0.1466608547960591
2023-09-08 19:00:00,0.0,35.5,0.0,91,0.0200082051804941
2023-09-08 20:00:00,0.0,36.75,0.0,91,0.0001337606829997
2023-09-08 21:00:00,0.0,36.0,0.0,91,0.0
2023-09-08 22:00:00,0.0,33.0,0.0,91,0.0
2023-09-08 23:00:00,0.0,32.25,0.0,91,0.0
2023-09-09 00:00:00,0.0,34.5,0.0,91,0.0
2023-09-09 01:00:00,0.0,36.5,0.0,91,0.0
2023-09-09 02:00:00,0.0,35.25,0.0,91,0.0
2023-09-09 03:00:00,0.0,33.25,0.0,91,0.0
2023-09-09 04:00:00,0.0,33.75,0.0,91,0.0
2023-09-09 05:00:00,0.0,33.5,0.0,91,0.0
2023-09-09 06:00:00,0.0,32.75,0.0,91,0.0
2023-09-09 07:00:00,0.0,32.25,0.0,91,0.0112455556185072
2023-09-09 08:00:00,0.0,31.5,0.0,91,0.105590512569134
2023-09-09 09:00:00,0.0,20.25,0.0,91,0.2602258111676599
2023-09-09 10:00:00,0.0,15.75,0.0,91,0.3940603429028112
2023-09-09 11:00:00,0.0,13.75,0.0,91,0.4967819657284991
2023-09-09 12:00:00,0.01,13.5,0.0,91,0.564445299327883
2023-09-09 13:00:00,0.0218333333333333,13.5,0.0,91,0.600284616193201
2023-09-09 14:00:00,0.01,14.0,0.0,91,0.587563245724409
2023-09-09 15:00:00,0.0,14.75,0.0,91,0.5248670946430957
2023-09-09 16:00:00,0.0,14.5,0.0,91,0.4248791438697749
2023-09-09 17:00:00,0.0,23.0,0.0,91,0.2907078640277569
2023-09-09 18:00:00,0.0,31.0,0.0,91,0.1401585469694219
2023-09-09 19:00:00,0.0,32.5,0.0,91,0.0169682903957163
2023-09-09 20:00:00,0.0,32.25,0.0,91,6.3247863863969e-05
2023-09-09 21:00:00,0.0,32.25,0.0,91,0.0
2023-09-09 22:00:00,0.0,32.5,0.0,91,0.0
2023-09-09 23:00:00,0.0,32.75,0.0,91,0.0
2023-09-10 00:00:00,0.0,32.25,0.0,91,0.0
2023-09-10 01:00:00,0.0,29.25,0.0,91,0.0
2023-09-10 02:00:00,0.0,26.75,0.0,91,0.0
2023-09-10 03:00:00,0.0,20.75,0.0,91,0.0
2023-09-10 04:00:00,0.0,15.0,0.0,91,0.0
2023-09-10 05:00:00,0.0,14.25,0.0,91,0.0
2023-09-10 06:00:00,0.0,14.5,0.0,91,0.0
2023-09-10 07:00:00,0.0,14.25,0.0,91,0.0102098290429601
2023-09-10 08:00:00,0.0,13.0,0.0,91,0.1024382052869878
2023-09-10 09:00:00,0.0733333333333333,12.75,0.0,91,0.2587529911139072
2023-09-10 10:00:00,5.334333333333333,12.0,0.0,91,0.3957382045648037
2023-09-10 11:00:00,0.0546666666666666,12.0,0.0,91,0.5017132470546624
2023-09-10 12:00:00,11.422666666666666,12.0,0.0,91,0.5526882895445216
2023-09-10 13:00:00,19.30183333333333,12.25,0.0,91,0.5804947851458165
2023-09-10 14:00:00,18.78783333333333,12.5,0.0,91,0.5781938458304123
2023-09-10 15:00:00,0.0711666666666666,12.0,0.0,91,0.528380341489091
2023-09-10 16:00:00,8.337666666666665,13.0,0.0,91,0.4285034192729199
2023-09-10 17:00:00,4.850333333333333,18.25,0.0,91,0.2905829056307801
2023-09-10 18:00:00,3.0676666666666663,26.75,0.0,91,0.1348925633715768
2023-09-10 19:00:00,12.532000000000002,29.25,0.0,91,0.0142863247893814
2023-09-10 20:00:00,0.2511666666666666,30.0,0.0,91,2.153846116847971e-05
2023-09-10 21:00:00,0.0,30.75,0.0,91,0.0
2023-09-10 22:00:00,0.0,29.5,0.0,91,0.0
2023-09-10 23:00:00,0.0,29.75,0.0,91,0.0
2023-09-11 00:00:00,0.0,28.25,0.0,91,0.0
2023-09-11 01:00:00,0.0,20.75,0.0,91,0.0
2023-09-11 02:00:00,0.0,21.25,0.0,91,0.0
2023-09-11 03:00:00,0.0,21.5,0.0,91,0.0
2023-09-11 04:00:00,0.0,21.5,0.0,91,0.0
2023-09-11 05:00:00,0.0,26.25,0.0,91,0.0
2023-09-11 06:00:00,0.0,34.75,0.0,91,0.0
2023-09-11 07:00:00,0.0,35.75,0.0,91,0.0113194016879822
2023-09-11 08:00:00,0.0,36.25,0.0,91,0.1009447008524185
2023-09-11 09:00:00,0.0506666666666666,34.5,0.0,91,0.2606190601577107
2023-09-11 10:00:00,1.805666666666667,30.75,0.0,91,0.3565940149421366
2023-09-11 11:00:00,0.2551666666666667,22.75,0.0,91,0.4412897396902754
2023-09-11 12:00:00,5.235,22.75,0.0,91,0.5572374347132497
2023-09-11 13:00:00,7.027666666666666,21.5,0.0,91,0.5742574382032082
2023-09-11 14:00:00,8.7665,22.25,0.0,91,0.576422818827833
2023-09-11 15:00:00,16.904333333333334,24.75,0.0,91,0.5165347016163361
2023-09-11 16:00:00,0.0673333333333333,27.25,0.0,91,0.416828119652903
2023-09-11 17:00:00,3.5036666666666663,35.5,0.0,91,0.242919230257344
2023-09-11 18:00:00,6.0245,39.25,0.0,91,0.0660570939381917
2023-09-11 19:00:00,4.040333333333334,39.0,0.0,91,0.0147267521142513
2023-09-11 20:00:00,18.325333333333333,38.25,0.0,91,7.1794872418937445e-06
2023-09-11 21:00:00,6.1625000000000005,37.0,0.0,91,0.0
2023-09-11 22:00:00,0.0,33.0,0.0,91,0.0
2023-09-11 23:00:00,0.0,37.5,0.0,91,0.0
2023-09-12 00:00:00,0.0,34.0,0.0,91,0.0
2023-09-12 01:00:00,0.0,28.75,0.0,91,0.0
2023-09-12 02:00:00,0.0,27.25,0.0,91,0.0
2023-09-12 03:00:00,0.0,26.0,0.0,91,0.0
2023-09-12 04:00:00,0.0,27.0,0.0,91,0.0
2023-09-12 05:00:00,0.0,28.5,0.0,91,0.0
2023-09-12 06:00:00,0.0,35.0,0.0,91,0.0
2023-09-12 07:00:00,4.3885,40.25,0.0,91,0.0088090598608693
2023-09-12 08:00:00,11.117666666666668,40.0,0.0,91,0.0537445299441997
2023-09-12 09:00:00,11.473166666666666,38.5,0.0,91,0.202860683946528
2023-09-12 10:00:00,1.15,37.25,0.0,91,0.3597205114772178
2023-09-12 11:00:00,0.1143333333333333,34.75,0.0,91,0.4751964940780253
2023-09-12 12:00:00,9.197333333333331,34.75,0.0,91,0.5333124806330755
2023-09-12 13:00:00,0.1354999999999999,32.75,0.0,91,0.5944172632592356
2023-09-12 14:00:00,4.989166666666667,32.25,0.0,91,0.6260184596135067
2023-09-12 15:00:00,0.0,33.75,0.0,91,0.417866324726333
2023-09-12 16:00:00,0.0,34.5,0.0,91,0.181263076586601
2023-09-12 17:00:00,2.537333333333333,38.5,0.0,91,0.1134792317284478
2023-09-12 18:00:00,5.458333333333333,47.75,0.0,91,0.046212906144623
2023-09-12 19:00:00,3.824,48.5,0.0,91,0.0084269230890398
2023-09-12 20:00:00,0.0246666666666666,45.5,0.0,91,0.0
2023-09-12 21:00:00,0.0,42.0,0.0,91,0.0
2023-09-12 22:00:00,0.0,39.0,0.0,91,0.0
2023-09-12 23:00:00,0.0,42.0,0.0,91,0.0
2023-09-13 00:00:00,0.0,39.0,0.0,91,0.0
2023-09-13 01:00:00,0.0,31.5,0.0,91,0.0
2023-09-13 02:00:00,0.0,35.75,0.0,91,0.0
2023-09-13 03:00:00,0.0,36.5,0.0,91,0.0
2023-09-13 04:00:00,0.0,36.0,0.0,91,0.0
2023-09-13 05:00:00,0.0,37.0,0.0,91,0.0
2023-09-13 06:00:00,0.0,41.25,0.0,91,0.0
2023-09-13 07:00:00,0.0,42.25,0.0,91,0.0038366666907428
2023-09-13 08:00:00,0.9196666666666666,41.75,0.0,91,0.0150987179666502
2023-09-13 09:00:00,5.597666666666668,41.0,0.0,91,0.0327958119628775
2023-09-13 10:00:00,0.0289999999999999,40.0,0.0,91,0.092653760502481
2023-09-13 11:00:00,0.0,38.75,0.0,91,0.1826347872742221
2023-09-13 12:00:00,0.0,36.25,0.0,91,0.1617777777125692
2023-09-13 13:00:00,0.0363333333333333,35.0,0.0,91,0.4005686337723691
2023-09-13 14:00:00,0.1351666666666666,34.5,0.0,91,0.1027273500882662
2023-09-13 15:00:00,9.543166666666666,36.0,0.0,91,0.1031488038739587
2023-09-13 16:00:00,14.426000000000002,35.5,0.0,91,0.0937206837254711
2023-09-13 17:00:00,21.054,38.0,0.0,91,0.0554076065976395
2023-09-13 18:00:00,22.87833333333333,39.5,0.0,91,0.0150521367227929
2023-09-13 19:00:00,9.9055,42.25,0.0,91,0.0086364958190526
2023-09-13 20:00:00,1.742,41.75,0.0,91,0.0
2023-09-13 21:00:00,0.0,41.5,0.0,91,0.0
2023-09-13 22:00:00,0.0,41.75,0.0,91,0.0
2023-09-13 23:00:00,0.0,42.25,0.0,91,0.0
2023-09-14 00:00:00,0.0,35.0,0.0,91,0.0
2023-09-14 01:00:00,0.0,24.0,0.0,91,0.0
2023-09-14 02:00:00,0.0,23.75,0.0,91,0.0
2023-09-14 03:00:00,0.0,24.0,0.0,91,0.0
2023-09-14 04:00:00,0.0,24.0,0.0,91,0.0
2023-09-14 05:00:00,0.0,24.25,0.0,91,0.0
2023-09-14 06:00:00,0.0,31.0,0.0,91,0.0
2023-09-14 07:00:00,0.0,37.75,0.0,91,0.0064423931530143
2023-09-14 08:00:00,2.9785,36.0,0.0,91,0.0663166668476202
2023-09-14 09:00:00,4.1885,33.25,0.0,91,0.090388888253106
2023-09-14 10:00:00,1.9455,26.0,0.0,91,0.1218473503732273
2023-09-14 11:00:00,2.2505,22.5,0.0,91,0.2487180338150415
2023-09-14 12:00:00,0.1148333333333333,20.0,0.0,91,0.5771060715373764
2023-09-14 13:00:00,7.514333333333333,19.75,0.0,91,0.5897039322160249
2023-09-14 14:00:00,0.0153333333333333,19.5,0.0,91,0.5852092286460419
2023-09-14 15:00:00,8.865833333333333,20.0,0.0,91,0.5674115374964528
2023-09-14 16:00:00,19.204666666666668,20.25,0.0,91,0.4651464935041902
2023-09-14 17:00:00,10.4885,26.0,0.0,91,0.1567287182604146
2023-09-14 18:00:00,0.0,36.25,0.0,91,0.0803528204534807
2023-09-14 19:00:00,0.0,39.25,0.0,91,0.0250908546634496
2023-09-14 20:00:00,0.0,37.75,0.0,91,1.1538461917358582e-05
2023-09-14 21:00:00,0.0,36.25,0.0,91,0.0
2023-09-14 22:00:00,0.0,34.0,0.0,91,0.0
2023-09-14 23:00:00,0.0,36.5,0.0,91,0.0
2023-09-15 00:00:00,0.0,31.25,0.0,91,0.0
2023-09-15 01:00:00,0.0,22.5,0.0,91,0.0
2023-09-15 02:00:00,0.0,17.75,0.0,91,0.0
2023-09-15 03:00:00,0.0,16.75,0.0,91,0.0
2023-09-15 04:00:00,0.0,16.75,0.0,91,0.0
2023-09-15 05:00:00,0.0,16.0,0.0,91,0.0
2023-09-15 06:00:00,0.0158333333333333,22.5,0.0,91,0.0
2023-09-15 07:00:00,0.053,31.25,0.0,91,0.0077989743455735
2023-09-15 08:00:00,5.375166666666666,29.5,0.0,91,0.0954279481040107
2023-09-15 09:00:00,3.135666666666667,23.5,0.0,91,0.258039317986904
2023-09-15 10:00:00,5.528833333333334,23.5,0.0,91,0.4026816258878789
2023-09-15 11:00:00,19.59283333333333,25.5,0.0,91,0.5100707694811699
2023-09-15 12:00:00,11.625833333333333,24.0,0.0,91,0.5624435053116238
2023-09-15 13:00:00,11.054,19.0,0.0,91,0.5921387175209503
2023-09-15 14:00:00,4.299666666666667,13.5,0.0,91,0.570090340508355
2023-09-15 15:00:00,3.8843333333333336,14.0,0.0,91,0.5355347873003056
2023-09-15 16:00:00,0.2621666666666666,14.75,0.0,91,0.3755123933971437
2023-09-15 17:00:00,5.044666666666667,21.75,0.0,91,0.2425232465043027
2023-09-15 18:00:00,0.158,30.25,0.0,91,0.0556805986420721
2023-09-15 19:00:00,0.1548333333333333,30.75,0.0,91,0.0087548718237692
2023-09-15 20:00:00,0.1545,27.0,0.0,91,0.0
2023-09-15 21:00:00,0.1603333333333333,23.5,0.0,91,0.0
2023-09-15 22:00:00,0.155,30.25,0.0,91,0.0
2023-09-15 23:00:00,0.1561666666666666,30.5,0.0,91,0.0
2023-09-16 00:00:00,0.1608333333333333,28.0,0.0,91,0.0
2023-09-16 01:00:00,0.1556666666666666,23.0,0.0,91,0.0
2023-09-16 02:00:00,0.1535,15.75,0.0,91,0.0
2023-09-16 03:00:00,0.1635,15.0,0.0,91,0.0
2023-09-16 04:00:00,0.1568333333333333,15.0,0.0,91,0.0
2023-09-16 05:00:00,0.1581666666666666,14.0,0.0,91,0.0
2023-09-16 06:00:00,0.1606666666666666,13.75,0.0,91,0.0
2023-09-16 07:00:00,0.1641666666666666,13.0,0.0,91,0.0220033334259294
2023-09-16 08:00:00,0.1656666666666666,13.0,0.0,91,0.0626300854560656
2023-09-16 09:00:00,0.17,12.0,0.0,91,0.0306511111544747
2023-09-16 10:00:00,0.2088333333333333,12.0,0.0,91,0.096583077031323
2023-09-16 11:00:00,1.0356666666666667,12.0,0.0,91,0.1512126497937063
2023-09-16 12:00:00,0.5183333333333333,12.0,0.0,91,0.1318836747683011
2023-09-16 13:00:00,0.2516666666666666,12.0,0.0,91,0.5920516230917383
2023-09-16 14:00:00,0.6955,12.0,0.0,91,0.3517808552277396
2023-09-16 15:00:00,0.0073333333333333,12.0,0.0,91,0.225771368629912
2023-09-16 16:00:00,0.0,12.75,0.0,91,0.1242935046986637
2023-09-16 17:00:00,0.0,15.25,0.0,91,0.0336095725573026
2023-09-16 18:00:00,0.0,21.75,0.0,91,0.0548349572043133
2023-09-16 19:00:00,0.0,26.5,0.0,91,0.0236128205497168
2023-09-16 20:00:00,0.0,28.0,0.0,91,0.0
2023-09-16 21:00:00,0.0,28.0,0.0,91,0.0
2023-09-16 22:00:00,0.0,27.75,0.0,91,0.0
2023-09-16 23:00:00,0.0,28.5,0.0,91,0.0
2023-09-17 00:00:00,0.0,29.25,0.0,91,0.0
2023-09-17 01:00:00,0.0,29.5,0.0,91,0.0
2023-09-17 02:00:00,0.0,23.25,0.0,91,0.0
2023-09-17 03:00:00,0.0,16.5,0.0,91,0.0
2023-09-17 04:00:00,0.0,15.75,0.0,91,0.0
2023-09-17 05:00:00,0.0,15.25,0.0,91,0.0
2023-09-17 06:00:00,0.0,14.75,0.0,91,0.0
2023-09-17 07:00:00,0.284,14.5,0.0,91,0.0114805128291631
2023-09-17 08:00:00,0.419,14.0,0.0,91,0.1231909403026613
2023-09-17 09:00:00,0.2045,14.0,0.0,91,0.2572698289105016
2023-09-17 10:00:00,0.3036666666666667,13.25,0.0,91,0.390736070942675
2023-09-17 11:00:00,0.484,13.0,0.0,91,0.4800091448400774
2023-09-17 12:00:00,0.0971666666666666,13.0,0.0,91,0.525258033622025
2023-09-17 13:00:00,0.2163333333333333,13.0,0.0,91,0.5395039295946431
2023-09-17 14:00:00,0.2453333333333333,13.25,0.0,91,0.4956733338445682
2023-09-17 15:00:00,0.806,13.5,0.0,91,0.4327882918333396
2023-09-17 16:00:00,0.8086666666666668,13.0,0.0,91,0.2370299150189782
2023-09-17 17:00:00,0.8046666666666668,13.5,0.0,91,0.1486799144744873
2023-09-17 18:00:00,0.8079999999999999,13.75,0.0,91,0.0613993167469644
2023-09-17 19:00:00,0.9385,13.75,0.0,91,0.0148188889384842
2023-09-17 20:00:00,0.0,13.5,0.0,91,0.0
2023-09-17 21:00:00,0.0,14.0,0.0,91,0.0
2023-09-17 22:00:00,0.0,13.5,0.0,91,0.0
2023-09-17 23:00:00,0.0,13.0,0.0,91,0.0
2023-09-18 00:00:00,0.0,14.0,0.0,91,0.0
2023-09-18 01:00:00,0.0,15.0,0.0,91,0.0
2023-09-18 02:00:00,0.0,15.0,0.0,91,0.0
2023-09-18 03:00:00,0.0,15.0,0.0,91,0.0
2023-09-18 04:00:00,0.0,18.0,0.0,91,0.0
2023-09-18 05:00:00,0.0333333333333333,18.75,0.0,91,0.0
2023-09-18 06:00:00,0.0463333333333333,19.75,0.0,91,0.0
2023-09-18 07:00:00,0.4428333333333333,20.75,0.0,91,0.0014358974356427
2023-09-18 08:00:00,0.5536666666666666,21.0,0.0,91,0.0212105984361762
2023-09-18 09:00:00,0.333,21.0,0.0,91,0.0450082906698569
2023-09-18 10:00:00,1.072,18.5,0.0,91,0.1321669232947195
2023-09-18 11:00:00,2.3351666666666664,16.0,0.0,91,0.1122949570060795
2023-09-18 12:00:00,2.269,15.5,0.0,91,0.0631416241226033
2023-09-18 13:00:00,2.406,15.0,0.0,91,0.0316100857043877
2023-09-18 14:00:00,2.5073333333333334,15.25,0.0,91,0.0632113676397209
2023-09-18 15:00:00,2.424,14.0,0.0,91,0.0278493163524529
2023-09-18 16:00:00,2.4330000000000003,14.5,0.0,91,0.0172428204666855
2023-09-18 17:00:00,2.526666666666667,14.5,0.0,91,0.1211433338100074
2023-09-18 18:00:00,1.1461666666666666,15.75,0.0,91,0.1127132478127112
2023-09-18 19:00:00,0.152,18.0,0.0,91,0.013331196612766
2023-09-18 20:00:00,0.1536666666666666,24.25,0.0,91,0.0
2023-09-18 21:00:00,0.1556666666666666,25.25,0.0,91,0.0
2023-09-18 22:00:00,0.154,19.25,0.0,91,0.0
2023-09-18 23:00:00,0.1563333333333333,18.75,0.0,91,0.0
2023-09-19 00:00:00,0.1495,16.5,0.0,91,0.0
2023-09-19 01:00:00,0.1546666666666666,16.25,0.0,91,0.0
2023-09-19 02:00:00,0.154,16.25,0.0,91,0.0
2023-09-19 03:00:00,0.153,17.0,0.0,91,0.0
2023-09-19 04:00:00,0.156,16.75,0.0,91,0.0
2023-09-19 05:00:00,0.153,16.5,0.0,91,0.0
2023-09-19 06:00:00,0.156,16.25,0.0,91,0.0
2023-09-19 07:00:00,0.54,16.25,0.0,91,0.001834871789329
2023-09-19 08:00:00,0.6066666666666666,16.5,0.0,91,0.0120016238933954
2023-09-19 09:00:00,0.3498333333333334,18.25,0.0,91,0.0814388036727905
2023-09-19 10:00:00,0.2153333333333333,19.5,0.0,91,0.3750743585570245
2023-09-19 11:00:00,0.4121666666666666,21.0,0.0,91,0.5627852144811906
2023-09-19 12:00:00,0.2366666666666666,20.5,0.0,91,0.503375041179168
2023-09-19 13:00:00,2.154,19.75,0.0,91,0.5358082036075428
2023-09-19 14:00:00,2.2053333333333334,21.25,0.0,91,0.5031360675127081
2023-09-19 15:00:00,2.3076666666666665,21.75,0.0,91,0.5441871780004255
2023-09-19 16:00:00,2.2231666666666667,17.0,0.0,91,0.4333822214501536
2023-09-19 17:00:00,2.2346666666666666,21.0,0.0,91,0.2693276074401334
2023-09-19 18:00:00,2.3211666666666666,23.0,0.0,91,0.0670974355477553
2023-09-19 19:00:00,0.4903333333333333,23.75,0.0,91,0.0064528204755395
2023-09-19 20:00:00,0.0,23.25,0.0,91,0.0
2023-09-19 21:00:00,0.0,19.5,0.0,91,0.0
2023-09-19 22:00:00,0.0,19.75,0.0,91,0.0
2023-09-19 23:00:00,0.0,22.25,0.0,91,0.0
2023-09-20 00:00:00,0.0,24.0,0.0,91,0.0
2023-09-20 01:00:00,0.0,23.25,0.0,91,0.0
2023-09-20 02:00:00,0.0,24.0,0.0,91,0.0
2023-09-20 03:00:00,0.0,25.5,0.0,91,0.0
2023-09-20 04:00:00,0.0,26.0,0.0,91,0.0
2023-09-20 05:00:00,0.0,24.75,0.0,91,0.0
2023-09-20 06:00:00,0.0,23.25,0.0,91,0.0
2023-09-20 07:00:00,0.0,24.0,0.0,91,0.0041049572430614
2023-09-20 08:00:00,0.0,24.75,0.0,91,0.0531907690080821
2023-09-20 09:00:00,0.0,22.5,0.0,91,0.1879470937679975
2023-09-20 10:00:00,0.0,15.5,0.0,91,0.3086597426324828
2023-09-20 11:00:00,0.0,14.25,0.0,91,0.3943231611985427
2023-09-20 12:00:00,0.0,14.75,0.0,91,0.4262738464225052
2023-09-20 13:00:00,0.0,15.5,0.0,91,0.5645192294650607
2023-09-20 14:00:00,0.0,15.0,0.0,91,0.3257474354801015
2023-09-20 15:00:00,0.0,13.75,0.0,91,0.1525891450735238
2023-09-20 16:00:00,0.0,12.5,0.0,91,0.1056809408236772
2023-09-20 17:00:00,0.0,11.25,0.0,91,0.0701482904059255
2023-09-20 18:00:00,0.0,12.75,0.0,91,0.0274048717103452
2023-09-20 19:00:00,0.0,23.25,0.0,91,0.0030855555515577
2023-09-20 20:00:00,0.0,26.0,0.0,91,0.0
2023-09-20 21:00:00,0.0,22.0,0.0,91,0.0
2023-09-20 22:00:00,0.0,19.0,0.0,91,0.0
2023-09-20 23:00:00,0.0,13.0,0.0,91,0.0
2023-09-21 00:00:00,0.0,13.5,0.0,91,0.0
2023-09-21 01:00:00,0.0,12.75,0.0,91,0.0
2023-09-21 02:00:00,0.0,12.5,0.0,91,0.0
2023-09-21 03:00:00,0.0,12.75,0.0,91,0.0
2023-09-21 04:00:00,0.0,13.0,0.0,91,0.0
2023-09-21 05:00:00,0.0,13.5,0.0,91,0.0
2023-09-21 06:00:00,0.0,16.0,0.0,91,0.0
2023-09-21 07:00:00,0.0,17.75,0.0,91,0.016301282055867
2023-09-21 08:00:00,1.615,20.25,0.0,91,0.0634632481061495
2023-09-21 09:00:00,2.196,20.5,0.0,91,0.1724117940919012
2023-09-21 10:00:00,2.27,21.25,0.0,91,0.1715844454317011
2023-09-21 11:00:00,2.3568333333333333,21.25,0.0,91,0.2218631620488615
2023-09-21 12:00:00,2.465333333333333,21.5,0.0,91,0.370962137075571
2023-09-21 13:00:00,1.1826666666666663,20.5,0.0,91,0.5199179491222418
2023-09-21 14:00:00,0.0,20.5,0.0,91,0.4925788021902754
2023-09-21 15:00:00,0.0,21.0,0.0,91,0.0845974360164414
2023-09-21 16:00:00,0.0,21.75,0.0,91,0.0812647008080767
2023-09-21 17:00:00,0.0,22.25,0.0,91,0.1285699141738761
2023-09-21 18:00:00,0.0,23.0,0.0,91,0.0555157262647253
2023-09-21 19:00:00,0.0,26.0,0.0,91,0.0022891452934386
2023-09-21 20:00:00,0.0,26.0,0.0,91,0.0
2023-09-21 21:00:00,0.0,31.75,0.0,91,0.0
2023-09-21 22:00:00,0.0,26.0,0.0,91,0.0
2023-09-21 23:00:00,0.0,25.75,0.0,91,0.0
2023-09-22 00:00:00,0.0,24.0,0.0,91,0.0
2023-09-22 01:00:00,0.0,14.0,0.0,91,0.0
2023-09-22 02:00:00,0.0,12.0,0.0,91,0.0
2023-09-22 03:00:00,0.0,12.5,0.0,91,0.0
2023-09-22 04:00:00,0.0,13.0,0.0,91,0.0
2023-09-22 05:00:00,0.0,13.5,0.0,91,0.0
2023-09-22 06:00:00,0.0,19.5,0.0,91,0.0
2023-09-22 07:00:00,0.0,25.0,0.0,91,0.003239487177159
2023-09-22 08:00:00,0.4981666666666666,26.75,0.0,91,0.0343551282801179
2023-09-22 09:00:00,2.1785,26.75,0.0,91,0.1753931624257666
2023-09-22 10:00:00,2.3781666666666665,23.0,0.0,91,0.3979518759963859
2023-09-22 11:00:00,1.939,18.25,0.0,91,0.4395164952726447
2023-09-22 12:00:00,0.131,14.0,0.0,91,0.4973165851169161
2023-09-22 13:00:00,0.9431666666666668,13.75,0.0,91,0.6152238435011643
2023-09-22 14:00:00,0.1431666666666666,14.5,0.0,91,0.3887085495647202
2023-09-22 15:00:00,0.1431666666666666,14.75,0.0,91,0.5323705125466373
2023-09-22 16:00:00,0.1495,14.5,0.0,91,0.2157858128017849
2023-09-22 17:00:00,0.1426666666666667,15.25,0.0,91,0.109256752128275
2023-09-22 18:00:00,0.1488333333333333,21.25,0.0,91,0.0219219658738718
2023-09-22 19:00:00,0.1431666666666667,29.0,0.0,91,0.0
2023-09-22 20:00:00,0.1493333333333333,29.25,0.0,91,0.0
2023-09-22 21:00:00,0.1433333333333333,27.25,0.0,91,0.0
2023-09-22 22:00:00,0.1496666666666666,26.25,0.0,91,0.0
2023-09-22 23:00:00,0.144,29.75,0.0,91,0.0
2023-09-23 00:00:00,0.15,25.0,0.0,91,0.0
2023-09-23 01:00:00,0.1438333333333333,20.75,0.0,91,0.0
2023-09-23 02:00:00,0.1498333333333333,20.0,0.0,91,0.0
2023-09-23 03:00:00,0.144,21.0,0.0,91,0.0
2023-09-23 04:00:00,0.1546666666666666,20.25,0.0,91,0.0
2023-09-23 05:00:00,0.1466666666666666,20.75,0.0,91,0.0
2023-09-23 06:00:00,0.1496666666666666,20.25,0.0,91,0.0
2023-09-23 07:00:00,0.1458333333333333,20.75,0.0,91,0.0028865812183954
2023-09-23 08:00:00,0.1518333333333333,19.75,0.0,91,0.1058449581953195
2023-09-23 09:00:00,0.1688333333333333,18.25,0.0,91,0.239818546425583
2023-09-23 10:00:00,0.2076666666666666,15.5,0.0,91,0.2267007694081364
2023-09-23 11:00:00,0.1705,13.25,0.0,91,0.3898841895405045
2023-09-23 12:00:00,0.1485,12.75,0.0,91,0.2172205116402389
2023-09-23 13:00:00,0.1426666666666667,13.0,0.0,91,0.2848964950365898
2023-09-23 14:00:00,1.4828333333333334,13.0,0.0,91,0.453364871098445
2023-09-23 15:00:00,2.301833333333333,13.0,0.0,91,0.3633635913816274
2023-09-23 16:00:00,1.1803333333333332,13.0,0.0,91,0.3180352140899398
2023-09-23 17:00:00,0.0,13.5,0.0,91,0.1614117948417989
2023-09-23 18:00:00,0.0,16.0,0.0,91,0.0729211107482258
2023-09-23 19:00:00,0.0,19.5,0.0,91,0.0076698290590101
2023-09-23 20:00:00,0.0,19.5,0.0,91,0.0
2023-09-23 21:00:00,0.0,19.75,0.0,91,0.0
2023-09-23 22:00:00,0.0,18.25,0.0,91,0.0
2023-09-23 23:00:00,0.0,18.5,0.0,91,0.0
2023-09-24 00:00:00,0.0,19.25,0.0,91,0.0
2023-09-24 01:00:00,0.0,18.75,0.0,91,0.0
2023-09-24 02:00:00,0.0,18.5,0.0,91,0.0
2023-09-24 03:00:00,0.0,19.25,0.0,91,0.0
2023-09-24 04:00:00,0.0,22.5,0.0,91,0.0
2023-09-24 05:00:00,0.0,23.0,0.0,91,0.0
2023-09-24 06:00:00,0.0,22.0,0.0,91,0.0
2023-09-24 07:00:00,0.2826666666666667,20.0,0.0,91,0.0040358974587204
2023-09-24 08:00:00,0.416,20.25,0.0,91,0.0765353845531105
2023-09-24 09:00:00,0.2085,20.25,0.0,91,0.2484685467451046
2023-09-24 10:00:00,0.5990000000000001,17.75,0.0,91,0.4035326496352497
2023-09-24 11:00:00,1.5686666666666664,15.5,0.0,91,0.5163358111259265
2023-09-24 12:00:00,2.039333333333333,14.75,0.0,91,0.5805372645712304
2023-09-24 13:00:00,1.2768333333333333,15.0,0.0,91,0.5942328206901881
2023-09-24 14:00:00,1.2986666666666666,15.25,0.0,91,0.5638130768343933
2023-09-24 15:00:00,2.3748333333333336,15.0,0.0,91,0.4958572635487616
2023-09-24 16:00:00,0.9255,14.25,0.0,91,0.3878414512699485
2023-09-24 17:00:00,0.0083333333333333,13.5,0.0,91,0.2420280334277031
2023-09-24 18:00:00,0.0,13.25,0.0,91,0.0690924787928915
2023-09-24 19:00:00,0.0,12.5,0.0,91,0.0036615384761323
2023-09-24 20:00:00,0.0,12.25,0.0,91,0.0
2023-09-24 21:00:00,0.0,12.25,0.0,91,0.0
2023-09-24 22:00:00,0.0,12.75,0.0,91,0.0
2023-09-24 23:00:00,0.0,13.75,0.0,91,0.0
2023-09-25 00:00:00,0.0,16.5,0.0,91,0.0
2023-09-25 01:00:00,0.0,15.0,0.0,91,0.0
2023-09-25 02:00:00,0.0,16.25,0.0,91,0.0
2023-09-25 03:00:00,0.0,17.5,0.0,91,0.0
2023-09-25 04:00:00,0.0,17.75,0.0,91,0.0
2023-09-25 05:00:00,0.0,19.5,0.0,91,0.0
2023-09-25 06:00:00,0.0,17.75,0.0,91,0.0
2023-09-25 07:00:00,0.3568333333333333,20.75,0.0,91,0.0
2023-09-25 08:00:00,0.4153333333333333,24.5,0.0,91,0.067342905937097
2023-09-25 09:00:00,0.2091666666666666,25.0,0.0,91,0.2355443587669959
2023-09-25 10:00:00,0.2588333333333333,24.5,0.0,91,0.3883401704445864
2023-09-25 11:00:00,0.4145,23.25,0.0,91,0.5016060684073685
2023-09-25 12:00:00,0.4206666666666667,20.75,0.0,91,0.5680967516776843
2023-09-25 13:00:00,0.4103333333333334,18.0,0.0,91,0.5756296565390039
2023-09-25 14:00:00,0.0098333333333333,17.75,0.0,91,0.5505033333281167
2023-09-25 15:00:00,0.0,20.25,0.0,91,0.4888811949379423
2023-09-25 16:00:00,0.0,24.5,0.0,91,0.3797190609141292
2023-09-25 17:00:00,0.0,32.5,0.0,91,0.2339691450656988
2023-09-25 18:00:00,0.0,37.0,0.0,91,0.0646318804708301
2023-09-25 19:00:00,0.0,41.0,0.0,91,0.0044859828981849
2023-09-25 20:00:00,0.0,42.0,0.0,91,0.0
2023-09-25 21:00:00,0.0,42.25,0.0,91,0.0
2023-09-25 22:00:00,0.0,42.75,0.0,91,0.0
2023-09-25 23:00:00,0.0,43.5,0.0,91,0.0
2023-09-26 00:00:00,0.0,42.5,0.0,91,0.0
2023-09-26 01:00:00,0.0,39.0,0.0,91,0.0
2023-09-26 02:00:00,0.0,36.25,0.0,91,0.0
2023-09-26 03:00:00,0.0,35.0,0.0,91,0.0
2023-09-26 04:00:00,0.0,34.25,0.0,91,0.0
2023-09-26 05:00:00,0.0406666666666666,32.0,0.0,91,0.0
2023-09-26 06:00:00,0.055,29.75,0.0,91,0.0
2023-09-26 07:00:00,0.2948333333333333,34.25,0.0,91,0.0036129914192307
2023-09-26 08:00:00,0.5838333333333333,40.5,0.0,91,0.0733345297666696
2023-09-26 09:00:00,0.7438333333333333,38.25,0.0,91,0.2329668362935384
2023-09-26 10:00:00,0.166,30.75,0.0,91,0.3853814534244374
2023-09-26 11:00:00,0.7006666666666667,19.5,0.0,91,0.4961120501135149
2023-09-26 12:00:00,0.9848333333333332,18.25,0.0,91,0.5484929063585066
2023-09-26 13:00:00,0.9071666666666666,20.5,0.0,91,0.5580428190312837
2023-09-26 14:00:00,0.1286666666666666,20.25,0.0,91,0.531281024900257
2023-09-26 15:00:00,0.1286666666666666,21.0,0.0,91,0.4661465838831714
2023-09-26 16:00:00,0.1293333333333333,22.5,0.0,91,0.3608866689959143
2023-09-26 17:00:00,0.1275,29.75,0.0,91,0.2243730783054971
2023-09-26 18:00:00,0.1265,32.0,0.0,91,0.0559934184897659
2023-09-26 19:00:00,0.1243333333333333,34.0,0.0,91,0.0024278632675209
2023-09-26 20:00:00,0.1318333333333333,34.0,0.0,91,0.0
2023-09-26 21:00:00,0.1266666666666666,32.25,0.0,91,0.0
2023-09-26 22:00:00,0.1303333333333333,31.75,0.0,91,0.0
2023-09-26 23:00:00,0.1308333333333333,32.25,0.0,91,0.0
2023-09-27 00:00:00,0.1306666666666666,28.5,0.0,91,0.0
2023-09-27 01:00:00,0.131,20.5,0.0,91,0.0
2023-09-27 02:00:00,0.132,21.25,0.0,91,0.0
2023-09-27 03:00:00,0.1258333333333333,23.25,0.0,91,0.0
2023-09-27 04:00:00,0.1328333333333333,23.0,0.0,91,0.0
2023-09-27 05:00:00,0.1326666666666666,27.5,0.0,91,0.0
2023-09-27 06:00:00,0.1323333333333333,30.0,0.0,91,0.0
2023-09-27 07:00:00,0.1328333333333333,30.5,0.0,91,0.0037312820222642
2023-09-27 08:00:00,0.1325,30.75,0.0,91,0.0666505132373581
2023-09-27 09:00:00,0.1313333333333333,30.5,0.0,91,0.2192700855548565
2023-09-27 10:00:00,0.1316666666666666,28.75,0.0,91,0.3623359823634481
2023-09-27 11:00:00,0.1276666666666666,26.25,0.0,91,0.4757288869222005
2023-09-27 12:00:00,0.1344999999999999,22.0,0.0,91,0.5362253003242687
2023-09-27 13:00:00,0.134,20.0,0.0,91,0.5429465823703342
2023-09-27 14:00:00,0.1308333333333333,19.25,0.0,91,0.5182218796167617
2023-09-27 15:00:00,0.1333333333333333,20.5,0.0,91,0.4198729053725544
2023-09-27 16:00:00,0.1321666666666666,21.75,0.0,91,0.3588146157549997
2023-09-27 17:00:00,0.1291666666666666,34.0,0.0,91,0.1973466683249188
2023-09-27 18:00:00,0.1321666666666666,39.75,0.0,91,0.0474302562281616
2023-09-27 19:00:00,0.1295,39.5,0.0,91,0.0032711111228817
2023-09-27 20:00:00,0.1326666666666666,42.5,0.0,91,0.0
2023-09-27 21:00:00,0.126,35.5,0.0,91,0.0
2023-09-27 22:00:00,0.1298333333333333,30.25,0.0,91,0.0
2023-09-27 23:00:00,0.1331666666666666,27.25,0.0,91,0.0
2023-09-28 00:00:00,0.1316666666666666,22.25,0.0,91,0.0
2023-09-28 01:00:00,0.1333333333333333,21.75,0.0,91,0.0
2023-09-28 02:00:00,0.1318333333333333,21.75,0.0,91,0.0
2023-09-28 03:00:00,0.1318333333333333,20.0,0.0,91,0.0
2023-09-28 04:00:00,0.1341666666666666,20.25,0.0,91,0.0
2023-09-28 05:00:00,0.1353333333333333,21.5,0.0,91,0.0
2023-09-28 06:00:00,0.1358333333333333,29.75,0.0,91,0.0
2023-09-28 07:00:00,0.1398333333333333,33.5,0.0,91,0.0038245299210151
2023-09-28 08:00:00,0.141,33.25,0.0,91,0.060118803285126
2023-09-28 09:00:00,0.1411666666666666,31.5,0.0,91,0.2029735048408182
2023-09-28 10:00:00,0.1391666666666667,28.75,0.0,91,0.3556035884628948
2023-09-28 11:00:00,0.138,22.5,0.0,91,0.4235768368712856
2023-09-28 12:00:00,0.1385,18.25,0.0,91,0.478438719398955
2023-09-28 13:00:00,0.1388333333333333,16.25,0.0,91,0.4321969242585011
2023-09-28 14:00:00,0.139,17.25,0.0,91,0.5100595744858442
2023-09-28 15:00:00,0.1396666666666667,20.5,0.0,91,0.4416098302857488
2023-09-28 16:00:00,0.138,20.0,0.0,91,0.3376816249097514
2023-09-28 17:00:00,0.1363333333333333,21.75,0.0,91,0.2040673498822073
2023-09-28 18:00:00,0.1366666666666667,29.75,0.0,91,0.0475283760902209
2023-09-28 19:00:00,0.137,32.75,0.0,91,0.002379572631624
2023-09-28 20:00:00,0.137,33.0,0.0,91,0.0
2023-09-28 21:00:00,0.1373333333333333,32.5,0.0,91,0.0
2023-09-28 22:00:00,0.1386666666666667,31.75,0.0,91,0.0
2023-09-28 23:00:00,0.1398333333333333,33.25,0.0,91,0.0
2023-09-29 00:00:00,0.1398333333333333,26.75,0.0,91,0.0
2023-09-29 01:00:00,0.1394999999999999,15.5,0.0,91,0.0
2023-09-29 02:00:00,0.138,13.75,0.0,91,0.0
2023-09-29 03:00:00,0.0971666666666666,13.0,0.0,91,0.0
2023-09-29 04:00:00,0.016,13.75,0.0,91,0.0
2023-09-29 05:00:00,0.0,14.0,0.0,91,0.0
2023-09-29 06:00:00,0.0,17.75,0.0,91,0.0
2023-09-29 07:00:00,0.0,23.25,0.0,91,0.0022925640910099
2023-09-29 08:00:00,0.0,23.0,0.0,91,0.0470757264561123
2023-09-29 09:00:00,0.0,23.0,0.0,91,0.2045257274921123
2023-09-29 10:00:00,0.0,21.75,0.0,91,0.3514975207076113
2023-09-29 11:00:00,0.0,18.0,0.0,91,0.4584335072835286
2023-09-29 12:00:00,0.0,18.0,0.0,91,0.5161490565895015
2023-09-29 13:00:00,0.0,16.25,0.0,91,0.5191078655536359
2023-09-29 14:00:00,0.0,16.0,0.0,91,0.4337741887671317
2023-09-29 15:00:00,0.0,17.25,0.0,91,0.2863718807187855
2023-09-29 16:00:00,0.0,18.25,0.0,91,0.3559200850918761
2023-09-29 17:00:00,0.0,23.75,0.0,91,0.1754192301758333
2023-09-29 18:00:00,0.0,33.75,0.0,91,0.053696153632596
2023-09-29 19:00:00,0.0,37.0,0.0,91,0.0018667521239775
2023-09-29 20:00:00,0.0,38.0,0.0,91,0.0
2023-09-29 21:00:00,0.0,37.25,0.0,91,0.0
2023-09-29 22:00:00,0.0,35.5,0.0,91,0.0
2023-09-29 23:00:00,0.0,35.75,0.0,91,0.0
2023-09-30 00:00:00,0.0,32.0,0.0,91,0.0
2023-09-30 01:00:00,0.0,29.25,0.0,91,0.0
2023-09-30 02:00:00,0.0,29.75,0.0,91,0.0
2023-09-30 03:00:00,0.0,29.5,0.0,91,0.0
2023-09-30 04:00:00,0.0,25.75,0.0,91,0.0
2023-09-30 05:00:00,0.0,25.0,0.0,91,0.0
2023-09-30 06:00:00,0.0,24.5,0.0,91,0.0
2023-09-30 07:00:00,0.007,21.0,0.0,91,0.0016617948644691
2023-09-30 08:00:00,0.0,19.0,0.0,91,0.0322936749662089
2023-09-30 09:00:00,0.0,17.0,0.0,91,0.0806420512892242
2023-09-30 10:00:00,0.0,16.0,0.0,91,0.15498444434924
2023-09-30 11:00:00,0.0,13.75,0.0,91,0.3722356418055347
2023-09-30 12:00:00,0.0,13.0,0.0,91,0.4990694016676683
2023-09-30 13:00:00,0.0291666666666666,13.0,0.0,91,0.5296311970246147
2023-09-30 14:00:00,0.0,12.75,0.0,91,0.4643916249071431
2023-09-30 15:00:00,0.0,13.0,0.0,91,0.3727160683656351
2023-09-30 16:00:00,0.0,14.75,0.0,91,0.2857577778742863
2023-09-30 17:00:00,0.0171666666666666,20.0,0.0,91,0.1603158124287923
2023-09-30 18:00:00,0.3571666666666666,28.0,0.0,91,0.0562659828275696
2023-09-30 19:00:00,1.530166666666667,31.5,0.0,91,0.0042411965936517
2023-09-30 20:00:00,3.8005,30.0,0.0,91,0.0
2023-09-30 21:00:00,7.213999999999999,27.0,0.0,91,0.0
2023-09-30 22:00:00,10.795333333333334,28.0,0.0,91,0.0
2023-09-30 23:00:00,7.408666666666666,30.5,0.0,91,0.0
2023-10-01 00:00:00,5.737666666666667,33.0,0.0,91,0.0
2023-10-01 01:00:00,0.0,27.25,0.0,91,0.0
2023-10-01 02:00:00,0.0,24.75,0.0,91,0.0
2023-10-01 03:00:00,0.0,24.75,0.0,91,0.0
2023-10-01 04:00:00,0.0,23.75,0.0,91,0.0
2023-10-01 05:00:00,0.0,22.75,0.0,91,0.0
2023-10-01 06:00:00,0.0353333333333333,22.5,0.0,91,0.0
2023-10-01 07:00:00,0.0671666666666666,18.0,0.0,91,0.0018357264925526
2023-10-01 08:00:00,0.0705,16.0,0.0,91,0.058459743332659
2023-10-01 09:00:00,0.1218333333333333,14.75,0.0,91,0.2044260686890692
2023-10-01 10:00:00,0.1728333333333333,13.0,0.0,91,0.3510303406022553
2023-10-01 11:00:00,0.1865,13.25,0.0,91,0.4585748747475127
2023-10-01 12:00:00,0.1625,13.75,0.0,91,0.5175043578840729
2023-10-01 13:00:00,0.1598333333333333,14.5,0.0,91,0.5259053861177885
2023-10-01 14:00:00,0.1578333333333333,15.0,0.0,91,0.5070148709289028
2023-10-01 15:00:00,0.1815,13.25,0.0,91,0.4389893165001502
2023-10-01 16:00:00,0.5315,14.5,0.0,91,0.3307380327404055
2023-10-01 17:00:00,2.3361666666666667,19.75,0.0,91,0.182120427677774
2023-10-01 18:00:00,1.2448333333333337,29.0,0.0,91,0.0407629060337686
2023-10-01 19:00:00,0.6766666666666666,32.75,0.0,91,0.00197290599776
2023-10-01 20:00:00,2.842833333333333,31.5,0.0,91,0.0
2023-10-01 21:00:00,2.8595,32.0,0.0,91,0.0
2023-10-01 22:00:00,3.28,32.5,0.0,91,0.0
2023-10-01 23:00:00,7.547999999999999,31.5,0.0,91,0.0
2023-10-02 00:00:00,7.369499999999999,27.75,0.0,91,0.0
2023-10-02 01:00:00,0.3368333333333333,24.5,0.0,91,0.0
2023-10-02 02:00:00,0.1568333333333333,27.0,0.0,91,0.0
2023-10-02 03:00:00,0.15,28.0,0.0,91,0.0
2023-10-02 04:00:00,0.1513333333333333,29.25,0.0,91,0.0
2023-10-02 05:00:00,0.156,37.5,0.0,91,0.0
2023-10-02 06:00:00,0.1496666666666666,41.0,0.0,91,0.0
2023-10-02 07:00:00,0.1485,39.75,0.0,91,0.0015529914327666
2023-10-02 08:00:00,0.901,38.75,0.0,91,0.0539726497169233
2023-10-02 09:00:00,2.6245,36.75,0.0,91,0.1943649577279376
2023-10-02 10:00:00,2.1705,36.25,0.0,91,0.3402101731911683
2023-10-02 11:00:00,1.032166666666667,33.75,0.0,91,0.446996581248748
2023-10-02 12:00:00,0.4168333333333333,29.25,0.0,91,0.5025339338514538
2023-10-02 13:00:00,1.5063333333333333,20.5,0.0,91,0.5213982913025424
2023-10-02 14:00:00,0.6336666666666667,20.75,0.0,91,0.509320256159856
2023-10-02 15:00:00,0.1518333333333333,23.5,0.0,91,0.4360583769969451
2023-10-02 16:00:00,0.4546666666666666,28.5,0.0,91,0.3228918812417576
2023-10-02 17:00:00,1.6228333333333331,34.75,0.0,91,0.1834598293467464
2023-10-02 18:00:00,10.346166666666669,37.0,0.0,91,0.0329355557453938
2023-10-02 19:00:00,11.708666666666666,36.75,0.0,91,0.0013117094103915
2023-10-02 20:00:00,15.463333333333331,33.75,0.0,91,0.0
2023-10-02 21:00:00,0.2848333333333333,34.0,0.0,91,0.0
2023-10-02 22:00:00,0.1318333333333333,30.25,0.0,91,0.0
2023-10-02 23:00:00,0.1386666666666667,29.0,0.0,91,0.0
2023-10-03 00:00:00,0.1301666666666666,27.0,0.0,91,0.0
2023-10-03 01:00:00,0.1354999999999999,19.25,0.0,91,0.0
2023-10-03 02:00:00,0.1328333333333333,18.5,0.0,91,0.0
2023-10-03 03:00:00,0.1298333333333333,16.5,0.0,91,0.0
2023-10-03 04:00:00,0.1366666666666667,17.0,0.0,91,0.0
2023-10-03 05:00:00,0.1313333333333333,17.0,0.0,91,0.0
2023-10-03 06:00:00,0.1293333333333333,16.25,0.0,91,0.0
2023-10-03 07:00:00,0.2211666666666666,15.5,0.0,91,0.0023330769285113
2023-10-03 08:00:00,2.925333333333333,15.0,0.0,91,0.0423947007839496
2023-10-03 09:00:00,1.981666666666667,14.75,0.0,91,0.1920268379928719
2023-10-03 10:00:00,0.9363333333333334,15.5,0.0,91,0.2660195733746912
2023-10-03 11:00:00,0.4431666666666667,18.75,0.0,91,0.3167771794245793
2023-10-03 12:00:00,1.3636666666666668,17.0,0.0,91,0.4857418813460911
2023-10-03 13:00:00,0.6036666666666667,18.5,0.0,91,0.5353457269913112
2023-10-03 14:00:00,0.2168333333333333,23.5,0.0,91,0.496789059109158
2023-10-03 15:00:00,0.2299999999999999,22.5,0.0,91,0.4261302556747045
2023-10-03 16:00:00,0.7788333333333334,17.75,0.0,91,0.2715162371774005
2023-10-03 17:00:00,3.261000000000001,23.25,0.0,91,0.0870588033627241
2023-10-03 18:00:00,7.866,25.5,0.0,91,0.0179568375532443
2023-10-03 19:00:00,14.0705,27.0,0.0,91,0.0002541025680227
2023-10-03 20:00:00,4.839666666666667,28.0,0.0,91,0.0
2023-10-03 21:00:00,4.837,25.75,0.0,91,0.0
2023-10-03 22:00:00,2.1871666666666667,23.0,0.0,91,0.0
2023-10-03 23:00:00,0.1255,24.0,0.0,91,0.0
2023-10-04 00:00:00,0.132,21.0,0.0,91,0.0
2023-10-04 01:00:00,0.1251666666666666,18.0,0.0,91,0.0
2023-10-04 02:00:00,0.1316666666666666,17.5,0.0,91,0.0
2023-10-04 03:00:00,0.1256666666666666,17.25,0.0,91,0.0
2023-10-04 04:00:00,0.1238333333333333,17.5,0.0,91,0.0
2023-10-04 05:00:00,0.1228333333333333,18.75,0.0,91,0.0
2023-10-04 06:00:00,0.1231666666666666,25.25,0.0,91,0.0
2023-10-04 07:00:00,0.1293333333333333,28.75,0.0,91,0.0004973504246554
2023-10-04 08:00:00,0.126,31.75,0.0,91,0.0447949572811778
2023-10-04 09:00:00,0.1243333333333333,31.75,0.0,91,0.0748508546291253
2023-10-04 10:00:00,0.1265,41.0,0.0,91,0.1083607689947144
2023-10-04 11:00:00,0.125,27.5,0.0,91,0.3461155540922768
2023-10-04 12:00:00,0.1246666666666666,21.0,0.0,91,0.2602330773508447
2023-10-04 13:00:00,0.1268333333333333,20.0,0.0,91,0.2987473499265491
2023-10-04 14:00:00,0.1265,20.0,0.0,91,0.3033888029440855
2023-10-04 15:00:00,0.1256666666666666,20.0,0.0,91,0.3232732482649322
2023-10-04 16:00:00,0.3128333333333333,23.0,0.0,91,0.1986316237490401
2023-10-04 17:00:00,1.7135,29.75,0.0,91,0.0892970086774255
2023-10-04 18:00:00,5.941833333333332,32.75,0.0,91,0.0355129914406018
2023-10-04 19:00:00,11.051166666666669,32.25,0.0,91,0.0014693162293356
2023-10-04 20:00:00,0.2321666666666666,31.25,0.0,91,0.0
2023-10-04 21:00:00,0.2328333333333333,32.25,0.0,91,0.0
2023-10-04 22:00:00,0.1378333333333333,33.0,0.0,91,0.0
2023-10-04 23:00:00,0.1278333333333333,33.25,0.0,91,0.0
2023-10-05 00:00:00,0.1296666666666666,30.75,0.0,91,0.0
2023-10-05 01:00:00,0.1248333333333333,23.75,0.0,91,0.0
2023-10-05 02:00:00,0.1235,24.0,0.0,91,0.0
2023-10-05 03:00:00,0.126,24.0,0.0,91,0.0
2023-10-05 04:00:00,0.1243333333333333,24.5,0.0,91,0.0
2023-10-05 05:00:00,0.1241666666666666,26.0,0.0,91,0.0
2023-10-05 06:00:00,0.12,33.75,0.0,91,0.0
2023-10-05 07:00:00,0.1196666666666666,41.75,0.0,91,0.0011162393062542
2023-10-05 08:00:00,0.1188333333333333,43.0,0.0,91,0.0575063250513158
2023-10-05 09:00:00,0.2789999999999999,40.75,0.0,91,0.1778958969442253
2023-10-05 10:00:00,1.9295,36.5,0.0,91,0.3240517976548937
2023-10-05 11:00:00,6.494666666666667,31.25,0.0,91,0.4319683772682124
2023-10-05 12:00:00,11.585166666666666,30.5,0.0,91,0.4757811984852848
2023-10-05 13:00:00,0.2385,31.25,0.0,91,0.5153331606612247
2023-10-05 14:00:00,0.1728333333333333,29.25,0.0,91,0.4644593158950154
2023-10-05 15:00:00,0.151,29.25,0.0,91,0.390756839197925
2023-10-05 16:00:00,0.1455,29.0,0.0,91,0.2975672638721955
2023-10-05 17:00:00,0.2416666666666666,35.25,0.0,91,0.1668973508655515
2023-10-05 18:00:00,1.6808333333333334,39.75,0.0,91,0.0316658975018395
2023-10-05 19:00:00,5.0808333333333335,41.25,0.0,91,0.0006499145270731
2023-10-05 20:00:00,11.6685,40.0,0.0,91,0.0
2023-10-05 21:00:00,11.463333333333331,39.75,0.0,91,0.0
2023-10-05 22:00:00,3.7761666666666662,38.5,0.0,91,0.0
2023-10-05 23:00:00,0.5081666666666667,38.25,0.0,91,0.0
2023-10-06 00:00:00,0.1246666666666666,38.5,0.0,91,0.0
2023-10-06 01:00:00,0.1281666666666666,35.0,0.0,91,0.0
2023-10-06 02:00:00,0.1301666666666666,31.0,0.0,91,0.0
2023-10-06 03:00:00,0.1243333333333333,24.25,0.0,91,0.0
2023-10-06 04:00:00,0.1304999999999999,22.75,0.0,91,0.0
2023-10-06 05:00:00,0.1295,22.25,0.0,91,0.0
2023-10-06 06:00:00,0.1223333333333333,31.25,0.0,91,0.0
2023-10-06 07:00:00,0.1306666666666666,35.5,0.0,91,0.0006672649544018
2023-10-06 08:00:00,0.1306666666666666,36.0,0.0,91,0.0452708546014932
2023-10-06 09:00:00,0.1295,35.25,0.0,91,0.1862976069328112
2023-10-06 10:00:00,0.1226666666666666,31.75,0.0,91,0.3281200011163696
2023-10-06 11:00:00,0.1283333333333333,21.25,0.0,91,0.4388342741615752
2023-10-06 12:00:00,0.1285,18.75,0.0,91,0.5036341877472706
2023-10-06 13:00:00,1.7041666666666668,18.0,0.0,91,0.5127931611150758
2023-10-06 14:00:00,8.317666666666666,17.75,0.0,91,0.4863515374599358
2023-10-06 15:00:00,0.1346666666666666,19.25,0.0,91,0.4237631629878639
2023-10-06 16:00:00,0.1318333333333333,21.0,0.0,91,0.3064044447026701
2023-10-06 17:00:00,0.127,30.0,0.0,91,0.165895213754768
2023-10-06 18:00:00,0.129,35.5,0.0,91,0.0234402564550057
2023-10-06 19:00:00,9.810166666666667,37.0,0.0,91,0.0006685470117049
2023-10-06 20:00:00,8.260333333333334,36.25,0.0,91,0.0
2023-10-06 21:00:00,0.2383333333333333,34.0,0.0,91,0.0
2023-10-06 22:00:00,0.2365,34.0,0.0,91,0.0
2023-10-06 23:00:00,0.2385,36.5,0.0,91,0.0
2023-10-07 00:00:00,0.2376666666666667,30.25,0.0,91,0.0
2023-10-07 01:00:00,10.108333333333333,23.75,0.0,91,0.0
2023-10-07 02:00:00,0.1598333333333333,22.5,0.0,91,0.0
2023-10-07 03:00:00,0.1336666666666666,22.0,0.0,91,0.0
2023-10-07 04:00:00,0.1333333333333333,20.75,0.0,91,0.0
2023-10-07 05:00:00,0.1308333333333333,19.75,0.0,91,0.0
2023-10-07 06:00:00,0.1298333333333333,19.0,0.0,91,0.0
2023-10-07 07:00:00,0.1621666666666666,16.25,0.0,91,0.0009564957213707
2023-10-07 08:00:00,0.0993333333333333,15.0,0.0,91,0.0474516238717951
2023-10-07 09:00:00,0.0973333333333333,14.0,0.0,91,0.1861380339076376
2023-10-07 10:00:00,0.0964999999999999,13.25,0.0,91,0.3326882057515984
2023-10-07 11:00:00,0.0944999999999999,13.25,0.0,91,0.4450995707715678
2023-10-07 12:00:00,0.1616666666666666,13.0,0.0,91,0.4982655569223257
2023-10-07 13:00:00,0.7521666666666667,12.75,0.0,91,0.5032663211659488
2023-10-07 14:00:00,1.163166666666667,13.0,0.0,91,0.4726441870795356
2023-10-07 15:00:00,0.4211666666666667,13.5,0.0,91,0.4008018787090595
2023-10-07 16:00:00,9.107333333333331,15.0,0.0,91,0.2945720532409146
2023-10-07 17:00:00,6.880333333333333,19.0,0.0,91,0.1550231632004436
2023-10-07 18:00:00,9.524333333333333,25.25,0.0,91,0.0229052991439134
2023-10-07 19:00:00,2.809833333333333,26.75,0.0,91,0.0004264957250024
2023-10-07 20:00:00,7.928166666666666,26.5,0.0,91,0.0
2023-10-07 21:00:00,4.612833333333334,26.25,0.0,91,0.0
2023-10-07 22:00:00,6.527500000000001,22.0,0.0,91,0.0
2023-10-07 23:00:00,8.907166666666667,20.0,0.0,91,0.0
2023-10-08 00:00:00,0.1516666666666666,20.75,0.0,91,0.0
2023-10-08 01:00:00,0.1521666666666666,21.75,0.0,91,0.0
2023-10-08 02:00:00,0.1503333333333333,24.0,0.0,91,0.0
2023-10-08 03:00:00,0.1488333333333333,24.0,0.0,91,0.0
2023-10-08 04:00:00,0.1453333333333333,24.0,0.0,91,0.0
2023-10-08 05:00:00,0.143,23.25,0.0,91,0.0
2023-10-08 06:00:00,0.1443333333333333,23.0,0.0,91,0.0
2023-10-08 07:00:00,7.950500000000001,22.75,0.0,91,0.0009796581324985
2023-10-08 08:00:00,12.722333333333331,22.25,0.0,91,0.0444965813302586
2023-10-08 09:00:00,5.077,19.5,0.0,91,0.1768458972833095
2023-10-08 10:00:00,2.7785,16.25,0.0,91,0.3209534177209577
2023-10-08 11:00:00,2.7831666666666663,15.5,0.0,91,0.4276990626408503
2023-10-08 12:00:00,2.8708333333333336,15.0,0.0,91,0.4832785484118339
2023-10-08 13:00:00,7.583833333333334,14.5,0.0,91,0.4864882040431357
2023-10-08 14:00:00,3.2995,15.0,0.0,91,0.4579183744772886
2023-10-08 15:00:00,12.941,16.0,0.0,91,0.3890629069010416
2023-10-08 16:00:00,5.398666666666667,18.5,0.0,91,0.2815823938092615
2023-10-08 17:00:00,6.370666666666668,23.75,0.0,91,0.1479800005855723
2023-10-08 18:00:00,5.352166666666666,33.5,0.0,91,0.0220815385050243
2023-10-08 19:00:00,1.4634999999999998,36.5,0.0,91,0.0003270085479936
2023-10-08 20:00:00,5.271166666666667,34.0,0.0,91,0.0
2023-10-08 21:00:00,0.1959999999999999,33.25,0.0,91,0.0
2023-10-08 22:00:00,0.1466666666666666,34.0,0.0,91,0.0
2023-10-08 23:00:00,0.1445,34.75,0.0,91,0.0
2023-10-09 00:00:00,0.1443333333333333,33.25,0.0,91,0.0
2023-10-09 01:00:00,0.1418333333333333,26.5,0.0,91,0.0
2023-10-09 02:00:00,0.1425,26.5,0.0,91,0.0
2023-10-09 03:00:00,0.1435,25.75,0.0,91,0.0
2023-10-09 04:00:00,0.145,24.75,0.0,91,0.0
2023-10-09 05:00:00,0.1421666666666666,25.75,0.0,91,0.0
2023-10-09 06:00:00,0.1441666666666666,35.25,0.0,91,0.0
2023-10-09 07:00:00,7.790500000000001,46.25,0.0,91,0.0008276068282305
2023-10-09 08:00:00,15.3755,47.75,0.0,91,0.0433669230774936
2023-10-09 09:00:00,15.380166666666668,45.75,0.0,91,0.1737485461764865
2023-10-09 10:00:00,15.377666666666668,41.25,0.0,91,0.3120303422976763
2023-10-09 11:00:00,15.377,38.0,0.0,91,0.4174367523193359
2023-10-09 12:00:00,15.369333333333335,37.75,0.0,91,0.4827236762413612
2023-10-09 13:00:00,9.535833333333334,38.0,0.0,91,0.4897221361470019
2023-10-09 14:00:00,2.8495000000000004,38.75,0.0,91,0.4531543581709903
2023-10-09 15:00:00,2.212833333333333,39.0,0.0,91,0.3818099988627638
2023-10-09 16:00:00,13.198666666666668,40.5,0.0,91,0.2720524773230919
2023-10-09 17:00:00,2.1846666666666668,43.0,0.0,91,0.1401131620977679
2023-10-09 18:00:00,7.219333333333334,43.0,0.0,91,0.020638376112677
2023-10-09 19:00:00,7.017333333333333,44.0,0.0,91,0.0002929059763908
2023-10-09 20:00:00,4.363333333333333,44.0,0.0,91,0.0
2023-10-09 21:00:00,1.1655,42.25,0.0,91,0.0
2023-10-09 22:00:00,6.609333333333333,41.25,0.0,91,0.0
2023-10-09 23:00:00,3.045666666666667,39.5,0.0,91,0.0
2023-10-10 00:00:00,8.719833333333334,39.5,0.0,91,0.0
2023-10-10 01:00:00,5.744666666666667,37.0,0.0,91,0.0
2023-10-10 02:00:00,0.1641666666666666,36.75,0.0,91,0.0
2023-10-10 03:00:00,0.141,40.75,0.0,91,0.0
2023-10-10 04:00:00,0.1428333333333333,41.0,0.0,91,0.0
2023-10-10 05:00:00,0.1445,38.75,0.0,91,0.0
2023-10-10 06:00:00,0.1435,41.0,0.0,91,0.0
2023-10-10 07:00:00,12.86,41.75,0.0,91,0.0005240171001507
2023-10-10 08:00:00,11.006333333333332,42.25,0.0,91,0.040064529812234
2023-10-10 09:00:00,15.3965,43.0,0.0,91,0.165466495905167
2023-10-10 10:00:00,15.404333333333334,38.25,0.0,91,0.3049681215204744
2023-10-10 11:00:00,15.412,28.0,0.0,91,0.4138426475850945
2023-10-10 12:00:00,15.420166666666669,22.0,0.0,91,0.4726480343810514
2023-10-10 13:00:00,15.422666666666666,20.75,0.0,91,0.4787689750214927
2023-10-10 14:00:00,12.0795,21.75,0.0,91,0.4504612836267194
2023-10-10 15:00:00,15.231333333333334,23.5,0.0,91,0.3803914508656559
2023-10-10 16:00:00,11.881333333333332,24.0,0.0,91,0.2742888892410148
2023-10-10 17:00:00,4.509,33.25,0.0,91,0.1389113678076328
2023-10-10 18:00:00,1.2155,36.5,0.0,91,0.0161136752519852
2023-10-10 19:00:00,4.1475,35.75,0.0,91,0.0001692307714181
2023-10-10 20:00:00,11.777333333333331,34.25,0.0,91,0.0
2023-10-10 21:00:00,19.47,32.75,0.0,91,0.0
2023-10-10 22:00:00,10.727333333333334,22.75,0.0,91,0.0
2023-10-10 23:00:00,0.0261666666666666,18.5,0.0,91,0.0
2023-10-11 00:00:00,0.1328333333333333,16.75,0.0,91,0.0
2023-10-11 01:00:00,0.2361666666666666,15.5,0.0,91,0.0
2023-10-11 02:00:00,0.2743333333333333,14.25,0.0,91,0.0
2023-10-11 03:00:00,0.2816666666666667,15.0,0.0,91,0.0
2023-10-11 04:00:00,0.2818333333333333,15.0,0.0,91,0.0
2023-10-11 05:00:00,0.2826666666666667,14.75,0.0,91,0.0
2023-10-11 06:00:00,2.943,15.75,0.0,91,0.0
2023-10-11 07:00:00,15.387833333333331,20.0,0.0,91,0.0004249572664754
2023-10-11 08:00:00,15.395166666666666,28.0,0.0,91,0.0392180340310447
2023-10-11 09:00:00,11.803,28.25,0.0,91,0.1665105117080558
2023-10-11 10:00:00,5.749666666666666,25.0,0.0,91,0.3068355553781884
2023-10-11 11:00:00,11.822833333333334,24.25,0.0,91,0.4121084633851663
2023-10-11 12:00:00,14.841500000000002,19.0,0.0,91,0.469668461726262
2023-10-11 13:00:00,15.451666666666668,18.75,0.0,91,0.4814215394370576
2023-10-11 14:00:00,15.445666666666668,19.0,0.0,91,0.4502906858004057
2023-10-11 15:00:00,15.439,16.75,0.0,91,0.3858587183504023
2023-10-11 16:00:00,15.432833333333337,17.5,0.0,91,0.2735297436184353
2023-10-11 17:00:00,9.274500000000002,22.25,0.0,91,0.1348321364068577
2023-10-11 18:00:00,15.703833333333334,26.75,0.0,91,0.0147947864068879
2023-10-11 19:00:00,7.4925,28.0,0.0,91,0.0001158119648551
2023-10-11 20:00:00,0.6669999999999999,25.25,0.0,91,0.0
2023-10-11 21:00:00,3.775166666666667,19.5,0.0,91,0.0
2023-10-11 22:00:00,20.187833333333334,19.25,0.0,91,0.0
2023-10-11 23:00:00,17.736166666666666,19.75,0.0,91,0.0
2023-10-12 00:00:00,14.097,21.0,0.0,91,0.0
2023-10-12 01:00:00,9.165,21.75,0.0,91,0.0
2023-10-12 02:00:00,3.865,23.5,0.0,91,0.0
2023-10-12 03:00:00,0.6665,25.25,0.0,91,0.0
2023-10-12 04:00:00,4.668333333333333,24.5,0.0,91,0.0
2023-10-12 05:00:00,0.1945,27.75,0.0,91,0.0
2023-10-12 06:00:00,0.1943333333333333,34.0,0.0,91,0.0
2023-10-12 07:00:00,0.1925,30.75,0.0,91,0.000589316240074
2023-10-12 08:00:00,0.2309999999999999,30.75,0.0,91,0.0486860683534899
2023-10-12 09:00:00,0.2956666666666667,32.5,0.0,91,0.1896264107206947
2023-10-12 10:00:00,0.1925,32.75,0.0,91,0.2245553851331401
2023-10-12 11:00:00,0.3898333333333333,33.0,0.0,91,0.4121506793682392
2023-10-12 12:00:00,20.163166666666665,31.5,0.0,91,0.467644530728332
2023-10-12 13:00:00,16.334666666666667,31.0,0.0,91,0.4821061537000868
2023-10-12 14:00:00,10.329666666666666,30.5,0.0,91,0.4601253848605686
2023-10-12 15:00:00,3.565166666666667,28.5,0.0,91,0.3797739322368915
2023-10-12 16:00:00,8.662833333333333,29.75,0.0,91,0.2575330771747817
2023-10-12 17:00:00,10.366666666666667,33.0,0.0,91,0.1390519663818881
2023-10-12 18:00:00,8.342833333333333,33.25,0.0,91,0.027719999993395
2023-10-12 19:00:00,9.490166666666664,33.25,0.0,91,5.128205172781196e-07
2023-10-12 20:00:00,1.107,32.75,0.0,91,0.0
2023-10-12 21:00:00,10.654166666666669,33.25,0.0,91,0.0
2023-10-12 22:00:00,2.401,34.75,0.0,91,0.0
2023-10-12 23:00:00,0.1919999999999999,34.25,0.0,91,0.0
2023-10-13 00:00:00,0.1895,30.25,0.0,91,0.0
2023-10-13 01:00:00,0.1893333333333333,18.75,0.0,91,0.0
2023-10-13 02:00:00,0.1869999999999999,16.0,0.0,91,0.0
2023-10-13 03:00:00,0.1816666666666666,14.0,0.0,91,0.0
2023-10-13 04:00:00,0.1871666666666666,14.0,0.0,91,0.0
2023-10-13 05:00:00,0.1859999999999999,13.75,0.0,91,0.0
2023-10-13 06:00:00,0.1858333333333333,12.5,0.0,91,0.0
2023-10-13 07:00:00,10.325166666666666,12.0,0.0,91,0.0003140170948627
2023-10-13 08:00:00,15.4075,12.0,0.0,91,0.0371570085256527
2023-10-13 09:00:00,15.412333333333336,13.0,0.0,91,0.1625252999199761
2023-10-13 10:00:00,15.412666666666668,13.25,0.0,91,0.2985162392640725
2023-10-13 11:00:00,15.407166666666669,13.0,0.0,91,0.4047545310778496
2023-10-13 12:00:00,15.4155,13.0,0.0,91,0.4680773501925998
2023-10-13 13:00:00,15.4215,12.75,0.0,91,0.4811992273575221
2023-10-13 14:00:00,7.165833333333334,13.0,0.0,91,0.4549111958039112
2023-10-13 15:00:00,14.241166666666668,12.5,0.0,91,0.3861296590169271
2023-10-13 16:00:00,4.524833333333333,12.75,0.0,91,0.268212051065559
2023-10-13 17:00:00,4.781166666666667,12.25,0.0,91,0.1227399999667436
2023-10-13 18:00:00,7.2255,12.5,0.0,91,0.0120670084960949
2023-10-13 19:00:00,3.5105,12.0,0.0,91,2.564102586390598e-07
2023-10-13 20:00:00,3.803666666666667,12.0,0.0,91,0.0
2023-10-13 21:00:00,1.747,12.0,0.0,91,0.0
2023-10-13 22:00:00,9.022,12.0,0.0,91,0.0
2023-10-13 23:00:00,4.812666666666667,12.0,0.0,91,0.0
2023-10-14 00:00:00,0.1878333333333333,13.0,0.0,91,0.0
2023-10-14 01:00:00,0.1948333333333333,13.75,0.0,91,0.0
2023-10-14 02:00:00,0.1938333333333333,13.25,0.0,91,0.0
2023-10-14 03:00:00,0.1891666666666666,14.0,0.0,91,0.0
2023-10-14 04:00:00,0.1898333333333333,14.0,0.0,91,0.0
2023-10-14 05:00:00,0.1916666666666666,15.0,0.0,91,0.0
2023-10-14 06:00:00,0.2003333333333333,15.0,0.0,91,0.0
2023-10-14 07:00:00,0.2561666666666666,15.0,0.0,91,0.0
2023-10-14 08:00:00,0.2006666666666666,14.0,0.0,91,0.0067515384883452
2023-10-14 09:00:00,0.1893333333333333,13.25,0.0,91,0.0439984617477808
2023-10-14 10:00:00,0.1836666666666666,13.75,0.0,91,0.0605257267422146
2023-10-14 11:00:00,0.1394999999999999,13.25,0.0,91,0.0816440173907157
2023-10-14 12:00:00,0.084,13.0,0.0,91,0.0878916235866709
2023-10-14 13:00:00,0.034,13.25,0.0,91,0.1963919667301015
2023-10-14 14:00:00,0.1595,14.25,0.0,91,0.1613868379185342
2023-10-14 15:00:00,0.2578333333333333,15.0,0.0,91,0.2166105989309457
2023-10-14 16:00:00,0.258,14.25,0.0,91,0.1896113674457256
2023-10-14 17:00:00,0.1901666666666666,14.75,0.0,91,0.0535689743971213
2023-10-14 18:00:00,0.1908333333333333,12.75,0.0,91,0.0193934186672171
2023-10-14 19:00:00,0.1908333333333333,12.0,0.0,91,0.0
2023-10-14 20:00:00,0.1913333333333333,12.0,0.0,91,0.0
2023-10-14 21:00:00,0.1916666666666666,13.0,0.0,91,0.0
2023-10-14 22:00:00,0.1903333333333333,13.0,0.0,91,0.0
2023-10-14 23:00:00,0.1919999999999999,13.0,0.0,91,0.0
2023-10-15 00:00:00,0.1916666666666666,13.5,0.0,91,0.0
2023-10-15 01:00:00,0.1913333333333333,14.0,0.0,91,0.0
2023-10-15 02:00:00,0.1918333333333333,14.25,0.0,91,0.0
2023-10-15 03:00:00,0.1916666666666666,15.0,0.0,91,0.0
2023-10-15 04:00:00,0.1911666666666666,15.0,0.0,91,0.0
2023-10-15 05:00:00,0.1908333333333333,15.0,0.0,91,0.0
2023-10-15 06:00:00,0.1901666666666666,15.25,0.0,91,0.0
2023-10-15 07:00:00,0.2178333333333333,14.75,0.0,91,0.0
2023-10-15 08:00:00,0.2663333333333333,14.0,0.0,91,0.0171933332620522
2023-10-15 09:00:00,0.2176666666666666,13.75,0.0,91,0.0843734188568898
2023-10-15 10:00:00,0.1946666666666666,13.0,0.0,91,0.1791176077035757
2023-10-15 11:00:00,0.1883333333333333,12.25,0.0,91,0.2646794027344793
2023-10-15 12:00:00,0.1878333333333333,12.0,0.0,91,0.1696135900774572
2023-10-15 13:00:00,0.1883333333333333,12.0,0.0,91,0.1852733349596333
2023-10-15 14:00:00,0.1885,12.75,0.0,91,0.254205469310793
2023-10-15 15:00:00,0.1879999999999999,13.0,0.0,91,0.2257875214275131
2023-10-15 16:00:00,0.1943333333333333,12.5,0.0,91,0.2506377772795848
2023-10-15 17:00:00,0.1965,12.25,0.0,91,0.1220429055303589
2023-10-15 18:00:00,0.1939999999999999,12.0,0.0,91,0.0217523931238688
2023-10-15 19:00:00,0.1963333333333333,12.0,0.0,91,0.0
2023-10-15 20:00:00,0.1956666666666666,11.75,0.0,91,0.0
2023-10-15 21:00:00,0.1956666666666666,12.0,0.0,91,0.0
2023-10-15 22:00:00,0.1963333333333333,12.0,0.0,91,0.0
2023-10-15 23:00:00,0.1963333333333333,12.25,0.0,91,0.0
2023-10-16 00:00:00,0.1963333333333333,13.0,0.0,91,0.0
2023-10-16 01:00:00,0.1969999999999999,13.0,0.0,91,0.0
2023-10-16 02:00:00,0.1965,13.0,0.0,91,0.0
2023-10-16 03:00:00,0.1958333333333333,13.0,0.0,91,0.0
2023-10-16 04:00:00,0.1945,13.5,0.0,91,0.0
2023-10-16 05:00:00,0.2063333333333333,15.25,0.0,91,0.0
2023-10-16 06:00:00,0.29,18.5,0.0,91,0.0
2023-10-16 07:00:00,0.2895,23.75,0.0,91,0.0
2023-10-16 08:00:00,0.2898333333333333,29.5,0.0,91,0.0263288891544708
2023-10-16 09:00:00,0.2735,33.0,0.0,91,0.130360599093967
2023-10-16 10:00:00,0.1918333333333333,33.25,0.0,91,0.2102390589265741
2023-10-16 11:00:00,0.1916666666666666,27.0,0.0,91,0.2416900853214101
2023-10-16 12:00:00,0.1908333333333333,20.25,0.0,91,0.2791797439053527
2023-10-16 13:00:00,0.1908333333333333,16.25,0.0,91,0.2764858095870058
2023-10-16 14:00:00,0.1909999999999999,17.5,0.0,91,0.277362905975081
2023-10-16 15:00:00,0.1896666666666666,18.25,0.0,91,0.2377986334124181
2023-10-16 16:00:00,0.1889999999999999,19.5,0.0,91,0.2284801708123623
2023-10-16 17:00:00,0.1888333333333333,24.25,0.0,91,0.0779569232158172
2023-10-16 18:00:00,0.1893333333333333,29.75,0.0,91,0.0129982051025264
2023-10-16 19:00:00,0.1908333333333333,30.25,0.0,91,0.0
2023-10-16 20:00:00,0.1913333333333333,29.5,0.0,91,0.0
2023-10-16 21:00:00,0.1908333333333333,28.5,0.0,91,0.0
2023-10-16 22:00:00,0.1915,29.0,0.0,91,0.0
2023-10-16 23:00:00,0.1918333333333333,29.25,0.0,91,0.0
2023-10-17 00:00:00,0.1938333333333333,26.75,0.0,91,0.0
2023-10-17 01:00:00,0.1868333333333333,21.5,0.0,91,0.0
2023-10-17 02:00:00,0.1776666666666666,22.75,0.0,91,0.0
2023-10-17 03:00:00,0.1798333333333333,21.0,0.0,91,0.0
2023-10-17 04:00:00,0.1793333333333333,18.25,0.0,91,0.0
2023-10-17 05:00:00,0.1783333333333333,17.75,0.0,91,0.0
2023-10-17 06:00:00,0.1778333333333333,19.0,0.0,91,0.0
2023-10-17 07:00:00,0.261,24.25,0.0,91,0.0
2023-10-17 08:00:00,0.2148333333333333,28.0,0.0,91,0.0362867522459381
2023-10-17 09:00:00,0.2339999999999999,29.0,0.0,91,0.1287479490296453
2023-10-17 10:00:00,0.2403333333333333,28.25,0.0,91,0.2311882907508785
2023-10-17 11:00:00,0.2418333333333333,27.75,0.0,91,0.3489502572605752
2023-10-17 12:00:00,0.2463333333333333,21.0,0.0,91,0.361139658088358
2023-10-17 13:00:00,0.2488333333333333,19.0,0.0,91,0.2842780352861453
2023-10-17 14:00:00,0.1871666666666666,19.75,0.0,91,0.3136090609558629
2023-10-17 15:00:00,0.1849999999999999,19.5,0.0,91,0.2487683759183965
2023-10-17 16:00:00,0.181,20.0,0.0,91,0.127943846873748
2023-10-17 17:00:00,0.1811666666666666,17.5,0.0,91,0.0653470085828732
2023-10-17 18:00:00,0.1808333333333333,17.25,0.0,91,0.0095137605869457
2023-10-17 19:00:00,0.1816666666666666,16.75,0.0,91,0.0
2023-10-17 20:00:00,0.1825,15.75,0.0,91,0.0
2023-10-17 21:00:00,0.1823333333333333,15.5,0.0,91,0.0
2023-10-17 22:00:00,0.1816666666666666,12.5,0.0,91,0.0
2023-10-17 23:00:00,0.1813333333333333,12.0,0.0,91,0.0
2023-10-18 00:00:00,0.1801666666666666,12.5,0.0,91,0.0
2023-10-18 01:00:00,0.1798333333333333,13.0,0.0,91,0.0
2023-10-18 02:00:00,0.1816666666666666,13.0,0.0,91,0.0
2023-10-18 03:00:00,0.1813333333333333,13.0,0.0,91,0.0
2023-10-18 04:00:00,0.1806666666666666,13.0,0.0,91,0.0
2023-10-18 05:00:00,0.1801666666666666,13.0,0.0,91,0.0
2023-10-18 06:00:00,0.1793333333333333,12.25,0.0,91,0.0
2023-10-18 07:00:00,0.1815,12.0,0.0,91,0.0
2023-10-18 08:00:00,0.1833333333333333,12.0,0.0,91,0.0216174357941644
2023-10-18 09:00:00,0.1846666666666666,15.25,0.0,91,0.0871316238957592
2023-10-18 10:00:00,0.1865,17.5,0.0,91,0.181228034516685
2023-10-18 11:00:00,0.1853333333333333,19.25,0.0,91,0.2083052995469836
2023-10-18 12:00:00,0.185,18.5,0.0,91,0.4421345298310634
2023-10-18 13:00:00,0.1845,17.5,0.0,91,0.2256729072179549
2023-10-18 14:00:00,0.1841666666666666,24.5,0.0,91,0.2238939309731508
2023-10-18 15:00:00,0.1843333333333333,22.5,0.0,91,0.278396238669371
2023-10-18 16:00:00,0.1808333333333333,21.75,0.0,91,0.1824870931185209
2023-10-18 17:00:00,0.1796666666666666,22.25,0.0,91,0.0576982052509601
2023-10-18 18:00:00,0.1791666666666666,19.75,0.0,91,0.0049935042309678
2023-10-18 19:00:00,0.1811666666666666,17.25,0.0,91,0.0
2023-10-18 20:00:00,0.1813333333333333,16.0,0.0,91,0.0
2023-10-18 21:00:00,0.1803333333333333,15.75,0.0,91,0.0
2023-10-18 22:00:00,0.1803333333333333,14.75,0.0,91,0.0
2023-10-18 23:00:00,0.1813333333333333,13.0,0.0,91,0.0
2023-10-19 00:00:00,0.1831666666666666,12.5,0.0,91,0.0
2023-10-19 01:00:00,0.1853333333333333,13.0,0.0,91,0.0
2023-10-19 02:00:00,0.186,13.5,0.0,91,0.0
2023-10-19 03:00:00,0.1855,14.0,0.0,91,0.0
2023-10-19 04:00:00,0.1865,14.0,0.0,91,0.0
2023-10-19 05:00:00,0.1865,14.0,0.0,91,0.0
2023-10-19 06:00:00,0.1863333333333333,13.75,0.0,91,0.0
2023-10-19 07:00:00,0.1858333333333333,16.75,0.0,91,0.0
2023-10-19 08:00:00,0.1836666666666666,20.25,0.0,91,0.0194353847192902
2023-10-19 09:00:00,0.1821666666666666,20.0,0.0,91,0.0861823935386462
2023-10-19 10:00:00,0.1816666666666666,19.75,0.0,91,0.1356892301282311
2023-10-19 11:00:00,0.1811666666666666,19.75,0.0,91,0.1149519661960438
2023-10-19 12:00:00,0.1816666666666666,21.0,0.0,91,0.2618088877099192
2023-10-19 13:00:00,0.1818333333333333,22.5,0.0,91,0.3254000870794312
2023-10-19 14:00:00,0.1714999999999999,19.75,0.0,91,0.1363074364621415
2023-10-19 15:00:00,0.1746666666666666,20.75,0.0,91,0.0605093162895267
2023-10-19 16:00:00,0.1743333333333333,21.25,0.0,91,0.057660341874147
2023-10-19 17:00:00,0.1736666666666666,20.5,0.0,91,0.0323516238856519
2023-10-19 18:00:00,0.173,20.0,0.0,91,0.0068306837253606
2023-10-19 19:00:00,0.1726666666666666,20.0,0.0,91,0.0
2023-10-19 20:00:00,0.1721666666666666,20.0,0.0,91,0.0
2023-10-19 21:00:00,0.1723333333333333,17.25,0.0,91,0.0
2023-10-19 22:00:00,0.173,16.0,0.0,91,0.0
2023-10-19 23:00:00,0.1721666666666666,16.25,0.0,91,0.0
2023-10-20 00:00:00,0.172,16.0,0.0,91,0.0
2023-10-20 01:00:00,0.1714999999999999,14.0,0.0,91,0.0
2023-10-20 02:00:00,0.1705,14.75,0.0,91,0.0
2023-10-20 03:00:00,0.1694999999999999,15.75,0.0,91,0.0
2023-10-20 04:00:00,0.1693333333333333,16.0,0.0,91,0.0
2023-10-20 05:00:00,0.1683333333333333,16.0,0.0,91,0.0
2023-10-20 06:00:00,0.1683333333333333,15.0,0.0,91,0.0
2023-10-20 07:00:00,0.159,16.0,0.0,91,0.0
2023-10-20 08:00:00,0.1009999999999999,18.75,0.0,91,0.0
2023-10-20 09:00:00,0.0443333333333333,18.75,0.0,91,0.0032845299025503
2023-10-20 10:00:00,0.0595,21.5,0.0,91,0.0087930769543362
2023-10-20 11:00:00,0.1613333333333333,22.5,0.0,91,0.0154274357893528
2023-10-20 12:00:00,0.1993333333333333,22.5,0.0,91,0.0888565813374315
2023-10-20 13:00:00,0.3458333333333332,22.75,0.0,91,0.2735851282951159
2023-10-20 14:00:00,2.3861666666666665,21.25,0.0,91,0.3988158961239025
2023-10-20 15:00:00,2.9445,21.0,0.0,91,0.3655043582427196
2023-10-20 16:00:00,0.3471666666666667,19.75,0.0,91,0.1656070938273372
2023-10-20 17:00:00,0.1795,18.5,0.0,91,0.0157113674845801
2023-10-20 18:00:00,0.1761666666666666,18.25,0.0,91,0.0030691452645975
2023-10-20 19:00:00,0.176,18.25,0.0,91,0.0
2023-10-20 20:00:00,0.1763333333333333,19.75,0.0,91,0.0
2023-10-20 21:00:00,0.176,19.5,0.0,91,0.0
2023-10-20 22:00:00,0.1781666666666666,16.5,0.0,91,0.0
2023-10-20 23:00:00,0.1793333333333333,15.75,0.0,91,0.0
2023-10-21 00:00:00,0.1795,15.75,0.0,91,0.0
2023-10-21 01:00:00,0.1801666666666666,13.25,0.0,91,0.0
2023-10-21 02:00:00,0.18,13.25,0.0,91,0.0
2023-10-21 03:00:00,0.1801666666666666,13.75,0.0,91,0.0
2023-10-21 04:00:00,0.18,13.75,0.0,91,0.0
2023-10-21 05:00:00,0.1803333333333333,13.0,0.0,91,0.0
2023-10-21 06:00:00,0.18,13.25,0.0,91,0.0
2023-10-21 07:00:00,0.1871666666666666,13.0,0.0,91,0.0
2023-10-21 08:00:00,0.2183333333333333,12.75,0.0,91,0.0138869230844016
2023-10-21 09:00:00,0.3766666666666666,12.5,0.0,91,0.0894480340908735
2023-10-21 10:00:00,2.885,12.0,0.0,91,0.2698225634322207
2023-10-21 11:00:00,2.9613333333333336,12.0,0.0,91,0.3762543611444979
2023-10-21 12:00:00,4.841666666666667,12.75,0.0,91,0.3638935920519707
2023-10-21 13:00:00,9.438666666666666,14.25,0.0,91,0.3959490588587573
2023-10-21 14:00:00,9.430166666666668,15.0,0.0,91,0.4294536753597424
2023-10-21 15:00:00,6.509,15.0,0.0,91,0.2957751282259949
2023-10-21 16:00:00,0.293,15.0,0.0,91,0.1391300850240593
2023-10-21 17:00:00,0.1858333333333333,15.0,0.0,91,0.0949523931283217
2023-10-21 18:00:00,0.1848333333333333,14.5,0.0,91,0.0074178632665186
2023-10-21 19:00:00,0.1845,12.0,0.0,91,0.0
2023-10-21 20:00:00,0.1845,12.25,0.0,91,0.0
2023-10-21 21:00:00,0.1851666666666666,13.25,0.0,91,0.0
2023-10-21 22:00:00,0.1876666666666666,15.75,0.0,91,0.0
2023-10-21 23:00:00,0.1889999999999999,16.75,0.0,91,0.0
2023-10-22 00:00:00,0.1886666666666666,15.75,0.0,91,0.0
2023-10-22 01:00:00,0.1888333333333333,13.75,0.0,91,0.0
2023-10-22 02:00:00,0.1883333333333333,14.0,0.0,91,0.0
2023-10-22 03:00:00,0.1881666666666666,14.0,0.0,91,0.0
2023-10-22 04:00:00,0.1885,15.0,0.0,91,0.0
2023-10-22 05:00:00,0.1878333333333333,14.5,0.0,91,0.0
2023-10-22 06:00:00,0.2066666666666666,14.0,0.0,91,0.0
2023-10-22 07:00:00,0.309,13.75,0.0,91,0.0
2023-10-22 08:00:00,1.163,13.25,0.0,91,0.0217524785895505
2023-10-22 09:00:00,21.389666666666667,13.0,0.0,91,0.1343997435284475
2023-10-22 10:00:00,23.909666666666663,13.0,0.0,91,0.2638893160045656
2023-10-22 11:00:00,23.95683333333333,13.0,0.0,91,0.3600529920137846
2023-10-22 12:00:00,23.956333333333333,12.75,0.0,91,0.3505474367712298
2023-10-22 13:00:00,23.867166666666662,12.75,0.0,91,0.3547694866473858
2023-10-22 14:00:00,3.4326666666666665,13.0,0.0,91,0.297734616271451
2023-10-22 15:00:00,0.2353333333333333,13.5,0.0,91,0.2175194882123898
2023-10-22 16:00:00,0.1869999999999999,14.75,0.0,91,0.1666789746080708
2023-10-22 17:00:00,0.1851666666666666,16.75,0.0,91,0.0694265813501471
2023-10-22 18:00:00,0.1855,22.5,0.0,91,0.0093971794586963
2023-10-22 19:00:00,0.1855,24.0,0.0,91,0.0
2023-10-22 20:00:00,0.1855,23.5,0.0,91,0.0
2023-10-22 21:00:00,0.1855,20.0,0.0,91,0.0
2023-10-22 22:00:00,0.1858333333333333,18.0,0.0,91,0.0
2023-10-22 23:00:00,0.1866666666666666,18.75,0.0,91,0.0
2023-10-23 00:00:00,0.1868333333333333,18.75,0.0,91,0.0
2023-10-23 01:00:00,0.1879999999999999,19.25,0.0,91,0.0
2023-10-23 02:00:00,0.1879999999999999,21.75,0.0,91,0.0
2023-10-23 03:00:00,0.1885,23.0,0.0,91,0.0
2023-10-23 04:00:00,0.1888333333333333,21.25,0.0,91,0.0
2023-10-23 05:00:00,0.1889999999999999,19.75,0.0,91,0.0
2023-10-23 06:00:00,0.1895,21.25,0.0,91,0.0
2023-10-23 07:00:00,0.1898333333333333,24.25,0.0,91,0.0
2023-10-23 08:00:00,0.1933333333333333,27.0,0.0,91,0.0102817094185922
2023-10-23 09:00:00,0.2018333333333333,29.25,0.0,91,0.023393504283367
2023-10-23 10:00:00,0.1986666666666666,29.0,0.0,91,0.1372682908050015
2023-10-23 11:00:00,0.1971666666666666,30.25,0.0,91,0.2055973502917167
2023-10-23 12:00:00,0.1951666666666666,29.25,0.0,91,0.2389775215866219
2023-10-23 13:00:00,0.3003333333333333,31.75,0.0,91,0.2836556406917735
2023-10-23 14:00:00,0.4248333333333333,33.75,0.0,91,0.3171598268166567
2023-10-23 15:00:00,0.229,34.75,0.0,91,0.1770624781877566
2023-10-23 16:00:00,0.1925,32.0,0.0,91,0.1410556410112951
2023-10-23 17:00:00,0.1926666666666666,33.0,0.0,91,0.0714825639154156
2023-10-23 18:00:00,0.2011666666666667,32.75,0.0,91,0.0036708547272042
2023-10-23 19:00:00,0.1881666666666666,31.25,0.0,91,0.0
2023-10-23 20:00:00,0.1906666666666666,29.75,0.0,91,0.0
2023-10-23 21:00:00,0.1896666666666666,28.75,0.0,91,0.0
2023-10-23 22:00:00,0.1898333333333333,24.75,0.0,91,0.0
2023-10-23 23:00:00,0.1898333333333333,24.25,0.0,91,0.0
2023-10-24 00:00:00,0.1889999999999999,21.0,0.0,91,0.0
2023-10-24 01:00:00,0.1881666666666666,21.25,0.0,91,0.0
2023-10-24 02:00:00,0.1873333333333333,21.75,0.0,91,0.0
2023-10-24 03:00:00,0.1869999999999999,20.75,0.0,91,0.0
2023-10-24 04:00:00,0.1856666666666666,21.5,0.0,91,0.0
2023-10-24 05:00:00,0.1858333333333333,20.75,0.0,91,0.0
2023-10-24 06:00:00,0.1849999999999999,22.5,0.0,91,0.0
2023-10-24 07:00:00,0.2905,29.5,0.0,91,0.0
2023-10-24 08:00:00,1.8005000000000002,35.25,0.0,91,0.0015890598207966
2023-10-24 09:00:00,22.34266666666667,36.0,0.0,91,0.0074351282277677
2023-10-24 10:00:00,23.597166666666663,36.75,0.0,91,0.0216089743222945
2023-10-24 11:00:00,23.7155,35.5,0.0,91,0.065698034416916
2023-10-24 12:00:00,23.789666666666665,32.0,0.0,91,0.1181209403633052
2023-10-24 13:00:00,23.841166666666663,27.75,0.0,91,0.0500929060552874
2023-10-24 14:00:00,23.852500000000003,26.25,0.0,91,0.0438062390710553
2023-10-24 15:00:00,6.44,28.75,0.0,91,0.1221265804258167
2023-10-24 16:00:00,0.2713333333333333,31.0,0.0,91,0.1954260680614373
2023-10-24 17:00:00,0.1979999999999999,33.0,0.0,91,0.0604337604229266
2023-10-24 18:00:00,0.1958333333333333,35.0,0.0,91,0.0052565811925894
2023-10-24 19:00:00,0.1953333333333333,34.75,0.0,91,0.0
2023-10-24 20:00:00,0.3585,34.0,0.0,91,0.0
2023-10-24 21:00:00,0.1933333333333333,30.75,0.0,91,0.0
2023-10-24 22:00:00,0.1935,25.75,0.0,91,0.0
2023-10-24 23:00:00,0.1915,24.75,0.0,91,0.0
2023-10-25 00:00:00,0.1901666666666666,22.75,0.0,91,0.0
2023-10-25 01:00:00,0.1885,16.5,0.0,91,0.0
2023-10-25 02:00:00,0.1886666666666666,16.75,0.0,91,0.0
2023-10-25 03:00:00,0.1891666666666666,17.0,0.0,91,0.0
2023-10-25 04:00:00,0.1881666666666666,18.0,0.0,91,0.0
2023-10-25 05:00:00,0.1883333333333333,17.75,0.0,91,0.0
2023-10-25 06:00:00,0.1878333333333333,16.5,0.0,91,0.0
2023-10-25 07:00:00,0.1885,18.5,0.0,91,0.0
2023-10-25 08:00:00,0.1885,23.0,0.0,91,0.0087979487183257
2023-10-25 09:00:00,0.1889999999999999,29.5,0.0,91,0.0396775211432041
2023-10-25 10:00:00,0.1901666666666666,31.75,0.0,91,0.2142190588437594
2023-10-25 11:00:00,0.1911666666666666,31.5,0.0,91,0.2018582898327428
2023-10-25 12:00:00,0.1923333333333333,26.0,0.0,91,0.1399102576166137
2023-10-25 13:00:00,0.1919999999999999,28.75,0.0,91,0.2345498283907899
2023-10-25 14:00:00,0.1908333333333333,25.75,0.0,91,0.3753803406413804
2023-10-25 15:00:00,0.1908333333333333,22.75,0.0,91,0.1450730772099943
2023-10-25 16:00:00,0.1891666666666666,21.75,0.0,91,0.0344756409653231
2023-10-25 17:00:00,0.1891666666666666,24.25,0.0,91,0.0085832478322534
2023-10-25 18:00:00,0.1888333333333333,28.75,0.0,91,8.743589807651994e-05
2023-10-25 19:00:00,0.188,29.5,0.0,91,0.0
2023-10-25 20:00:00,0.1891666666666666,27.0,0.0,91,0.0
2023-10-25 21:00:00,0.1891666666666666,23.25,0.0,91,0.0
2023-10-25 22:00:00,0.1865,23.25,0.0,91,0.0
2023-10-25 23:00:00,0.1866666666666666,22.75,0.0,91,0.0
2023-10-26 00:00:00,0.1856666666666666,22.0,0.0,91,0.0
2023-10-26 01:00:00,0.1848333333333333,18.75,0.0,91,0.0
2023-10-26 02:00:00,0.182,20.75,0.0,91,0.0
2023-10-26 03:00:00,0.1951666666666666,21.5,0.0,91,0.0
2023-10-26 04:00:00,0.1858333333333333,21.0,0.0,91,0.0
2023-10-26 05:00:00,0.1863333333333333,21.0,0.0,91,0.0
2023-10-26 06:00:00,0.1865,23.5,0.0,91,0.0
2023-10-26 07:00:00,0.1869999999999999,31.0,0.0,91,0.0
2023-10-26 08:00:00,0.1873333333333333,34.25,0.0,91,0.0068944444055231
2023-10-26 09:00:00,0.1893333333333333,37.5,0.0,91,0.0250687179198631
2023-10-26 10:00:00,0.1905,38.0,0.0,91,0.0322962393312372
2023-10-26 11:00:00,0.1915,37.5,0.0,91,0.0376040171761798
2023-10-26 12:00:00,0.1919999999999999,37.25,0.383985,91,0.0526666670171623
2023-10-26 13:00:00,0.1908333333333333,36.5,0.48374,91,0.1148017940358219
2023-10-26 14:00:00,0.1911666666666666,36.5,0.196705,91,0.1425182053981683
2023-10-26 15:00:00,0.1903333333333333,37.5,0.1879849999999999,91,0.0752073509672768
2023-10-26 16:00:00,0.1883333333333333,38.75,0.2474799999999999,91,0.0372084615169427
2023-10-26 17:00:00,0.1866666666666666,38.75,0.195045,91,0.0214015385432121
2023-10-26 18:00:00,0.1895,35.25,0.03947,91,0.0025929059861944
2023-10-26 19:00:00,0.1793333333333333,33.25,0.001055,91,0.0
2023-10-26 20:00:00,0.1855,32.75,0.0001849999999999,91,0.0
2023-10-26 21:00:00,0.1866666666666666,34.5,0.0,91,0.0
2023-10-26 22:00:00,0.1883333333333333,33.0,0.0,91,0.0
2023-10-26 23:00:00,0.1881666666666666,31.25,0.0,91,0.0
2023-10-27 00:00:00,0.1885,23.25,0.0,91,0.0
2023-10-27 01:00:00,0.188,15.75,0.0,91,0.0
2023-10-27 02:00:00,0.1879999999999999,15.0,0.0,91,0.0
2023-10-27 03:00:00,0.1861666666666666,16.75,0.0,91,0.0
2023-10-27 04:00:00,0.184,14.75,0.0,91,0.0
2023-10-27 05:00:00,0.1845,15.5,0.0,91,0.0
2023-10-27 06:00:00,0.1849999999999999,15.25,0.382855,91,0.0
2023-10-27 07:00:00,0.1843333333333333,15.75,0.713745,91,0.0
2023-10-27 08:00:00,0.1866666666666666,17.25,0.5857849999999999,91,0.0055997435888673
2023-10-27 09:00:00,0.3511666666666667,17.75,0.44683,91,0.0271737607116373
2023-10-27 10:00:00,14.8355,16.5,0.33835,91,0.1135432477690215
2023-10-27 11:00:00,23.796666666666667,17.0,0.2643049999999999,91,0.2087070069761357
2023-10-27 12:00:00,23.817666666666668,17.0,0.21527,91,0.3845212812505217
2023-10-27 13:00:00,23.828333333333333,16.75,0.105045,91,0.4501068363026677
2023-10-27 14:00:00,23.840666666666667,16.5,0.0082849999999999,91,0.2774727376302082
2023-10-27 15:00:00,14.660000000000002,16.5,0.09257,91,0.168463675181071
2023-10-27 16:00:00,0.2825,18.0,0.15446,91,0.0868835894266764
2023-10-27 17:00:00,0.2765,20.25,0.064625,91,0.0395315385068583
2023-10-27 18:00:00,0.4365,18.75,0.002645,91,0.0044897435482941
2023-10-27 19:00:00,0.1906666666666666,15.0,0.00053,91,0.0
2023-10-27 20:00:00,0.1908333333333333,18.25,0.0,91,0.0
2023-10-27 21:00:00,0.1911666666666666,18.0,0.0,91,0.0
2023-10-27 22:00:00,0.1911666666666666,15.5,0.0,91,0.0
2023-10-27 23:00:00,0.1908333333333333,20.75,0.0,91,0.0
2023-10-28 00:00:00,0.1913333333333333,19.0,0.0,91,0.0
2023-10-28 01:00:00,0.1901666666666666,13.0,0.0,91,0.0
2023-10-28 02:00:00,0.1873333333333333,12.5,0.0,91,0.0
2023-10-28 03:00:00,0.1856666666666666,13.0,0.0,91,0.0
2023-10-28 04:00:00,0.1859999999999999,13.0,0.0,91,0.0
2023-10-28 05:00:00,0.1848333333333333,13.0,0.0,91,0.0
2023-10-28 06:00:00,0.1849999999999999,13.0,0.0,91,0.0
2023-10-28 07:00:00,0.1855,12.5,0.0,91,0.0
2023-10-28 08:00:00,0.1849999999999999,11.5,0.0,91,0.0200743589486576
2023-10-28 09:00:00,0.1865,11.0,0.0,91,0.0870692314245761
2023-10-28 10:00:00,0.1881666666666666,11.0,0.0,91,0.1690115380898499
2023-10-28 11:00:00,0.1883333333333333,11.0,0.0,91,0.2456281195746527
2023-10-28 12:00:00,0.1488333333333333,11.0,0.0,91,0.349031621492826
2023-10-28 13:00:00,0.1318333333333333,10.75,0.0,91,0.1904794008303911
2023-10-28 14:00:00,0.1915,11.0,0.0,91,0.497379401769394
2023-10-28 15:00:00,0.3091666666666666,11.0,0.0,91,0.3489811947814419
2023-10-28 16:00:00,0.855,11.25,0.0,91,0.2174447866586538
2023-10-28 17:00:00,0.5871666666666667,11.75,0.0,91,0.0545963246801979
2023-10-28 18:00:00,0.1821666666666666,11.0,0.0,91,0.0028077777630339
2023-10-28 19:00:00,0.1815,11.0,0.0,91,0.0
2023-10-28 20:00:00,1.7026666666666666,11.0,0.0,91,0.0
2023-10-28 21:00:00,4.385166666666667,11.0,0.0,91,0.0
2023-10-28 22:00:00,0.7221666666666667,11.0,0.0,91,0.0
2023-10-28 23:00:00,0.1798333333333333,11.0,0.0,91,0.0
2023-10-29 00:00:00,0.1795,12.25,0.0,91,0.0
2023-10-29 01:00:00,0.1798333333333333,13.75,0.0,91,0.0
2023-10-29 02:00:00,0.1801666666666666,14.0,0.0,91,0.0
2023-10-29 03:00:00,0.1805,15.0,0.0,91,0.0
2023-10-29 04:00:00,0.1808333333333333,15.0,0.0,91,0.0
2023-10-29 05:00:00,0.1805,14.5,0.0,91,0.0
2023-10-29 06:00:00,0.1813333333333333,14.0,0.0,91,0.0
2023-10-29 07:00:00,0.1835,13.25,0.0,91,0.0058093162568715
2023-10-29 08:00:00,0.219,13.0,0.0,91,0.0593332479957841
2023-10-29 09:00:00,0.288,12.5,0.0,91,0.1650359843327448
2023-10-29 10:00:00,1.07,12.0,0.0,91,0.2569283747876811
2023-10-29 11:00:00,1.5491666666666666,11.75,0.0,91,0.2797196588760767
2023-10-29 12:00:00,0.947,11.5,0.0,91,0.285559231684758
2023-10-29 13:00:00,3.111666666666667,11.25,0.0,91,0.2199317097460102
2023-10-29 14:00:00,1.5826666666666669,11.75,0.0,91,0.1424848719539805
2023-10-29 15:00:00,0.3318333333333333,11.5,0.0,91,0.0698325643783961
2023-10-29 16:00:00,3.6735,11.75,0.0,91,0.0355562390425266
2023-10-29 17:00:00,17.323833333333333,12.0,0.0,91,0.0028076068462772
2023-10-29 18:00:00,9.026166666666668,11.25,0.0,91,0.0
2023-10-29 19:00:00,1.0826666666666669,11.0,0.0,91,0.0
2023-10-29 20:00:00,0.4873333333333333,11.25,0.0,91,0.0
2023-10-29 21:00:00,1.1698333333333333,11.5,0.0,91,0.0
2023-10-29 22:00:00,9.4405,12.0,0.0,91,0.0
2023-10-29 23:00:00,10.511166666666666,12.0,0.0,91,0.0
2023-10-30 00:00:00,9.983833333333337,13.75,0.0,91,0.0
2023-10-30 01:00:00,0.5523333333333333,14.75,0.0,91,0.0
2023-10-30 02:00:00,0.1835,14.5,0.0,91,0.0
2023-10-30 03:00:00,0.1951666666666666,15.0,0.0,91,0.0
2023-10-30 04:00:00,0.1856666666666666,15.25,0.0,91,0.0
2023-10-30 05:00:00,0.1886666666666666,16.0,0.0,91,0.0
2023-10-30 06:00:00,0.1868333333333333,16.25,0.0,91,0.0
2023-10-30 07:00:00,0.187,16.5,0.0,91,0.0057226496450921
2023-10-30 08:00:00,0.238,16.75,0.0,91,0.0302779488685803
2023-10-30 09:00:00,0.3725,17.0,0.0,91,0.0340460686398367
2023-10-30 10:00:00,5.9925,17.0,0.0,91,0.0935129917177379
2023-10-30 11:00:00,12.832666666666666,16.25,0.0,91,0.0827220509602473
2023-10-30 12:00:00,1.4798333333333331,15.75,0.0,91,0.0272611965481032
2023-10-30 13:00:00,5.665500000000001,16.25,0.0,91,0.0080047863059573
2023-10-30 14:00:00,11.2625,18.0,0.0,91,0.0035928205165088
2023-10-30 15:00:00,1.7923333333333331,20.75,0.0,91,0.0014523931602254
2023-10-30 16:00:00,0.8170000000000001,23.0,0.0,91,0.0017260683924118
2023-10-30 17:00:00,9.477833333333336,33.75,0.0,91,0.0
2023-10-30 18:00:00,0.286,37.0,0.0,91,0.0
2023-10-30 19:00:00,0.8954999999999999,35.75,0.0,91,0.0
2023-10-30 20:00:00,9.599833333333333,34.75,0.0,91,0.0
2023-10-30 21:00:00,7.863499999999999,28.5,0.0,91,0.0
2023-10-30 22:00:00,2.556833333333333,23.5,0.0,91,0.0
2023-10-30 23:00:00,0.1849999999999999,24.0,0.0,91,0.0
2023-10-31 00:00:00,0.1856666666666666,24.75,0.0,91,0.0
2023-10-31 01:00:00,0.1881666666666666,21.25,0.0,91,0.0
2023-10-31 02:00:00,0.1883333333333333,18.75,0.0,91,0.0
2023-10-31 03:00:00,0.1875,18.0,0.0,91,0.0
2023-10-31 04:00:00,0.1875,18.0,0.0,91,0.0
2023-10-31 05:00:00,0.1883333333333333,18.0,0.0,91,0.0
2023-10-31 06:00:00,0.1873333333333333,17.25,0.93146,91,0.0
2023-10-31 07:00:00,0.1856666666666666,19.75,1.402945,91,0.0022267521204602
2023-10-31 08:00:00,1.6208333333333336,20.0,0.867515,91,0.0161790598967136
2023-10-31 09:00:00,8.8985,18.25,0.5973350000000001,91,0.0373118806496644
2023-10-31 10:00:00,7.905833333333334,19.0,0.3865449999999999,91,0.07612923120841
2023-10-31 11:00:00,3.956166666666667,20.0,0.313525,91,0.1161827343345707
2023-10-31 12:00:00,3.685833333333333,16.75,0.2446199999999999,91,0.1975317099155523
2023-10-31 13:00:00,2.1536666666666666,16.75,0.216885,91,0.1637068376785669
2023-10-31 14:00:00,8.277,16.5,0.138335,91,0.1844791446587978
2023-10-31 15:00:00,0.2286666666666666,21.75,0.1875,91,0.1177388031462318
2023-10-31 16:00:00,0.1851666666666666,29.25,0.20919,91,0.0772094875523167
2023-10-31 17:00:00,0.1855,31.75,0.060395,91,0.0031916239647131
2023-10-31 18:00:00,0.1869999999999999,30.75,0.0011599999999999,91,0.0
2023-10-31 19:00:00,0.1876666666666666,27.0,0.0002399999999999,91,0.0
2023-10-31 20:00:00,0.1873333333333333,26.75,0.0,91,0.0
2023-10-31 21:00:00,0.1878333333333333,24.5,0.0,91,0.0
2023-10-31 22:00:00,0.1871666666666666,20.75,0.0,91,0.0
2023-10-31 23:00:00,0.1873333333333333,22.75,0.0,91,0.0
2023-11-01 00:00:00,0.1875,25.75,0.0,91,0.0
2023-11-01 01:00:00,0.1873333333333333,19.75,0.0,91,0.0
2023-11-01 02:00:00,0.186,19.75,0.0,91,0.0
2023-11-01 03:00:00,0.1855,20.75,0.0,91,0.0
2023-11-01 04:00:00,0.184,22.5,0.0,91,0.0
2023-11-01 05:00:00,0.1823333333333333,22.75,0.0,91,0.0
2023-11-01 06:00:00,0.1826666666666666,21.5,0.0,91,0.0
2023-11-01 07:00:00,0.1825,20.25,0.0,91,0.0107466666878033
2023-11-01 08:00:00,0.1858333333333333,20.0,0.0,91,0.0532176923344277
2023-11-01 09:00:00,0.1828333333333333,20.0,0.0,91,0.1188006837958963
2023-11-01 10:00:00,0.1856666666666666,20.0,0.0,91,0.1478299145820813
2023-11-01 11:00:00,0.1855,18.5,0.0,91,0.1843868369730109
2023-11-01 12:00:00,0.1849999999999999,17.0,0.0,91,0.0935455558646438
2023-11-01 13:00:00,0.1856666666666666,18.25,0.0,91,0.056058290432661
2023-11-01 14:00:00,0.1775,17.0,0.0,91,0.0349368374979394
2023-11-01 15:00:00,0.1766666666666666,17.5,0.0,91,0.0114568375267534
2023-11-01 16:00:00,0.1761666666666666,17.75,0.0,91,0.0066242735189759
2023-11-01 17:00:00,0.175,21.0,0.0,91,0.0005064102585435
2023-11-01 18:00:00,0.175,20.25,0.0,91,0.0
2023-11-01 19:00:00,0.1748333333333333,17.5,0.0,91,0.0
2023-11-01 20:00:00,0.1746666666666666,17.5,0.0,91,0.0
2023-11-01 21:00:00,0.1743333333333333,18.25,0.0,91,0.0
2023-11-01 22:00:00,0.1745,18.25,0.0,91,0.0
2023-11-01 23:00:00,0.1745,18.25,0.0,91,0.0
2023-11-02 00:00:00,0.1748333333333333,19.5,0.0,91,0.0
2023-11-02 01:00:00,0.1745,20.0,0.0,91,0.0
2023-11-02 02:00:00,0.1751666666666666,20.5,0.0,91,0.0
2023-11-02 03:00:00,0.1753333333333333,20.75,0.0,91,0.0
2023-11-02 04:00:00,0.1756666666666666,20.75,0.0,91,0.0
2023-11-02 05:00:00,0.1753333333333333,20.5,0.0,91,0.0
2023-11-02 06:00:00,0.1773333333333333,19.5,0.32069,91,0.0
2023-11-02 07:00:00,0.177,18.75,0.534695,91,0.0002733333300576
2023-11-02 08:00:00,0.1778333333333333,18.0,0.3457,91,0.0085149572343907
2023-11-02 09:00:00,0.2233333333333333,17.75,0.51219,91,0.0046454700802126
2023-11-02 10:00:00,11.493166666666667,17.0,0.6871100000000001,91,0.0118845298504218
2023-11-02 11:00:00,2.6201666666666665,17.0,0.6795300000000001,91,0.031384016978435
2023-11-02 12:00:00,0.292,17.0,0.4641362409845448,91,0.0331887179969722
2023-11-02 13:00:00,9.6105,17.0,0.4196512409845449,91,0.0246217094017909
2023-11-02 14:00:00,4.6345,16.5,0.58079,91,0.2546757262792343
2023-11-02 15:00:00,6.010000000000001,16.0,0.46237,91,0.1456263246291723
2023-11-02 16:00:00,1.7133333333333336,17.0,0.4308,91,0.052659743830689
2023-11-02 17:00:00,11.205666666666666,16.75,0.478305,91,0.002235213661821
2023-11-02 18:00:00,5.633166666666667,16.5,0.357605,91,0.0
2023-11-02 19:00:00,4.839666666666667,16.0,0.100815,91,0.0
2023-11-02 20:00:00,3.161833333333333,17.0,0.00094,91,0.0
2023-11-02 21:00:00,1.905,17.25,0.000215,91,0.0
2023-11-02 22:00:00,1.8751666666666664,17.75,0.0,91,0.0
2023-11-02 23:00:00,0.1768333333333333,17.75,0.0,91,0.0
2023-11-03 00:00:00,0.1781666666666666,19.25,0.0,91,0.0
2023-11-03 01:00:00,0.1765,20.25,0.0,91,0.0
2023-11-03 02:00:00,0.1753333333333333,21.0,0.0,91,0.0
2023-11-03 03:00:00,0.1753333333333333,21.0,0.0,91,0.0
2023-11-03 04:00:00,0.1745,21.5,0.0,91,0.0
2023-11-03 05:00:00,0.1751666666666667,20.5,0.0,91,0.0
2023-11-03 06:00:00,0.1743333333333333,19.75,0.44224,91,0.0
2023-11-03 07:00:00,0.173,17.75,1.30451,91,0.0147600854563916
2023-11-03 08:00:00,0.1911666666666666,17.0,1.28294,91,0.1184783757853711
2023-11-03 09:00:00,0.3363333333333333,17.0,0.6738750000000001,91,0.1458219669211624
2023-11-03 10:00:00,11.7475,17.0,0.52342,91,0.282545900263338
2023-11-03 11:00:00,1.3243333333333334,16.5,0.4926149999999999,91,0.3106031616732606
2023-11-03 12:00:00,0.2755,17.25,0.4344699999999999,91,0.2771380336468036
2023-11-03 13:00:00,3.4836666666666667,18.0,0.3769799999999999,91,0.2647507691994691
2023-11-03 14:00:00,9.994666666666664,19.0,0.3434399999999999,91,0.190159401282286
2023-11-03 15:00:00,6.051833333333334,20.25,0.3990849999999999,91,0.0312848716923314
2023-11-03 16:00:00,4.666166666666666,21.75,0.4641849999999999,91,0.0087476068531346
2023-11-03 17:00:00,3.2626666666666666,27.75,0.531125,91,0.0006440170992436
2023-11-03 18:00:00,7.102833333333333,33.25,0.43682,91,0.0
2023-11-03 19:00:00,2.3275,34.75,0.2127499999999999,91,0.0
2023-11-03 20:00:00,9.029833333333334,29.75,0.0939299999999999,91,0.0
2023-11-03 21:00:00,2.096833333333333,21.75,0.0593449999999999,91,0.0
2023-11-03 22:00:00,1.9805,17.5,0.02977,91,0.0
2023-11-03 23:00:00,0.1968333333333333,18.0,0.001175,91,0.0
2023-11-04 00:00:00,0.1728333333333333,18.25,0.04887,91,0.0
2023-11-04 01:00:00,0.1728333333333333,19.75,0.202005,91,0.0
2023-11-04 02:00:00,0.177,20.0,0.1990149999999999,91,0.0
2023-11-04 03:00:00,0.1783333333333333,20.0,0.0996549999999999,91,0.0
2023-11-04 04:00:00,0.1778333333333333,21.0,0.12947,91,0.0
2023-11-04 05:00:00,0.1791666666666666,21.25,0.2831,91,0.0
2023-11-04 06:00:00,0.1788333333333333,20.25,0.266225,91,0.0
2023-11-04 07:00:00,0.177,18.5,0.078705,91,0.0027701709591425
2023-11-04 08:00:00,0.2009999999999999,17.25,0.0210449999999999,91,0.0246787180350376
2023-11-04 09:00:00,0.1858333333333333,17.5,0.001105,91,0.0389301710862379
2023-11-04 10:00:00,0.134,17.25,0.0001899999999999,91,0.05909538468744
2023-11-04 11:00:00,0.0431666666666666,17.5,0.0,91,0.2347554699172321
2023-11-04 12:00:00,0.1311666666666666,17.0,0.0,91,0.3944338443136624
2023-11-04 13:00:00,0.1781666666666666,17.0,0.0,91,0.2210167534330971
2023-11-04 14:00:00,2.1595,17.0,0.0,91,0.0836420510772965
2023-11-04 15:00:00,3.4879999999999995,17.0,0.0,91,0.0342517095549493
2023-11-04 16:00:00,0.2471666666666666,17.0,0.0,91,0.0328462394205932
2023-11-04 17:00:00,0.1903333333333333,17.0,0.0,91,0.0002492307674171
2023-11-04 18:00:00,0.1896666666666666,16.75,0.0,91,0.0
2023-11-04 19:00:00,0.1843333333333333,17.0,0.0,91,0.0
2023-11-04 20:00:00,0.1866666666666666,17.75,0.0,91,0.0
2023-11-04 21:00:00,0.1883333333333333,18.0,0.0,91,0.0
2023-11-04 22:00:00,0.1831666666666666,19.0,0.0,91,0.0
2023-11-04 23:00:00,0.1855,18.75,0.0,91,0.0
2023-11-05 00:00:00,0.1878333333333333,20.25,0.0,91,0.0
2023-11-05 01:00:00,0.1841666666666666,21.25,0.0,91,0.0
2023-11-05 02:00:00,0.1853333333333333,21.25,0.0,91,0.0
2023-11-05 03:00:00,0.1875,22.25,0.0,91,0.0
2023-11-05 04:00:00,0.1875,22.75,0.0,91,0.0
2023-11-05 05:00:00,0.1881666666666666,22.0,0.0,91,0.0
2023-11-05 06:00:00,0.1915,22.0,0.0,91,0.0
2023-11-05 07:00:00,0.1891666666666666,20.75,0.0,91,0.0008223076935252
2023-11-05 08:00:00,0.2055,19.75,0.0,91,0.0130200855039123
2023-11-05 09:00:00,0.3076666666666667,18.25,0.0,91,0.0790017946357401
2023-11-05 10:00:00,0.2415,17.75,0.0,91,0.0959326491396651
2023-11-05 11:00:00,0.0,17.5,0.0,91,0.1650313667558197
2023-11-05 12:00:00,0.0,17.0,0.0,91,0.1989735057211329
2023-11-05 13:00:00,0.1378333333333333,17.0,0.0,91,0.3478018801436464
2023-11-05 14:00:00,0.4231666666666666,17.5,0.0,91,0.2637685460310716
2023-11-05 15:00:00,3.1556666666666664,18.0,0.0,91,0.0221006837563636
2023-11-05 16:00:00,1.2231666666666667,18.25,0.0,91,0.0231134187971424
2023-11-05 17:00:00,2.2115,18.0,0.0,91,0.0013943589860016
2023-11-05 18:00:00,10.669166666666667,17.5,0.0,91,0.0
2023-11-05 19:00:00,5.9345,17.0,0.0,91,0.0
2023-11-05 20:00:00,12.328166666666666,18.0,0.0,91,0.0
2023-11-05 21:00:00,12.001666666666669,19.0,0.0,91,0.0
2023-11-05 22:00:00,12.7915,19.25,0.0,91,0.0
2023-11-05 23:00:00,12.778166666666666,20.25,0.0,91,0.0
2023-11-06 00:00:00,13.498666666666669,22.0,0.0,91,0.0
2023-11-06 01:00:00,4.639,23.5,0.0,91,0.0
2023-11-06 02:00:00,0.0,23.75,0.0,91,0.0
2023-11-06 03:00:00,0.0,24.0,0.0,91,0.0
2023-11-06 04:00:00,0.0,23.75,0.0,91,0.0
2023-11-06 05:00:00,0.0,23.25,0.382945,91,0.0
2023-11-06 06:00:00,0.0,23.5,1.0363,91,0.0
2023-11-06 07:00:00,0.0,23.75,1.136835,91,0.0023186324683264
2023-11-06 08:00:00,0.0,25.25,0.92509,91,0.0285688033674517
2023-11-06 09:00:00,0.0,25.5,0.79296,91,0.0447647861741546
2023-11-06 10:00:00,0.0,27.25,0.654365,91,0.1695632481371235
2023-11-06 11:00:00,0.0,26.0,0.48286,91,0.3228729901762089
2023-11-06 12:00:00,0.0,25.5,0.282965,91,0.4173905106894992
2023-11-06 13:00:00,0.0,25.5,0.22979,91,0.1662387179513263
2023-11-06 14:00:00,0.0,27.25,0.2180499999999999,91,0.2647553843310756
2023-11-06 15:00:00,0.0078333333333333,32.0,0.1906299999999999,91,0.1488885477669218
2023-11-06 16:00:00,0.0056666666666666,36.75,0.102495,91,0.0621329914402758
2023-11-06 17:00:00,0.0606666666666666,40.5,0.00387,91,0.0060179487307372
2023-11-06 18:00:00,0.0056666666666666,36.75,0.000625,91,0.0
2023-11-06 19:00:00,0.0,36.5,0.0,91,0.0
2023-11-06 20:00:00,0.0546666666666666,38.75,0.0,91,0.0
2023-11-06 21:00:00,0.1076666666666666,37.25,0.0,91,0.0
2023-11-06 22:00:00,0.0,37.5,0.0,91,0.0
2023-11-06 23:00:00,0.0,35.5,0.0,91,0.0
2023-11-07 00:00:00,0.0,28.5,0.0,91,0.0
2023-11-07 01:00:00,0.0,21.75,0.0,91,0.0
2023-11-07 02:00:00,0.0,23.0,0.0,91,0.0
2023-11-07 03:00:00,0.0,23.75,0.0,91,0.0
2023-11-07 04:00:00,0.0,24.5,0.0,91,0.0
2023-11-07 05:00:00,0.0,26.5,0.55733,91,0.0
2023-11-07 06:00:00,0.0,32.75,0.99977,91,0.0
2023-11-07 07:00:00,0.0,41.5,1.09405,91,0.0069195726817935
2023-11-07 08:00:00,0.0,44.75,1.087085,91,0.1200162391173534
2023-11-07 09:00:00,0.0,43.25,0.695285,91,0.2513397428724501
2023-11-07 10:00:00,0.0136666666666666,37.5,0.509685,91,0.2066588028475769
2023-11-07 11:00:00,0.7103333333333334,34.0,0.5084650000000001,91,0.2186227358304537
2023-11-07 12:00:00,5.867166666666667,34.0,0.476805,91,0.3480002567910741
2023-11-07 13:00:00,14.509666666666666,34.5,0.4217549999999999,91,0.1645740163428151
2023-11-07 14:00:00,12.763166666666669,34.75,0.377815,91,0.1914712820297632
2023-11-07 15:00:00,15.364,39.5,0.381205,91,0.0829099997495993
2023-11-07 16:00:00,15.007,43.75,0.39215,91,0.0715435897794544
2023-11-07 17:00:00,12.796666666666669,47.0,0.40626,91,0.0038528205259328
2023-11-07 18:00:00,14.189666666666668,45.5,0.4214849999999999,91,0.0
2023-11-07 19:00:00,4.735166666666666,44.25,0.2630949999999999,91,0.0
2023-11-07 20:00:00,0.0,39.75,0.12376,91,0.0
2023-11-07 21:00:00,0.0,32.75,0.09803,91,0.0
2023-11-07 22:00:00,0.0,27.25,0.03797,91,0.0
2023-11-07 23:00:00,0.0,27.25,0.05412,91,0.0
2023-11-08 00:00:00,0.0,26.0,0.10772,91,0.0
2023-11-08 01:00:00,0.0,26.5,0.111765,91,0.0
2023-11-08 02:00:00,0.0,27.75,0.118435,91,0.0
2023-11-08 03:00:00,0.0,28.25,0.129485,91,0.0
2023-11-08 04:00:00,0.0,28.5,0.145335,91,0.0
2023-11-08 05:00:00,0.0,28.5,0.4404999999999999,91,0.0
2023-11-08 06:00:00,0.0,26.75,0.94322,91,0.0
2023-11-08 07:00:00,0.0,24.25,1.31511,91,0.003971965845324
2023-11-08 08:00:00,0.0,24.5,1.22387,91,0.0744025643462808
2023-11-08 09:00:00,0.0,23.5,0.87764,91,0.2026755556285891
2023-11-08 10:00:00,0.0,21.25,0.7359249999999999,91,0.3120849593072874
2023-11-08 11:00:00,0.0,20.25,0.65398,91,0.3798222220657218
2023-11-08 12:00:00,0.0,17.5,0.556985,91,0.3944236748850244
2023-11-08 13:00:00,0.0,21.0,0.440325,91,0.3618170117109249
2023-11-08 14:00:00,0.0,21.25,0.3506999999999999,91,0.283818718347794
2023-11-08 15:00:00,0.0,21.0,0.3472899999999999,91,0.1683724786481286
2023-11-08 16:00:00,0.0,22.25,0.417315,91,0.0348860679936205
2023-11-08 17:00:00,0.0,22.0,0.47478,91,0.0011904273491002
2023-11-08 18:00:00,0.0,22.25,0.399705,91,0.0
2023-11-08 19:00:00,0.0,22.5,0.235295,91,0.0
2023-11-08 20:00:00,0.0,21.75,0.13292,91,0.0
2023-11-08 21:00:00,0.0,22.75,0.08939,91,0.0
2023-11-08 22:00:00,0.0,22.75,0.03754,91,0.0
2023-11-08 23:00:00,0.0,22.0,0.071015,91,0.0
2023-11-09 00:00:00,0.0,23.5,0.13212,91,0.0
2023-11-09 01:00:00,0.0,25.5,0.12413,91,0.0
2023-11-09 02:00:00,0.0,26.0,0.16335,91,0.0
2023-11-09 03:00:00,0.0,26.0,0.258265,91,0.0
2023-11-09 04:00:00,0.0,26.0,0.286095,91,0.0
2023-11-09 05:00:00,0.0,26.0,0.4925,91,0.0
2023-11-09 06:00:00,0.0,29.0,0.850175,91,0.0
2023-11-09 07:00:00,0.0,36.5,0.8077350000000001,91,0.0004893162346675
2023-11-09 08:00:00,0.0,38.25,0.650645,91,0.0056117948367554
2023-11-09 09:00:00,0.0,37.25,0.702645,91,0.020188034110599
2023-11-09 10:00:00,0.0,36.25,0.769915,91,0.0272517948476677
2023-11-09 11:00:00,0.0,36.5,0.7740649999999999,91,0.0315411113266252
2023-11-09 12:00:00,0.0,32.25,0.7207699999999999,91,0.0346850427399333
2023-11-09 13:00:00,0.0,30.75,0.6898399999999999,91,0.044692564132886
2023-11-09 14:00:00,0.0,32.0,0.68899,91,0.0454900000645564
2023-11-09 15:00:00,0.0,34.0,0.6741699999999998,91,0.0308157265084421
2023-11-09 16:00:00,0.0,35.0,0.654925,91,0.0388917093399243
2023-11-09 17:00:00,0.7093333333333334,36.25,0.6605150000000001,91,0.0014303418795745
2023-11-09 18:00:00,7.972666666666666,37.25,0.617725,91,0.0
2023-11-09 19:00:00,14.4345,37.0,0.347195,91,0.0
2023-11-09 20:00:00,16.6415,36.25,0.12977,91,0.0
2023-11-09 21:00:00,13.396333333333333,31.25,0.0964,91,0.0
2023-11-09 22:00:00,16.091,24.75,0.034065,91,0.0
2023-11-09 23:00:00,9.663,24.75,0.04964,91,0.0
2023-11-10 00:00:00,0.0,24.75,0.08327,91,0.0
2023-11-10 01:00:00,0.0,23.5,0.07549,91,0.0
2023-11-10 02:00:00,0.0,24.25,0.08132,91,0.0
2023-11-10 03:00:00,0.0,24.5,0.09015,91,0.0
2023-11-10 04:00:00,0.0,24.0,0.102735,91,0.0
2023-11-10 05:00:00,0.0,24.0,0.362025,91,0.0
2023-11-10 06:00:00,0.0,24.25,0.71287,91,0.0
2023-11-10 07:00:00,0.0,25.0,0.925635,91,0.0
2023-11-10 08:00:00,0.0,29.5,0.926905,91,0.0191667522082471
2023-11-10 09:00:00,0.0,28.75,0.714785,91,0.1023700000485803
2023-11-10 10:00:00,0.0,28.5,0.59505,91,0.1598291450891739
2023-11-10 11:00:00,0.0,25.25,0.4843,91,0.3018214545290693
2023-11-10 12:00:00,0.0,25.75,0.362295,91,0.2282299144451434
2023-11-10 13:00:00,0.0,26.75,0.368245,91,0.2449418811309032
2023-11-10 14:00:00,0.0,27.0,0.379365,91,0.1540303425096039
2023-11-10 15:00:00,0.7643333333333334,27.5,0.4253149999999999,91,0.0938028199448544
2023-11-10 16:00:00,14.786,28.5,0.4742949999999999,91,0.036158375933639
2023-11-10 17:00:00,9.446,31.5,0.539645,91,0.0003599999996268
2023-11-10 18:00:00,16.25433333333333,31.0,0.51718,91,0.0
2023-11-10 19:00:00,15.5405,32.25,0.2609649999999999,91,0.0
2023-11-10 20:00:00,7.459500000000001,33.0,0.10051,91,0.0
2023-11-10 21:00:00,0.0,29.75,0.06492,91,0.0
2023-11-10 22:00:00,0.0,32.0,0.02513,91,0.0
2023-11-10 23:00:00,0.0,34.25,0.001165,91,0.0
2023-11-11 00:00:00,0.0,34.0,0.0373949999999999,91,0.0
2023-11-11 01:00:00,0.0,33.5,0.0763099999999998,91,0.0
2023-11-11 02:00:00,0.0,31.5,0.0693549999999999,91,0.0
2023-11-11 03:00:00,0.0,26.75,0.06599,91,0.0
2023-11-11 04:00:00,0.0,27.5,0.05811,91,0.0
2023-11-11 05:00:00,0.0,28.0,0.1761049999999999,91,0.0
2023-11-11 06:00:00,0.0,27.25,0.1767499999999999,91,0.0
2023-11-11 07:00:00,0.0,27.5,0.08677,91,0.0025073504479777
2023-11-11 08:00:00,0.0,28.75,0.1184449999999999,91,0.0601788033175672
2023-11-11 09:00:00,0.0,33.25,0.0933049999999999,91,0.196186838231535
2023-11-11 10:00:00,0.0,33.25,0.060015,91,0.3044083759927342
2023-11-11 11:00:00,0.0,32.5,0.05397,91,0.3459239322303707
2023-11-11 12:00:00,0.0,32.0,0.0519699999999999,91,0.4071901720813198
2023-11-11 13:00:00,0.0,32.25,0.0217849999999999,91,0.3134788050203242
2023-11-11 14:00:00,0.0,34.5,0.02265,91,0.2756188880072699
2023-11-11 15:00:00,0.0,41.75,0.051155,91,0.1555917952610896
2023-11-11 16:00:00,0.0,47.25,0.075025,91,0.0373565811784858
2023-11-11 17:00:00,0.0,48.0,0.079465,91,0.0006370085509669
2023-11-11 18:00:00,0.0,46.75,0.0833749999999999,91,0.0
2023-11-11 19:00:00,0.0,46.0,0.0956549999999999,91,0.0
2023-11-11 20:00:00,0.0,46.0,0.092165,91,0.0
2023-11-11 21:00:00,0.0,45.75,0.063245,91,0.0
2023-11-11 22:00:00,0.0,44.5,0.01972,91,0.0
2023-11-11 23:00:00,0.0,46.0,0.011245,91,0.0
2023-11-12 00:00:00,0.0,39.75,0.0521799999999999,91,0.0
2023-11-12 01:00:00,0.0,30.5,0.0754099999999999,91,0.0
2023-11-12 02:00:00,0.0,30.5,0.08476,91,0.0
2023-11-12 03:00:00,0.0,30.25,0.08032,91,0.0
2023-11-12 04:00:00,0.0,29.5,0.268935,91,0.0
2023-11-12 05:00:00,0.0,29.0,0.4408499999999999,91,0.0
2023-11-12 06:00:00,0.0,28.75,0.25871,91,0.0
2023-11-12 07:00:00,0.0,28.25,0.143745,91,0.0003420512804872
2023-11-12 08:00:00,0.0,27.25,0.1747999999999999,91,0.025908204958989
2023-11-12 09:00:00,0.0,24.5,0.1660149999999999,91,0.0465689743889702
2023-11-12 10:00:00,0.0,23.25,0.1452499999999999,91,0.1544300856141962
2023-11-12 11:00:00,0.0,23.25,0.128455,91,0.0842298291687272
2023-11-12 12:00:00,0.0,23.75,0.113105,91,0.2591705977611053
2023-11-12 13:00:00,0.0303333333333333,26.0,0.09984,91,0.223353675695566
2023-11-12 14:00:00,0.0,28.5,0.07708,91,0.2046817088330913
2023-11-12 15:00:00,0.0,33.0,0.0552799999999999,91,0.0631308549897283
2023-11-12 16:00:00,0.0,38.25,0.066715,91,0.0101025641144404
2023-11-12 17:00:00,0.0,38.25,0.0784899999999999,91,0.0
2023-11-12 18:00:00,0.0,37.5,0.07859,91,0.0
2023-11-12 19:00:00,0.0,40.75,0.08566,91,0.0
2023-11-12 20:00:00,0.5581666666666667,40.25,0.0910949999999999,91,0.0
2023-11-12 21:00:00,1.555,40.75,0.0761099999999999,91,0.0
2023-11-12 22:00:00,1.555,37.5,0.030225,91,0.0
2023-11-12 23:00:00,1.5541666666666665,36.75,0.0126799999999999,91,0.0
2023-11-13 00:00:00,4.647166666666666,35.0,0.062635,91,0.0
2023-11-13 01:00:00,6.113,33.75,0.097235,91,0.0
2023-11-13 02:00:00,9.595666666666666,35.0,0.120355,91,0.0
2023-11-13 03:00:00,7.003833333333333,31.5,0.1669699999999999,91,0.0
2023-11-13 04:00:00,0.1433333333333333,30.5,0.5052599999999999,91,0.0
2023-11-13 05:00:00,0.0,29.5,0.867245,91,0.0
2023-11-13 06:00:00,0.0,27.75,0.749545,91,0.0
2023-11-13 07:00:00,0.0,27.5,0.8422649999999999,91,0.0040173504832718
2023-11-13 08:00:00,0.0376666666666666,27.75,0.974955,91,0.0350669231985369
2023-11-13 09:00:00,0.052,25.75,0.8016700000000001,91,0.0982259833507048
2023-11-13 10:00:00,0.052,23.75,0.6649550000000001,91,0.2015458954705132
2023-11-13 11:00:00,0.0516666666666666,24.0,0.56957,91,0.077081026012062
2023-11-13 12:00:00,0.04,25.0,0.545335,91,0.056823675204546
2023-11-13 13:00:00,2.123333333333333,24.75,0.5280649999999999,91,0.153615641064114
2023-11-13 14:00:00,0.0,25.25,0.444665,91,0.0518194874331482
2023-11-13 15:00:00,0.0,27.0,0.4282999999999999,91,0.0135877777266706
2023-11-13 16:00:00,0.0148333333333333,27.0,0.4746999999999999,91,0.0015224786262768
2023-11-13 17:00:00,5.319,29.0,0.4241399999999999,91,0.0
2023-11-13 18:00:00,9.627333333333333,32.0,0.2927599999999999,91,0.0
2023-11-13 19:00:00,9.625333333333332,34.25,0.16383,91,0.0
2023-11-13 20:00:00,9.625333333333334,35.75,0.123475,91,0.0
2023-11-13 21:00:00,9.6235,35.25,0.0959699999999999,91,0.0
2023-11-13 22:00:00,9.6285,29.25,0.0393399999999999,91,0.0
2023-11-13 23:00:00,14.531,26.25,0.033165,91,0.0
2023-11-14 00:00:00,15.1685,27.0,0.06123,91,0.0
2023-11-14 01:00:00,15.166833333333336,27.0,0.050905,91,0.0
2023-11-14 02:00:00,15.164,25.75,0.046095,91,0.0
2023-11-14 03:00:00,15.161499999999998,25.75,0.05064,91,0.0
2023-11-14 04:00:00,14.259666666666666,27.0,0.049205,91,0.0
2023-11-14 05:00:00,2.065333333333333,26.25,0.29697,91,0.0
2023-11-14 06:00:00,0.0,27.0,0.5622550000000001,91,0.0
2023-11-14 07:00:00,0.0,29.75,0.5930449999999999,91,0.0
2023-11-14 08:00:00,0.048,29.25,0.57038,91,0.0075417094123669
2023-11-14 09:00:00,2.911666666666666,27.75,0.4965,91,0.0375635042761126
2023-11-14 10:00:00,10.8235,26.5,0.378625,91,0.0931043588198148
2023-11-14 11:00:00,13.894833333333333,26.25,0.2696199999999999,91,0.2780764961242676
2023-11-14 12:00:00,3.9916666666666663,24.75,0.14168,91,0.1944618807083521
2023-11-14 13:00:00,2.8715,25.0,0.09508,91,0.1644708542130951
2023-11-14 14:00:00,0.0,26.25,0.0781549999999999,91,0.1592380340282733
2023-11-14 15:00:00,0.0,27.75,0.003265,91,0.050891794873099
2023-11-14 16:00:00,1.7735,26.5,0.000525,91,0.0142088033102102
2023-11-14 17:00:00,6.989000000000001,32.25,0.0,91,0.0
2023-11-14 18:00:00,0.0,36.0,0.0,91,0.0
2023-11-14 19:00:00,0.0,35.25,0.0,91,0.0
2023-11-14 20:00:00,3.0775,35.5,0.0,91,0.0
2023-11-14 21:00:00,9.625333333333334,37.25,0.0,91,0.0
2023-11-14 22:00:00,9.621666666666666,35.0,0.0,91,0.0
2023-11-14 23:00:00,9.622166666666669,34.0,0.0,91,0.0
2023-11-15 00:00:00,9.622833333333332,32.75,0.0,91,0.0
2023-11-15 01:00:00,9.622666666666666,30.0,0.0,91,0.0
2023-11-15 02:00:00,9.6225,30.5,0.0,91,0.0
2023-11-15 03:00:00,9.620833333333332,29.75,0.0,91,0.0
2023-11-15 04:00:00,9.617166666666668,30.25,0.0,91,0.0
2023-11-15 05:00:00,2.3451666666666666,31.75,0.30576,91,0.0
2023-11-15 06:00:00,0.0286666666666666,39.25,0.602135,91,0.0
2023-11-15 07:00:00,0.0,41.25,0.7066500000000001,91,0.0007699999951908
2023-11-15 08:00:00,0.0,41.75,0.7094550000000001,91,0.0189614529793079
2023-11-15 09:00:00,0.0,41.0,0.54848,91,0.0820142737820617
2023-11-15 10:00:00,0.0,39.25,0.42088,91,0.1766871791415744
2023-11-15 11:00:00,0.0,35.75,0.316135,91,0.2542204271626269
2023-11-15 12:00:00,0.0,35.25,0.245035,91,0.4151287170149322
2023-11-15 13:00:00,0.0,34.0,0.101825,91,0.3623927339733157
2023-11-15 14:00:00,0.0,36.75,0.001655,91,0.2802652988270816
2023-11-15 15:00:00,0.0,39.25,0.00031,91,0.1471647867382082
2023-11-15 16:00:00,0.0,43.75,0.0,91,0.0215302563579673
2023-11-15 17:00:00,0.0,45.75,0.0,91,0.0005264102568865
2023-11-15 18:00:00,0.0,46.0,0.0,91,0.0
2023-11-15 19:00:00,0.0,47.0,0.0,91,0.0
2023-11-15 20:00:00,0.0,47.75,0.0,91,0.0
2023-11-15 21:00:00,0.0,46.75,0.0,91,0.0
2023-11-15 22:00:00,0.0333333333333333,43.5,0.0,91,0.0
2023-11-15 23:00:00,0.8241666666666667,45.75,0.0,91,0.0
2023-11-16 00:00:00,15.482500000000002,39.5,0.0,91,0.0
2023-11-16 01:00:00,21.82983333333333,33.25,0.30755,91,0.0
2023-11-16 02:00:00,14.857333333333337,34.75,0.310225,91,0.0
2023-11-16 03:00:00,0.67,34.75,0.06045,91,0.0
2023-11-16 04:00:00,0.0,33.25,0.1205049999999999,91,0.0
2023-11-16 05:00:00,0.0,35.0,0.3664,91,0.0
2023-11-16 06:00:00,0.0,39.0,0.7519049999999999,91,0.0
2023-11-16 07:00:00,0.0,43.25,1.09494,91,1.6923076831377446e-05
2023-11-16 08:00:00,0.0,44.75,1.01967,91,0.0028180341779166
2023-11-16 09:00:00,0.0,44.25,0.7312500000000001,91,0.0187476923424973
2023-11-16 10:00:00,0.062,43.0,0.706875,91,0.03372598285349
2023-11-16 11:00:00,4.047,42.0,0.6819299999999999,91,0.0399550428961077
2023-11-16 12:00:00,8.771833333333333,40.0,0.600885,91,0.0771362391496315
2023-11-16 13:00:00,9.618666666666668,37.0,0.453135,91,0.2401640166584243
2023-11-16 14:00:00,9.619,36.0,0.34913,91,0.2676362400380974
2023-11-16 15:00:00,9.622166666666669,35.25,0.317985,91,0.1391541879605024
2023-11-16 16:00:00,9.630333333333333,38.5,0.32765,91,0.0209255556265513
2023-11-16 17:00:00,9.621,43.5,0.36904,91,0.0006494017028146
2023-11-16 18:00:00,9.619833333333332,43.5,0.35334,91,0.0
2023-11-16 19:00:00,11.312666666666669,44.25,0.179605,91,0.0
2023-11-16 20:00:00,19.046166666666668,44.25,0.06453,91,0.0
2023-11-16 21:00:00,10.995333333333337,46.0,0.051805,91,0.0
2023-11-16 22:00:00,0.1763333333333333,45.5,0.0104149999999999,91,0.0
2023-11-16 23:00:00,0.0,46.25,0.00132,91,0.0
2023-11-17 00:00:00,0.0,40.0,0.00028,91,0.0
2023-11-17 01:00:00,0.0,35.0,0.02819,91,0.0
2023-11-17 02:00:00,0.0,32.75,0.06841,91,0.0
2023-11-17 03:00:00,0.0,32.75,0.07796,91,0.0
2023-11-17 04:00:00,0.0,33.25,0.066085,91,0.0
2023-11-17 05:00:00,0.0,36.25,0.29879,91,0.0
2023-11-17 06:00:00,0.0,46.25,0.601965,91,0.0
2023-11-17 07:00:00,0.0,53.0,0.7424249999999999,91,0.0008175213596759
2023-11-17 08:00:00,0.0,55.5,0.78423,91,0.0311397435624375
2023-11-17 09:00:00,0.0,55.25,0.65989,91,0.1107812813815908
2023-11-17 10:00:00,0.0,53.5,0.54808,91,0.2838043584579077
2023-11-17 11:00:00,0.0,51.75,0.47452,91,0.180736324603741
2023-11-17 12:00:00,0.0,50.75,0.434495,91,0.2369332468407785
2023-11-17 13:00:00,0.0,49.25,0.405205,91,0.3258316216102013
2023-11-17 14:00:00,0.0,51.0,0.3406499999999999,91,0.2730327355148446
2023-11-17 15:00:00,0.0036666666666666,49.25,0.3265999999999999,91,0.1311067526564638
2023-11-17 16:00:00,0.0,50.5,0.4069,91,0.0190737606928898
2023-11-17 17:00:00,0.0,53.75,0.49421,91,0.0005482051199158
2023-11-17 18:00:00,0.0,55.75,0.424635,91,0.0
2023-11-17 19:00:00,0.0,57.25,0.23778,91,0.0
2023-11-17 20:00:00,0.0,57.0,0.108955,91,0.0
2023-11-17 21:00:00,0.009,55.0,0.06413,91,0.0
2023-11-17 22:00:00,1.8085,55.0,0.026065,91,0.0
2023-11-17 23:00:00,17.27716666666667,50.0,0.04371,91,0.0
2023-11-18 00:00:00,21.766333333333336,45.75,0.08818,91,0.0
2023-11-18 01:00:00,20.2035,31.25,0.09395,91,0.0
2023-11-18 02:00:00,0.9736666666666668,27.25,0.0992,91,0.0
2023-11-18 03:00:00,0.0,25.5,0.10098,91,0.0
2023-11-18 04:00:00,0.0,25.25,0.1009999999999999,91,0.0
2023-11-18 05:00:00,0.0,24.75,0.21714,91,0.0
2023-11-18 06:00:00,0.0,24.5,0.193595,91,0.0
2023-11-18 07:00:00,0.0,22.25,0.288785,91,0.0020097435988549
2023-11-18 08:00:00,0.0,22.5,0.3641399999999999,91,0.0577415383065867
2023-11-18 09:00:00,0.0,21.75,0.13693,91,0.0988958979875613
2023-11-18 10:00:00,0.0,20.75,0.086,91,0.2652001692290999
2023-11-18 11:00:00,0.0,20.75,0.081865,91,0.1998927347884218
2023-11-18 12:00:00,0.0,21.5,0.0556899999999999,91,0.0858472653739473
2023-11-18 13:00:00,0.0,21.0,0.068995,91,0.0749288035661746
2023-11-18 14:00:00,0.0289999999999999,20.75,0.08224,91,0.1943875208471575
2023-11-18 15:00:00,0.0,22.25,0.054405,91,0.1604247001908783
2023-11-18 16:00:00,0.0,23.0,0.068185,91,0.0228863248712996
2023-11-18 17:00:00,0.0,22.25,0.090025,91,7.23076920606132e-05
2023-11-18 18:00:00,2.339,21.25,0.081165,91,0.0
2023-11-18 19:00:00,0.0,21.0,0.089005,91,0.0
2023-11-18 20:00:00,0.0,21.75,0.22355,91,0.0
2023-11-18 21:00:00,0.0,22.0,0.179575,91,0.0
2023-11-18 22:00:00,0.0,21.75,0.009475,91,0.0
2023-11-18 23:00:00,0.8995000000000001,20.5,0.08166,91,0.0
2023-11-19 00:00:00,4.670333333333333,21.0,0.10958,91,0.0
2023-11-19 01:00:00,1.27,22.5,0.074015,91,0.0
2023-11-19 02:00:00,8.582166666666666,23.0,0.162195,91,0.0
2023-11-19 03:00:00,3.220833333333333,23.75,0.191015,91,0.0
2023-11-19 04:00:00,6.019666666666667,24.0,0.14989,91,0.0
2023-11-19 05:00:00,2.958833333333333,24.0,0.28867,91,0.0
2023-11-19 06:00:00,0.0,24.0,0.273665,91,0.0
2023-11-19 07:00:00,0.0,23.0,0.151195,91,0.0005294871785574
2023-11-19 08:00:00,0.032,21.75,0.16207,91,0.0479942733202225
2023-11-19 09:00:00,0.7348333333333334,20.5,0.107445,91,0.1565804263057871
2023-11-19 10:00:00,0.5273333333333333,20.0,0.0577399999999999,91,0.2582401702750442
2023-11-19 11:00:00,3.5506666666666664,19.5,0.046355,91,0.3197709394927718
2023-11-19 12:00:00,2.903,19.0,0.04174,91,0.3323170937432183
2023-11-19 13:00:00,3.579333333333333,19.0,0.03754,91,0.3146537591657068
2023-11-19 14:00:00,2.8986666666666667,19.25,0.0138,91,0.1843519664829612
2023-11-19 15:00:00,3.7075,19.0,0.000705,91,0.0565382903661483
2023-11-19 16:00:00,3.135,19.0,0.058445,91,0.0212188033823274
2023-11-19 17:00:00,0.3315,19.5,0.1074299999999999,91,0.0002197435878726
2023-11-19 18:00:00,0.0211666666666666,21.25,0.0860599999999999,91,0.0
2023-11-19 19:00:00,0.0,21.75,0.07432,91,0.0
2023-11-19 20:00:00,0.0,21.25,0.078845,91,0.0
2023-11-19 21:00:00,0.0,21.75,0.0624599999999999,91,0.0
2023-11-19 22:00:00,0.0,21.75,0.0217849999999999,91,0.0
2023-11-19 23:00:00,0.0,22.5,0.052795,91,0.0
2023-11-20 00:00:00,0.0,24.0,0.10097,91,0.0
2023-11-20 01:00:00,0.0,23.0,0.1043199999999999,91,0.0
2023-11-20 02:00:00,0.0,23.75,0.1314249999999999,91,0.0
2023-11-20 03:00:00,0.0,24.75,0.2238649999999999,91,0.0
2023-11-20 04:00:00,0.0,25.25,0.566635,91,0.0
2023-11-20 05:00:00,0.0,27.25,0.921235,91,0.0
2023-11-20 06:00:00,0.0,30.5,0.976745,91,0.0
2023-11-20 07:00:00,0.0,35.25,0.928875,91,0.0003380341877221
2023-11-20 08:00:00,2.601,37.75,0.88606,91,0.0254062392721828
2023-11-20 09:00:00,1.214,36.75,0.82634,91,0.194071879672189
2023-11-20 10:00:00,3.3641666666666663,35.75,0.6721699999999999,91,0.2969476928058852
2023-11-20 11:00:00,2.335833333333333,35.0,0.52103,91,0.1941169238294292
2023-11-20 12:00:00,0.059,33.75,0.512935,91,0.1820965809292263
2023-11-20 13:00:00,0.008,35.0,0.477675,91,0.2249527354118151
2023-11-20 14:00:00,0.0,36.25,0.2986749999999999,91,0.2119847876393897
2023-11-20 15:00:00,0.0,37.0,0.336735,91,0.1011415381309313
2023-11-20 16:00:00,0.0,39.5,0.458045,91,0.0177885469093791
2023-11-20 17:00:00,1.711666666666667,42.25,0.403535,91,6.0000000282740026e-05
2023-11-20 18:00:00,0.0,42.0,0.3508349999999999,91,0.0
2023-11-20 19:00:00,0.0,41.25,0.1982599999999999,91,0.0
2023-11-20 20:00:00,0.0,45.5,0.06422,91,0.0
2023-11-20 21:00:00,0.0,46.75,0.042355,91,0.0
2023-11-20 22:00:00,0.0,46.0,0.018275,91,0.0
2023-11-20 23:00:00,0.0,48.75,0.00102,91,0.0
2023-11-21 00:00:00,0.0,49.25,0.04483,91,0.0
2023-11-21 01:00:00,0.0,49.75,0.0773249999999999,91,0.0
2023-11-21 02:00:00,0.0,51.5,0.0633,91,0.0
2023-11-21 03:00:00,0.0,51.25,0.094885,91,0.0
2023-11-21 04:00:00,0.0,51.0,0.1316449999999999,91,0.0
2023-11-21 05:00:00,0.0,48.75,0.428865,91,0.0
2023-11-21 06:00:00,0.0,51.25,0.752205,91,0.0
2023-11-21 07:00:00,0.0,56.75,0.90241,91,0.0
2023-11-21 08:00:00,3.4126666666666665,58.75,0.91772,91,0.0185350427642846
2023-11-21 09:00:00,1.9395,58.75,0.7277800000000001,91,0.0745464101612058
2023-11-21 10:00:00,1.6153333333333333,58.25,0.6380450000000001,91,0.1164223930163261
2023-11-21 11:00:00,2.0955,54.25,0.599745,91,0.111475469801161
2023-11-21 12:00:00,3.9363333333333337,55.0,0.57774,91,0.1102989738823002
2023-11-21 13:00:00,3.0508333333333333,56.25,0.577615,91,0.0991224783709925
2023-11-21 14:00:00,3.228333333333333,60.25,0.56113,91,0.0901188035296578
2023-11-21 15:00:00,2.7916666666666665,61.0,0.62342,91,0.0602236754262549
2023-11-21 16:00:00,1.9721666666666664,59.25,0.6508349999999999,91,0.0171049573126002
2023-11-21 17:00:00,5.4736666666666665,57.5,0.62473,91,5.692307590546767e-05
2023-11-21 18:00:00,0.4733333333333333,55.5,0.544275,91,0.0
2023-11-21 19:00:00,0.3165,52.25,0.293085,91,0.0
2023-11-21 20:00:00,0.3698333333333333,51.25,0.1048199999999999,91,0.0
2023-11-21 21:00:00,1.1753333333333331,55.5,0.05993,91,0.0
2023-11-21 22:00:00,3.3046666666666664,56.25,0.0242399999999999,91,0.0
2023-11-21 23:00:00,6.0015,55.0,0.043225,91,0.0
2023-11-22 00:00:00,8.735333333333333,47.5,0.0786849999999999,91,0.0
2023-11-22 01:00:00,13.274666666666668,37.5,0.0788599999999999,91,0.0
2023-11-22 02:00:00,16.113833333333332,39.0,0.0843549999999999,91,0.0
2023-11-22 03:00:00,13.378333333333332,39.75,0.1044449999999999,91,0.0
2023-11-22 04:00:00,6.578333333333333,41.5,0.11365,91,0.0
2023-11-22 05:00:00,0.0,43.25,0.434425,91,0.0
2023-11-22 06:00:00,0.0,49.25,0.7754499999999999,91,0.0
2023-11-22 07:00:00,0.0,52.25,0.93258,91,0.0
2023-11-22 08:00:00,0.0,53.0,0.965515,91,0.0022843589608231
2023-11-22 09:00:00,0.0,52.75,0.79365,91,0.0253701707542452
2023-11-22 10:00:00,0.0,53.5,0.7219700000000001,91,0.1120962394812168
2023-11-22 11:00:00,0.0,51.0,0.63559,91,0.1490475212814461
2023-11-22 12:00:00,0.0,49.0,0.575375,91,0.1347088892031938
2023-11-22 13:00:00,0.0,45.5,0.55892,91,0.0942380343543158
2023-11-22 14:00:00,0.978,47.25,0.5275599999999999,91,0.1610054690206152
2023-11-22 15:00:00,2.8143333333333334,53.25,0.5095999999999999,91,0.0669839320223555
2023-11-22 16:00:00,2.997333333333333,56.5,0.6080550000000001,91,0.0171989744443159
2023-11-22 17:00:00,3.743833333333333,57.5,0.7409150000000001,91,0.000101709401426
2023-11-22 18:00:00,3.064833333333333,54.75,0.647155,91,0.0
2023-11-22 19:00:00,0.4785,53.5,0.3595449999999999,91,0.0
2023-11-22 20:00:00,1.8193333333333332,51.0,0.1415849999999999,91,0.0
2023-11-22 21:00:00,3.9483333333333337,40.5,0.07187,91,0.0
2023-11-22 22:00:00,7.135333333333333,35.25,0.0356149999999999,91,0.0
2023-11-22 23:00:00,13.23,35.0,0.0772899999999999,91,0.0
2023-11-23 00:00:00,16.408666666666665,32.5,0.123765,91,0.0
2023-11-23 01:00:00,1.1083333333333332,33.5,0.11657,91,0.0
2023-11-23 02:00:00,6.609166666666667,32.75,0.119285,91,0.0
2023-11-23 03:00:00,0.0468333333333333,33.25,0.16278,91,0.0
2023-11-23 04:00:00,0.0,33.75,0.35765,91,0.0
2023-11-23 05:00:00,0.0,33.25,0.6502,91,0.0
2023-11-23 06:00:00,0.0,31.75,1.112385,91,0.0
2023-11-23 07:00:00,0.0046666666666666,31.0,1.3229,91,0.0
2023-11-23 08:00:00,2.728666666666667,30.0,1.1351950000000002,91,0.0051816239004206
2023-11-23 09:00:00,2.7895,30.0,1.046405,91,0.0211656411081297
2023-11-23 10:00:00,3.035,31.5,1.02482,91,0.0393210252533611
2023-11-23 11:00:00,2.611166666666666,30.5,0.95457,91,0.0647504275069277
2023-11-23 12:00:00,2.766666666666666,30.0,0.87475,91,0.12394410157815
2023-11-23 13:00:00,2.746333333333333,30.0,0.81252,91,0.3189202571118999
2023-11-23 14:00:00,2.778,30.75,0.6972200000000001,91,0.2387474355127057
2023-11-23 15:00:00,2.9573333333333327,31.0,0.68031,91,0.1077589743361513
2023-11-23 16:00:00,2.8795,31.0,0.83817,91,0.0208400856353278
2023-11-23 17:00:00,2.495833333333333,31.0,0.927515,91,0.0001476923083392
2023-11-23 18:00:00,0.1013333333333333,30.25,0.8347349999999999,91,0.0
2023-11-23 19:00:00,0.0,27.75,0.479585,91,0.0
2023-11-23 20:00:00,0.0,28.25,0.1744249999999999,91,0.0
2023-11-23 21:00:00,0.0,29.25,0.11353,91,0.0
2023-11-23 22:00:00,0.0,28.5,0.099715,91,0.0
2023-11-23 23:00:00,0.0,29.0,0.12997,91,0.0
2023-11-24 00:00:00,0.0,30.25,0.148255,91,0.0
2023-11-24 01:00:00,0.0,29.5,0.1647499999999999,91,0.0
2023-11-24 02:00:00,0.0,28.25,0.3230099999999999,91,0.0
2023-11-24 03:00:00,0.0,29.25,0.4151649999999999,91,0.0
2023-11-24 04:00:00,0.0,30.0,0.3379,91,0.0
2023-11-24 05:00:00,0.0,27.5,0.571975,91,0.0
2023-11-24 06:00:00,0.0,21.25,1.13402,91,0.0
2023-11-24 07:00:00,0.0,20.75,1.31598,91,0.0
2023-11-24 08:00:00,3.0093333333333336,20.75,1.080175,91,0.0227832479271878
2023-11-24 09:00:00,2.9906666666666664,22.0,0.95375,91,0.0639955555679452
2023-11-24 10:00:00,2.6838333333333337,22.75,0.8805,91,0.1209150422740186
2023-11-24 11:00:00,2.659333333333333,22.25,0.76172,91,0.1728988891992812
2023-11-24 12:00:00,5.454000000000001,22.0,0.6702749999999998,91,0.2348702577444223
2023-11-24 13:00:00,0.5893333333333334,22.0,0.62076,91,0.2768305130493946
2023-11-24 14:00:00,0.0,22.25,0.508945,91,0.2782748722826314
2023-11-24 15:00:00,0.0,25.25,0.454005,91,0.0935060681237114
2023-11-24 16:00:00,0.0,26.25,0.555315,91,0.0146873503706903
2023-11-24 17:00:00,0.0,24.25,0.62742,91,1.2649572414592795e-05
2023-11-24 18:00:00,0.0,23.75,0.5216700000000001,91,0.0
2023-11-24 19:00:00,0.0,23.75,0.29805,91,0.0
2023-11-24 20:00:00,0.0,23.25,0.170335,91,0.0
2023-11-24 21:00:00,0.0,24.0,0.10658,91,0.0
2023-11-24 22:00:00,0.0,24.5,0.0937149999999999,91,0.0
2023-11-24 23:00:00,0.0,25.0,0.1039199999999999,91,0.0
2023-11-25 00:00:00,0.0,26.5,0.1073749999999999,91,0.0
2023-11-25 01:00:00,0.0,25.75,0.116995,91,0.0
2023-11-25 02:00:00,0.0,25.75,0.108095,91,0.0
2023-11-25 03:00:00,0.0,26.75,0.2139299999999999,91,0.0
2023-11-25 04:00:00,0.0,26.0,0.261385,91,0.0
2023-11-25 05:00:00,0.0,26.25,0.3473249999999999,91,0.0
2023-11-25 06:00:00,0.0,26.75,0.3262849999999999,91,0.0
2023-11-25 07:00:00,0.0,26.75,0.205365,91,0.0
2023-11-25 08:00:00,0.0,25.75,0.24541,91,0.0114945298395095
2023-11-25 09:00:00,0.0,25.25,0.239625,91,0.0713625637690226
2023-11-25 10:00:00,0.0,23.25,0.2187649999999999,91,0.1416299152374267
2023-11-25 11:00:00,0.0171666666666666,22.5,0.2145999999999999,91,0.2212817966428577
2023-11-25 12:00:00,0.0,23.25,0.1952199999999999,91,0.2106215381622314
2023-11-25 13:00:00,0.0,21.75,0.174315,91,0.2803835030906221
2023-11-25 14:00:00,0.0,22.75,0.16274,91,0.2601219648377508
2023-11-25 15:00:00,0.0,26.5,0.13366,91,0.0964983763654008
2023-11-25 16:00:00,0.0,31.0,0.133825,91,0.0136537606975971
2023-11-25 17:00:00,0.0,36.25,0.1412449999999999,91,0.0001174358972626
2023-11-25 18:00:00,0.0,38.25,0.141155,91,0.0
2023-11-25 19:00:00,0.0,39.25,0.25367,91,0.0
2023-11-25 20:00:00,0.0,41.0,0.314355,91,0.0
2023-11-25 21:00:00,0.0,42.0,0.207955,91,0.0
2023-11-25 22:00:00,0.0,41.75,0.2090349999999999,91,0.0
2023-11-25 23:00:00,0.0,41.75,0.26716,91,0.0
2023-11-26 00:00:00,0.0,41.75,0.266275,91,0.0
2023-11-26 01:00:00,0.0,41.0,0.2643049999999999,91,0.0
2023-11-26 02:00:00,0.0,41.5,0.256515,91,0.0
2023-11-26 03:00:00,0.0,42.0,0.24284,91,0.0
2023-11-26 04:00:00,0.0,42.0,0.243475,91,0.0
2023-11-26 05:00:00,0.0,42.75,0.430105,91,0.0
2023-11-26 06:00:00,0.0,39.25,0.45381,91,0.0
2023-11-26 07:00:00,0.0,37.5,0.2919299999999999,91,0.0003282905924014
2023-11-26 08:00:00,0.0,38.75,0.304835,91,0.0388435897358462
2023-11-26 09:00:00,0.2488333333333333,39.25,0.271715,91,0.1385774356483394
2023-11-26 10:00:00,5.719166666666666,36.5,0.2031349999999999,91,0.2347389736338558
2023-11-26 11:00:00,1.5858333333333334,36.5,0.206365,91,0.3064432473467965
2023-11-26 12:00:00,0.3583333333333333,37.0,0.23051,91,0.3269465790447007
2023-11-26 13:00:00,3.5575,36.75,0.22585,91,0.2989453835772653
2023-11-26 14:00:00,12.1905,39.0,0.1891749999999999,91,0.1979515383793758
2023-11-26 15:00:00,7.411666666666666,44.25,0.18449,91,0.0822210256462423
2023-11-26 16:00:00,0.0,49.25,0.2453249999999999,91,0.0228075213310046
2023-11-26 17:00:00,0.0,51.25,0.2793949999999999,91,4.07692306062095e-05
2023-11-26 18:00:00,0.0,51.0,0.2953349999999999,91,0.0
2023-11-26 19:00:00,0.0,50.75,0.327775,91,0.0
2023-11-26 20:00:00,0.01,51.25,0.3363799999999999,91,0.0
2023-11-26 21:00:00,0.2441666666666666,51.75,0.28547,91,0.0
2023-11-26 22:00:00,4.865666666666667,46.0,0.286605,91,0.0
2023-11-26 23:00:00,1.211666666666667,47.0,0.3419799999999999,91,0.0
2023-11-27 00:00:00,1.1771666666666667,38.75,0.3492099999999999,91,0.0
2023-11-27 01:00:00,0.0,31.0,0.39574,91,0.0
2023-11-27 02:00:00,0.0,31.25,0.510865,91,0.0
2023-11-27 03:00:00,0.0,34.0,0.83512,91,0.0
2023-11-27 04:00:00,0.0,31.75,1.033465,91,0.0
2023-11-27 05:00:00,0.0,35.0,1.095155,91,0.0
2023-11-27 06:00:00,0.0,41.25,1.278465,91,0.0
2023-11-27 07:00:00,0.0,53.0,1.316555,91,1.675213631401718e-05
2023-11-27 08:00:00,0.0413333333333333,56.75,1.286825,91,0.0231783760205293
2023-11-27 09:00:00,4.040166666666667,57.25,1.246705,91,0.0773794018509042
2023-11-27 10:00:00,6.075166666666667,57.25,1.231065,91,0.0748011963999169
2023-11-27 11:00:00,7.4665,57.0,1.18345,91,0.0581354703658666
2023-11-27 12:00:00,2.5795,56.0,1.13253,91,0.0474593164574386
2023-11-27 13:00:00,5.557833333333334,56.5,1.11229,91,0.0404219657946855
2023-11-27 14:00:00,7.495166666666666,56.5,1.045165,91,0.01807418798789
2023-11-27 15:00:00,5.8806666666666665,54.25,1.045395,91,0.010182307714071
2023-11-27 16:00:00,0.5875,52.75,1.08037,91,0.003939316234607
2023-11-27 17:00:00,2.782666666666666,50.5,1.077825,91,0.0
2023-11-27 18:00:00,3.1521666666666666,45.5,0.948915,91,0.0
2023-11-27 19:00:00,5.618666666666667,47.25,0.557025,91,0.0
2023-11-27 20:00:00,4.642333333333333,41.5,0.29382,91,0.0
2023-11-27 21:00:00,3.154833333333334,29.25,0.227285,91,0.0
2023-11-27 22:00:00,2.121833333333333,24.5,0.17156,91,0.0
2023-11-27 23:00:00,1.2083333333333333,25.25,0.20801,91,0.0
2023-11-28 00:00:00,1.1603333333333332,26.75,0.225905,91,0.0
2023-11-28 01:00:00,4.211833333333333,25.75,0.216605,91,0.0
2023-11-28 02:00:00,0.9148333333333332,25.25,0.28417,91,0.0
2023-11-28 03:00:00,1.9983333333333333,26.25,0.318725,91,0.0
2023-11-28 04:00:00,0.0996666666666666,26.0,0.273775,91,0.0
2023-11-28 05:00:00,0.0,28.0,0.68867,91,0.0
2023-11-28 06:00:00,0.0,33.0,1.2223050000000002,91,0.0
2023-11-28 07:00:00,0.0,47.25,1.269265,91,0.0
2023-11-28 08:00:00,0.0,53.25,1.14929,91,0.0029129914442698
2023-11-28 09:00:00,0.0,54.5,1.10952,91,0.0312036752064003
2023-11-28 10:00:00,1.6021666666666663,54.75,1.0875549999999998,91,0.1301717096312433
2023-11-28 11:00:00,4.558,54.5,0.965765,91,0.0983132476480598
2023-11-28 12:00:00,1.5785,55.0,0.8704,91,0.1366326496743748
2023-11-28 13:00:00,4.9638333333333335,54.5,0.97204,91,0.0574152136664105
2023-11-28 14:00:00,5.685666666666667,55.75,1.01301,91,0.0484864957923563
2023-11-28 15:00:00,5.898666666666667,57.0,0.93542,91,0.0403962393499847
2023-11-28 16:00:00,0.0003333333333333,58.0,0.89,91,0.018778632396243
2023-11-28 17:00:00,0.0,59.75,0.957345,91,0.0
2023-11-28 18:00:00,0.0,64.5,0.8980049999999999,91,0.0
2023-11-28 19:00:00,0.1701666666666666,60.25,0.4684650000000001,91,0.0
2023-11-28 20:00:00,1.2135,56.75,0.19157,91,0.0
2023-11-28 21:00:00,3.573833333333333,57.0,0.16289,91,0.0
2023-11-28 22:00:00,7.381333333333333,57.0,0.138615,91,0.0
2023-11-28 23:00:00,13.545166666666669,55.5,0.1687649999999999,91,0.0
2023-11-29 00:00:00,11.613166666666666,52.25,0.20221,91,0.0
2023-11-29 01:00:00,3.060833333333333,45.25,0.326615,91,0.0
2023-11-29 02:00:00,0.0656666666666666,43.75,0.417245,91,0.0
2023-11-29 03:00:00,0.1203333333333333,40.25,0.355515,91,0.0
2023-11-29 04:00:00,0.9725,41.0,0.330895,91,0.0
2023-11-29 05:00:00,3.1375,42.75,0.801265,91,0.0
2023-11-29 06:00:00,6.709333333333333,49.25,1.3535899999999998,91,0.0
2023-11-29 07:00:00,12.388833333333332,56.25,1.38453,91,0.0
2023-11-29 08:00:00,13.336,57.5,1.300655,91,0.0154977777383775
2023-11-29 09:00:00,0.2986666666666667,56.5,1.21199,91,0.0662709402426695
2023-11-29 10:00:00,5.440666666666666,56.25,1.105725,91,0.2075722226525983
2023-11-29 11:00:00,6.149333333333334,55.0,1.001325,91,0.2570662384359246
2023-11-29 12:00:00,4.459166666666667,56.5,0.933405,91,0.3009916227291792
2023-11-29 13:00:00,4.809833333333333,56.75,0.902235,91,0.3013070939544938
2023-11-29 14:00:00,2.8735,57.75,0.84653,91,0.2189205130552634
2023-11-29 15:00:00,6.242833333333333,61.75,0.7806850000000001,91,0.1051841885004288
2023-11-29 16:00:00,4.868833333333334,64.25,0.799025,91,0.026445811985172
2023-11-29 17:00:00,0.4611666666666667,64.25,0.85086,91,0.0
2023-11-29 18:00:00,2.1,67.5,0.750965,91,0.0
2023-11-29 19:00:00,5.0655,72.25,0.405085,91,0.0
2023-11-29 20:00:00,9.727833333333333,71.75,0.1364749999999999,91,0.0
2023-11-29 21:00:00,17.378833333333333,67.25,0.09587,91,0.0
2023-11-29 22:00:00,1.7571666666666663,67.0,0.064875,91,0.0
2023-11-29 23:00:00,0.06,65.5,0.09948,91,0.0
2023-11-30 00:00:00,0.9356666666666666,63.25,0.241935,91,0.0
2023-11-30 01:00:00,0.9551666666666666,61.0,0.263465,91,0.0
2023-11-30 02:00:00,3.1075,63.25,0.2213049999999999,91,0.0
2023-11-30 03:00:00,6.667666666666666,63.0,0.24724,91,0.0
2023-11-30 04:00:00,12.326,62.75,0.2592999999999999,91,0.0
2023-11-30 05:00:00,12.224833333333336,62.0,0.68757,91,0.0
2023-11-30 06:00:00,1.3978333333333337,64.5,1.23253,91,0.0
2023-11-30 07:00:00,0.0,67.75,1.3286,91,0.0
2023-11-30 08:00:00,0.0,69.75,1.2063499999999998,91,0.0007280341828735
2023-11-30 09:00:00,0.0416666666666666,69.5,1.0794499999999998,91,0.0119301709660098
2023-11-30 10:00:00,0.6098333333333333,68.5,1.000975,91,0.0509177776483388
2023-11-30 11:00:00,2.4335,69.0,0.8841199999999999,91,0.0921258120251517
2023-11-30 12:00:00,5.600833333333333,67.0,0.804115,91,0.0784264959840693
2023-11-30 13:00:00,10.5675,63.75,0.7835550000000001,91,0.0542745302885006
2023-11-30 14:00:00,15.156166666666666,64.5,0.77997,91,0.0399418804380628
2023-11-30 15:00:00,2.255333333333333,65.5,0.76283,91,0.0300064956021105
2023-11-30 16:00:00,0.0,69.5,0.738425,91,0.0042499145615097
2023-11-30 17:00:00,0.0461666666666666,68.0,0.75259,91,0.0
2023-11-30 18:00:00,1.7966666666666666,72.5,0.667135,91,0.0
2023-11-30 19:00:00,8.682666666666668,72.0,0.349195,91,0.0
2023-11-30 20:00:00,12.171,66.5,0.1036399999999999,91,0.0
2023-11-30 21:00:00,0.065,65.5,0.068365,91,0.0
2023-11-30 22:00:00,0.0583333333333333,65.5,0.026005,91,0.0
2023-11-30 23:00:00,0.1413333333333333,65.75,0.0554999999999999,91,0.0
2023-12-01 00:00:00,2.565333333333333,62.25,0.1031349999999999,91,0.0
2023-12-01 01:00:00,10.729,61.5,0.056335,91,0.0
2023-12-01 02:00:00,9.117333333333333,61.0,0.00848,91,0.0
2023-12-01 03:00:00,0.0046666666666666,62.25,0.000555,91,0.0
2023-12-01 04:00:00,0.0,61.25,2e-05,91,0.0
2023-12-01 05:00:00,0.0,60.25,0.37961,91,0.0
2023-12-01 06:00:00,0.0,64.75,0.778975,91,0.0
2023-12-01 07:00:00,0.0,68.0,1.000575,91,0.0
2023-12-01 08:00:00,1.518333333333333,69.75,1.20793,91,0.0018147008617719
2023-12-01 09:00:00,3.7165,69.0,1.04092,91,0.018424871854293
2023-12-01 10:00:00,0.8435,68.25,0.829215,91,0.0245090598734016
2023-12-01 11:00:00,0.7253333333333334,68.0,0.79252,91,0.0275403417073763
2023-12-01 12:00:00,4.697166666666667,68.0,0.77682,91,0.0219962393931853
2023-12-01 13:00:00,5.8145,67.75,0.77984,91,0.0252423933428576
2023-12-01 14:00:00,0.1618333333333333,67.0,0.845155,91,0.0204801707593803
2023-12-01 15:00:00,5.252666666666667,67.5,0.880605,91,0.0111700854087487
2023-12-01 16:00:00,2.413166666666667,66.75,0.89751,91,0.0007854700897637
2023-12-01 17:00:00,0.1201666666666666,65.25,0.970995,91,0.0
2023-12-01 18:00:00,0.1213333333333333,65.75,0.8622700000000001,91,0.0
2023-12-01 19:00:00,0.121,62.5,0.47456,91,0.0
2023-12-01 20:00:00,0.1208333333333333,61.75,0.1944699999999999,91,0.0
2023-12-01 21:00:00,0.121,63.0,0.1214499999999998,91,0.0
2023-12-01 22:00:00,0.1213333333333333,62.25,0.0663049999999999,91,0.0
2023-12-01 23:00:00,0.1276666666666666,61.25,0.0820799999999999,91,0.0
2023-12-02 00:00:00,0.121,56.0,0.1245049999999999,91,0.0
2023-12-02 01:00:00,0.1208333333333333,57.0,0.12804,91,0.0
2023-12-02 02:00:00,0.1206666666666666,56.5,0.288625,91,0.0
2023-12-02 03:00:00,0.121,56.75,0.346925,91,0.0
2023-12-02 04:00:00,0.121,56.5,0.2422849999999999,91,0.0
2023-12-02 05:00:00,0.121,57.0,0.345925,91,0.0
2023-12-02 06:00:00,0.1208333333333333,58.25,0.357035,91,0.0
2023-12-02 07:00:00,0.12,62.5,0.32004,91,0.0
2023-12-02 08:00:00,0.1198333333333333,62.75,0.382125,91,0.0041364102345755
2023-12-02 09:00:00,0.0783333333333333,60.75,0.34508,91,0.0339211113228757
2023-12-02 10:00:00,0.0523333333333333,58.25,0.300655,91,0.0732640168605706
2023-12-02 11:00:00,0.0,57.5,0.3294449999999999,91,0.0743191452922984
2023-12-02 12:00:00,0.0,57.25,0.3354049999999999,91,0.1071564959664629
2023-12-02 13:00:00,0.0185,58.25,0.3062449999999999,91,0.138000512652927
2023-12-02 14:00:00,0.044,59.25,0.3410899999999999,91,0.1114717098382803
2023-12-02 15:00:00,0.0979999999999999,59.75,0.3314499999999999,91,0.0245930768078209
2023-12-02 16:00:00,0.1101666666666666,59.75,0.30805,91,0.0162774358868089
2023-12-02 17:00:00,0.1098333333333333,59.75,0.3293,91,3.333333402107923e-06
2023-12-02 18:00:00,0.1103333333333333,65.5,0.3552349999999999,91,0.0
2023-12-02 19:00:00,0.11,66.75,0.39092,91,0.0
2023-12-02 20:00:00,0.1103333333333333,63.75,0.3612249999999999,91,0.0
2023-12-02 21:00:00,0.1106666666666666,60.25,0.262335,91,0.0
2023-12-02 22:00:00,0.1113333333333333,59.25,0.2409199999999999,91,0.0
2023-12-02 23:00:00,0.1103333333333333,60.0,0.3408849999999999,91,0.0
2023-12-03 00:00:00,0.1178333333333333,58.0,0.420895,91,0.0
2023-12-03 01:00:00,0.1103333333333333,51.25,0.411085,91,0.0
2023-12-03 02:00:00,0.1106666666666666,46.0,0.43775,91,0.0
2023-12-03 03:00:00,0.11,42.25,0.43303,91,0.0
2023-12-03 04:00:00,0.1098333333333333,39.25,0.375235,91,0.0
2023-12-03 05:00:00,0.1096666666666666,38.0,0.481805,91,0.0
2023-12-03 06:00:00,0.1093333333333333,37.75,0.66321,91,0.0
2023-12-03 07:00:00,0.1091666666666666,38.0,0.7425350000000001,91,0.0
2023-12-03 08:00:00,0.0888333333333333,40.0,0.6376050000000001,91,0.0075626495365913
2023-12-03 09:00:00,0.0323333333333333,45.5,0.462965,91,0.0220515384837093
2023-12-03 10:00:00,6.919666666666667,43.75,0.3998249999999999,91,0.0982684606568426
2023-12-03 11:00:00,0.3971666666666666,42.25,0.411545,91,0.1292956412551749
2023-12-03 12:00:00,1.9845,41.75,0.662535,91,0.1602902568914951
2023-12-03 13:00:00,5.127,42.0,0.697295,91,0.2936529911073864
2023-12-03 14:00:00,7.245333333333332,43.25,0.411215,91,0.2366432476858807
2023-12-03 15:00:00,1.546833333333333,48.5,0.3247999999999999,91,0.0802476075979379
2023-12-03 16:00:00,7.745166666666666,50.25,0.5926,91,0.0108844444754286
2023-12-03 17:00:00,6.729500000000001,50.0,0.646335,91,3.914529863649448e-05
2023-12-03 18:00:00,0.0,49.0,0.5949249999999999,91,0.0
2023-12-03 19:00:00,0.0,48.25,0.593455,91,0.0
2023-12-03 20:00:00,0.0,47.75,0.628115,91,0.0
2023-12-03 21:00:00,0.0,43.25,0.572495,91,0.0
2023-12-03 22:00:00,0.0,37.0,0.5952099999999999,91,0.0
2023-12-03 23:00:00,0.0,36.75,0.8561049999999999,91,0.0
2023-12-04 00:00:00,0.0,34.0,0.755395,91,0.0
2023-12-04 01:00:00,0.0,31.25,0.72797,91,0.0
2023-12-04 02:00:00,0.0,33.0,0.75832,91,0.0
2023-12-04 03:00:00,0.0,34.5,0.8873000000000001,91,0.0
2023-12-04 04:00:00,0.0,34.5,1.131495,91,0.0
2023-12-04 05:00:00,0.0,35.25,1.207825,91,0.0
2023-12-04 06:00:00,0.0,39.75,1.291,91,0.0
2023-12-04 07:00:00,0.0,48.75,1.37266,91,0.0
2023-12-04 08:00:00,0.0,50.0,1.3432849999999998,91,0.0048061538455832
2023-12-04 09:00:00,0.0,49.25,1.3344949999999998,91,0.0091267521666665
2023-12-04 10:00:00,0.0,48.0,1.3113400000000002,91,0.0215188034986838
2023-12-04 11:00:00,0.0,47.5,1.220995,91,0.0276360682136992
2023-12-04 12:00:00,0.0,47.0,1.12002,91,0.0360982052892701
2023-12-04 13:00:00,0.0,46.0,1.108315,91,0.0309125641472319
2023-12-04 14:00:00,0.0,44.5,1.057895,91,0.0212844445155217
2023-12-04 15:00:00,0.0,45.75,1.017395,91,0.0224903418263818
2023-12-04 16:00:00,0.0,46.5,1.02899,91,0.0141839316041551
2023-12-04 17:00:00,0.0,45.25,1.04419,91,4.273504257584222e-06
2023-12-04 18:00:00,0.0,44.75,0.8677849999999999,91,0.0
2023-12-04 19:00:00,0.0,47.0,0.422825,91,0.0
2023-12-04 20:00:00,0.0,48.75,0.1712649999999999,91,0.0
2023-12-04 21:00:00,0.0,47.0,0.1239949999999999,91,0.0
2023-12-04 22:00:00,0.0,43.5,0.087725,91,0.0
2023-12-04 23:00:00,0.0,40.0,0.11295,91,0.0
2023-12-05 00:00:00,0.0,36.75,0.146885,91,0.0
2023-12-05 01:00:00,0.0,32.75,0.276265,91,0.0
2023-12-05 02:00:00,0.0,32.25,0.337885,91,0.0
2023-12-05 03:00:00,0.0,33.5,0.26883,91,0.0
2023-12-05 04:00:00,0.0,34.5,0.3945099999999999,91,0.0
2023-12-05 05:00:00,0.0,36.0,0.868845,91,0.0
2023-12-05 06:00:00,0.0,44.75,1.232295,91,0.0
2023-12-05 07:00:00,0.0,46.0,1.247895,91,0.0
2023-12-05 08:00:00,5.400666666666666,48.25,1.298875,91,0.0096018802587133
2023-12-05 09:00:00,13.724333333333334,47.75,1.247255,91,0.05411102572058
2023-12-05 10:00:00,15.381166666666664,47.25,1.067975,91,0.0876947004367143
2023-12-05 11:00:00,13.007833333333332,46.5,0.96856,91,0.1157575209527953
2023-12-05 12:00:00,18.670333333333332,46.5,0.917405,91,0.1234177781781579
2023-12-05 13:00:00,15.814166666666669,47.25,0.88958,91,0.1306071799840682
2023-12-05 14:00:00,3.941,47.75,0.8454999999999999,91,0.0669630767545129
2023-12-05 15:00:00,6.277833333333334,48.5,0.821285,91,0.0491708544788197
2023-12-05 16:00:00,0.0196666666666666,49.0,0.862945,91,0.0096106837778232
2023-12-05 17:00:00,0.0,49.25,0.90857,91,0.0
2023-12-05 18:00:00,0.0,47.5,0.790285,91,0.0
2023-12-05 19:00:00,0.0,47.5,0.40892,91,0.0
2023-12-05 20:00:00,0.0,48.5,0.147545,91,0.0
2023-12-05 21:00:00,0.0,50.25,0.1003749999999999,91,0.0
2023-12-05 22:00:00,0.0,51.25,0.051785,91,0.0
2023-12-05 23:00:00,0.0,51.0,0.079745,91,0.0
2023-12-06 00:00:00,0.0,50.75,0.261805,91,0.0
2023-12-06 01:00:00,0.0,49.0,0.300845,91,0.0
2023-12-06 02:00:00,0.0,48.75,0.2504,91,0.0
2023-12-06 03:00:00,0.0,47.0,0.296045,91,0.0
2023-12-06 04:00:00,0.0,48.25,0.31844,91,0.0
2023-12-06 05:00:00,0.0,49.5,0.8008350000000001,91,0.0
2023-12-06 06:00:00,0.0,52.25,1.335615,91,0.0
2023-12-06 07:00:00,0.0,54.25,1.400615,91,0.0
2023-12-06 08:00:00,0.0,54.0,1.4120099999999998,91,0.0284718803558339
2023-12-06 09:00:00,0.0,57.25,1.368785,91,0.1179187178000425
2023-12-06 10:00:00,0.0,57.0,1.226235,91,0.2072641871525691
2023-12-06 11:00:00,0.0,54.0,1.0419699999999998,91,0.2544874362456493
2023-12-06 12:00:00,0.0,49.25,0.861145,91,0.2811672661447117
2023-12-06 13:00:00,0.0,48.0,0.7772450000000001,91,0.0762405987274952
2023-12-06 14:00:00,0.0,50.75,0.7889900000000001,91,0.0901229915455875
2023-12-06 15:00:00,0.6766666666666666,52.0,0.841355,91,0.0542062389748727
2023-12-06 16:00:00,0.2598333333333333,55.75,0.88775,91,0.0128564956602759
2023-12-06 17:00:00,1.3998333333333333,61.25,0.918405,91,1.538461472234154e-06
2023-12-06 18:00:00,0.0,63.75,0.8877799999999999,91,0.0
2023-12-06 19:00:00,0.0,64.5,1.0186,91,0.0
2023-12-06 20:00:00,0.0,65.5,1.078585,91,0.0
2023-12-06 21:00:00,0.0,66.0,0.8306,91,0.0
2023-12-06 22:00:00,0.0,65.75,0.8074699999999999,91,0.0
2023-12-06 23:00:00,0.0,61.5,0.898265,91,0.0
2023-12-07 00:00:00,0.0,51.75,0.89466,91,0.0
2023-12-07 01:00:00,0.0,51.0,0.9255,91,0.0
2023-12-07 02:00:00,0.0,50.25,0.96045,91,0.0
2023-12-07 03:00:00,0.0,48.75,0.99722,91,0.0
2023-12-07 04:00:00,0.0,46.5,1.029695,91,0.0
2023-12-07 05:00:00,0.0,48.75,1.116265,91,0.0
2023-12-07 06:00:00,0.0,51.25,1.23309,91,0.0
2023-12-07 07:00:00,0.0083333333333333,49.0,0.6346649999999999,91,0.0
2023-12-07 08:00:00,6.480166666666666,48.0,0.0,91,0.0211420513294701
2023-12-07 09:00:00,14.364166666666668,47.25,0.0,91,0.1112767518687452
2023-12-07 10:00:00,10.266833333333333,47.25,0.0,91,0.1983227353218274
2023-12-07 11:00:00,5.761166666666667,47.25,0.0,91,0.2509855550782293
2023-12-07 12:00:00,18.082666666666668,47.0,0.0,91,0.2242121372059879
2023-12-07 13:00:00,18.39483333333333,47.75,0.8898800000000001,91,0.1612328200054983
2023-12-07 14:00:00,9.366166666666668,49.0,1.43003,91,0.1135435892577863
2023-12-07 15:00:00,0.0,49.75,1.093155,91,0.0660850421791402
2023-12-07 16:00:00,0.0,49.0,1.03392,91,0.0141123932267292
2023-12-07 17:00:00,0.0,48.75,0.94091,91,0.0
2023-12-07 18:00:00,0.0,51.0,0.81022,91,0.0
2023-12-07 19:00:00,6.4433333333333325,51.25,0.44216,91,0.0
2023-12-07 20:00:00,1.9908333333333332,51.0,0.151515,91,0.0
2023-12-07 21:00:00,0.0,51.75,0.1002649999999999,91,0.0
2023-12-07 22:00:00,0.0,49.25,0.041545,91,0.0
2023-12-07 23:00:00,0.0,47.5,0.065405,91,0.0
2023-12-08 00:00:00,0.0,40.75,0.114415,91,0.0
2023-12-08 01:00:00,0.0,29.5,0.112465,91,0.0
2023-12-08 02:00:00,0.0,29.5,0.214085,91,0.0
2023-12-08 03:00:00,0.0,30.5,0.20153,91,0.0
2023-12-08 04:00:00,0.0,31.0,0.14123,91,0.0
2023-12-08 05:00:00,0.0,34.0,0.5509799999999999,91,0.0
2023-12-08 06:00:00,0.0,42.75,1.170065,91,0.0
2023-12-08 07:00:00,0.0,48.0,1.330775,91,0.0
2023-12-08 08:00:00,5.88,50.0,1.18416,91,0.0029760683856458
2023-12-08 09:00:00,7.261666666666667,50.25,1.10313,91,0.0231220513123732
2023-12-08 10:00:00,8.404166666666667,51.5,1.058195,91,0.0425541879376794
2023-12-08 11:00:00,7.910833333333334,53.25,1.018995,91,0.0500529914024548
2023-12-08 12:00:00,7.168833333333335,53.75,0.987575,91,0.0532868376756325
2023-12-08 13:00:00,6.8435,52.75,0.938905,91,0.0544619658869555
2023-12-08 14:00:00,4.801833333333334,52.0,0.86239,91,0.0658193161548712
2023-12-08 15:00:00,6.347666666666666,52.0,0.8306600000000001,91,0.0206798292123354
2023-12-08 16:00:00,8.426333333333334,53.75,0.840445,91,0.0040908547025969
2023-12-08 17:00:00,0.0,56.25,0.8150149999999999,91,0.0
2023-12-08 18:00:00,0.0,55.5,0.73828,91,0.0
2023-12-08 19:00:00,0.0,56.0,0.4239799999999999,91,0.0
2023-12-08 20:00:00,0.0,54.5,0.130435,91,0.0
2023-12-08 21:00:00,0.0,46.75,0.0773249999999999,91,0.0
2023-12-08 22:00:00,0.0,42.25,0.02796,91,0.0
2023-12-08 23:00:00,0.0,40.5,0.045735,91,0.0
2023-12-09 00:00:00,0.0,29.0,0.08925,91,0.0
2023-12-09 01:00:00,0.0,22.0,0.0884999999999999,91,0.0
2023-12-09 02:00:00,0.0,22.0,0.0902449999999999,91,0.0
2023-12-09 03:00:00,0.0,22.0,0.0926249999999999,91,0.0
2023-12-09 04:00:00,0.0,23.0,0.08788,91,0.0
2023-12-09 05:00:00,0.0,22.25,0.20403,91,0.0
2023-12-09 06:00:00,0.0,21.25,0.38213,91,0.0
2023-12-09 07:00:00,0.0,20.25,0.291785,91,0.0
2023-12-09 08:00:00,0.0,20.0,0.167845,91,0.0206679488756717
2023-12-09 09:00:00,0.0,19.75,0.1986149999999999,91,0.0551274357494126
2023-12-09 10:00:00,0.0,19.0,0.207505,91,0.0476288887578198
2023-12-09 11:00:00,0.0,19.0,0.15407,91,0.0897308545234876
2023-12-09 12:00:00,0.0,18.25,0.085725,91,0.0539753844595362
2023-12-09 13:00:00,0.0,18.75,0.07736,91,0.0356359829861893
2023-12-09 14:00:00,0.0,19.0,0.1642599999999999,91,0.0242419658563075
2023-12-09 15:00:00,0.0,19.0,0.1844199999999999,91,0.0087545299106954
2023-12-09 16:00:00,0.0,19.0,0.1615299999999999,91,8.316239326173424e-05
2023-12-09 17:00:00,0.0,19.0,0.18557,91,0.0
2023-12-09 18:00:00,0.0,20.75,0.18296,91,0.0
2023-12-09 19:00:00,0.0,21.0,0.1614799999999999,91,0.0
2023-12-09 20:00:00,0.0,20.75,0.1241399999999999,91,0.0
2023-12-09 21:00:00,0.0,20.75,0.0941199999999999,91,0.0
2023-12-09 22:00:00,0.0,21.0,0.0649899999999999,91,0.0
2023-12-09 23:00:00,0.0,21.75,0.1058499999999999,91,0.0
2023-12-10 00:00:00,0.0,21.25,0.1670999999999999,91,0.0
2023-12-10 01:00:00,0.0,22.0,0.0943899999999999,91,0.0
2023-12-10 02:00:00,0.0,22.0,0.05316,91,0.0
2023-12-10 03:00:00,0.0,22.75,0.086445,91,0.0
2023-12-10 04:00:00,0.0,23.5,0.07069,91,0.0
2023-12-10 05:00:00,0.0,23.25,0.07069,91,0.0
2023-12-10 06:00:00,0.0,22.75,0.07069,91,0.0
2023-12-10 07:00:00,0.0,22.0,0.07069,91,0.0
2023-12-10 08:00:00,0.033,21.75,0.07069,91,0.0134843590011836
2023-12-10 09:00:00,0.0443333333333333,21.0,0.07069,91,0.0997111961984227
2023-12-10 10:00:00,0.1128333333333333,20.0,0.07069,91,0.1967402567415156
2023-12-10 11:00:00,0.1301666666666666,19.75,0.07069,91,0.267307008596567
2023-12-10 12:00:00,0.1293333333333333,19.0,0.07069,91,0.2822257258749416
2023-12-10 13:00:00,0.0905,19.0,0.07069,91,0.2477120515220185
2023-12-10 14:00:00,0.0536666666666666,20.0,0.07069,91,0.1666926488305768
2023-12-10 15:00:00,0.0536666666666666,20.0,0.07069,91,0.0701595722100673
2023-12-10 16:00:00,0.0538333333333333,20.0,0.07069,91,0.0177670085046472
2023-12-10 17:00:00,0.0964999999999999,19.5,0.07069,91,0.0
2023-12-10 18:00:00,0.128,19.0,0.07069,91,0.0
2023-12-10 19:00:00,0.1348333333333333,19.0,0.07069,91,0.0
2023-12-10 20:00:00,0.1266666666666666,19.0,0.07069,91,0.0
2023-12-10 21:00:00,0.1263333333333333,19.75,0.07069,91,0.0
2023-12-10 22:00:00,0.0998333333333333,20.0,0.07069,91,0.0
2023-12-10 23:00:00,0.0,20.5,0.07069,91,0.0
2023-12-11 00:00:00,0.0,20.75,0.07069,91,0.0
2023-12-11 01:00:00,0.0,21.0,0.07069,91,0.0
2023-12-11 02:00:00,0.0,21.0,0.07069,91,0.0
2023-12-11 03:00:00,0.0,22.0,0.07069,91,0.0
2023-12-11 04:00:00,0.0,22.0,0.45358,91,0.0
2023-12-11 05:00:00,0.0,21.25,1.039905,91,0.0
2023-12-11 06:00:00,0.0,21.5,1.09055,91,0.0
2023-12-11 07:00:00,0.0,23.75,1.01983,91,0.0
2023-12-11 08:00:00,0.0,28.0,1.058115,91,0.0006433333348259
2023-12-11 09:00:00,0.0,32.5,0.93398,91,0.0086876923151505
2023-12-11 10:00:00,0.096,33.75,0.852755,91,0.0160869231896522
2023-12-11 11:00:00,0.129,33.75,0.795335,91,0.0245529913698506
2023-12-11 12:00:00,0.1276666666666666,34.75,0.7379599999999998,91,0.0292844442832164
2023-12-11 13:00:00,0.1343333333333333,35.0,0.7300599999999999,91,0.0386133332945342
2023-12-11 14:00:00,0.0595,38.0,0.6871300000000001,91,0.0221287179808331
2023-12-11 15:00:00,0.0493333333333333,45.25,0.6626200000000001,91,0.0098196580343776
2023-12-11 16:00:00,0.0506666666666666,48.25,0.67274,91,0.0009346153910279
2023-12-11 17:00:00,0.0498333333333333,46.75,0.6461,91,0.0
2023-12-11 18:00:00,0.0526666666666666,46.0,0.51221,91,0.0
2023-12-11 19:00:00,0.8765000000000001,46.0,0.2484199999999999,91,0.0
2023-12-11 20:00:00,2.936166666666667,49.0,0.065655,91,0.0
2023-12-11 21:00:00,2.937,50.0,0.0512149999999999,91,0.0
2023-12-11 22:00:00,2.936,51.5,0.033065,91,0.0
2023-12-11 23:00:00,0.2973333333333333,47.0,0.0011599999999999,91,0.0
2023-12-12 00:00:00,0.0,41.75,0.0002099999999999,91,0.0
2023-12-12 01:00:00,0.0,36.5,0.03119,91,0.0
2023-12-12 02:00:00,0.0,35.75,0.04251,91,0.0
2023-12-12 03:00:00,0.0,31.5,0.056135,91,0.0
2023-12-12 04:00:00,0.0,29.5,0.0840699999999999,91,0.0
2023-12-12 05:00:00,0.0,30.5,0.367605,91,0.0
2023-12-12 06:00:00,0.0,36.0,0.7880950000000001,91,0.0
2023-12-12 07:00:00,0.0,43.75,1.00129,91,0.0
2023-12-12 08:00:00,0.0,43.75,0.962735,91,0.008082905974653
2023-12-12 09:00:00,0.0343333333333333,42.25,0.788925,91,0.0312222222792796
2023-12-12 10:00:00,0.928,41.25,0.724475,91,0.0387065813276502
2023-12-12 11:00:00,9.538166666666667,38.25,0.6955450000000001,91,0.062582991265843
2023-12-12 12:00:00,10.451833333333331,33.5,0.60971,91,0.0798473508948953
2023-12-12 13:00:00,10.453833333333334,31.75,0.54663,91,0.0590940168576362
2023-12-12 14:00:00,10.4535,31.75,0.557485,91,0.0275756408618046
2023-12-12 15:00:00,10.452,32.0,0.5466799999999999,91,0.0210962392733647
2023-12-12 16:00:00,10.453166666666666,32.25,0.511425,91,0.0048900000152424
2023-12-12 17:00:00,10.454166666666667,36.5,0.48663,91,0.0
2023-12-12 18:00:00,10.450166666666666,36.0,0.4104699999999999,91,0.0
2023-12-12 19:00:00,10.4485,36.0,0.2125049999999999,91,0.0
2023-12-12 20:00:00,10.447833333333334,35.0,0.0672649999999999,91,0.0
2023-12-12 21:00:00,10.445833333333333,32.5,0.0493849999999999,91,0.0
2023-12-12 22:00:00,4.977166666666666,27.5,0.02523,91,0.0
2023-12-12 23:00:00,0.0,27.25,0.0012,91,0.0
2023-12-13 00:00:00,0.0,27.25,0.00025,91,0.0
2023-12-13 01:00:00,0.0,26.75,0.0297599999999999,91,0.0
2023-12-13 02:00:00,0.0,24.75,0.0491249999999999,91,0.0
2023-12-13 03:00:00,0.0,24.25,0.0624149999999999,91,0.0
2023-12-13 04:00:00,0.0,23.75,0.0738549999999999,91,0.0
2023-12-13 05:00:00,0.0,25.5,0.3466149999999999,91,0.0
2023-12-13 06:00:00,0.0,32.5,0.4070312409845449,91,0.0
2023-12-13 07:00:00,0.0,44.5,0.6337012409845448,91,0.0
2023-12-13 08:00:00,0.0,49.75,0.93386,91,0.0048150426900794
2023-12-13 09:00:00,0.0463333333333333,51.0,0.7458049999999999,91,0.0285788032438001
2023-12-13 10:00:00,0.0255,51.0,0.701475,91,0.079325128049932
2023-12-13 11:00:00,0.0,49.0,0.60751,91,0.077514615466452
2023-12-13 12:00:00,0.0,51.25,0.6039849999999999,91,0.1356670935133583
2023-12-13 13:00:00,0.0,50.25,0.57931,91,0.105370684199863
2023-12-13 14:00:00,0.0,46.75,0.515975,91,0.0549776920905479
2023-12-13 15:00:00,0.0,47.5,0.58902,91,0.0678520509931776
2023-12-13 16:00:00,0.0,50.5,0.6195849999999999,91,0.0151889743602985
2023-12-13 17:00:00,0.0,50.5,0.62007,91,0.0
2023-12-13 18:00:00,0.0,52.5,0.47763,91,0.0
2023-12-13 19:00:00,0.0,49.5,0.2871849999999999,91,0.0
2023-12-13 20:00:00,0.0441666666666666,50.0,0.1842349999999999,91,0.0
2023-12-13 21:00:00,0.0533333333333333,51.25,0.0885299999999999,91,0.0
2023-12-13 22:00:00,0.0595,51.75,0.0239649999999999,91,0.0
2023-12-13 23:00:00,0.0275,51.25,0.040665,91,0.0
2023-12-14 00:00:00,0.0,44.5,0.0783199999999999,91,0.0
2023-12-14 01:00:00,0.0,43.0,0.0803699999999999,91,0.0
2023-12-14 02:00:00,0.0,43.75,0.07464,91,0.0
2023-12-14 03:00:00,0.0,44.75,0.1015949999999999,91,0.0
2023-12-14 04:00:00,0.0,44.75,0.124195,91,0.0
2023-12-14 05:00:00,0.0,42.25,0.38005,91,0.0
2023-12-14 06:00:00,0.0,47.0,0.8713799999999999,91,0.0
2023-12-14 07:00:00,0.0,56.25,1.17346,91,0.0
2023-12-14 08:00:00,0.0183333333333333,57.25,1.12381,91,0.0004923931681192
2023-12-14 09:00:00,0.09,57.25,0.99208,91,0.0355078633524413
2023-12-14 10:00:00,6.304833333333334,57.5,0.920285,91,0.1274067519261287
2023-12-14 11:00:00,10.4345,54.25,0.795465,91,0.1362388891236395
2023-12-14 12:00:00,10.442333333333334,54.75,0.7634599999999999,91,0.1483824780456021
2023-12-14 13:00:00,10.453666666666669,56.5,0.720795,91,0.2107309406639164
2023-12-14 14:00:00,10.453333333333331,55.75,0.65963,91,0.1630009400131356
2023-12-14 15:00:00,10.450166666666666,57.25,0.670155,91,0.0716720512993315
2023-12-14 16:00:00,10.433,57.0,0.74539,91,0.010135128242481
2023-12-14 17:00:00,5.999,57.5,0.8088500000000001,91,0.0
2023-12-14 18:00:00,0.8300000000000001,58.25,0.6992350000000002,91,0.0
2023-12-14 19:00:00,9.361333333333333,60.0,0.364315,91,0.0
2023-12-14 20:00:00,10.433833333333332,60.5,0.11233,91,0.0
2023-12-14 21:00:00,10.433166666666668,56.75,0.079695,91,0.0
2023-12-14 22:00:00,10.432333333333332,59.0,0.03494,91,0.0
2023-12-14 23:00:00,10.426666666666668,61.0,0.041865,91,0.0
2023-12-15 00:00:00,10.422333333333333,56.75,0.0687549999999999,91,0.0
2023-12-15 01:00:00,10.420166666666669,48.75,0.0686749999999999,91,0.0
2023-12-15 02:00:00,10.421666666666669,48.25,0.095705,91,0.0
2023-12-15 03:00:00,10.417333333333334,47.5,0.10805,91,0.0
2023-12-15 04:00:00,10.4175,47.25,0.1175499999999999,91,0.0
2023-12-15 05:00:00,1.5996666666666668,52.0,0.3759349999999999,91,0.0
2023-12-15 06:00:00,0.0,58.75,0.941955,91,0.0
2023-12-15 07:00:00,0.0,61.5,1.279965,91,0.0
2023-12-15 08:00:00,0.0,62.0,1.24647,91,0.013388888858195
2023-12-15 09:00:00,0.0,60.75,1.099745,91,0.0700850428882827
2023-12-15 10:00:00,0.0,57.25,0.968125,91,0.1781788887936844
2023-12-15 11:00:00,4.541666666666667,56.75,0.893995,91,0.272992051931528
2023-12-15 12:00:00,0.8471666666666667,53.5,0.749615,91,0.2858279482523601
2023-12-15 13:00:00,0.0826666666666666,50.75,0.6324850000000001,91,0.2839284609933185
2023-12-15 14:00:00,0.0788333333333333,49.75,0.614455,91,0.227462906144623
2023-12-15 15:00:00,2.3395,52.5,0.594495,91,0.0774903417652488
2023-12-15 16:00:00,10.44,53.75,0.6653950000000001,91,0.0227144443619455
2023-12-15 17:00:00,10.444333333333336,55.5,0.8122950000000001,91,4.666666691310892e-05
2023-12-15 18:00:00,10.447333333333331,55.5,0.7567149999999999,91,0.0
2023-12-15 19:00:00,10.441,55.5,0.3990249999999999,91,0.0
2023-12-15 20:00:00,10.438833333333331,50.75,0.122525,91,0.0
2023-12-15 21:00:00,5.4606666666666674,43.5,0.068145,91,0.0
2023-12-15 22:00:00,2.5555,40.5,0.0273899999999999,91,0.0
2023-12-15 23:00:00,2.557,40.75,0.06232,91,0.0
2023-12-16 00:00:00,2.558,34.5,0.11979,91,0.0
2023-12-16 01:00:00,2.5581666666666667,27.0,0.1317949999999999,91,0.0
2023-12-16 02:00:00,2.5605,26.5,0.1498699999999999,91,0.0
2023-12-16 03:00:00,0.145,27.75,0.314745,91,0.0
2023-12-16 04:00:00,0.0,26.0,0.35122,91,0.0
2023-12-16 05:00:00,0.0,26.5,0.296505,91,0.0
2023-12-16 06:00:00,0.0,26.75,0.253345,91,0.0
2023-12-16 07:00:00,0.0,26.25,0.25764,91,0.0
2023-12-16 08:00:00,0.0,26.0,0.30744,91,0.0047943589829991
2023-12-16 09:00:00,0.0,24.75,0.242375,91,0.0761234187264727
2023-12-16 10:00:00,0.0,23.25,0.2067649999999999,91,0.1155514526367187
2023-12-16 11:00:00,0.0,23.25,0.16769,91,0.0954540166284284
2023-12-16 12:00:00,0.0,23.25,0.134095,91,0.1514094021789029
2023-12-16 13:00:00,0.0,22.75,0.106805,91,0.3066470095642611
2023-12-16 14:00:00,0.0,23.5,0.0965549999999999,91,0.2539790595291007
2023-12-16 15:00:00,0.0,25.75,0.0900999999999999,91,0.1019442735166631
2023-12-16 16:00:00,0.0,32.25,0.1053549999999999,91,0.0127342735317686
2023-12-16 17:00:00,0.0,33.75,0.1189799999999999,91,2.564102586390598e-07
2023-12-16 18:00:00,0.0,33.75,0.1221849999999999,91,0.0
2023-12-16 19:00:00,0.0,31.75,0.1155399999999999,91,0.0
2023-12-16 20:00:00,0.0,32.25,0.126395,91,0.0
2023-12-16 21:00:00,0.0,29.5,0.277835,91,0.0
2023-12-16 22:00:00,0.0,26.5,0.325125,91,0.0
2023-12-16 23:00:00,0.0,25.75,0.25659,91,0.0
2023-12-17 00:00:00,0.0,23.75,0.242205,91,0.0
2023-12-17 01:00:00,0.0,24.0,0.25979,91,0.0
2023-12-17 02:00:00,0.0,24.0,0.321085,91,0.0
2023-12-17 03:00:00,0.0,24.0,0.331405,91,0.0
2023-12-17 04:00:00,0.0,24.0,0.341045,91,0.0
2023-12-17 05:00:00,0.0,24.0,0.49208,91,0.0
2023-12-17 06:00:00,0.0,24.0,0.4797099999999999,91,0.0
2023-12-17 07:00:00,0.0,23.75,0.457675,91,0.0
2023-12-17 08:00:00,0.0,23.0,0.4993100000000001,91,0.0109376068607482
2023-12-17 09:00:00,0.0,22.25,0.35342,91,0.0899700854374812
2023-12-17 10:00:00,0.0,21.25,0.304235,91,0.1874482052142803
2023-12-17 11:00:00,0.0,21.0,0.36507,91,0.2613311108972272
2023-12-17 12:00:00,0.0,20.75,0.324635,91,0.2952736742068559
2023-12-17 13:00:00,0.0,21.0,0.1615099999999999,91,0.2721423079009749
2023-12-17 14:00:00,0.0,20.75,0.0896399999999999,91,0.2041335042317708
2023-12-17 15:00:00,0.0,21.0,0.0831949999999999,91,0.0642412819617834
2023-12-17 16:00:00,0.0,21.0,0.1016099999999999,91,0.0092239316075276
2023-12-17 17:00:00,0.0,20.75,0.14512,91,5.4188035388723856e-05
2023-12-17 18:00:00,0.0,20.0,0.3002099999999999,91,0.0
2023-12-17 19:00:00,0.0,20.0,0.3071149999999999,91,0.0
2023-12-17 20:00:00,0.0,19.75,0.1960299999999999,91,0.0
2023-12-17 21:00:00,0.0,20.0,0.2422199999999999,91,0.0
2023-12-17 22:00:00,0.0,20.25,0.40301,91,0.0
2023-12-17 23:00:00,0.0,21.0,0.54998,91,0.0
2023-12-18 00:00:00,0.0,22.5,0.4889349999999999,91,0.0
2023-12-18 01:00:00,0.0,21.25,0.38381,91,0.0
2023-12-18 02:00:00,0.0,21.5,0.427355,91,0.0
2023-12-18 03:00:00,0.0,22.25,0.82567,91,0.0
2023-12-18 04:00:00,0.0,22.0,1.1202949999999998,91,0.0
2023-12-18 05:00:00,0.0,23.0,1.15699,91,0.0
2023-12-18 06:00:00,0.0,29.25,1.274365,91,0.0
2023-12-18 07:00:00,0.0,38.5,1.371115,91,0.0
2023-12-18 08:00:00,0.0,49.25,1.406245,91,0.0113995726162997
2023-12-18 09:00:00,0.0,55.25,1.375745,91,0.0908847865895328
2023-12-18 10:00:00,0.0,54.0,1.42081,91,0.1872887172861995
2023-12-18 11:00:00,0.0,47.5,1.3079,91,0.2631041887071397
2023-12-18 12:00:00,0.0,45.5,1.069285,91,0.2938668379824385
2023-12-18 13:00:00,0.0,45.5,0.927945,91,0.2728380330403646
2023-12-18 14:00:00,3.5733333333333337,46.75,0.828605,91,0.2041674372681186
2023-12-18 15:00:00,11.534166666666666,47.75,0.763255,91,0.0650143585653386
2023-12-18 16:00:00,0.0,49.25,0.8066599999999999,91,0.0094049573021057
2023-12-18 17:00:00,0.0,50.0,0.900265,91,6.393162418220544e-05
2023-12-18 18:00:00,0.0,49.75,0.84563,91,0.0
2023-12-18 19:00:00,0.0,49.75,0.46552,91,0.0
2023-12-18 20:00:00,0.0,49.5,0.147315,91,0.0
2023-12-18 21:00:00,0.0,38.75,0.11334,91,0.0
2023-12-18 22:00:00,0.0,31.5,0.055975,91,0.0
2023-12-18 23:00:00,0.0,29.75,0.0922199999999999,91,0.0
2023-12-19 00:00:00,0.0,25.5,0.225555,91,0.0
2023-12-19 01:00:00,0.0,23.0,0.300655,91,0.0
2023-12-19 02:00:00,0.0,22.5,0.3088749999999999,91,0.0
2023-12-19 03:00:00,0.0,22.75,0.3068399999999999,91,0.0
2023-12-19 04:00:00,0.0,23.5,0.3368549999999999,91,0.0
2023-12-19 05:00:00,0.0,23.0,0.8029699999999999,91,0.0
2023-12-19 06:00:00,0.0,26.0,1.310535,91,0.0
2023-12-19 07:00:00,0.0,35.75,1.37604,91,0.0
2023-12-19 08:00:00,0.0,43.0,1.3899800000000002,91,0.0111570084203257
2023-12-19 09:00:00,0.0,42.5,1.34473,91,0.0898464952778612
2023-12-19 10:00:00,0.0,40.75,1.23529,91,0.1884474364712706
2023-12-19 11:00:00,0.0,40.25,1.13041,91,0.2621089733156383
2023-12-19 12:00:00,0.0,40.25,0.9873,91,0.2885141030336037
2023-12-19 13:00:00,0.0,37.25,0.82737,91,0.2678807690612271
2023-12-19 14:00:00,0.0,33.5,0.71019,91,0.2067349588769114
2023-12-19 15:00:00,0.0,34.25,0.6930299999999999,91,0.0664042731839367
2023-12-19 16:00:00,0.0,33.75,0.791065,91,0.0094080341499075
2023-12-19 17:00:00,0.0,34.5,0.873825,91,6.076923085965654e-05
2023-12-19 18:00:00,0.0,30.0,0.84811,91,0.0
2023-12-19 19:00:00,0.0,32.25,0.47525,91,0.0
2023-12-19 20:00:00,0.0,33.5,0.116935,91,0.0
2023-12-19 21:00:00,0.0,25.5,0.082715,91,0.0
2023-12-19 22:00:00,0.0,19.0,0.03208,91,0.0
2023-12-19 23:00:00,0.0,19.75,0.0704,91,0.0
2023-12-20 00:00:00,0.0,19.75,0.122985,91,0.0
2023-12-20 01:00:00,0.0,20.0,0.1055249999999999,91,0.0
2023-12-20 02:00:00,0.0,20.5,0.1210999999999999,91,0.0
2023-12-20 03:00:00,0.0,21.25,0.1640299999999999,91,0.0
2023-12-20 04:00:00,0.0,23.25,0.4195549999999999,91,0.0
2023-12-20 05:00:00,0.0,25.25,0.848805,91,0.0
2023-12-20 06:00:00,0.0,24.5,1.115595,91,0.0
2023-12-20 07:00:00,0.0,23.5,1.301315,91,0.0
2023-12-20 08:00:00,0.0,22.75,1.27807,91,9.743589748684188e-06
2023-12-20 09:00:00,0.0,22.0,1.1072,91,0.0064572649340853
2023-12-20 10:00:00,0.0,22.5,1.035135,91,0.0611249572395259
2023-12-20 11:00:00,0.0,23.5,0.919665,91,0.1138152137984577
2023-12-20 12:00:00,0.0,24.25,0.8590650000000001,91,0.0685706836341792
2023-12-20 13:00:00,0.0,24.0,0.856485,91,0.0827878634134928
2023-12-20 14:00:00,0.0,25.0,0.8368699999999999,91,0.1009341028001573
2023-12-20 15:00:00,0.0,27.0,0.86719,91,0.073464700503227
2023-12-20 16:00:00,0.0,27.0,0.89946,91,0.018339487163939
2023-12-20 17:00:00,0.0,26.75,0.92257,91,4.290598293400224e-05
2023-12-20 18:00:00,0.0,26.5,0.808325,91,0.0
2023-12-20 19:00:00,0.0,26.75,0.41619,91,0.0
2023-12-20 20:00:00,0.0,25.5,0.1588099999999999,91,0.0
2023-12-20 21:00:00,0.0,25.25,0.1217999999999999,91,0.0
2023-12-20 22:00:00,0.0,24.75,0.04622,91,0.0
2023-12-20 23:00:00,0.0,23.75,0.050775,91,0.0
2023-12-21 00:00:00,0.0,22.75,0.0970499999999999,91,0.0
2023-12-21 01:00:00,0.0,22.25,0.0956549999999999,91,0.0
2023-12-21 02:00:00,0.0,21.0,0.12373,91,0.0
2023-12-21 03:00:00,0.0,21.0,0.320065,91,0.0
2023-12-21 04:00:00,0.0,21.0,0.4766549999999999,91,0.0
2023-12-21 05:00:00,0.0,21.25,0.70558,91,0.0
2023-12-21 06:00:00,0.0,20.25,1.161225,91,0.0
2023-12-21 07:00:00,0.0,18.25,1.39752,91,0.0
2023-12-21 08:00:00,0.0,18.0,1.31213,91,0.0103600854662239
2023-12-21 09:00:00,0.0,18.5,1.18462,91,0.0428436751650948
2023-12-21 10:00:00,0.0,17.75,1.063815,91,0.1314581194494524
2023-12-21 11:00:00,0.0,18.0,0.90119,91,0.0789064964066204
2023-12-21 12:00:00,0.0,18.0,0.90932,91,0.069842905875964
2023-12-21 13:00:00,0.0,18.25,0.94649,91,0.0484143591334677
2023-12-21 14:00:00,0.0,17.5,0.92431,91,0.0719689742520324
2023-12-21 15:00:00,0.0,17.0,0.961585,91,0.0513141026048578
2023-12-21 16:00:00,0.0,17.75,0.963745,91,0.0138909401548389
2023-12-21 17:00:00,0.0,17.25,0.942415,91,0.0
2023-12-21 18:00:00,0.0,17.25,0.8047049999999999,91,0.0
2023-12-21 19:00:00,0.0,17.75,0.420355,91,0.0
2023-12-21 20:00:00,0.0,18.75,0.156435,91,0.0
2023-12-21 21:00:00,0.0,19.0,0.10435,91,0.0
2023-12-21 22:00:00,0.0,19.75,0.0376,91,0.0
2023-12-21 23:00:00,0.0,20.25,0.06375,91,0.0
2023-12-22 00:00:00,0.0,20.0,0.097285,91,0.0
2023-12-22 01:00:00,0.0,20.5,0.07081,91,0.0
2023-12-22 02:00:00,0.0,20.75,0.086305,91,0.0
2023-12-22 03:00:00,0.0,20.75,0.1117849999999999,91,0.0
2023-12-22 04:00:00,0.0,21.0,0.22476,91,0.0
2023-12-22 05:00:00,0.0,20.75,0.4532449999999999,91,0.0
2023-12-22 06:00:00,0.0,19.5,0.792085,91,0.0
2023-12-22 07:00:00,0.0,18.25,1.130645,91,0.0
2023-12-22 08:00:00,0.0,18.0,1.10031,91,0.0061986324802423
2023-12-22 09:00:00,0.0,18.0,0.91587,91,0.0262116239009759
2023-12-22 10:00:00,0.0,18.0,0.85474,91,0.0391904273807492
2023-12-22 11:00:00,0.0,18.0,0.74777,91,0.1021576060596694
2023-12-22 12:00:00,0.0,18.0,0.6846800000000001,91,0.1558337609380738
2023-12-22 13:00:00,0.0,17.25,0.7048000000000001,91,0.1017972655174059
2023-12-22 14:00:00,0.0,16.0,0.74259,91,0.0442047862517528
2023-12-22 15:00:00,0.0,16.0,0.75246,91,0.0230987177954779
2023-12-22 16:00:00,0.0,16.0,0.7183,91,0.0087322222552875
2023-12-22 17:00:00,0.0,16.0,0.729135,91,0.0
2023-12-22 18:00:00,0.0,16.0,0.581625,91,0.0
2023-12-22 19:00:00,0.0,16.0,0.2760499999999999,91,0.0
2023-12-22 20:00:00,0.0,17.0,0.121675,91,0.0
2023-12-22 21:00:00,0.0,17.75,0.092165,91,0.0
2023-12-22 22:00:00,0.0,18.0,0.04409,91,0.0
2023-12-22 23:00:00,0.0,18.75,0.053425,91,0.0
2023-12-23 00:00:00,0.0,19.25,0.1003999999999999,91,0.0
2023-12-23 01:00:00,0.0,20.25,0.09521,91,0.0
2023-12-23 02:00:00,0.0,21.25,0.0954599999999999,91,0.0
2023-12-23 03:00:00,0.0,22.0,0.09762,91,0.0
2023-12-23 04:00:00,0.0,23.0,0.20603,91,0.0
2023-12-23 05:00:00,0.0,22.0,0.19708,91,0.0
2023-12-23 06:00:00,0.0,21.0,0.092,91,0.0
2023-12-23 07:00:00,0.0,20.25,0.288545,91,0.0
2023-12-23 08:00:00,0.0,18.75,0.26718,91,0.0143577777616616
2023-12-23 09:00:00,0.0,18.0,0.089665,91,0.0973225639212844
2023-12-23 10:00:00,0.0,17.25,0.060335,91,0.1983594023875701
2023-12-23 11:00:00,0.0,17.0,0.001025,91,0.2135397443200788
2023-12-23 12:00:00,0.076,17.0,0.00017,91,0.3517582055442353
2023-12-23 13:00:00,0.0916666666666666,17.0,0.0,91,0.2206805119962774
2023-12-23 14:00:00,0.0948333333333333,17.0,0.0,91,0.122962564240154
2023-12-23 15:00:00,0.0918333333333333,17.25,0.0,91,0.0579682052237355
2023-12-23 16:00:00,0.0914999999999999,17.5,0.0,91,0.016823418874007
2023-12-23 17:00:00,0.0914999999999999,17.25,0.0,91,4.4358973590354527e-05
2023-12-23 18:00:00,0.0923333333333333,17.0,0.0,91,0.0
2023-12-23 19:00:00,0.0924999999999999,16.75,0.0,91,0.0
2023-12-23 20:00:00,0.0911666666666666,16.75,0.0,91,0.0
2023-12-23 21:00:00,0.0904999999999999,17.25,0.0,91,0.0
2023-12-23 22:00:00,0.0911666666666666,17.75,0.2664049999999999,91,0.0
2023-12-23 23:00:00,0.0968333333333333,18.75,0.2681649999999999,91,0.0
2023-12-24 00:00:00,0.0914999999999999,19.5,0.06214,91,0.0
2023-12-24 01:00:00,0.0916666666666666,21.0,0.120575,91,0.0
2023-12-24 02:00:00,0.0916666666666666,21.5,0.269455,91,0.0
2023-12-24 03:00:00,0.0921666666666666,23.25,0.340395,91,0.0
2023-12-24 04:00:00,0.0916666666666666,23.0,0.35742,91,0.0
2023-12-24 05:00:00,0.0926666666666666,23.25,0.33338,91,0.0
2023-12-24 06:00:00,0.0926666666666666,23.25,0.25857,91,0.0
2023-12-24 07:00:00,0.0906666666666666,23.0,0.30723,91,0.0
2023-12-24 08:00:00,0.0916666666666666,20.75,0.285585,91,0.0090570085944655
2023-12-24 09:00:00,0.0939999999999999,20.0,0.132265,91,0.0868595727284749
2023-12-24 10:00:00,0.0916666666666666,19.25,0.00295,91,0.1836447027809599
2023-12-24 11:00:00,0.0916666666666666,18.75,0.000515,91,0.2589563258896526
2023-12-24 12:00:00,0.0924999999999999,18.0,0.0,91,0.2899123940101036
2023-12-24 13:00:00,0.0911666666666666,19.0,0.0,91,0.2719016236525315
2023-12-24 14:00:00,0.0904999999999999,19.0,0.0,91,0.2071222209115313
2023-12-24 15:00:00,0.0911666666666666,19.75,0.0,91,0.0715948719244736
2023-12-24 16:00:00,0.0923333333333333,20.0,0.0,91,0.0100059828798995
2023-12-24 17:00:00,0.0923333333333333,19.25,0.47201,91,0.0001329914539351
2023-12-24 18:00:00,0.1006666666666666,19.0,0.60139,91,0.0
2023-12-24 19:00:00,0.0923333333333333,19.75,0.24683,91,0.0
2023-12-24 20:00:00,0.0913333333333333,21.0,0.1955949999999999,91,0.0
2023-12-24 21:00:00,0.0906666666666666,22.0,0.2956049999999999,91,0.0
2023-12-24 22:00:00,0.0906666666666666,22.0,0.25955,91,0.0
2023-12-24 23:00:00,0.0916666666666666,22.0,0.195315,91,0.0
2023-12-25 00:00:00,0.0911666666666666,23.5,0.370855,91,0.0
2023-12-25 01:00:00,0.0908333333333333,24.0,0.37182,91,0.0
2023-12-25 02:00:00,0.0911666666666666,24.5,0.341515,91,0.0
2023-12-25 03:00:00,0.0989999999999999,26.0,0.670295,91,0.0
2023-12-25 04:00:00,0.0904999999999999,26.25,1.104255,91,0.0
2023-12-25 05:00:00,0.0908333333333333,26.0,0.93038,91,0.0
2023-12-25 06:00:00,0.091,26.0,0.5535,91,0.0
2023-12-25 07:00:00,0.093,25.25,0.4217299999999999,91,0.0
2023-12-25 08:00:00,0.0921666666666666,25.0,0.3716399999999999,91,0.0087177777269648
2023-12-25 09:00:00,0.091,22.5,0.3709849999999999,91,0.0847900854420458
2023-12-25 10:00:00,0.092,21.5,0.322285,91,0.180478888943664
2023-12-25 11:00:00,0.0926666666666666,21.0,0.266765,91,0.2556138467381143
2023-12-25 12:00:00,0.0994999999999999,20.25,0.238115,91,0.2868213673127003
2023-12-25 13:00:00,0.0901666666666666,20.75,0.20513,91,0.2716581197885367
2023-12-25 14:00:00,0.0908333333333333,21.0,0.161985,91,0.2083967520232893
2023-12-25 15:00:00,0.0913333333333333,21.0,0.14115,91,0.0727332477080516
2023-12-25 16:00:00,0.0903333333333333,21.0,0.1672799999999999,91,0.0103105982526754
2023-12-25 17:00:00,0.0908333333333333,20.0,0.20461,91,0.0001582905996001
2023-12-25 18:00:00,0.0914999999999999,19.5,0.208055,91,0.0
2023-12-25 19:00:00,0.0918333333333333,20.0,0.29935,91,0.0
2023-12-25 20:00:00,0.0921666666666666,20.0,0.44496,91,0.0
2023-12-25 21:00:00,0.092,20.25,0.3566199999999999,91,0.0
2023-12-25 22:00:00,0.0973333333333333,20.75,0.362355,91,0.0
2023-12-25 23:00:00,0.0931666666666666,21.25,0.44086,91,0.0
2023-12-26 00:00:00,0.0908333333333333,22.0,0.432925,91,0.0
2023-12-26 01:00:00,0.0914999999999999,24.5,0.4517549999999999,91,0.0
2023-12-26 02:00:00,0.0913333333333333,25.0,0.485685,91,0.0
2023-12-26 03:00:00,0.0914999999999999,25.0,0.464705,91,0.0
2023-12-26 04:00:00,0.0913333333333333,25.5,0.791205,91,0.0
2023-12-26 05:00:00,0.0913333333333333,25.25,1.218705,91,0.0
2023-12-26 06:00:00,0.0906666666666666,24.25,0.92978,91,0.0
2023-12-26 07:00:00,0.0953333333333333,23.25,0.50173,91,0.0
2023-12-26 08:00:00,0.0916666666666666,22.25,0.38169,91,0.0082342735206724
2023-12-26 09:00:00,0.0921666666666666,21.75,0.3600399999999999,91,0.0851475214346861
2023-12-26 10:00:00,0.0933333333333333,20.75,0.292515,91,0.1854297439053527
2023-12-26 11:00:00,0.0923333333333333,20.25,0.253865,91,0.2821101718478732
2023-12-26 12:00:00,0.0913333333333333,20.0,0.240645,91,0.1969603421137883
2023-12-26 13:00:00,0.0913333333333333,20.25,0.2078449999999999,91,0.1895920508947128
2023-12-26 14:00:00,0.0904999999999999,20.5,0.1717649999999999,91,0.2034227341871995
2023-12-26 15:00:00,0.0918333333333333,21.0,0.1646549999999999,91,0.0752728205460768
2023-12-26 16:00:00,0.0969999999999999,21.0,0.1872549999999999,91,0.0112717948459152
2023-12-26 17:00:00,0.091,20.75,0.1845149999999999,91,0.0002782051289915
2023-12-26 18:00:00,0.0916666666666666,20.0,0.199635,91,0.0
2023-12-26 19:00:00,0.0916666666666666,19.75,0.2997249999999999,91,0.0
2023-12-26 20:00:00,0.0936666666666666,20.25,0.3852549999999999,91,0.0
2023-12-26 21:00:00,0.0918333333333333,20.25,0.29812,91,0.0
2023-12-26 22:00:00,0.0921666666666666,21.0,0.329835,91,0.0
2023-12-26 23:00:00,0.0904999999999999,21.0,0.46995,91,0.0
2023-12-27 00:00:00,0.091,20.5,0.6041799999999999,91,0.0
2023-12-27 01:00:00,0.0913333333333333,20.75,0.7554250000000001,91,0.0
2023-12-27 02:00:00,0.0991666666666666,21.0,0.577685,91,0.0
2023-12-27 03:00:00,0.0911666666666666,22.5,0.45299,91,0.0
2023-12-27 04:00:00,0.0913333333333333,23.0,0.87521,91,0.0
2023-12-27 05:00:00,0.0911666666666666,22.75,1.2487350000000002,91,0.0
2023-12-27 06:00:00,0.0908333333333333,21.0,0.973415,91,0.0
2023-12-27 07:00:00,0.0916666666666666,20.0,0.540485,91,0.0
2023-12-27 08:00:00,0.092,19.0,0.3751899999999999,91,0.0093429059614865
2023-12-27 09:00:00,0.0918333333333333,18.25,0.34338,91,0.0829886323162632
2023-12-27 10:00:00,0.0921666666666666,17.0,0.315295,91,0.1857888019594371
2023-12-27 11:00:00,0.0984999999999999,17.0,0.26696,91,0.2646712829720261
2023-12-27 12:00:00,0.0921666666666666,17.0,0.216005,91,0.2947212828937758
2023-12-27 13:00:00,0.0933333333333333,17.5,0.14905,91,0.275561282818134
2023-12-27 14:00:00,0.0906666666666666,18.0,0.109415,91,0.2146204271887102
2023-12-27 15:00:00,0.0908333333333333,18.0,0.1161199999999999,91,0.0771066667483403
2023-12-27 16:00:00,0.0916666666666666,17.75,0.1386149999999999,91,0.010532735041064
2023-12-27 17:00:00,0.091,17.25,0.182435,91,0.0002069230773685
2023-12-27 18:00:00,0.091,17.0,0.285065,91,0.0
2023-12-27 19:00:00,0.091,17.25,0.416205,91,0.0
2023-12-27 20:00:00,0.0999999999999999,17.5,0.306765,91,0.0
2023-12-27 21:00:00,0.0916666666666666,18.0,0.26184,91,0.0
2023-12-27 22:00:00,0.0936666666666666,19.0,0.321005,91,0.0
2023-12-27 23:00:00,0.0926666666666666,19.5,0.398485,91,0.0
2023-12-28 00:00:00,0.0923333333333333,20.0,0.705085,91,0.0
2023-12-28 01:00:00,0.0936666666666666,20.0,0.69288,91,0.0
2023-12-28 02:00:00,0.0916666666666666,20.5,0.533675,91,0.0
2023-12-28 03:00:00,0.0908333333333333,22.0,0.60183,91,0.0
2023-12-28 04:00:00,0.0906666666666666,22.0,0.98057,91,0.0
2023-12-28 05:00:00,0.0944999999999999,21.0,1.266535,91,0.0
2023-12-28 06:00:00,0.092,20.75,0.916345,91,0.0
2023-12-28 07:00:00,0.0934999999999999,20.0,0.4999699999999999,91,0.0
2023-12-28 08:00:00,0.0918333333333333,19.0,0.3645399999999999,91,0.006658461609712
2023-12-28 09:00:00,0.0913333333333333,18.75,0.3184099999999999,91,0.0163384620959942
2023-12-28 10:00:00,0.0916666666666666,18.0,0.307305,91,0.0163384620959942
2023-12-28 11:00:00,0.0916666666666666,18.0,0.329675,91,0.0163384620959942
2023-12-28 12:00:00,0.0913333333333333,18.0,0.311465,91,183.66110811958964
2023-12-28 13:00:00,0.0923333333333333,17.75,0.25475,91,0.1761091468680618
2023-12-28 14:00:00,0.1006666666666666,18.0,0.1870349999999999,91,0.1211288034814036
2023-12-28 15:00:00,0.0916666666666666,17.75,0.176095,91,0.0540047006117992
2023-12-28 16:00:00,0.092,17.5,0.292565,91,0.0187417948077249
2023-12-28 17:00:00,0.0933333333333333,17.0,0.5664399999999999,91,5.5555555905796575e-06
2023-12-28 18:00:00,0.0943333333333333,17.0,0.45751,91,0.0
2023-12-28 19:00:00,0.0943333333333333,17.0,0.1767649999999999,91,0.0
2023-12-28 20:00:00,0.0928333333333333,17.75,0.209705,91,0.0
2023-12-28 21:00:00,0.0913333333333333,19.0,0.19677,91,0.0
2023-12-28 22:00:00,0.0926666666666666,19.5,0.27679,91,0.0
2023-12-28 23:00:00,0.1023333333333333,19.75,0.334875,91,0.0
2023-12-29 00:00:00,0.094,20.25,0.46909,91,0.0
2023-12-29 01:00:00,0.094,20.75,0.61393,91,0.0
2023-12-29 02:00:00,0.0943333333333333,21.75,0.4905949999999999,91,0.0
2023-12-29 03:00:00,0.0933333333333333,23.25,0.4729349999999999,91,0.0
2023-12-29 04:00:00,0.092,24.0,0.85114,91,0.0
2023-12-29 05:00:00,0.091,23.5,1.01629,91,0.0
2023-12-29 06:00:00,0.0908333333333333,21.5,0.6851250000000001,91,0.0
2023-12-29 07:00:00,0.093,20.5,0.38824,91,0.0
2023-12-29 08:00:00,0.0989999999999999,19.5,0.257405,91,0.00563991453021
2023-12-29 09:00:00,0.0911666666666666,19.0,0.144885,91,0.0356661537773588
2023-12-29 10:00:00,0.0923333333333333,18.0,0.02377,91,0.0896154695494562
2023-12-29 11:00:00,0.092,18.0,0.0006949999999999,91,0.199588632176065
2023-12-29 12:00:00,0.0926666666666666,17.75,5.999999999994999e-05,91,0.2680013684329824
2023-12-29 13:00:00,0.0914999999999999,18.0,0.0,91,0.2500929913969121
2023-12-29 14:00:00,0.0918333333333333,18.0,0.0,91,0.1020549579359527
2023-12-29 15:00:00,0.0916666666666666,18.0,0.0,91,0.0509356409056573
2023-12-29 16:00:00,0.092,18.0,0.0,91,0.0158235897187493
2023-12-29 17:00:00,0.0958333333333333,17.75,0.0,91,0.0005560683783812
2023-12-29 18:00:00,0.0923333333333333,17.5,0.0,91,0.0
2023-12-29 19:00:00,0.0941666666666666,18.0,0.0,91,0.0
2023-12-29 20:00:00,0.0943333333333333,18.0,0.0,91,0.0
2023-12-29 21:00:00,0.0936666666666666,19.0,0.0,91,0.0
2023-12-29 22:00:00,0.0918333333333333,19.5,0.46944,91,0.0
2023-12-29 23:00:00,0.0918333333333333,20.0,0.78448,91,0.0
2023-12-30 00:00:00,0.0923333333333333,20.25,0.48664,91,0.0
2023-12-30 01:00:00,0.0926666666666666,21.75,0.3433649999999999,91,0.0
2023-12-30 02:00:00,0.0959999999999999,22.5,0.4605999999999999,91,0.0
2023-12-30 03:00:00,0.0936666666666666,22.75,0.4295049999999999,91,0.0
2023-12-30 04:00:00,0.0926666666666666,24.0,0.468615,91,0.0
2023-12-30 05:00:00,0.0933333333333333,23.5,0.4732699999999999,91,0.0
2023-12-30 06:00:00,0.093,23.0,0.2558149999999999,91,0.0
2023-12-30 07:00:00,0.0926666666666666,22.25,0.2885799999999999,91,0.0
2023-12-30 08:00:00,0.0914999999999999,21.0,0.4469499999999999,91,0.0092941025899261
2023-12-30 09:00:00,0.091,20.0,0.4430099999999999,91,0.0815890598297119
2023-12-30 10:00:00,0.0911666666666666,19.0,0.176915,91,0.1703081197820158
2023-12-30 11:00:00,0.0994999999999999,18.75,0.003305,91,0.2516412816495977
2023-12-30 12:00:00,0.0914999999999999,18.25,0.00054,91,0.2895124794071556
2023-12-30 13:00:00,0.0914999999999999,18.0,0.0,91,0.2743096571702223
2023-12-30 14:00:00,0.091,18.0,0.0,91,0.2102158124222714
2023-12-30 15:00:00,0.0911666666666666,18.0,0.0,91,0.0824013670896872
2023-12-30 16:00:00,0.093,18.75,0.0,91,0.014799230771187
2023-12-30 17:00:00,0.0926666666666666,18.25,0.0,91,0.0002129914537549
2023-12-30 18:00:00,0.0933333333333333,17.0,0.0,91,0.0
2023-12-30 19:00:00,0.0933333333333333,17.0,0.0,91,0.0
2023-12-30 20:00:00,0.0999999999999999,17.0,0.0,91,0.0
2023-12-30 21:00:00,0.0911666666666666,17.5,0.0,91,0.0
2023-12-30 22:00:00,0.0933333333333333,17.75,0.0,91,0.0
2023-12-30 23:00:00,0.0933333333333333,17.75,0.594925,91,0.0
2023-12-31 00:00:00,0.093,19.0,1.010825,91,0.0
2023-12-31 01:00:00,0.092,18.75,0.6768350000000001,91,0.0
2023-12-31 02:00:00,0.0923333333333333,19.0,0.51385,91,0.0
2023-12-31 03:00:00,0.092,19.75,0.42316,91,0.0
2023-12-31 04:00:00,0.1004999999999999,20.25,0.402055,91,0.0
2023-12-31 05:00:00,0.0933333333333333,20.0,0.23421,91,0.0
2023-12-31 06:00:00,0.0933333333333333,20.0,0.012855,91,0.0
2023-12-31 07:00:00,0.0923333333333333,19.75,0.0573249999999999,91,0.0
2023-12-31 08:00:00,0.0923333333333333,19.0,0.2156449999999999,91,0.003845897457029
2023-12-31 09:00:00,0.0921666666666666,18.75,0.233815,91,0.0232778633354056
2023-12-31 10:00:00,0.092,18.25,0.067605,91,0.052699743662125
2023-12-31 11:00:00,0.0923333333333333,17.75,0.00312,91,0.1163109397073077
2023-12-31 12:00:00,0.0923333333333333,16.75,0.000555,91,0.1499820507082165
2023-12-31 13:00:00,0.0954999999999999,16.75,0.0,91,0.1193966663596976
2023-12-31 14:00:00,0.0908333333333333,17.0,0.0,91,0.0095035042161615
2023-12-31 15:00:00,0.0908333333333333,17.25,0.0,91,0.0035988034166268
2023-12-31 16:00:00,0.0913333333333333,17.0,0.0,91,0.0020627350488311
2023-12-31 17:00:00,0.0911666666666666,17.0,0.0,91,2.564102586390598e-07
2023-12-31 18:00:00,0.0916666666666666,17.0,0.0,91,0.0
2023-12-31 19:00:00,0.0926666666666666,17.0,0.0,91,0.0
2023-12-31 20:00:00,0.091,18.0,0.101945,91,0.0
2023-12-31 21:00:00,0.091,18.25,0.96171,91,0.0
2023-12-31 22:00:00,0.0946666666666666,18.75,1.184095,91,0.0
2023-12-31 23:00:00,0.0904999999999999,19.25,0.64866,91,0.0
