datetime,Electricity_Consumption[MW],Taux de Co2,Heat_demand[MW],pv,cciag_co2,PV_france,PV_Cap_S1_KWp,Buffer_Cap_S1_KWp,Buffer_Power_S1_KW,Buffer_Energy_S1_KW,estimated_CO2_S1_elec,estimated_CO2_S1_cciag,estimated_CO2_S1_buffer,estimated_CO2_S1_pv,estimated_CO2_S1_total,Consumption_S1,PV_production_S1,heat_demand_cciag_S1_kW,heat_demand_cciag_S1_MW
2023-03-07 00:00:00,1.0728333333333333,67.5,0.0,0.0,52.44815178835934,0.0,0.0,15949.143333332102,911.908333333,1653.5599999991014,72416.249999775,0.0,2279.7708333325,0.0,74696.0208331075,1072.8333333333333,0.0,0.0,0.0
2023-03-07 01:00:00,0.0559999999999999,62.5,0.0,0.0,53.8925721243052,0.0,0.0,15949.143333332102,47.6,2565.4683333321013,3500.0,0.0,119.0,0.0,3619.0,55.9999999999999,0.0,0.0,0.0
2023-03-07 02:00:00,0.0558333333333332,63.25,0.0,0.0,54.96924856124235,0.0,0.0,15949.143333332102,0.0,2613.0683333321012,3531.458333331225,0.0,0.0,0.0,3531.458333331225,55.8333333333332,0.0,0.0,0.0
2023-03-07 03:00:00,0.0563333333333332,62.75,0.0,0.0,56.63336163162717,0.0,0.0,15949.143333332102,0.0,2613.0683333321012,3534.9166666645747,0.0,0.0,0.0,3534.9166666645747,56.3333333333332,0.0,0.0,0.0
2023-03-07 04:00:00,0.0618333333333332,62.5,0.0,0.0,54.53776316187753,0.0,0.0,15949.143333332102,0.0,2613.0683333321012,3864.58333333125,0.0,0.0,0.0,3864.58333333125,61.8333333333332,0.0,0.0,0.0
2023-03-07 05:00:00,0.0558333333333332,67.0,0.0,0.0,56.164578860816896,0.0,0.0,15949.143333332102,0.0,2613.0683333321012,3740.8333333310998,0.0,0.0,0.0,3740.8333333310998,55.8333333333332,0.0,0.0,0.0
2023-03-07 06:00:00,0.0546666666666666,66.5,0.0,0.0,57.86620549739399,0.0,0.0,15949.143333332102,0.0,2613.0683333321012,3635.3333333355504,0.0,0.0,0.0,3635.3333333355504,54.6666666666666,0.0,0.0,0.0
2023-03-07 07:00:00,0.0539999999999999,62.25,0.0,0.0200194436214096,55.97563635764726,0.0148137605538926,0.0,15949.143333332102,0.0,2613.0683333321012,3361.5,0.0,0.0,0.0,3361.5,53.9999999999999,0.0,0.0,0.0
2023-03-07 08:00:00,0.0543333333333332,58.75,0.0,0.1862768310661593,56.86071054104674,0.1384061537033472,0.0,15949.143333332102,0.0,2613.0683333321012,3192.0833333313385,0.0,0.0,0.0,3192.0833333313385,54.3333333333332,0.0,0.0,0.0
2023-03-07 09:00:00,8.778666666666668,55.5,0.0,0.3976740795727237,57.00911516447926,0.2869572654137245,0.0,15949.143333332102,0.0,2613.0683333321012,487216.0000001852,0.0,0.0,0.0,487216.0000001852,8778.666666666668,0.0,0.0,0.0
2023-03-07 10:00:00,15.6895,54.5,0.0,0.5676551875324999,55.74866020146722,0.3952689765864967,0.0,15949.143333332102,13336.075,2613.0683333321012,855077.75,0.0,33340.1875,0.0,888417.9375,15689.5,0.0,0.0,0.0
2023-03-07 11:00:00,9.873666666666669,54.0,0.0,0.6804202401090141,57.40369446438314,0.4969897477239628,0.0,15949.143333332102,0.0,15949.143333332102,533178.0000001802,0.0,0.0,0.0,533178.0000001802,9873.666666666668,0.0,0.0,0.0
2023-03-07 12:00:00,18.459166666666665,54.0,0.0,0.7324125326078054,56.35309857861744,0.4115730764927009,0.0,15949.143333332102,0.0,15949.143333332102,996795.0000017998,0.0,0.0,0.0,996795.0000017998,18459.166666666664,0.0,0.0,0.0
2023-03-07 13:00:00,14.866333333333335,55.0,0.0,0.7230224241305284,58.03846105774617,0.4715851260454227,0.0,15949.143333332102,0.0,15949.143333332102,817648.3333315003,0.0,0.0,0.0,817648.3333315003,14866.333333333336,0.0,0.0,0.0
2023-03-07 14:00:00,14.720166666666666,57.25,0.0,0.6523408388292068,58.4357157411328,0.1196720524323292,0.0,15949.143333332102,0.0,15949.143333332102,842729.5416685748,0.0,0.0,0.0,842729.5416685748,14720.166666666666,0.0,0.0,0.0
2023-03-07 15:00:00,13.975,59.75,0.0,0.5215328595008921,56.81625581770501,0.0425064958262647,0.0,15949.143333332102,0.0,15949.143333332102,835006.25,0.0,0.0,0.0,835006.25,13975.0,0.0,0.0,0.0
2023-03-07 16:00:00,0.1411666666666666,61.25,0.0,0.3362913086780802,57.84197161842521,0.0178510256913992,0.0,15949.143333332102,0.0,15949.143333332102,8646.45833335413,0.0,0.0,0.0,8646.45833335413,141.1666666666666,0.0,0.0,0.0
2023-03-07 17:00:00,0.1621666666666666,61.75,0.0,0.1226222390799643,58.99383863976326,0.007318546955402,0.0,15949.143333332102,0.0,15949.143333332102,10013.791666687634,0.0,0.0,0.0,10013.791666687634,162.1666666666666,0.0,0.0,0.0
2023-03-07 18:00:00,0.1845,59.5,0.0,0.0042207872756626,60.12136557592761,0.0020983760605335,0.0,15949.143333332102,0.0,15949.143333332102,10977.75,0.0,0.0,0.0,10977.75,184.5,0.0,0.0,0.0
2023-03-07 19:00:00,0.1606666666666666,64.5,0.0,0.0,57.76390430472159,0.0,0.0,15949.143333332102,0.0,15949.143333332102,10363.000000021499,0.0,0.0,0.0,10363.000000021499,160.6666666666666,0.0,0.0,0.0
2023-03-07 20:00:00,0.1686666666666666,65.5,0.0,0.0,59.06873629116575,0.0,0.0,15949.143333332102,0.0,15949.143333332102,11047.6666666885,0.0,0.0,0.0,11047.6666666885,168.6666666666666,0.0,0.0,0.0
2023-03-07 21:00:00,1.5085,68.0,0.0,0.0,60.21849899298868,0.0,0.0,15949.143333332102,0.0,15949.143333332102,102578.0,0.0,0.0,0.0,102578.0,1508.5,0.0,0.0,0.0
2023-03-07 22:00:00,6.7135,71.5,0.0,0.0,58.73331670046993,0.0,0.0,15949.143333332102,0.0,15949.143333332102,480015.25,0.0,0.0,0.0,480015.25,6713.5,0.0,0.0,0.0
2023-03-07 23:00:00,0.0556666666666666,69.75,0.0,0.0,56.69465290850335,0.0,0.0,15949.143333332102,0.0,15949.143333332102,3882.750000002325,0.0,0.0,0.0,3882.750000002325,55.6666666666666,0.0,0.0,0.0
2023-03-08 00:00:00,0.0559999999999999,70.0,0.0,0.0,56.397893465993576,0.0,0.0,15949.143333332102,0.0,15949.143333332102,3920.0,0.0,0.0,0.0,3920.0,55.9999999999999,0.0,0.0,0.0
2023-03-08 01:00:00,0.0563333333333332,68.0,0.0,0.0,56.39960715388763,0.0,0.0,15949.143333332102,0.0,15949.143333332102,3830.6666666643996,0.0,0.0,0.0,3830.6666666643996,56.3333333333332,0.0,0.0,0.0
2023-03-08 02:00:00,0.0564999999999999,66.0,0.0,0.0,58.25326430306809,0.0,0.0,15949.143333332102,0.0,15949.143333332102,3729.0,0.0,0.0,0.0,3729.0,56.4999999999999,0.0,0.0,0.0
2023-03-08 03:00:00,0.0621666666666665,64.25,0.0,0.0,59.81155721818534,0.0,0.0,15949.143333332102,0.0,15949.143333332102,3994.2083333354753,0.0,0.0,0.0,3994.2083333354753,62.1666666666665,0.0,0.0,0.0
2023-03-08 04:00:00,0.0568333333333332,67.0,0.0,0.0,57.49263462565865,0.0,0.0,15949.143333332102,0.0,15949.143333332102,3807.8333333310998,0.0,0.0,0.0,3807.8333333310998,56.8333333333332,0.0,0.0,0.0
2023-03-08 05:00:00,0.0563333333333332,70.75,0.0,0.0,56.69361748229988,0.0,0.0,15949.143333332102,0.0,15949.143333332102,3985.5833333309747,0.0,0.0,0.0,3985.5833333309747,56.3333333333332,0.0,0.0,0.0
2023-03-08 06:00:00,0.0554999999999999,77.75,0.0,0.0,53.890028699184455,0.0,0.0,15949.143333332102,0.0,15949.143333332102,4315.125,0.0,0.0,0.0,4315.125,55.49999999999989,0.0,0.0,0.0
2023-03-08 07:00:00,0.0549999999999999,74.25,0.0,0.0222741389461032,53.94981570783584,0.0007029059844521,0.0,15949.143333332102,0.0,15949.143333332102,4083.75,0.0,0.0,0.0,4083.75,54.9999999999999,0.0,0.0,0.0
2023-03-08 08:00:00,0.0551666666666666,66.5,0.0,0.191733099751457,53.729377108839,0.018402649536092,0.0,15949.143333332102,0.0,15949.143333332102,3668.5833333355913,0.0,0.0,0.0,3668.5833333355913,55.1666666666666,0.0,0.0,0.0
2023-03-08 09:00:00,0.1003333333333333,63.0,0.48113,0.4025936799118056,52.43310580618819,0.0387144444946549,0.0,15949.143333332102,-395.8466666667,15949.143333332102,6320.999999978609,0.0,0.0,0.0,6320.999999978609,100.3333333333333,0.0,0.0,0.0
2023-03-08 10:00:00,0.1531666666666666,62.75,0.48113,0.5718703564958411,51.78810196384878,0.1042285467213035,0.0,15949.143333332102,-350.938333333,15553.296666665403,9611.20833335464,0.0,0.0,0.0,9611.20833335464,153.1666666666666,0.0,0.0,0.0
2023-03-08 11:00:00,0.1184999999999999,63.75,0.0,0.6840935405564538,53.10871660818311,0.1770504273308648,0.0,15949.143333332102,0.0,15202.358333332402,7554.375,0.0,0.0,0.0,7554.375,118.4999999999999,0.0,0.0,0.0
2023-03-08 12:00:00,0.0559999999999999,63.75,0.0,0.7357071473047929,52.07456154473007,0.0848183764759292,0.0,15949.143333332102,0.0,15202.358333332402,3570.0,0.0,0.0,0.0,3570.0,55.9999999999999,0.0,0.0,0.0
2023-03-08 13:00:00,0.0558333333333332,62.5,0.0,0.7260911803109821,52.33119294553398,0.0469553844337789,0.0,15949.143333332102,0.0,15202.358333332402,3489.583333331211,0.0,0.0,0.0,3489.583333331211,55.8333333333332,0.0,0.0,0.0
2023-03-08 14:00:00,0.0893333333333333,54.75,0.0,0.6553415568444426,53.31639172579201,0.0784437601790468,0.0,15949.143333332102,0.0,15202.358333332402,4890.999999998141,0.0,0.0,0.0,4890.999999998141,89.3333333333333,0.0,0.0,0.0
2023-03-08 15:00:00,0.0559999999999999,52.0,0.0,0.5246525088824417,51.62444347481702,0.0449458972816793,0.0,15949.143333332102,0.0,15202.358333332402,2912.0,0.0,0.0,0.0,2912.0,55.9999999999999,0.0,0.0,0.0
2023-03-08 16:00:00,0.4273333333333333,60.0,0.0,0.3397539697297319,52.216889830516,0.0289747008910546,0.0,15949.143333332102,0.0,15202.358333332402,25639.999999979627,0.0,0.0,0.0,25639.999999979627,427.3333333333333,0.0,0.0,0.0
2023-03-08 17:00:00,3.869166666666666,74.25,0.0,0.1261877052495342,51.489596119749336,0.0177007691880576,0.0,15949.143333332102,0.0,15202.358333332402,287285.6250002478,0.0,0.0,0.0,287285.6250002478,3869.166666666666,0.0,0.0,0.0
2023-03-08 18:00:00,11.189666666666668,72.75,0.0,0.0048373694936535,53.71327525794299,0.000922051285091,0.0,15949.143333332102,0.0,15202.358333332402,814048.2500029289,0.0,0.0,0.0,814048.2500029289,11189.666666666668,0.0,0.0,0.0
2023-03-08 19:00:00,3.9463333333333335,71.0,0.0,0.0,53.71072284088264,0.0,0.0,15949.143333332102,0.0,15202.358333332402,280189.66666643,0.0,0.0,0.0,280189.66666643,3946.3333333333335,0.0,0.0,0.0
2023-03-08 20:00:00,6.658333333333334,65.75,0.0,0.0,54.15552361904534,0.0,0.0,15949.143333332102,0.0,15202.358333332402,437785.4166664475,0.0,0.0,0.0,437785.4166664475,6658.333333333334,0.0,0.0,0.0
2023-03-08 21:00:00,5.269666666666667,59.75,0.0,0.0,52.583764200403714,0.0,0.0,15949.143333332102,0.0,15202.358333332402,314862.5833335325,0.0,0.0,0.0,314862.5833335325,5269.666666666667,0.0,0.0,0.0
2023-03-08 22:00:00,5.042166666666667,50.75,0.0,0.0,51.51845916542713,0.0,0.0,15949.143333332102,0.0,15202.358333332402,255889.95833350252,0.0,0.0,0.0,255889.95833350252,5042.166666666667,0.0,0.0,0.0
2023-03-08 23:00:00,4.312666666666667,48.5,0.0,0.0,52.66937645391313,0.0,0.0,15949.143333332102,0.0,15202.358333332402,209164.33333349501,0.0,0.0,0.0,209164.33333349501,4312.666666666667,0.0,0.0,0.0
2023-03-09 00:00:00,0.0566666666666666,42.75,0.0,0.0,50.48906880868971,0.0,0.0,15949.143333332102,0.0,15202.358333332402,2422.500000001425,0.0,0.0,0.0,2422.500000001425,56.6666666666666,0.0,0.0,0.0
2023-03-09 01:00:00,0.0618333333333333,39.75,0.0,0.0,52.44537844271264,0.0,0.0,15949.143333332102,0.0,15202.358333332402,2457.874999998675,0.0,0.0,0.0,2457.874999998675,61.8333333333333,0.0,0.0,0.0
2023-03-09 02:00:00,0.0561666666666666,39.25,0.0,0.0,53.81148409525534,0.0,0.0,15949.143333332102,0.0,15202.358333332402,2204.5416666679753,0.0,0.0,0.0,2204.5416666679753,56.1666666666666,0.0,0.0,0.0
2023-03-09 03:00:00,0.0563333333333333,40.25,0.0,0.0,52.44699712825026,0.0,0.0,15949.143333332102,0.0,15202.358333332402,2267.416666665325,0.0,0.0,0.0,2267.416666665325,56.3333333333333,0.0,0.0,0.0
2023-03-09 04:00:00,0.0561666666666666,41.5,0.0,0.0,50.434067657389456,0.0,0.0,15949.143333332102,0.0,15202.358333332402,2330.9166666680503,0.0,0.0,0.0,2330.9166666680503,56.1666666666666,0.0,0.0,0.0
2023-03-09 05:00:00,0.0556666666666666,42.0,0.0,0.0,49.41363399018974,0.0,0.0,15949.143333332102,0.0,15202.358333332402,2338.0000000014,0.0,0.0,0.0,2338.0000000014,55.6666666666666,0.0,0.0,0.0
2023-03-09 06:00:00,0.0546666666666666,47.0,0.0,0.0,50.05546528644765,0.0,0.0,15949.143333332102,0.0,15202.358333332402,2569.3333333349,0.0,0.0,0.0,2569.3333333349,54.6666666666666,0.0,0.0,0.0
2023-03-09 07:00:00,0.0538333333333333,51.0,0.0,0.0246683544002293,51.38810068420129,0.0199876068277746,0.0,15949.143333332102,0.0,15202.358333332402,2745.4999999982683,0.0,0.0,0.0,2745.4999999982683,53.8333333333333,0.0,0.0,0.0
2023-03-09 08:00:00,0.053,62.25,0.0,0.1971713854320706,49.8156726663804,0.105988718179556,0.0,15949.143333332102,0.0,15202.358333332402,3299.25,0.0,0.0,0.0,3299.25,53.0,0.0,0.0,0.0
2023-03-09 09:00:00,0.0533333333333333,64.25,0.0,0.4074730762959885,49.316310831273015,0.2418008553268563,0.0,15949.143333332102,0.0,15202.358333332402,3426.666666664485,0.0,0.0,0.0,3426.666666664485,53.3333333333333,0.0,0.0,0.0
2023-03-09 10:00:00,0.0539999999999999,61.25,0.0,0.5760422268878603,50.25416771175541,0.299918461335011,0.0,15949.143333332102,0.0,15202.358333332402,3307.5,0.0,0.0,0.0,3307.5,53.9999999999999,0.0,0.0,0.0
2023-03-09 11:00:00,0.0598333333333333,54.75,0.0,0.6877189239338731,51.92492372173342,0.316607180212298,0.0,15949.143333332102,0.0,15202.358333332402,3275.874999998141,0.0,0.0,0.0,3275.874999998141,59.8333333333333,0.0,0.0,0.0
2023-03-09 12:00:00,0.3823333333333333,51.0,0.0,0.7389486512607338,49.96874202517621,0.3611164960290631,0.0,15949.143333332102,0.0,15202.358333332402,19498.999999982683,0.0,0.0,0.0,19498.999999982683,382.3333333333333,0.0,0.0,0.0
2023-03-09 13:00:00,2.5581666666666667,45.25,0.0,0.7291017669106297,48.15163431106746,0.5146457248263888,0.0,15949.143333332102,0.0,15202.358333332402,115757.04166681768,0.0,0.0,0.0,115757.04166681768,2558.1666666666665,0.0,0.0,0.0
2023-03-09 14:00:00,10.947,47.25,0.0,0.6582793115713038,50.66740877343423,0.4760135050716565,0.0,15949.143333332102,0.0,15202.358333332402,517245.75,0.0,0.0,0.0,517245.75,10947.0,0.0,0.0,0.0
2023-03-09 15:00:00,8.481,55.75,0.0,0.5277043921028887,52.8639555817349,0.3971347854483842,0.0,15949.143333332102,0.0,15202.358333332402,472815.75,0.0,0.0,0.0,472815.75,8481.0,0.0,0.0,0.0
2023-03-09 16:00:00,3.7466666666666666,57.75,0.0,0.3431444989848095,54.11645232605255,0.164541195763482,0.0,15949.143333332102,0.0,15202.358333332402,216370.00000019273,0.0,0.0,0.0,216370.00000019273,3746.6666666666665,0.0,0.0,0.0
2023-03-09 17:00:00,0.6016666666666667,60.25,0.0,0.129713640743533,53.46499717298716,0.0624179487554436,0.0,15949.143333332102,0.0,15202.358333332402,36250.416666687124,0.0,0.0,0.0,36250.416666687124,601.6666666666666,0.0,0.0,0.0
2023-03-09 18:00:00,0.0551666666666666,66.75,0.0,0.0055023446663339,53.50701136827873,0.0052498290538151,0.0,15949.143333332102,0.0,15202.358333332402,3682.3750000022665,0.0,0.0,0.0,3682.3750000022665,55.1666666666666,0.0,0.0,0.0
2023-03-09 19:00:00,0.0551666666666666,68.0,0.0,0.0,55.080936573671664,0.0,0.0,15949.143333332102,0.0,15202.358333332402,3751.3333333356004,0.0,0.0,0.0,3751.3333333356004,55.1666666666666,0.0,0.0,0.0
2023-03-09 20:00:00,0.0558333333333332,61.5,0.0,0.0,53.43347733209789,0.0,0.0,15949.143333332102,0.0,15202.358333332402,3433.74999999795,0.0,0.0,0.0,3433.74999999795,55.8333333333332,0.0,0.0,0.0
2023-03-09 21:00:00,0.0561666666666666,54.0,0.0,0.0,54.13488954331327,0.0,0.0,15949.143333332102,0.0,15202.358333332402,3033.0000000018003,0.0,0.0,0.0,3033.0000000018003,56.1666666666666,0.0,0.0,0.0
2023-03-09 22:00:00,0.0564999999999999,60.0,0.0,0.0,53.10037267458898,0.0,0.0,15949.143333332102,0.0,15202.358333332402,3390.0,0.0,0.0,0.0,3390.0,56.4999999999999,0.0,0.0,0.0
2023-03-09 23:00:00,0.0568333333333332,63.25,0.0,0.0,52.84937859630376,0.0,0.0,15949.143333332102,0.0,15202.358333332402,3594.708333331225,0.0,0.0,0.0,3594.708333331225,56.8333333333332,0.0,0.0,0.0
2023-03-10 00:00:00,0.0624999999999999,57.5,0.0,0.0,53.63428159304656,0.0,0.0,15949.143333332102,0.0,15202.358333332402,3593.75,0.0,0.0,0.0,3593.75,62.4999999999999,0.0,0.0,0.0
2023-03-10 01:00:00,0.0564999999999999,48.25,0.0,0.0,52.99838887192595,0.0,0.0,15949.143333332102,0.0,15202.358333332402,2726.125,0.0,0.0,0.0,2726.125,56.4999999999999,0.0,0.0,0.0
2023-03-10 02:00:00,0.0564999999999999,50.0,0.0,0.0,54.808599276989085,0.0,0.0,15949.143333332102,0.0,15202.358333332402,2825.0,0.0,0.0,0.0,2825.0,56.4999999999999,0.0,0.0,0.0
2023-03-10 03:00:00,0.0561666666666666,50.0,0.0,0.0,54.534548136382966,0.0,0.0,15949.143333332102,0.0,15202.358333332402,2808.333333335,0.0,0.0,0.0,2808.333333335,56.1666666666666,0.0,0.0,0.0
2023-03-10 04:00:00,0.0554999999999999,47.75,0.0,0.0,56.42019776374791,0.0,0.0,15949.143333332102,0.0,15202.358333332402,2650.125,0.0,0.0,0.0,2650.125,55.49999999999989,0.0,0.0,0.0
2023-03-10 05:00:00,0.0549999999999999,47.5,0.0,0.0,53.80657016497439,0.0,0.0,15949.143333332102,0.0,15202.358333332402,2612.5,0.0,0.0,0.0,2612.5,54.9999999999999,0.0,0.0,0.0
2023-03-10 06:00:00,0.0546666666666666,47.5,0.0,0.0,52.49923109807652,0.0,0.0,15949.143333332102,0.0,15202.358333332402,2596.66666666825,0.0,0.0,0.0,2596.66666666825,54.6666666666666,0.0,0.0,0.0
2023-03-10 07:00:00,0.0548333333333332,49.75,0.0,0.0272009177354617,50.7955677234703,0.0081265811392894,0.0,15949.143333332102,0.0,15202.358333332402,2727.958333331644,0.0,0.0,0.0,2727.958333331644,54.8333333333332,0.0,0.0,0.0
2023-03-10 08:00:00,0.0541666666666666,49.25,0.0,0.202587277234439,49.26616404679651,0.0561238460866814,0.0,15949.143333332102,0.0,15202.358333332402,2667.7083333350056,0.0,0.0,0.0,2667.7083333350056,54.1666666666666,0.0,0.0,0.0
2023-03-10 09:00:00,0.0541666666666666,47.25,0.0,0.4123100698264556,50.7505785078544,0.0675800002334464,0.0,15949.143333332102,0.0,15202.358333332402,2559.3750000016043,0.0,0.0,0.0,2559.3750000016043,54.1666666666666,0.0,0.0,0.0
2023-03-10 10:00:00,0.0544999999999999,46.25,0.0,0.58016894520641,49.58199711186146,0.0914947862706632,0.0,15949.143333332102,0.0,15202.358333332402,2520.625,0.0,0.0,0.0,2520.625,54.4999999999999,0.0,0.0,0.0
2023-03-10 11:00:00,4.667833333333333,47.0,0.0,0.6912949351838843,52.150733457922016,0.2358490588522365,0.0,15949.143333332102,0.0,15202.358333332402,219388.16666650982,0.0,0.0,0.0,219388.16666650982,4667.833333333333,0.0,0.0,0.0
2023-03-10 12:00:00,8.597166666666666,49.25,0.0,0.7421360251465385,54.19428383162625,0.2562000837081518,0.0,15949.143333332102,0.0,15202.358333332402,423410.4583334977,0.0,0.0,0.0,423410.4583334977,8597.166666666666,0.0,0.0,0.0
2023-03-10 13:00:00,5.459499999999999,49.75,0.0,0.7320536090204838,52.77633768273604,0.3760070103050296,0.0,15949.143333332102,0.0,15202.358333332402,271610.125,0.0,0.0,0.0,271610.125,5459.499999999999,0.0,0.0,0.0
2023-03-10 14:00:00,8.784333333333334,51.75,0.0,0.6611539806409099,52.69889467855264,0.3536681189903846,0.0,15949.143333332102,0.0,15202.358333332402,454589.2499998273,0.0,0.0,0.0,454589.2499998273,8784.333333333334,0.0,0.0,0.0
2023-03-10 15:00:00,4.475666666666666,55.5,0.0,0.5306888529400454,54.40920932486684,0.115902992232233,0.0,15949.143333332102,0.0,15202.358333332402,248399.50000018522,0.0,0.0,0.0,248399.50000018522,4475.666666666666,0.0,0.0,0.0
2023-03-10 16:00:00,4.424333333333333,65.5,0.0,0.346463591691057,54.12753311047224,0.0620752138969225,0.0,15949.143333332102,0.0,15202.358333332402,289793.83333311474,0.0,0.0,0.0,289793.83333311474,4424.333333333333,0.0,0.0,0.0
2023-03-10 17:00:00,0.906,64.25,0.0,0.1331976966106599,53.25186888051945,0.0215383760847597,0.0,15949.143333332102,0.0,15202.358333332402,58210.5,0.0,0.0,0.0,58210.5,906.0,0.0,0.0,0.0
2023-03-10 18:00:00,4.5456666666666665,73.0,0.0,0.006215350495018,53.81259333512238,0.0010272649675607,0.0,15949.143333332102,0.0,15202.358333332402,331833.6666675595,0.0,0.0,0.0,331833.6666675595,4545.666666666667,0.0,0.0,0.0
2023-03-10 19:00:00,4.572666666666667,76.5,0.0,0.0,51.97348487199197,0.0,0.0,15949.143333332102,0.0,15202.358333332402,349809.000000255,0.0,0.0,0.0,349809.000000255,4572.666666666667,0.0,0.0,0.0
2023-03-10 20:00:00,4.605166666666666,77.25,0.0,0.0,53.22104857756472,0.0,0.0,15949.143333332102,0.0,15202.358333332402,355749.1250002575,0.0,0.0,0.0,355749.1250002575,4605.166666666666,0.0,0.0,0.0
2023-03-10 21:00:00,4.501,71.75,0.0,0.0,54.152801563966406,0.0,0.0,15949.143333332102,0.0,15202.358333332402,322946.75,0.0,0.0,0.0,322946.75,4501.0,0.0,0.0,0.0
2023-03-10 22:00:00,8.720833333333333,72.5,0.0,0.0,56.05373484856768,0.0,0.0,15949.143333332102,0.0,15202.358333332402,632260.416666425,0.0,0.0,0.0,632260.416666425,8720.833333333334,0.0,0.0,0.0
2023-03-10 23:00:00,4.748833333333333,74.0,0.0,0.0,57.86541124125564,0.0,0.0,15949.143333332102,0.0,15202.358333332402,351413.66666642,0.0,0.0,0.0,351413.66666642,4748.833333333333,0.0,0.0,0.0
2023-03-11 00:00:00,0.0614999999999999,77.25,0.0,0.0,57.90960332232447,0.0,0.0,15949.143333332102,0.0,15202.358333332402,4750.875,0.0,0.0,0.0,4750.875,61.4999999999999,0.0,0.0,0.0
2023-03-11 01:00:00,0.0543333333333332,79.0,0.0,0.0,55.80763576408171,0.0,0.0,15949.143333332102,0.0,15202.358333332402,4292.3333333307,0.0,0.0,0.0,4292.3333333307,54.3333333333332,0.0,0.0,0.0
2023-03-11 02:00:00,0.0546666666666666,78.0,0.0,0.0,57.756489047303525,0.0,0.0,15949.143333332102,0.0,15202.358333332402,4264.0000000026,0.0,0.0,0.0,4264.0000000026,54.6666666666666,0.0,0.0,0.0
2023-03-11 03:00:00,0.0546666666666666,77.5,0.0,0.0,56.05461991666701,0.0,0.0,15949.143333332102,0.0,15202.358333332402,4236.66666666925,0.0,0.0,0.0,4236.66666666925,54.6666666666666,0.0,0.0,0.0
2023-03-11 04:00:00,0.0543333333333333,72.25,0.0,0.0,54.16023011784221,0.0,0.0,15949.143333332102,0.0,15202.358333332402,3925.5833333309247,0.0,0.0,0.0,3925.5833333309247,54.3333333333333,0.0,0.0,0.0
2023-03-11 05:00:00,0.0544999999999999,58.75,0.0,0.0,53.44726669929099,0.0,0.0,15949.143333332102,0.0,15202.358333332402,3201.875,0.0,0.0,0.0,3201.875,54.4999999999999,0.0,0.0,0.0
2023-03-11 06:00:00,0.0543333333333332,55.75,0.0,0.0,54.1728581349664,0.0,0.0,15949.143333332102,0.0,15202.358333332402,3029.083333331475,0.0,0.0,0.0,3029.083333331475,54.3333333333332,0.0,0.0,0.0
2023-03-11 07:00:00,0.0541666666666666,57.0,0.0,0.0298707565932695,53.14799222972479,0.005861367531057,0.0,15949.143333332102,0.0,15202.358333332402,3087.5000000019354,0.0,0.0,0.0,3087.5000000019354,54.1666666666666,0.0,0.0,0.0
2023-03-11 08:00:00,0.0539999999999999,55.5,0.0,0.2079766373090441,51.47541001487119,0.0305788033640282,0.0,15949.143333332102,0.0,15202.358333332402,2997.0,0.0,0.0,0.0,2997.0,53.9999999999999,0.0,0.0,0.0
2023-03-11 09:00:00,0.1111666666666666,52.75,0.0,0.4171025389387443,50.72769062363304,0.0792172644688533,0.0,15949.143333332102,0.0,15202.358333332402,5864.041666684578,0.0,0.0,0.0,5864.041666684578,111.1666666666666,0.0,0.0,0.0
2023-03-11 10:00:00,4.4245,51.75,0.0,0.5842487280604962,50.58866863535506,0.1222297439412174,0.0,15949.143333332102,0.0,15202.358333332402,228967.875,0.0,0.0,0.0,228967.875,4424.5,0.0,0.0,0.0
2023-03-11 11:00:00,4.6225,50.25,0.0,0.6948201885975743,51.24373616375044,0.2321271793658916,0.0,15949.143333332102,0.0,15202.358333332402,232280.625,0.0,0.0,0.0,232280.625,4622.5,0.0,0.0,0.0
2023-03-11 12:00:00,4.4405,41.5,0.0,0.7452683179506426,50.08555259589044,0.2996652136908637,0.0,15949.143333332102,0.0,15202.358333332402,184280.75,0.0,0.0,0.0,184280.75,4440.5,0.0,0.0,0.0
2023-03-11 13:00:00,3.864833333333333,37.5,0.0,0.7349461982498812,49.42900267033902,0.2317797439118736,0.0,15949.143333332102,0.0,15202.358333332402,144931.24999987485,0.0,0.0,0.0,144931.24999987485,3864.833333333333,0.0,0.0,0.0
2023-03-11 14:00:00,2.3898333333333333,37.25,0.0,0.6639655051134236,50.70890454034647,0.3688278628618289,0.0,15949.143333332102,0.0,15202.358333332402,89021.29166654235,0.0,0.0,0.0,89021.29166654235,2389.833333333333,0.0,0.0,0.0
2023-03-11 15:00:00,0.0556666666666665,39.25,0.0,0.533606293746362,49.725575460960506,0.2663617945940066,0.0,15949.143333332102,0.0,15202.358333332402,2184.9166666679994,0.0,0.0,0.0,2184.9166666679994,55.6666666666665,0.0,0.0,0.0
2023-03-11 16:00:00,0.0556666666666665,42.5,0.0,0.3497120062740793,48.55400768075487,0.0939994020543546,0.0,15949.143333332102,0.0,15202.358333332402,2365.8333333347764,0.0,0.0,0.0,2365.8333333347764,55.6666666666665,0.0,0.0,0.0
2023-03-11 17:00:00,4.641333333333333,49.0,0.0,0.1366378668954132,49.013177789940094,0.0388773502906163,0.0,15949.143333332102,0.0,15202.358333332402,227425.3333331698,0.0,0.0,0.0,227425.3333331698,4641.333333333333,0.0,0.0,0.0
2023-03-11 18:00:00,7.963333333333334,59.75,0.0,0.0069762434398536,49.67461942278351,0.003568974360744,0.0,15949.143333332102,0.0,15202.358333332402,475809.1666670642,0.0,0.0,0.0,475809.1666670642,7963.333333333334,0.0,0.0,0.0
2023-03-11 19:00:00,0.8198333333333333,60.75,0.0,0.0,51.39029888989087,0.0,0.0,15949.143333332102,0.0,15202.358333332402,49804.87499997975,0.0,0.0,0.0,49804.87499997975,819.8333333333333,0.0,0.0,0.0
2023-03-11 20:00:00,0.0554999999999999,61.0,0.0,0.0,49.46702498231838,0.0,0.0,15949.143333332102,0.0,15202.358333332402,3385.5,0.0,0.0,0.0,3385.5,55.49999999999989,0.0,0.0,0.0
2023-03-11 21:00:00,0.0566666666666665,55.5,0.0,0.0,50.33842518112488,0.0,0.0,15949.143333332102,0.0,15202.358333332402,3145.0000000018504,0.0,0.0,0.0,3145.0000000018504,56.666666666666494,0.0,0.0,0.0
2023-03-11 22:00:00,0.0621666666666666,51.5,0.0,0.0,49.74769310403759,0.0,0.0,15949.143333332102,0.0,15202.358333332402,3201.58333333505,0.0,0.0,0.0,3201.58333333505,62.1666666666666,0.0,0.0,0.0
2023-03-11 23:00:00,0.0571666666666665,52.75,0.0,0.0,52.038335097485934,0.0,0.0,15949.143333332102,0.0,15202.358333332402,3015.541666668425,0.0,0.0,0.0,3015.541666668425,57.1666666666665,0.0,0.0,0.0
2023-03-12 00:00:00,0.0561666666666665,48.25,0.0,0.0,53.34168849420257,0.0,0.0,15949.143333332102,0.0,15202.358333332402,2710.041666668275,0.0,0.0,0.0,2710.041666668275,56.166666666666494,0.0,0.0,0.0
2023-03-12 01:00:00,0.0559999999999999,41.75,0.0,0.0,51.97432270049114,0.0,0.0,15949.143333332102,0.0,15202.358333332402,2338.0,0.0,0.0,0.0,2338.0,55.9999999999999,0.0,0.0,0.0
2023-03-12 02:00:00,0.0558333333333332,34.5,0.0,0.0,54.06882138488241,0.0,0.0,15949.143333332102,0.0,15202.358333332402,1926.24999999885,0.0,0.0,0.0,1926.24999999885,55.8333333333332,0.0,0.0,0.0
2023-03-12 03:00:00,0.0559999999999999,33.75,0.0,0.0,55.30155672725848,0.0,0.0,15949.143333332102,0.0,15202.358333332402,1890.0,0.0,0.0,0.0,1890.0,55.9999999999999,0.0,0.0,0.0
2023-03-12 04:00:00,0.0559999999999999,34.0,0.0,0.0,53.82234444789635,0.0,0.0,15949.143333332102,0.0,15202.358333332402,1904.0,0.0,0.0,0.0,1904.0,55.9999999999999,0.0,0.0,0.0
2023-03-12 05:00:00,0.0559999999999999,33.25,0.0,0.0,55.82323195907545,0.0,0.0,15949.143333332102,0.0,15202.358333332402,1862.0,0.0,0.0,0.0,1862.0,55.9999999999999,0.0,0.0,0.0
2023-03-12 06:00:00,0.0564999999999999,33.0,0.0,0.0,55.15368384992283,0.0,0.0,15949.143333332102,0.0,15202.358333332402,1864.5,0.0,0.0,0.0,1864.5,56.4999999999999,0.0,0.0,0.0
2023-03-12 07:00:00,0.0559999999999999,34.25,0.0,0.0326769026665564,56.39703524854939,0.0101619658049227,0.0,15949.143333332102,0.0,15202.358333332402,1918.0,0.0,0.0,0.0,1918.0,55.9999999999999,0.0,0.0,0.0
2023-03-12 08:00:00,0.0553333333333332,34.75,0.0,0.2133355856415577,56.088059473602726,0.0655529060119237,0.0,15949.143333332102,0.0,15202.358333332402,1922.8333333321534,0.0,0.0,0.0,1922.8333333321534,55.3333333333332,0.0,0.0,0.0
2023-03-12 09:00:00,0.1453333333333333,32.75,0.0,0.4218484389218307,56.09384811742304,0.3044091452900161,0.0,15949.143333332102,0.0,15202.358333332402,4759.666666655547,0.0,0.0,0.0,4759.666666655547,145.3333333333333,0.0,0.0,0.0
2023-03-12 10:00:00,1.9908333333333332,32.0,0.0,0.5882798609184281,57.00244126178652,0.434733931549594,0.0,15949.143333332102,0.0,15202.358333332402,63706.666666559875,0.0,0.0,0.0,63706.666666559875,1990.8333333333333,0.0,0.0,0.0
2023-03-12 11:00:00,9.234666666666667,31.0,0.0,0.6982933639149138,56.29991666358678,0.4269000857100525,0.0,15949.143333332102,0.0,15202.358333332402,286274.6666667701,0.0,0.0,0.0,286274.6666667701,9234.666666666668,0.0,0.0,0.0
2023-03-12 12:00:00,15.084666666666667,33.0,0.0,0.7483446397884886,54.82178025454387,0.6172292334401713,0.0,15949.143333332102,0.0,15202.358333332402,497794.00000109983,0.0,0.0,0.0,497794.00000109983,15084.666666666668,0.0,0.0,0.0
2023-03-12 13:00:00,1.1121666666666667,32.0,0.0,0.737779081779507,53.20213876310201,0.5899895744649776,0.0,15949.143333332102,0.0,15202.358333332402,35589.333333440125,0.0,0.0,0.0,35589.333333440125,1112.1666666666667,0.0,0.0,0.0
2023-03-12 14:00:00,2.1846666666666663,33.25,0.0,0.6667138743684896,52.91664530879861,0.5249292305188304,0.0,15949.143333332102,0.0,15202.358333332402,72640.16666677763,0.0,0.0,0.0,72640.16666677763,2184.6666666666665,0.0,0.0,0.0
2023-03-12 15:00:00,8.915333333333333,34.75,0.0,0.5364571558866265,52.10138068682629,0.4145791449913611,0.0,15949.143333332102,0.0,15202.358333332402,309807.83333321736,0.0,0.0,0.0,309807.83333321736,8915.333333333332,0.0,0.0,0.0
2023-03-12 16:00:00,6.751666666666668,35.0,0.0,0.3528905393573311,51.80362667652373,0.256005384657118,0.0,15949.143333332102,0.0,15202.358333332402,236308.33333345014,0.0,0.0,0.0,236308.33333345014,6751.666666666668,0.0,0.0,0.0
2023-03-12 17:00:00,6.739833333333333,34.75,0.0,0.140032443477108,50.36450965272223,0.1118382911193065,0.0,15949.143333332102,0.0,15202.358333332402,234209.20833321736,0.0,0.0,0.0,234209.20833321736,6739.833333333333,0.0,0.0,0.0
2023-03-12 18:00:00,4.402833333333334,34.75,0.0,0.0077845197567976,50.88475077801621,0.0141191453615235,0.0,15949.143333332102,0.0,15202.358333332402,152998.4583336047,0.0,0.0,0.0,152998.4583336047,4402.833333333334,0.0,0.0,0.0
2023-03-12 19:00:00,4.6466666666666665,33.0,0.0,0.0,51.45006756995243,0.0,0.0,15949.143333332102,0.0,15202.358333332402,153340.00000011,0.0,0.0,0.0,153340.00000011,4646.666666666666,0.0,0.0,0.0
2023-03-12 20:00:00,8.458833333333333,32.75,0.0,0.0,52.28170225002169,0.0,0.0,15949.143333332102,0.0,15202.358333332402,277026.7916665575,0.0,0.0,0.0,277026.7916665575,8458.833333333332,0.0,0.0,0.0
2023-03-12 21:00:00,4.815333333333333,32.25,0.0,0.0,52.59364091386276,0.0,0.0,15949.143333332102,0.0,15202.358333332402,155294.4999998925,0.0,0.0,0.0,155294.4999998925,4815.333333333333,0.0,0.0,0.0
2023-03-12 22:00:00,4.761666666666667,32.5,0.0,0.0,51.31207858211712,0.0,0.0,15949.143333332102,0.0,15202.358333332402,154754.166666775,0.0,0.0,0.0,154754.166666775,4761.666666666667,0.0,0.0,0.0
2023-03-12 23:00:00,4.544999999999999,32.5,0.0,0.0,53.07316158414552,0.0,0.0,15949.143333332102,0.0,15202.358333332402,147712.5,0.0,0.0,0.0,147712.5,4544.999999999999,0.0,0.0,0.0
2023-03-13 00:00:00,4.547166666666667,32.0,0.0,0.0,53.03384571914447,0.0,0.0,15949.143333332102,0.0,15202.358333332402,145509.33333344,0.0,0.0,0.0,145509.33333344,4547.166666666667,0.0,0.0,0.0
2023-03-13 01:00:00,5.287833333333333,33.25,0.0,0.0,54.61344211306344,0.0,0.0,15949.143333332102,0.0,15202.358333332402,175820.4583332225,0.0,0.0,0.0,175820.4583332225,5287.833333333333,0.0,0.0,0.0
2023-03-13 02:00:00,3.394,33.75,0.0,0.0,52.02695615557431,0.0,0.0,15949.143333332102,0.0,15202.358333332402,114547.5,0.0,0.0,0.0,114547.5,3394.0,0.0,0.0,0.0
2023-03-13 03:00:00,0.0566666666666666,35.25,0.0,0.0,52.208992617283,0.0,0.0,15949.143333332102,0.0,15202.358333332402,1997.500000001175,0.0,0.0,0.0,1997.500000001175,56.6666666666666,0.0,0.0,0.0
2023-03-13 04:00:00,0.0563333333333332,35.0,0.0,0.0,54.26990509200937,0.0,0.0,15949.143333332102,0.0,15202.358333332402,1971.6666666654999,0.0,0.0,0.0,1971.6666666654999,56.3333333333332,0.0,0.0,0.0
2023-03-13 05:00:00,0.0556666666666666,35.0,0.0,0.0,53.05224074000995,0.0,0.0,15949.143333332102,0.0,15202.358333332402,1948.3333333345001,0.0,0.0,0.0,1948.3333333345001,55.6666666666666,0.0,0.0,0.0
2023-03-13 06:00:00,0.0554999999999999,35.25,0.0,0.0,53.07366477762219,0.0,0.0,15949.143333332102,0.0,15202.358333332402,1956.375,0.0,0.0,0.0,1956.375,55.49999999999989,0.0,0.0,0.0
2023-03-13 07:00:00,0.0549999999999999,33.75,0.0,0.0356169459434597,52.04960578471602,0.0333708550851059,0.0,15949.143333332102,0.0,15202.358333332402,1856.25,0.0,0.0,0.0,1856.25,54.9999999999999,0.0,0.0,0.0
2023-03-13 08:00:00,0.0548333333333332,38.0,0.0,0.2186604884205562,49.79867896712477,0.1529961541167691,0.0,15949.143333332102,0.0,15202.358333332402,2083.6666666653764,0.0,0.0,0.0,2083.6666666653764,54.8333333333332,0.0,0.0,0.0
2023-03-13 09:00:00,0.0604999999999999,34.0,0.0,0.4265458044265662,47.68430627349548,0.1750273502382458,0.0,15949.143333332102,0.0,15202.358333332402,2057.0,0.0,0.0,0.0,2057.0,60.4999999999999,0.0,0.0,0.0
2023-03-13 10:00:00,0.0548333333333332,31.5,0.0,0.5922606990071461,50.30368767989458,0.2405090594495464,0.0,15949.143333332102,0.0,15202.358333332402,1727.2499999989304,0.0,0.0,0.0,1727.2499999989304,54.8333333333332,0.0,0.0,0.0
2023-03-13 11:00:00,0.0548333333333333,32.0,0.0,0.7017132039839463,51.611093741601096,0.4833433343610192,0.0,15949.143333332102,0.0,15202.358333332402,1754.6666666655801,0.0,0.0,0.0,1754.6666666655801,54.8333333333333,0.0,0.0,0.0
2023-03-13 12:00:00,0.0544999999999999,31.75,0.0,0.7513641556050582,49.96619025723802,0.4597952159653363,0.0,15949.143333332102,0.0,15202.358333332402,1730.375,0.0,0.0,0.0,1730.375,54.4999999999999,0.0,0.0,0.0
2023-03-13 13:00:00,0.0544999999999999,30.0,0.0,0.7405518517114379,48.73270942360593,0.5868276944934814,0.0,15949.143333332102,0.0,15202.358333332402,1635.0,0.0,0.0,0.0,1635.0,54.4999999999999,0.0,0.0,0.0
2023-03-13 14:00:00,0.1858333333333333,32.75,0.0,0.6693991107978476,50.45130032390233,0.4652613674066005,0.0,15949.143333332102,0.0,15202.358333332402,6086.041666655547,0.0,0.0,0.0,6086.041666655547,185.8333333333333,0.0,0.0,0.0
2023-03-13 15:00:00,5.3105,33.5,0.0,0.5392418994780827,51.41916434676214,0.3169287171323075,0.0,15949.143333332102,0.0,15202.358333332402,177901.75,0.0,0.0,0.0,177901.75,5310.5,0.0,0.0,0.0
2023-03-13 16:00:00,5.046,34.0,0.0,0.3559999998967458,52.74630532875437,0.2067366660354484,0.0,15949.143333332102,0.0,15202.358333332402,171564.0,0.0,0.0,0.0,171564.0,5046.0,0.0,0.0,0.0
2023-03-13 17:00:00,8.2385,33.25,0.0,0.1433799697818292,54.20091143389215,0.1127120517665504,0.0,15949.143333332102,0.0,15202.358333332402,273930.125,0.0,0.0,0.0,273930.125,8238.5,0.0,0.0,0.0
2023-03-13 18:00:00,4.622833333333333,38.0,0.0,0.0086391676132985,54.41022743672335,0.0064787180045157,0.0,15949.143333332102,0.0,15202.358333332402,175667.66666700994,0.0,0.0,0.0,175667.66666700994,4622.833333333333,0.0,0.0,0.0
2023-03-13 19:00:00,9.577833333333333,38.25,0.0,0.0,53.56940695050636,0.0,0.0,15949.143333332102,0.0,15202.358333332402,366352.12499987247,0.0,0.0,0.0,366352.12499987247,9577.833333333332,0.0,0.0,0.0
2023-03-13 20:00:00,4.6306666666666665,32.0,0.0,0.0,52.733571867903855,0.0,0.0,15949.143333332102,0.0,15202.358333332402,148181.33333344,0.0,0.0,0.0,148181.33333344,4630.666666666666,0.0,0.0,0.0
2023-03-13 21:00:00,0.0569999999999999,31.25,0.0,0.0,54.54482995376359,0.0,0.0,15949.143333332102,0.0,15202.358333332402,1781.25,0.0,0.0,0.0,1781.25,56.9999999999999,0.0,0.0,0.0
2023-03-13 22:00:00,0.0564999999999999,31.75,0.0,0.0,52.320957014427584,0.0,0.0,15949.143333332102,0.0,15202.358333332402,1793.875,0.0,0.0,0.0,1793.875,56.4999999999999,0.0,0.0,0.0
2023-03-13 23:00:00,0.0573333333333332,32.5,0.0,0.0,54.119444327343885,0.0,0.0,15949.143333332102,0.0,15202.358333332402,1863.3333333322498,0.0,0.0,0.0,1863.3333333322498,57.3333333333332,0.0,0.0,0.0
2023-03-14 00:00:00,0.0559999999999999,34.25,0.0,0.0,52.49400162204979,0.0,0.0,15949.143333332102,0.0,15202.358333332402,1918.0,0.0,0.0,0.0,1918.0,55.9999999999999,0.0,0.0,0.0
2023-03-14 01:00:00,0.0563333333333332,35.25,0.0,0.0,50.1948353451513,0.0,0.0,15949.143333332102,0.0,15202.358333332402,1985.749999998825,0.0,0.0,0.0,1985.749999998825,56.3333333333332,0.0,0.0,0.0
2023-03-14 02:00:00,0.0568333333333332,35.75,0.0,0.0,50.609855707994384,0.0,0.0,15949.143333332102,0.0,15202.358333332402,2031.7916666654748,0.0,0.0,0.0,2031.7916666654748,56.8333333333332,0.0,0.0,0.0
2023-03-14 03:00:00,0.0568333333333332,36.0,0.0,0.0,50.93796169348387,0.0,0.0,15949.143333332102,0.0,15202.358333332402,2045.9999999988,0.0,0.0,0.0,2045.9999999988,56.8333333333332,0.0,0.0,0.0
2023-03-14 04:00:00,0.0568333333333332,36.0,0.261565,0.0,50.86994371300391,0.0,0.0,15949.143333332102,-213.2566666667,15202.358333332402,2045.9999999988,0.0,0.0,0.0,2045.9999999988,56.8333333333332,0.0,0.0,0.0
2023-03-14 05:00:00,0.0556666666666666,34.75,0.394125,0.0,50.864391432371285,0.0,0.0,15949.143333332102,-346.80833333329997,14989.101666665701,1934.4166666678252,0.0,0.0,0.0,1934.4166666678252,55.6666666666666,0.0,0.0,0.0
2023-03-14 06:00:00,0.0546666666666666,33.5,0.44636,8.801338367958626e-07,51.23941380500328,0.0,0.0,15949.143333332102,-399.8933333333,14642.293333332402,1831.3333333344501,0.0,0.0,0.0,1831.3333333344501,54.6666666666666,0.0,0.0,0.0
2023-03-14 07:00:00,0.0588333333333333,31.5,0.73782,0.0386880849510344,49.11021032117743,0.0059094016967166,0.0,15949.143333332102,-687.8116666667,14242.399999999101,1853.2499999989304,0.0,0.0,0.0,1853.2499999989304,58.8333333333333,0.0,0.0,0.0
2023-03-14 08:00:00,0.0538333333333333,33.25,0.7472799999999999,0.2239479490302018,47.7479023610596,0.0184279486868116,0.0,15949.143333332102,-701.5216666667,13554.588333332402,1789.9583333322043,0.0,0.0,0.0,1789.9583333322043,53.8333333333333,0.0,0.0,0.0
2023-03-14 09:00:00,0.0546666666666666,33.5,0.597455,0.4311927537829341,49.114159349158975,0.027236666516361,0.0,15949.143333332102,-550.9883333333,12853.066666665702,1831.3333333344708,0.0,0.0,0.0,1831.3333333344708,54.6666666666666,0.0,0.0,0.0
2023-03-14 10:00:00,0.0543333333333333,33.0,0.55241,0.5961896697831294,51.05613150693523,0.0508260687396057,0.0,15949.143333332102,-506.2266666667,12302.078333332402,1792.9999999988795,0.0,0.0,0.0,1792.9999999988795,54.3333333333333,0.0,0.0,0.0
2023-03-14 11:00:00,0.0634999999999999,32.5,0.547585,0.705078513668565,50.73069980232129,0.0845805129026755,0.0,15949.143333332102,-493.61,11795.851666665701,2063.75,0.0,0.0,0.0,2063.75,63.4999999999999,0.0,0.0,0.0
2023-03-14 12:00:00,0.1091666666666666,30.0,0.53032,0.7543260799900494,49.99972150753128,0.3406816228230794,0.0,15949.143333332102,-437.52833333330005,11302.2416666657,3275.0000000101863,0.0,0.0,0.0,3275.0000000101863,109.1666666666666,0.0,0.0,0.0
2023-03-14 13:00:00,0.4753333333333333,30.5,0.410765,0.7432641354538153,49.13934130891071,0.4978617073124288,0.0,15949.143333332102,-6.731666667000013,10864.7133333324,14497.66666665631,0.0,0.0,0.0,14497.66666665631,475.33333333333326,0.0,0.0,0.0
2023-03-14 14:00:00,0.1536666666666666,31.0,0.286495,0.6720212554792419,49.583756054116456,0.2344421388348961,0.0,15949.143333332102,-155.878333333,10857.9816666654,4763.666666677193,0.0,0.0,0.0,4763.666666677193,153.6666666666666,0.0,0.0,0.0
2023-03-14 15:00:00,0.1946666666666666,32.0,0.387485,0.5419609842959121,48.55389293839893,0.1120134192246657,0.0,15949.143333332102,-222.01833333300002,10702.103333332401,6229.333333344199,0.0,0.0,0.0,6229.333333344199,194.6666666666666,0.0,0.0,0.0
2023-03-14 16:00:00,2.0923333333333334,33.5,0.5416249999999999,0.3590411847752221,48.75122254550556,0.1640280356264521,0.0,15949.143333332102,1236.85833333,10480.0849999994,70093.16666655487,0.0,3092.1458333250002,0.0,73185.31249987987,2092.3333333333335,0.0,0.0,0.0
2023-03-14 17:00:00,9.545,38.75,0.51677,0.1466791960129751,48.344645622939545,0.0676309400949722,0.0,15949.143333332102,4232.200000002702,11716.9433333294,369868.75,0.0,10580.500000006756,0.0,380449.25000000675,9545.0,0.0,0.0,0.0
2023-03-14 18:00:00,7.276666666666666,44.25,0.39486,0.0095391305605564,46.81743133232243,0.0066985470009569,0.0,15949.143333332102,0.0,15949.143333332102,321992.5000007517,0.0,0.0,0.0,321992.5000007517,7276.666666666666,0.0,0.0,0.0
2023-03-14 19:00:00,0.7925,49.0,0.24442,0.0,45.34526156199084,0.0,0.0,15949.143333332102,0.0,15949.143333332102,38832.5,0.0,0.0,0.0,38832.5,792.5,0.0,0.0,0.0
2023-03-14 20:00:00,4.506166666666667,51.75,0.133385,0.0,48.16267055374642,0.0,0.0,15949.143333332102,0.0,15949.143333332102,233194.12500017253,0.0,0.0,0.0,233194.12500017253,4506.166666666667,0.0,0.0,0.0
2023-03-14 21:00:00,12.772666666666666,52.25,0.11409,0.0,46.46241996248187,0.0,0.0,15949.143333332102,0.0,15949.143333332102,667371.8333350751,0.0,0.0,0.0,667371.8333350751,12772.666666666666,0.0,0.0,0.0
2023-03-14 22:00:00,5.287,54.0,0.112785,0.0,46.01641736632629,0.0,0.0,15949.143333332102,0.0,15949.143333332102,285498.0,0.0,0.0,0.0,285498.0,5287.0,0.0,0.0,0.0
2023-03-14 23:00:00,0.7468333333333333,54.25,0.10017,0.0,44.47904100492442,0.0,0.0,15949.143333332102,0.0,15949.143333332102,40515.708333315255,0.0,0.0,0.0,40515.708333315255,746.8333333333334,0.0,0.0,0.0
2023-03-15 00:00:00,0.1128333333333332,52.0,0.044545,0.0,44.63133710690414,0.0,0.0,15949.143333332102,0.0,15949.143333332102,5867.333333316,0.0,0.0,0.0,5867.333333316,112.8333333333332,0.0,0.0,0.0
2023-03-15 01:00:00,0.0566666666666665,53.0,0.054115,0.0,45.98631848221077,0.0,0.0,15949.143333332102,-5.948333333299999,15949.143333332102,3003.3333333351,0.0,0.0,0.0,3003.3333333351,56.666666666666494,0.0,0.0,0.0
2023-03-15 02:00:00,0.0556666666666666,50.75,0.116315,0.0,44.51456858814394,0.0,0.0,15949.143333332102,-68.9983333333,15943.194999998803,2825.083333335025,0.0,0.0,0.0,2825.083333335025,55.6666666666666,0.0,0.0,0.0
2023-03-15 03:00:00,0.0561666666666665,51.0,0.1213,0.0,47.190574382079305,0.0,0.0,15949.143333332102,-73.5583333333,15874.196666665503,2864.5000000017003,0.0,0.0,0.0,2864.5000000017003,56.166666666666494,0.0,0.0,0.0
2023-03-15 04:00:00,0.0551666666666666,52.0,0.13215,0.0,47.04339923418176,0.0,0.0,15949.143333332102,-85.25833333330002,15800.638333332203,2868.6666666684,0.0,0.0,0.0,2868.6666666684,55.1666666666666,0.0,0.0,0.0
2023-03-15 05:00:00,0.0548333333333332,53.0,0.397495,0.0,49.06345498909732,0.0,0.0,15949.143333332102,-350.8866666667,15715.379999998902,2906.1666666649,0.0,0.0,0.0,2906.1666666649,54.8333333333332,0.0,0.0,0.0
2023-03-15 06:00:00,0.0599999999999999,54.5,0.85349,3.954884798600431e-06,49.64161573830208,0.0005646153825979,0.0,15949.143333332102,-802.49,15364.493333332202,3270.0000000003092,0.0,0.0,0.0,3270.0000000003092,59.9999999999999,0.0,0.0,0.0
2023-03-15 07:00:00,0.0534999999999999,53.75,1.20484,0.0418866076306017,51.5514856786395,0.0362967522225828,0.0,15949.143333332102,-1159.365,14562.003333332203,2875.625,0.0,0.0,0.0,2875.625,53.4999999999999,0.0,0.0,0.0
2023-03-15 08:00:00,0.0533333333333333,51.25,1.095365,0.2291948004413448,50.68277830278708,0.1906995726039267,0.0,15949.143333332102,-1050.0316666667,13402.638333332203,2733.333333331593,0.0,0.0,0.0,2733.333333331593,53.3333333333333,0.0,0.0,0.0
2023-03-15 09:00:00,0.0535,47.25,0.67193,0.4357874938938817,51.16396136962209,0.3596764973697499,0.0,15949.143333332102,-626.4549999999999,12352.606666665502,2527.875,0.0,0.0,0.0,2527.875,53.5,0.0,0.0,0.0
2023-03-15 10:00:00,0.0538333333333333,41.0,0.5224650000000001,0.6000652760129533,51.13800055391064,0.484738033327282,0.0,15949.143333332102,-476.7066666667,11726.151666665502,2207.1666666652745,0.0,0.0,0.0,2207.1666666652745,53.8333333333333,0.0,0.0,0.0
2023-03-15 11:00:00,0.0824999999999999,39.25,0.2733449999999999,0.7083881597691385,50.03363442965657,0.5703122231899164,0.0,15949.143333332102,-203.22000000000003,11249.444999998803,3238.125,0.0,0.0,0.0,3238.125,82.4999999999999,0.0,0.0,0.0
2023-03-15 12:00:00,0.0706666666666666,39.5,0.0028699999999999,0.7572296734530761,51.81022753719434,0.6097675183288057,0.0,15949.143333332102,57.196666666700004,11046.224999998803,2791.3333333346745,0.0,142.99166666675,0.0,2934.3250000014245,70.6666666666666,0.0,0.0,0.0
2023-03-15 13:00:00,0.054,38.75,0.000575,0.7459155881124522,53.51921432594473,0.619803162273179,0.0,15949.143333332102,45.324999999999996,11103.421666665503,2092.5,0.0,113.31249999999999,0.0,2205.8125,54.0,0.0,0.0,0.0
2023-03-15 14:00:00,0.0549999999999999,40.5,0.0,0.6745803565698956,55.33856539835893,0.5532932483640493,0.0,15949.143333332102,46.75,11148.746666665504,2227.5,0.0,116.875,0.0,2344.375,54.9999999999999,0.0,0.0,0.0
2023-03-15 15:00:00,0.0553333333333333,41.5,0.0,0.5446148541038696,55.92311463767166,0.4411320521688869,0.0,15949.143333332102,47.0333333333,11195.496666665504,2296.333333331924,0.0,117.58333333325,0.0,2413.916666665174,55.3333333333333,0.0,0.0,0.0
2023-03-15 16:00:00,4.421166666666667,43.75,0.0,0.3620148588235252,55.793813115961655,0.2910531625992212,0.0,15949.143333332102,3757.99166667,11242.529999998804,193426.04166681267,0.0,9394.979166675,0.0,202821.02083348768,4421.166666666667,0.0,0.0,0.0
2023-03-15 17:00:00,4.592833333333334,46.0,0.0,0.1499290394233369,55.758681011723866,0.1031603422124161,0.0,15949.143333332102,948.621666663299,15000.521666668803,211270.33333317982,0.0,2371.5541666582476,0.0,213641.88749983808,4592.833333333334,0.0,0.0,0.0
2023-03-15 18:00:00,8.111833333333333,47.75,0.0,0.0104837624087822,55.00588156783648,0.0064035042857305,0.0,15949.143333332102,0.0,15949.143333332102,387340.041667224,0.0,0.0,0.0,387340.041667224,8111.833333333333,0.0,0.0,0.0
2023-03-15 19:00:00,0.8175,49.25,0.0,0.0,52.47658004934027,0.0,0.0,15949.143333332102,0.0,15949.143333332102,40261.875,0.0,0.0,0.0,40261.875,817.5,0.0,0.0,0.0
2023-03-15 20:00:00,0.2029999999999999,49.0,0.0,0.0,54.27840980445071,0.0,0.0,15949.143333332102,0.0,15949.143333332102,9947.0,0.0,0.0,0.0,9947.0,202.99999999999991,0.0,0.0,0.0
2023-03-15 21:00:00,4.983333333333333,48.75,0.0,0.0,52.10138136251426,0.0,0.0,15949.143333332102,0.0,15949.143333332102,242937.49999983748,0.0,0.0,0.0,242937.49999983748,4983.333333333333,0.0,0.0,0.0
2023-03-15 22:00:00,7.914000000000001,48.25,0.0,0.0,50.63049707666626,0.0,0.0,15949.143333332102,0.0,15949.143333332102,381850.5,0.0,0.0,0.0,381850.5,7914.000000000001,0.0,0.0,0.0
2023-03-15 23:00:00,4.782,46.5,0.0,0.0,50.0490824952377,0.0,0.0,15949.143333332102,0.0,15949.143333332102,222363.0,0.0,0.0,0.0,222363.0,4782.0,0.0,0.0,0.0
2023-03-16 00:00:00,4.4431666666666665,35.75,0.0,0.0,52.19776950643679,0.0,0.0,15949.143333332102,0.0,15949.143333332102,158843.20833345252,0.0,0.0,0.0,158843.20833345252,4443.166666666666,0.0,0.0,0.0
2023-03-16 01:00:00,0.0608333333333332,35.0,0.0,0.0,53.983754248274366,0.0,0.0,15949.143333332102,0.0,15949.143333332102,2129.1666666655,0.0,0.0,0.0,2129.1666666655,60.8333333333332,0.0,0.0,0.0
2023-03-16 02:00:00,0.0564999999999999,34.75,0.0,0.0,52.588780431613024,0.0,0.0,15949.143333332102,0.0,15949.143333332102,1963.375,0.0,0.0,0.0,1963.375,56.4999999999999,0.0,0.0,0.0
2023-03-16 03:00:00,0.0563333333333332,34.25,0.0,0.0,51.084181705527726,0.0,0.0,15949.143333332102,0.0,15949.143333332102,1929.4166666655249,0.0,0.0,0.0,1929.4166666655249,56.3333333333332,0.0,0.0,0.0
2023-03-16 04:00:00,0.0561666666666666,35.25,0.359695,0.0,51.73275314591479,0.0,0.0,15949.143333332102,-311.9533333333,15949.143333332102,1979.875000001175,0.0,0.0,0.0,1979.875000001175,56.1666666666666,0.0,0.0,0.0
2023-03-16 05:00:00,0.0611666666666666,34.25,0.97332,0.0,49.58216907670632,0.0,0.0,15949.143333332102,-921.3283333333001,15637.189999998802,2094.958333334475,0.0,0.0,0.0,2094.958333334475,61.1666666666666,0.0,0.0,0.0
2023-03-16 06:00:00,0.0548333333333333,37.25,1.29627,1.0676173284162314e-05,48.34827635727123,0.000831709399692,0.0,15949.143333332102,-1249.6616666667,14715.861666665502,2042.5416666659942,0.0,0.0,0.0,2042.5416666659942,54.8333333333333,0.0,0.0,0.0
2023-03-16 07:00:00,0.0544999999999999,38.5,1.3205349999999998,0.0452089491972437,48.63906884732141,0.032836495851859,0.0,15949.143333332102,-1274.21,13466.199999998802,2098.25,0.0,0.0,0.0,2098.25,54.4999999999999,0.0,0.0,0.0
2023-03-16 08:00:00,0.0538333333333333,38.0,1.176215,0.2344014597988686,50.94931764718392,0.1708019649473011,0.0,15949.143333332102,-1130.4566666667,12191.989999998801,2045.6666666653764,0.0,0.0,0.0,2045.6666666653764,53.8333333333333,0.0,0.0,0.0
2023-03-16 09:00:00,0.0538333333333333,37.75,0.85353,0.4403324215946482,50.91144380781547,0.3632272638826289,0.0,15949.143333332102,-807.7716666667,11061.533333332101,2032.2083333320516,0.0,0.0,0.0,2032.2083333320516,53.8333333333333,0.0,0.0,0.0
2023-03-16 10:00:00,0.0541666666666666,36.25,0.6041449999999999,0.6038903880694567,48.9372775229832,0.4832653854239699,0.0,15949.143333332102,-558.1033333332999,10253.761666665401,1963.5416666678975,0.0,0.0,0.0,1963.5416666678975,54.1666666666666,0.0,0.0,0.0
2023-03-16 11:00:00,0.1258333333333333,31.75,0.5126449999999999,0.7116453829111705,49.72390917039428,0.5398628234863284,0.0,15949.143333332102,-405.686666667,9695.658333332101,3995.208333322553,0.0,0.0,0.0,3995.208333322553,125.8333333333333,0.0,0.0,0.0
2023-03-16 12:00:00,0.1505,30.0,0.369555,0.7600785407742787,50.7039751610299,0.584647434593266,0.0,15949.143333332102,-241.63,9289.971666665102,4515.0,0.0,0.0,0.0,4515.0,150.5,0.0,0.0,0.0
2023-03-16 13:00:00,0.1515,29.0,0.1863849999999999,0.7485101904016629,49.54757045179121,0.5892036764030781,0.0,15949.143333332102,-57.609999999999985,9048.341666665103,4393.5,0.0,0.0,0.0,4393.5,151.5,0.0,0.0,0.0
2023-03-16 14:00:00,0.1653333333333333,30.25,0.0414149999999999,0.6770807693828037,50.808215826041305,0.5233036765074119,0.0,15949.143333332102,0.0,8990.731666665102,5001.333333323062,0.0,0.0,0.0,5001.333333323062,165.33333333333331,0.0,0.0,0.0
2023-03-16 15:00:00,8.3305,29.5,0.001055,0.5472081675172292,49.660437298831845,0.4005942734286316,0.0,15949.143333332102,5014.746666672298,8990.731666665102,245749.75,0.0,12536.866666680744,0.0,258286.61666668075,8330.5,0.0,0.0,0.0
2023-03-16 16:00:00,0.4888333333333333,30.25,0.000175,0.3649256455760174,50.86009600165908,0.2297888894366403,0.0,15949.143333332102,0.0,14005.4783333374,14787.208333323062,0.0,0.0,0.0,14787.208333323062,488.8333333333333,0.0,0.0,0.0
2023-03-16 17:00:00,0.0611666666666666,34.75,0.0,0.1531312972844324,51.333698880006246,0.1114117089703551,0.0,15949.143333332102,0.0,14005.4783333374,2125.5416666678466,0.0,0.0,0.0,2125.5416666678466,61.1666666666666,0.0,0.0,0.0
2023-03-16 18:00:00,0.0544999999999999,38.75,0.0,0.0114722446351357,50.52888674667704,0.0143636753005731,0.0,15949.143333332102,46.325,14005.4783333374,2111.875,0.0,115.8125,0.0,2227.6875,54.4999999999999,0.0,0.0,0.0
2023-03-16 19:00:00,0.0551666666666666,39.25,0.0,0.0,50.36308954170688,0.0,0.0,15949.143333332102,0.0,14051.8033333374,2165.2916666679753,0.0,0.0,0.0,2165.2916666679753,55.1666666666666,0.0,0.0,0.0
2023-03-16 20:00:00,0.0558333333333332,35.0,0.0,0.0,49.21085895846521,0.0,0.0,15949.143333332102,47.4583333333,14051.8033333374,1954.1666666654999,0.0,118.64583333325,0.0,2072.81249999875,55.8333333333332,0.0,0.0,0.0
2023-03-16 21:00:00,0.0566666666666665,31.75,0.0,0.0,51.58426756401204,0.0,0.0,15949.143333332102,0.0,14099.2616666707,1799.1666666677252,0.0,0.0,0.0,1799.1666666677252,56.666666666666494,0.0,0.0,0.0
2023-03-16 22:00:00,0.0559999999999999,31.25,0.0,0.0,51.13509258526783,0.0,0.0,15949.143333332102,0.0,14099.2616666707,1750.0,0.0,0.0,0.0,1750.0,55.9999999999999,0.0,0.0,0.0
2023-03-16 23:00:00,0.0559999999999999,33.0,0.0,0.0,50.718234607886885,0.0,0.0,15949.143333332102,0.0,14099.2616666707,1848.0,0.0,0.0,0.0,1848.0,55.9999999999999,0.0,0.0,0.0
2023-03-17 00:00:00,0.0563333333333332,32.25,0.0,0.0,53.14494745175413,0.0,0.0,15949.143333332102,0.0,14099.2616666707,1816.749999998925,0.0,0.0,0.0,1816.749999998925,56.3333333333332,0.0,0.0,0.0
2023-03-17 01:00:00,0.0556666666666666,33.5,0.0,0.0,51.66292965401525,0.0,0.0,15949.143333332102,0.0,14099.2616666707,1864.8333333344501,0.0,0.0,0.0,1864.8333333344501,55.6666666666666,0.0,0.0,0.0
2023-03-17 02:00:00,0.0553333333333332,35.0,0.0,0.0,52.61827283820824,0.0,0.0,15949.143333332102,0.0,14099.2616666707,1936.6666666654999,0.0,0.0,0.0,1936.6666666654999,55.3333333333332,0.0,0.0,0.0
2023-03-17 03:00:00,0.0556666666666666,35.5,0.0,0.0,50.57111488253978,0.0,0.0,15949.143333332102,0.0,14099.2616666707,1976.16666666785,0.0,0.0,0.0,1976.16666666785,55.6666666666666,0.0,0.0,0.0
2023-03-17 04:00:00,0.0604999999999999,34.25,0.278815,0.0,48.51517538327287,0.0,0.0,15949.143333332102,-227.39,14099.2616666707,2072.125,0.0,0.0,0.0,2072.125,60.4999999999999,0.0,0.0,0.0
2023-03-17 05:00:00,0.0544999999999999,33.5,0.54921,0.0,50.16262064635252,0.0,0.0,15949.143333332102,-502.88500000000005,13871.8716666707,1825.75,0.0,0.0,0.0,1825.75,54.4999999999999,0.0,0.0,0.0
2023-03-17 06:00:00,0.0538333333333333,34.0,0.7019299999999999,2.471563908317554e-05,52.114098419485046,0.000539829057888,0.0,15949.143333332102,-656.1716666666999,13368.9866666707,1830.3333333334026,0.0,0.0,0.0,1830.3333333334026,53.8333333333333,0.0,0.0,0.0
2023-03-17 07:00:00,0.0538333333333333,31.25,1.00302,0.0486492390582607,53.345816516664165,0.0367918802734114,0.0,15949.143333332102,-957.2616666667,12712.815000004,1682.2916666656056,0.0,0.0,0.0,1682.2916666656056,53.8333333333333,0.0,0.0,0.0
2023-03-17 08:00:00,0.0573333333333333,32.5,0.963065,0.2395651676528432,52.46777578961382,0.0974008538172795,0.0,15949.143333332102,-914.3316666667,11755.5533333373,1863.3333333322298,0.0,0.0,0.0,1863.3333333322298,57.3333333333333,0.0,0.0,0.0
2023-03-17 09:00:00,0.1623333333333333,35.0,0.6486299999999999,0.4448258463533082,52.10186532603933,0.257591624300704,0.0,15949.143333332102,-510.646666667,10841.2216666706,5681.666666654783,0.0,0.0,0.0,5681.666666654783,162.33333333333331,0.0,0.0,0.0
2023-03-17 10:00:00,0.3503333333333333,35.75,0.4534499999999999,0.607663574563431,51.73150027717522,0.4848610243838057,0.0,15949.143333332102,-155.66666666700002,10330.5750000036,12524.416666654528,0.0,0.0,0.0,12524.416666654528,350.33333333333326,0.0,0.0,0.0
2023-03-17 11:00:00,0.6953333333333335,34.75,0.2302549999999999,0.7148490853535172,49.97801580144608,0.5709382068601427,0.0,15949.143333332102,0.0,10174.9083333366,24162.833333321534,0.0,0.0,0.0,24162.833333321534,695.3333333333335,0.0,0.0,0.0
2023-03-17 12:00:00,0.8906666666666667,33.75,0.0346599999999999,0.7628719417899491,50.20482998278989,0.6264860697689217,0.0,15949.143333332102,0.0,10174.9083333366,30060.00000001146,0.0,0.0,0.0,30060.00000001146,890.6666666666667,0.0,0.0,0.0
2023-03-17 13:00:00,1.1711666666666667,33.0,0.0008949999999999,0.7510475537574438,50.10168988697655,0.4444977792919192,0.0,15949.143333332102,0.0,10174.9083333366,38648.50000011013,0.0,0.0,0.0,38648.50000011013,1171.1666666666667,0.0,0.0,0.0
2023-03-17 14:00:00,4.234999999999999,33.5,8.999999999995e-05,0.6795224479368374,51.50195109405333,0.4091564103477021,0.0,15949.143333332102,0.0,10174.9083333366,141872.5,0.0,0.0,0.0,141872.5,4234.999999999999,0.0,0.0,0.0
2023-03-17 15:00:00,5.627,34.5,0.0,0.5497412183216643,52.70223381362874,0.3407773502056415,0.0,15949.143333332102,0.0,10174.9083333366,194131.5,0.0,0.0,0.0,194131.5,5627.0,0.0,0.0,0.0
2023-03-17 16:00:00,8.113000000000001,36.0,0.0,0.3677741269666952,51.65736981224951,0.1433816239772698,0.0,15949.143333332102,0.0,10174.9083333366,292068.0,0.0,0.0,0.0,292068.0,8113.000000000001,0.0,0.0,0.0
2023-03-17 17:00:00,0.1309999999999999,42.25,0.0,0.1562851200566267,50.02894700264336,0.0557356405665731,0.0,15949.143333332102,0.0,10174.9083333366,5534.75,0.0,0.0,0.0,5534.75,130.9999999999999,0.0,0.0,0.0
2023-03-17 18:00:00,0.0546666666666666,47.75,0.0,0.0125031648561139,50.578928139703415,0.005954700896803,0.0,15949.143333332102,46.4666666667,10174.9083333366,2610.3333333349547,0.0,116.16666666675,0.0,2726.500000001705,54.6666666666666,0.0,0.0,0.0
2023-03-17 19:00:00,0.0544999999999999,53.5,0.0,0.0,51.5747778067522,0.0,0.0,15949.143333332102,46.325,10221.3750000033,2915.75,0.0,115.8125,0.0,3031.5625,54.4999999999999,0.0,0.0,0.0
2023-03-17 20:00:00,0.0551666666666666,47.75,0.0,0.0,53.34891740389027,0.0,0.0,15949.143333332102,0.0,10267.7000000033,2634.208333334925,0.0,0.0,0.0,2634.208333334925,55.1666666666666,0.0,0.0,0.0
2023-03-17 21:00:00,0.0608333333333332,46.75,0.0,0.0,51.966120736414375,0.0,0.0,15949.143333332102,51.7083333333,10267.7000000033,2843.958333331775,0.0,129.27083333324998,0.0,2973.229166665025,60.8333333333332,0.0,0.0,0.0
2023-03-17 22:00:00,0.0563333333333332,46.0,0.0,0.0,51.540649556759504,0.0,0.0,15949.143333332102,0.0,10319.4083333366,2591.3333333318,0.0,0.0,0.0,2591.3333333318,56.3333333333332,0.0,0.0,0.0
2023-03-17 23:00:00,0.0563333333333332,46.5,0.0,0.0,52.291038149397046,0.0,0.0,15949.143333332102,0.0,10319.4083333366,2619.4999999984498,0.0,0.0,0.0,2619.4999999984498,56.3333333333332,0.0,0.0,0.0
2023-03-18 00:00:00,0.0561666666666665,45.0,0.0,0.0,53.93380104930756,0.0,0.0,15949.143333332102,0.0,10319.4083333366,2527.5000000015,0.0,0.0,0.0,2527.5000000015,56.166666666666494,0.0,0.0,0.0
2023-03-18 01:00:00,0.0563333333333332,42.75,0.0,0.0,51.69911386658379,0.0,0.0,15949.143333332102,0.0,10319.4083333366,2408.249999998575,0.0,0.0,0.0,2408.249999998575,56.3333333333332,0.0,0.0,0.0
2023-03-18 02:00:00,0.0563333333333332,35.5,0.0,0.0,51.10405583200509,0.0,0.0,15949.143333332102,0.0,10319.4083333366,1999.83333333215,0.0,0.0,0.0,1999.83333333215,56.3333333333332,0.0,0.0,0.0
2023-03-18 03:00:00,0.0558333333333332,37.25,0.0,0.0,51.037866174948256,0.0,0.0,15949.143333332102,0.0,10319.4083333366,2079.791666665425,0.0,0.0,0.0,2079.791666665425,55.8333333333332,0.0,0.0,0.0
2023-03-18 04:00:00,0.0556666666666666,38.5,0.0,0.0,52.022253674268605,0.0,0.0,15949.143333332102,0.0,10319.4083333366,2143.1666666679503,0.0,0.0,0.0,2143.1666666679503,55.6666666666666,0.0,0.0,0.0
2023-03-18 05:00:00,0.0549999999999999,39.25,0.0,0.0,53.36612752907109,0.0,0.0,15949.143333332102,0.0,10319.4083333366,2158.75,0.0,0.0,0.0,2158.75,54.9999999999999,0.0,0.0,0.0
2023-03-18 06:00:00,0.0554999999999999,39.0,0.0,4.953139286406029e-05,51.59718127676755,0.0009893162242877,0.0,15949.143333332102,0.0,10319.4083333366,2164.500000002765,0.0,0.0,0.0,2164.500000002765,55.49999999999989,0.0,0.0,0.0
2023-03-18 07:00:00,0.0606666666666666,37.5,0.0,0.0521990487992052,49.59993662810925,0.051992649583735,0.0,15949.143333332102,0.0,10319.4083333366,2275.0000000012733,0.0,0.0,0.0,2275.0000000012733,60.6666666666666,0.0,0.0,0.0
2023-03-18 08:00:00,0.0551666666666666,37.5,0.0,0.244680032924201,49.310396693524005,0.2007070937523475,0.0,15949.143333332102,0.0,10319.4083333366,2068.7500000012733,0.0,0.0,0.0,2068.7500000012733,55.1666666666666,0.0,0.0,0.0
2023-03-18 09:00:00,0.0546666666666666,36.0,0.0,0.4492621486391126,47.9323357883441,0.3454933349087706,0.0,15949.143333332102,46.4666666667,10319.4083333366,1968.0000000012224,0.0,116.16666666675,0.0,2084.1666666679725,54.6666666666666,0.0,0.0,0.0
2023-03-18 10:00:00,0.0544999999999999,34.25,0.0,0.6113792741016241,50.42765156058061,0.4025112820486738,0.0,15949.143333332102,46.325,10365.8750000033,1866.625,0.0,115.8125,0.0,1982.4375,54.4999999999999,0.0,0.0,0.0
2023-03-18 11:00:00,0.0546666666666666,32.75,0.0,0.7179939996070704,49.67550798238592,0.4577100007146853,0.0,15949.143333332102,46.4666666667,10412.2000000033,1790.3333333344453,0.0,116.16666666675,0.0,1906.5000000011953,54.6666666666666,0.0,0.0,0.0
2023-03-18 12:00:00,0.0553333333333332,33.0,0.0,0.7656049568959986,49.22670014934033,0.4694971792106955,0.0,15949.143333332102,0.0,10458.66666667,1825.9999999988795,0.0,0.0,0.0,1825.9999999988795,55.3333333333332,0.0,0.0,0.0
2023-03-18 13:00:00,6.762166666666666,33.0,0.0,0.7535230871933,47.29063638873266,0.4821926488631813,0.0,15949.143333332102,0.0,10458.66666667,223151.50000011013,0.0,0.0,0.0,223151.50000011013,6762.166666666666,0.0,0.0,0.0
2023-03-18 14:00:00,6.8198333333333325,32.75,0.0,0.6819011184337481,50.09169445059588,0.3430567531096629,0.0,15949.143333332102,0.0,10458.66666667,223349.54166655737,0.0,0.0,0.0,223349.54166655737,6819.833333333332,0.0,0.0,0.0
2023-03-18 15:00:00,0.5513333333333332,34.0,0.0,0.5522101176338626,51.60312051521144,0.2298191458547217,0.0,15949.143333332102,0.0,10458.66666667,18745.33333332179,0.0,0.0,0.0,18745.33333332179,551.3333333333333,0.0,0.0,0.0
2023-03-18 16:00:00,0.1659999999999999,36.75,0.0,0.3705570166496779,52.18891141977322,0.168548033787654,0.0,15949.143333332102,0.0,10458.66666667,6100.5,0.0,0.0,0.0,6100.5,165.9999999999999,0.0,0.0,0.0
2023-03-18 17:00:00,3.638333333333333,44.25,0.0,0.1593870423017528,51.2035956210259,0.1068541021428556,0.0,15949.143333332102,0.0,10458.66666667,160996.24999985233,0.0,0.0,0.0,160996.24999985233,3638.333333333333,0.0,0.0,0.0
2023-03-18 18:00:00,7.140999999999999,49.75,0.0,0.013574576695037,50.00718662923909,0.0173531623837402,0.0,15949.143333332102,0.0,10458.66666667,355264.7500009668,0.0,0.0,0.0,355264.7500009668,7140.999999999999,0.0,0.0,0.0
2023-03-18 19:00:00,3.7835,49.75,0.0,0.0,50.57948523098922,0.0,0.0,15949.143333332102,0.0,10458.66666667,188229.125,0.0,0.0,0.0,188229.125,3783.5,0.0,0.0,0.0
2023-03-18 20:00:00,3.4515,51.0,0.0,0.0,51.36781438907583,0.0,0.0,15949.143333332102,0.0,10458.66666667,176026.5,0.0,0.0,0.0,176026.5,3451.5,0.0,0.0,0.0
2023-03-18 21:00:00,0.0578333333333333,51.25,0.0,0.0,49.42970649996221,0.0,0.0,15949.143333332102,0.0,10458.66666667,2963.958333331625,0.0,0.0,0.0,2963.958333331625,57.8333333333333,0.0,0.0,0.0
2023-03-18 22:00:00,0.0578333333333332,51.75,0.0,0.0,51.022428191209386,0.0,0.0,15949.143333332102,0.0,10458.66666667,2992.8749999982747,0.0,0.0,0.0,2992.8749999982747,57.8333333333332,0.0,0.0,0.0
2023-03-18 23:00:00,0.0573333333333332,51.75,0.0,0.0,52.55492181413449,0.0,0.0,15949.143333332102,0.0,10458.66666667,2966.9999999982747,0.0,0.0,0.0,2966.9999999982747,57.3333333333332,0.0,0.0,0.0
2023-03-19 00:00:00,0.0566666666666665,51.0,0.0,0.0,54.28940532761504,0.0,0.0,15949.143333332102,0.0,10458.66666667,2890.0000000017003,0.0,0.0,0.0,2890.0000000017003,56.666666666666494,0.0,0.0,0.0
2023-03-19 01:00:00,0.0559999999999999,47.75,0.0,0.0,53.760201878986784,0.0,0.0,15949.143333332102,0.0,10458.66666667,2674.0,0.0,0.0,0.0,2674.0,55.9999999999999,0.0,0.0,0.0
2023-03-19 02:00:00,0.0569999999999999,46.75,0.0,0.0,53.84386315537441,0.0,0.0,15949.143333332102,0.0,10458.66666667,2664.75,0.0,0.0,0.0,2664.75,56.9999999999999,0.0,0.0,0.0
2023-03-19 03:00:00,0.0614999999999999,45.25,0.0,0.0,54.09749233524885,0.0,0.0,15949.143333332102,0.0,10458.66666667,2782.875,0.0,0.0,0.0,2782.875,61.4999999999999,0.0,0.0,0.0
2023-03-19 04:00:00,0.0558333333333332,42.5,0.0,0.0,55.19952248910147,0.0,0.0,15949.143333332102,0.0,10458.66666667,2372.91666666525,0.0,0.0,0.0,2372.91666666525,55.8333333333332,0.0,0.0,0.0
2023-03-19 05:00:00,0.0556666666666666,44.25,0.0,0.0,56.37634063758146,0.0,0.0,15949.143333332102,0.0,10458.66666667,2463.250000001475,0.0,0.0,0.0,2463.250000001475,55.6666666666666,0.0,0.0,0.0
2023-03-19 06:00:00,0.0554999999999999,44.25,0.0,8.970894390841175e-05,57.0015106886188,0.0,0.0,15949.143333332102,0.0,10458.66666667,2455.875000005682,0.0,0.0,0.0,2455.875000005682,55.49999999999989,0.0,0.0,0.0
2023-03-19 07:00:00,0.0554999999999999,45.0,0.0,0.0558500626955631,58.5916563548622,0.0087269231282238,0.0,15949.143333332102,0.0,10458.66666667,2497.5,0.0,0.0,0.0,2497.5,55.49999999999989,0.0,0.0,0.0
2023-03-19 08:00:00,0.0549999999999999,44.25,0.0,0.249743743937855,59.80595409621753,0.0345260682065262,0.0,15949.143333332102,0.0,10458.66666667,2433.75,0.0,0.0,0.0,2433.75,54.9999999999999,0.0,0.0,0.0
2023-03-19 09:00:00,0.0546666666666666,42.25,0.0,0.4536399458566386,60.38591125754794,0.066104017078367,0.0,15949.143333332102,46.4666666667,10458.66666667,2309.6666666681012,0.0,116.16666666675,0.0,2425.8333333348514,54.6666666666666,0.0,0.0,0.0
2023-03-19 10:00:00,0.0548333333333332,39.5,0.0,0.6150363437852879,58.44272472939888,0.0947507691994691,0.0,15949.143333332102,46.6083333333,10505.1333333367,2165.9166666653255,0.0,116.52083333325001,0.0,2282.4374999985753,54.8333333333332,0.0,0.0,0.0
2023-03-19 11:00:00,0.0544999999999999,40.0,0.0,0.7210792829430979,60.13037062499002,0.1687891454778166,0.0,15949.143333332102,46.325,10551.741666670001,2180.0,0.0,115.8125,0.0,2295.8125,54.4999999999999,0.0,0.0,0.0
2023-03-19 12:00:00,0.0546666666666666,40.0,0.0,0.7682770625136172,58.42803802367207,0.2521797454051483,0.0,15949.143333332102,46.4666666667,10598.066666670002,2186.666666668025,0.0,116.16666666675,0.0,2302.833333334775,54.6666666666666,0.0,0.0,0.0
2023-03-19 13:00:00,0.0603333333333333,37.5,0.0,0.7559365797289782,58.87672079000302,0.2119678634252304,0.0,15949.143333332102,0.0,10644.533333336702,2262.4999999987267,0.0,0.0,0.0,2262.4999999987267,60.3333333333333,0.0,0.0,0.0
2023-03-19 14:00:00,0.0683333333333333,37.5,0.0,0.6842168733933991,57.76289316658371,0.2525138476771167,0.0,15949.143333332102,0.0,10644.533333336702,2562.4999999987267,0.0,0.0,0.0,2562.4999999987267,68.3333333333333,0.0,0.0,0.0
2023-03-19 15:00:00,6.946666666666666,40.75,0.0,0.5546152569080952,57.59437730837614,0.2512569213932395,0.0,15949.143333332102,0.0,10644.533333336702,283076.66666680266,0.0,0.0,0.0,283076.66666680266,6946.666666666666,0.0,0.0,0.0
2023-03-19 16:00:00,6.873333333333334,42.25,0.0,0.3732749543377884,54.88728584185291,0.1629962392953726,0.0,15949.143333332102,0.0,10644.533333336702,290398.33333319233,0.0,0.0,0.0,290398.33333319233,6873.333333333334,0.0,0.0,0.0
2023-03-19 17:00:00,0.1629999999999999,55.25,0.0,0.1624364749609533,56.55207172566945,0.0374911110013978,0.0,15949.143333332102,0.0,10644.533333336702,9005.75,0.0,0.0,0.0,9005.75,162.9999999999999,0.0,0.0,0.0
2023-03-19 18:00:00,0.1613333333333333,64.5,0.0,0.0146855169445464,54.82216462027653,0.0020721367510178,0.0,15949.143333332102,0.0,10644.533333336702,10405.9999999781,0.0,0.0,0.0,10405.9999999781,161.33333333333331,0.0,0.0,0.0
2023-03-19 19:00:00,6.732666666666667,64.5,0.0,0.0,52.37272247384821,0.0,0.0,15949.143333332102,0.0,10644.533333336702,434257.000000215,0.0,0.0,0.0,434257.000000215,6732.666666666667,0.0,0.0,0.0
2023-03-19 20:00:00,3.9638333333333335,63.25,0.0,0.0,52.64138039267513,0.0,0.0,15949.143333332102,0.0,10644.533333336702,250712.45833312251,0.0,0.0,0.0,250712.45833312251,3963.8333333333335,0.0,0.0,0.0
2023-03-19 21:00:00,6.854666666666667,55.25,0.0,0.0,53.44578799312893,0.0,0.0,15949.143333332102,0.0,10644.533333336702,378720.33333351754,0.0,0.0,0.0,378720.33333351754,6854.666666666667,0.0,0.0,0.0
2023-03-19 22:00:00,0.1176666666666666,55.25,0.0,0.0,52.10418130371527,0.0,0.0,15949.143333332102,0.0,10644.533333336702,6501.08333335175,0.0,0.0,0.0,6501.08333335175,117.6666666666666,0.0,0.0,0.0
2023-03-19 23:00:00,0.0619999999999999,61.25,0.0,0.0,51.26279127937681,0.0,0.0,15949.143333332102,0.0,10644.533333336702,3797.5,0.0,0.0,0.0,3797.5,61.9999999999999,0.0,0.0,0.0
2023-03-20 00:00:00,0.0568333333333332,62.5,0.0,0.0,49.09920911297428,0.0,0.0,15949.143333332102,0.0,10644.533333336702,3552.08333333125,0.0,0.0,0.0,3552.08333333125,56.8333333333332,0.0,0.0,0.0
2023-03-20 01:00:00,0.0569999999999999,62.75,0.0,0.0,48.64432238688302,0.0,0.0,15949.143333332102,0.0,10644.533333336702,3576.75,0.0,0.0,0.0,3576.75,56.9999999999999,0.0,0.0,0.0
2023-03-20 02:00:00,0.0568333333333332,64.5,0.0,0.0,50.27262278024516,0.0,0.0,15949.143333332102,0.0,10644.533333336702,3665.74999999785,0.0,0.0,0.0,3665.74999999785,56.8333333333332,0.0,0.0,0.0
2023-03-20 03:00:00,0.0568333333333332,63.75,0.302205,0.0,50.61777236588516,0.0,0.0,15949.143333332102,-253.89666666669999,10644.533333336702,3623.124999997875,0.0,0.0,0.0,3623.124999997875,56.8333333333332,0.0,0.0,0.0
2023-03-20 04:00:00,0.0563333333333332,63.0,0.631005,0.0,51.58784779174211,0.0,0.0,15949.143333332102,-583.1216666667,10390.636666670001,3548.9999999979,0.0,0.0,0.0,3548.9999999979,56.3333333333332,0.0,0.0,0.0
2023-03-20 05:00:00,0.0558333333333332,60.5,0.90513,0.0,53.428823920694846,0.0,0.0,15949.143333332102,-857.6716666667,9807.5150000033,3377.9166666646497,0.0,0.0,0.0,3377.9166666646497,55.8333333333332,0.0,0.0,0.0
2023-03-20 06:00:00,0.0546666666666666,59.5,1.13129,0.0001513415815463,53.9807005093802,0.0009026495672953,0.0,15949.143333332102,-1084.8233333333,8949.843333336601,3252.666666681543,0.0,0.0,0.0,3252.666666681543,54.6666666666666,0.0,0.0,0.0
2023-03-20 07:00:00,0.0541666666666666,62.0,1.083765,0.059593099778899,51.8986030421178,0.0277669232421451,0.0,15949.143333332102,-1037.7233333333002,7865.0200000033,3358.3333333354385,0.0,0.0,0.0,3358.3333333354385,54.1666666666666,0.0,0.0,0.0
2023-03-20 08:00:00,0.0536666666666666,60.75,0.97342,0.2547541854326307,49.86985918559697,0.1173641024695502,0.0,15949.143333332102,-927.8033333333,6827.2966666699995,3260.2500000020627,0.0,0.0,0.0,3260.2500000020627,53.6666666666666,0.0,0.0,0.0
2023-03-20 09:00:00,0.0591666666666666,58.75,0.71633,0.4579579637676971,48.24180205275489,0.1948111113523825,0.0,15949.143333332102,-666.0383333333,5899.4933333367,3476.0416666686615,0.0,0.0,0.0,3476.0416666686615,59.16666666666659,0.0,0.0,0.0
2023-03-20 10:00:00,0.0531666666666666,56.0,0.5317299999999999,0.6186337382810981,48.76289446955342,0.1955442718766693,0.0,15949.143333332102,-486.5383333333,5233.4550000034,2977.333333335235,0.0,0.0,0.0,2977.333333335235,53.1666666666666,0.0,0.0,0.0
2023-03-20 11:00:00,0.0549999999999999,54.5,0.4845249999999999,0.7241041782050349,47.56677082035032,0.2333991466424404,0.0,15949.143333332102,-437.775,4746.916666670099,2997.5,0.0,0.0,0.0,2997.5,54.9999999999999,0.0,0.0,0.0
2023-03-20 12:00:00,0.0838333333333333,51.25,0.471205,0.7708878069773152,49.04763635550511,0.2556441885793311,0.0,15949.143333332102,-399.94666666669997,4309.1416666701,4296.458333331593,0.0,0.0,0.0,4296.458333331593,83.8333333333333,0.0,0.0,0.0
2023-03-20 13:00:00,1.3618333333333332,48.0,0.470605,0.7582878777911285,51.47196334457741,0.3531515398596087,0.0,15949.143333332102,0.0,3909.1950000033994,65367.99999983981,0.0,0.0,0.0,65367.99999983981,1361.8333333333333,0.0,0.0,0.0
2023-03-20 14:00:00,1.095,46.5,0.30452,0.6864698474116278,53.497000036254846,0.5511544434637086,0.0,15949.143333332102,0.0,3909.1950000033994,50917.5,0.0,0.0,0.0,50917.5,1095.0,0.0,0.0,0.0
2023-03-20 15:00:00,1.2093333333333334,48.75,0.0816149999999999,0.5569570534427551,54.002992728462885,0.4443630782559387,0.0,15949.143333332102,946.3183333300001,3909.1950000033994,58954.99999983731,0.0,2365.7958333250003,0.0,61320.79583316231,1209.3333333333335,0.0,0.0,0.0
2023-03-20 16:00:00,0.1634999999999999,50.5,0.0012299999999999,0.3759285941874857,55.99117118194695,0.3171430763831505,0.0,15949.143333332102,0.0,4855.5133333334,8256.75,0.0,0.0,0.0,8256.75,163.4999999999999,0.0,0.0,0.0
2023-03-20 17:00:00,1.2221666666666666,55.5,0.000225,0.1654329660721496,56.5900069884789,0.1210147861333994,0.0,15949.143333332102,0.0,4855.5133333334,67830.25000018522,0.0,0.0,0.0,67830.25000018522,1222.1666666666665,0.0,0.0,0.0
2023-03-20 18:00:00,0.8533333333333334,57.5,0.0,0.0158342230653386,57.36027383292014,0.0097238461626295,0.0,15949.143333332102,0.0,4855.5133333334,49066.66666664714,0.0,0.0,0.0,49066.66666664714,853.3333333333334,0.0,0.0,0.0
2023-03-20 19:00:00,0.0624999999999999,62.75,0.0,0.0,59.00499623150702,0.0,0.0,15949.143333332102,0.0,4855.5133333334,3921.875,0.0,0.0,0.0,3921.875,62.4999999999999,0.0,0.0,0.0
2023-03-20 20:00:00,0.0561666666666665,61.25,0.0,0.0,58.576329049230566,0.0,0.0,15949.143333332102,0.0,4855.5133333334,3440.2083333353753,0.0,0.0,0.0,3440.2083333353753,56.166666666666494,0.0,0.0,0.0
2023-03-20 21:00:00,0.0564999999999999,59.75,0.0,0.0,57.63455333895759,0.0,0.0,15949.143333332102,0.0,4855.5133333334,3375.875,0.0,0.0,0.0,3375.875,56.4999999999999,0.0,0.0,0.0
2023-03-20 22:00:00,0.0561666666666666,58.0,0.0,0.0,57.57079611691004,0.0,0.0,15949.143333332102,0.0,4855.5133333334,3257.6666666686,0.0,0.0,0.0,3257.6666666686,56.1666666666666,0.0,0.0,0.0
2023-03-20 23:00:00,0.0561666666666666,54.5,0.0,0.0,58.9796410121711,0.0,0.0,15949.143333332102,0.0,4855.5133333334,3061.08333333515,0.0,0.0,0.0,3061.08333333515,56.1666666666666,0.0,0.0,0.0
2023-03-21 00:00:00,0.0559999999999999,53.5,0.0,0.0,57.6537402326795,0.0,0.0,15949.143333332102,0.0,4855.5133333334,2996.0,0.0,0.0,0.0,2996.0,55.9999999999999,0.0,0.0,0.0
2023-03-21 01:00:00,0.0564999999999999,53.75,0.0,0.0,55.65109930721874,0.0,0.0,15949.143333332102,0.0,4855.5133333334,3036.875,0.0,0.0,0.0,3036.875,56.4999999999999,0.0,0.0,0.0
2023-03-21 02:00:00,0.0566666666666665,54.0,0.0,0.0,55.255692190385176,0.0,0.0,15949.143333332102,0.0,4855.5133333334,3060.0000000018003,0.0,0.0,0.0,3060.0000000018003,56.666666666666494,0.0,0.0,0.0
2023-03-21 03:00:00,0.0561666666666665,55.0,0.0,0.0,56.1048031245825,0.0,0.0,15949.143333332102,0.0,4855.5133333334,3089.1666666685,0.0,0.0,0.0,3089.1666666685,56.166666666666494,0.0,0.0,0.0
2023-03-21 04:00:00,0.0558333333333332,54.75,0.30339,0.0,56.608408580448064,0.0,0.0,15949.143333332102,-255.93166666669998,4855.5133333334,3056.8749999981746,0.0,0.0,0.0,3056.8749999981746,55.8333333333332,0.0,0.0,0.0
2023-03-21 05:00:00,0.0558333333333332,54.0,0.602015,0.0,57.22453941863769,0.0,0.0,15949.143333332102,-554.5566666667,4599.5816666667,3014.9999999981997,0.0,0.0,0.0,3014.9999999981997,55.8333333333332,0.0,0.0,0.0
2023-03-21 06:00:00,0.0604999999999999,52.5,0.776965,0.0002398035568385,56.10451514665492,0.0017362393120415,0.0,15949.143333332102,-725.5400000000001,4045.025,3176.250000018026,0.0,0.0,0.0,3176.250000018026,60.4999999999999,0.0,0.0,0.0
2023-03-21 07:00:00,0.0539999999999999,50.25,1.1235,0.0634183750532892,55.75184032440814,0.0509958974316588,0.0,15949.143333332102,-1077.6,3319.485,2713.5,0.0,0.0,0.0,2713.5,53.9999999999999,0.0,0.0,0.0
2023-03-21 08:00:00,0.0536666666666666,51.0,1.05203,0.2597094174133129,56.76454399426524,0.206175127436972,0.0,15949.143333332102,-1006.4133333333,2241.885,2737.0000000017317,0.0,0.0,0.0,2737.0000000017317,53.6666666666666,0.0,0.0,0.0
2023-03-21 09:00:00,0.0535,49.5,0.64717,0.4622150255310505,56.99142719695148,0.3409533355582474,0.0,15949.143333332102,-601.6949999999999,1235.4716666667,2648.25,0.0,0.0,0.0,2648.25,53.5,0.0,0.0,0.0
2023-03-21 10:00:00,0.0539999999999999,44.5,0.40432,0.6221705025904413,58.55260586507799,0.4110192310300648,0.0,15949.143333332102,-358.42,633.7766666667001,2403.0,0.0,0.0,0.0,2403.0,53.9999999999999,0.0,0.0,0.0
2023-03-21 11:00:00,0.0538333333333333,41.25,0.321115,0.7270680105984607,57.04173369661831,0.4939970075167145,0.0,15949.143333332102,-275.3566666667,275.3566666667,2220.6249999985994,0.0,0.0,0.0,2220.6249999985994,53.8333333333333,0.0,0.0,0.0
2023-03-21 12:00:00,0.3931666666666666,38.0,0.262215,0.7734368116519869,56.899603165213215,0.5497511982714012,0.0,15949.143333332102,0.0,0.0,14940.333333346236,0.0,0.0,0.0,14940.333333346236,393.16666666666663,0.0,0.0,0.0
2023-03-21 13:00:00,2.645,38.25,0.107285,0.7605768908590199,54.91510307791987,0.4930553840571998,0.0,15949.143333332102,0.0,0.0,101171.25,0.0,0.0,0.0,101171.25,2645.0,0.0,0.0,0.0
2023-03-21 14:00:00,6.416666666666667,40.0,0.002685,0.688660227421725,54.56208809315303,0.4772296572954227,0.0,15949.143333332102,3227.9133333334007,0.0,256666.66666680016,0.0,8069.783333333502,0.0,264736.45000013366,6416.666666666667,0.0,0.0,0.0
2023-03-21 15:00:00,0.2571666666666666,41.0,0.00052,0.559235965181272,52.88857188603698,0.325863758315388,0.0,15949.143333332102,0.0,3227.9133333334007,10543.833333347255,0.0,0.0,0.0,10543.833333347255,257.1666666666666,0.0,0.0,0.0
2023-03-21 16:00:00,0.0621666666666666,41.25,0.0,0.3785186227858312,53.40081296183428,0.2206570088965261,0.0,15949.143333332102,0.0,3227.9133333334007,2564.3750000014006,0.0,0.0,0.0,2564.3750000014006,62.1666666666666,0.0,0.0,0.0
2023-03-21 17:00:00,0.0558333333333332,45.25,0.0,0.1683762073121131,54.16259141767172,0.0905056413829836,0.0,15949.143333332102,47.4583333333,3227.9133333334007,2526.458333331797,0.0,118.64583333325,0.0,2645.1041666650467,55.8333333333332,0.0,0.0,0.0
2023-03-21 18:00:00,0.0548333333333332,54.5,0.0,0.0170189798531526,51.62043031430216,0.0157077778194051,0.0,15949.143333332102,46.6083333333,3275.3716666667005,2988.416666664816,0.0,116.52083333325001,0.0,3104.937499998066,54.8333333333332,0.0,0.0,0.0
2023-03-21 19:00:00,0.0548333333333332,54.0,0.0,0.0,53.94403724638171,0.0,0.0,15949.143333332102,46.6083333333,3321.9800000000005,2960.9999999981997,0.0,116.52083333325001,0.0,3077.5208333314495,54.8333333333332,0.0,0.0,0.0
2023-03-21 20:00:00,0.0561666666666665,53.75,0.0,0.0,55.20924678580117,0.0,0.0,15949.143333332102,0.0,3368.5883333333004,3018.958333335125,0.0,0.0,0.0,3018.958333335125,56.166666666666494,0.0,0.0,0.0
2023-03-21 21:00:00,0.0566666666666665,50.0,0.0,0.0,56.04728303217373,0.0,0.0,15949.143333332102,0.0,3368.5883333333004,2833.333333335,0.0,0.0,0.0,2833.333333335,56.666666666666494,0.0,0.0,0.0
2023-03-21 22:00:00,0.0564999999999999,47.75,0.0,0.0,57.58699748707088,0.0,0.0,15949.143333332102,0.0,3368.5883333333004,2697.875,0.0,0.0,0.0,2697.875,56.4999999999999,0.0,0.0,0.0
2023-03-21 23:00:00,0.0566666666666666,47.0,0.0,0.0,58.50059649411907,0.0,0.0,15949.143333332102,0.0,3368.5883333333004,2663.3333333349,0.0,0.0,0.0,2663.3333333349,56.6666666666666,0.0,0.0,0.0
2023-03-22 00:00:00,0.0566666666666666,43.5,0.0,0.0,57.78961733091917,0.0,0.0,15949.143333332102,0.0,3368.5883333333004,2465.00000000145,0.0,0.0,0.0,2465.00000000145,56.6666666666666,0.0,0.0,0.0
2023-03-22 01:00:00,0.0564999999999999,36.5,0.0,0.0,57.00472362099529,0.0,0.0,15949.143333332102,0.0,3368.5883333333004,2062.25,0.0,0.0,0.0,2062.25,56.4999999999999,0.0,0.0,0.0
2023-03-22 02:00:00,0.0621666666666666,38.75,0.0,0.0,57.13631145900767,0.0,0.0,15949.143333332102,0.0,3368.5883333333004,2408.958333334625,0.0,0.0,0.0,2408.958333334625,62.1666666666666,0.0,0.0,0.0
2023-03-22 03:00:00,0.0563333333333332,38.25,0.0,0.0,55.73093328678362,0.0,0.0,15949.143333332102,0.0,3368.5883333333004,2154.749999998725,0.0,0.0,0.0,2154.749999998725,56.3333333333332,0.0,0.0,0.0
2023-03-22 04:00:00,0.0568333333333332,39.5,0.335415,0.0,55.87132314349601,0.0,0.0,15949.143333332102,-287.1066666667,3368.5883333333004,2244.91666666535,0.0,0.0,0.0,2244.91666666535,56.8333333333332,0.0,0.0,0.0
2023-03-22 05:00:00,0.0561666666666666,34.75,0.520725,0.0,54.6270048053484,0.0,0.0,15949.143333332102,-472.98333333330004,3081.4816666666,1951.7916666678252,0.0,0.0,0.0,1951.7916666678252,56.1666666666666,0.0,0.0,0.0
2023-03-22 06:00:00,0.0554999999999999,33.75,0.57631,0.0003613810193558,52.90591396320879,0.0016316239322479,0.0,15949.143333332102,-529.135,2608.4983333333003,1873.125000017463,0.0,0.0,0.0,1873.125000017463,55.49999999999989,0.0,0.0,0.0
2023-03-22 07:00:00,0.0549999999999999,32.25,0.962535,0.0673157640698409,52.41244653679086,0.0539791457062093,0.0,15949.143333332102,-915.785,2079.3633333333,1773.75,0.0,0.0,0.0,1773.75,54.9999999999999,0.0,0.0,0.0
2023-03-22 08:00:00,0.0546666666666666,30.75,0.8394150000000001,0.2646076458981959,53.44673232702876,0.2224517954312838,0.0,15949.143333332102,-792.9483333333,1163.5783333333,1681.000000001044,0.0,0.0,0.0,1681.000000001044,54.6666666666666,0.0,0.0,0.0
2023-03-22 09:00:00,0.0901666666666666,27.75,0.3946449999999999,0.466410032950814,52.08610976896141,0.3808546992244884,0.0,15949.143333332102,-318.00333333329996,370.63,2502.1250000009422,0.0,0.0,0.0,2502.1250000009422,90.1666666666666,0.0,0.0,0.0
2023-03-22 10:00:00,0.0908333333333333,27.25,0.129835,0.6256457579935899,49.87464845287431,0.5027018803001465,0.0,15949.143333332102,-52.626666666700004,52.626666666700004,2475.208333332408,0.0,0.0,0.0,2475.208333332408,90.8333333333333,0.0,0.0,0.0
2023-03-22 11:00:00,0.0443333333333333,27.0,0.0036349999999999,0.7299701783974043,49.05059723482845,0.567423333062066,0.0,15949.143333332102,34.0483333333,0.0,1196.9999999990832,0.0,85.12083333325,0.0,1282.1208333323332,44.3333333333333,0.0,0.0,0.0
2023-03-22 12:00:00,0.0423333333333333,31.5,0.000565,0.7759237664181153,48.214423335190645,0.607488550039438,0.0,15949.143333332102,35.418333333300005,34.0483333333,1333.4999999989304,0.0,88.54583333325002,0.0,1422.0458333321803,42.3333333333333,0.0,0.0,0.0
2023-03-22 13:00:00,0.0371666666666666,29.0,0.0,0.7628035916505412,46.38232499626913,0.6087336743998729,0.0,15949.143333332102,31.5916666667,69.4666666666,1077.833333334318,0.0,78.97916666675,0.0,1156.812500001068,37.1666666666666,0.0,0.0,0.0
2023-03-22 14:00:00,0.0373333333333333,30.0,0.0,0.6907882574473513,48.18244286553514,0.546206153804421,0.0,15949.143333332102,31.7333333333,101.0583333333,1119.9999999989814,0.0,79.33333333325,0.0,1199.3333333322314,37.3333333333333,0.0,0.0,0.0
2023-03-22 15:00:00,0.0561666666666666,30.25,0.0,0.5614524996004968,50.7555160041459,0.4134081183539497,0.0,15949.143333332102,47.7416666667,132.7916666666,1699.0416666676938,0.0,119.35416666674999,0.0,1818.3958333344438,56.1666666666666,0.0,0.0,0.0
2023-03-22 16:00:00,7.332999999999999,33.0,0.0,0.3810457707621233,50.3699265412979,0.2754779496152177,0.0,15949.143333332102,6233.05,180.5333333333,241989.0,0.0,15582.625,0.0,257571.625,7332.999999999999,0.0,0.0,0.0
2023-03-22 17:00:00,1.091,35.25,0.0,0.1712660348404095,52.06515346014803,0.109405128364889,0.0,15949.143333332102,0.0,6413.5833333333,38457.75,0.0,0.0,0.0,38457.75,1091.0,0.0,0.0,0.0
2023-03-22 18:00:00,6.603166666666667,38.5,0.0,0.0182380552224892,54.25224077027019,0.0174005982422261,0.0,15949.143333332102,0.0,6413.5833333333,254221.91666780034,0.0,0.0,0.0,254221.91666780034,6603.166666666667,0.0,0.0,0.0
2023-03-22 19:00:00,5.5683333333333325,36.5,0.0,0.0,52.82470373850744,0.0,0.0,15949.143333332102,0.0,6413.5833333333,203244.166666545,0.0,0.0,0.0,203244.166666545,5568.333333333332,0.0,0.0,0.0
2023-03-22 20:00:00,3.9915,34.25,0.0,0.0,54.36605473070259,0.0,0.0,15949.143333332102,0.0,6413.5833333333,136708.875,0.0,0.0,0.0,136708.875,3991.5,0.0,0.0,0.0
2023-03-22 21:00:00,0.0559999999999999,34.5,0.0,0.0,56.119351247088346,0.0,0.0,15949.143333332102,0.0,6413.5833333333,1932.0,0.0,0.0,0.0,1932.0,55.9999999999999,0.0,0.0,0.0
2023-03-22 22:00:00,4.297666666666667,34.0,0.0,0.0,56.17225582474261,0.0,0.0,15949.143333332102,0.0,6413.5833333333,146120.66666678002,0.0,0.0,0.0,146120.66666678002,4297.666666666667,0.0,0.0,0.0
2023-03-22 23:00:00,7.983166666666666,34.5,0.0,0.0,54.77350043600917,0.0,0.0,15949.143333332102,0.0,6413.5833333333,275419.250000115,0.0,0.0,0.0,275419.250000115,7983.166666666666,0.0,0.0,0.0
2023-03-23 00:00:00,0.47,31.25,0.0,0.0,54.75097528177577,0.0,0.0,15949.143333332102,0.0,6413.5833333333,14687.5,0.0,0.0,0.0,14687.5,470.0,0.0,0.0,0.0
2023-03-23 01:00:00,0.0395,29.25,0.0,0.0,52.30638471217823,0.0,0.0,15949.143333332102,33.575,6413.5833333333,1155.375,0.0,83.9375,0.0,1239.3125,39.5,0.0,0.0,0.0
2023-03-23 02:00:00,0.0391666666666666,31.25,0.0,0.0,51.74599658609102,0.0,0.0,15949.143333332102,33.2916666667,6447.1583333333,1223.958333334375,0.0,83.22916666675,0.0,1307.187500001125,39.1666666666666,0.0,0.0,0.0
2023-03-23 03:00:00,0.0386666666666666,32.25,0.0,0.0,52.82215227718185,0.0,0.0,15949.143333332102,32.8666666667,6480.45,1247.000000001075,0.0,82.16666666674999,0.0,1329.166666667825,38.6666666666666,0.0,0.0,0.0
2023-03-23 04:00:00,0.0388333333333333,32.5,0.20762,0.0,53.21801974005053,0.0,0.0,15949.143333332102,-174.6116666667,6513.3166666667,1262.0833333322498,0.0,0.0,0.0,1262.0833333322498,38.8333333333333,0.0,0.0,0.0
2023-03-23 05:00:00,0.0385,30.75,0.33118,0.0,55.03906200946864,0.0,0.0,15949.143333332102,-298.455,6338.705,1183.875,0.0,0.0,0.0,1183.875,38.5,0.0,0.0,0.0
2023-03-23 06:00:00,0.0385,29.75,0.327745,0.0005223750864229,53.5855707858081,0.001444615389292,0.0,15949.143333332102,-295.02,6040.25,1145.375,0.0,0.0,0.0,1145.375,38.5,0.0,0.0,0.0
2023-03-23 07:00:00,0.0375,28.0,0.476695,0.0712750429184963,53.47136522709933,0.0486876924832662,0.0,15949.143333332102,-444.82,5745.23,1050.0,0.0,0.0,0.0,1050.0,37.5,0.0,0.0,0.0
2023-03-23 08:00:00,0.037,29.25,0.3820999999999999,0.2694471909352952,54.072517562806496,0.1348186329898671,0.0,15949.143333332102,-350.65000000000003,5300.41,1082.25,0.0,0.0,0.0,1082.25,37.0,0.0,0.0,0.0
2023-03-23 09:00:00,0.1498333333333333,27.25,0.110725,0.4705419451242263,56.02423609160129,0.165196752059154,0.0,15949.143333332102,16.63333333300001,4949.76,4082.9583333240807,0.0,41.583333332500025,0.0,4124.541666656581,149.8333333333333,0.0,0.0,0.0
2023-03-23 10:00:00,2.8345,26.75,0.00144,0.6290586856005237,56.09070927447728,0.1719674356574686,0.0,15949.143333332102,0.0,4966.393333333001,75822.875,0.0,0.0,0.0,75822.875,2834.5,0.0,0.0,0.0
2023-03-23 11:00:00,2.848833333333333,26.0,0.000305,0.732810141372931,57.64905422766665,0.2674770945361537,0.0,15949.143333332102,0.0,4966.393333333001,74069.6666665799,0.0,0.0,0.0,74069.6666665799,2848.833333333333,0.0,0.0,0.0
2023-03-23 12:00:00,2.528166666666667,26.5,0.0,0.7783484227866487,57.40241877759115,0.4121585474258813,0.0,15949.143333332102,0.0,4966.393333333001,66996.4166667551,0.0,0.0,0.0,66996.4166667551,2528.166666666667,0.0,0.0,0.0
2023-03-23 13:00:00,1.9791666666666667,27.0,0.0,0.7649680136872424,55.39557097250694,0.1992252987266605,0.0,15949.143333332102,0.0,4966.393333333001,53437.500000090105,0.0,0.0,0.0,53437.500000090105,1979.1666666666667,0.0,0.0,0.0
2023-03-23 14:00:00,4.704666666666666,27.25,0.1373899999999999,0.6928542403128977,56.02589360081361,0.1276341880081046,0.0,15949.143333332102,0.0,4966.393333333001,128202.1666667576,0.0,0.0,0.0,128202.1666667576,4704.666666666666,0.0,0.0,0.0
2023-03-23 15:00:00,0.1563333333333333,28.0,0.1382399999999999,0.5636072190444854,54.41373416601241,0.092226410645705,0.0,15949.143333332102,-5.356666667000013,4966.393333333001,4377.333333323826,0.0,0.0,0.0,4377.333333323826,156.3333333333333,0.0,0.0,0.0
2023-03-23 16:00:00,4.468833333333333,28.5,0.0010099999999999,0.3835108202096662,55.33496355938754,0.0745599143525473,0.0,15949.143333332102,0.0,4961.036666666,127361.74999990489,0.0,0.0,0.0,127361.74999990489,4468.833333333333,0.0,0.0,0.0
2023-03-23 17:00:00,6.406333333333333,31.25,0.00016,0.1741024270756957,56.38198417473184,0.0598361536580273,0.0,15949.143333332102,0.0,4961.036666666,200197.91666656238,0.0,0.0,0.0,200197.91666656238,6406.333333333333,0.0,0.0,0.0
2023-03-23 18:00:00,5.4315,34.75,0.0,0.0194904113005877,56.43100807471731,0.0123694017625007,0.0,15949.143333332102,0.0,4961.036666666,188744.6250009697,0.0,0.0,0.0,188744.6250009697,5431.5,0.0,0.0,0.0
2023-03-23 19:00:00,0.1624999999999999,38.25,0.0,0.0,54.36833097671732,0.0,0.0,15949.143333332102,0.0,4961.036666666,6215.625,0.0,0.0,0.0,6215.625,162.4999999999999,0.0,0.0,0.0
2023-03-23 20:00:00,5.266,31.25,0.0,0.0,52.82094361761556,0.0,0.0,15949.143333332102,0.0,4961.036666666,164562.5,0.0,0.0,0.0,164562.5,5266.0,0.0,0.0,0.0
2023-03-23 21:00:00,2.8593333333333333,30.0,0.0,0.0,53.0194777057125,0.0,0.0,15949.143333332102,0.0,4961.036666666,85779.9999999,0.0,0.0,0.0,85779.9999999,2859.3333333333335,0.0,0.0,0.0
2023-03-23 22:00:00,7.001833333333334,28.75,0.0,0.0,54.383114497237074,0.0,0.0,15949.143333332102,0.0,4961.036666666,201302.7083332375,0.0,0.0,0.0,201302.7083332375,7001.833333333334,0.0,0.0,0.0
2023-03-23 23:00:00,4.082666666666667,29.0,0.0,0.0,52.150619334073184,0.0,0.0,15949.143333332102,0.0,4961.036666666,118397.33333343,0.0,0.0,0.0,118397.33333343,4082.6666666666674,0.0,0.0,0.0
2023-03-24 00:00:00,4.900166666666666,28.5,0.0,0.0,50.386280079989085,0.0,0.0,15949.143333332102,0.0,4961.036666666,139654.750000095,0.0,0.0,0.0,139654.750000095,4900.166666666666,0.0,0.0,0.0
2023-03-24 01:00:00,0.0569999999999999,28.5,0.0,0.0,51.881314528067335,0.0,0.0,15949.143333332102,0.0,4961.036666666,1624.5,0.0,0.0,0.0,1624.5,56.9999999999999,0.0,0.0,0.0
2023-03-24 02:00:00,0.0573333333333332,26.75,0.0,0.0,50.89063079724581,0.0,0.0,15949.143333332102,0.0,4961.036666666,1533.666666665775,0.0,0.0,0.0,1533.666666665775,57.3333333333332,0.0,0.0,0.0
2023-03-24 03:00:00,0.0566666666666666,27.75,0.0,0.0,52.57222332820066,0.0,0.0,15949.143333332102,0.0,4961.036666666,1572.5000000009252,0.0,0.0,0.0,1572.5000000009252,56.6666666666666,0.0,0.0,0.0
2023-03-24 04:00:00,0.0563333333333332,28.75,0.2136399999999999,0.0,53.49686666829227,0.0,0.0,15949.143333332102,-165.75666666669997,4961.036666666,1619.5833333323749,0.0,0.0,0.0,1619.5833333323749,56.3333333333332,0.0,0.0,0.0
2023-03-24 05:00:00,0.0563333333333332,30.0,0.341965,0.0,55.469231127934606,0.0,0.0,15949.143333332102,-294.08166666669996,4795.2799999993,1689.999999999,0.0,0.0,0.0,1689.999999999,56.3333333333332,0.0,0.0,0.0
2023-03-24 06:00:00,0.0579999999999999,29.5,0.327395,0.0007280561749972,56.270047285688655,0.0,0.0,15949.143333332102,-278.09499999999997,4501.198333332601,1711.0,0.0,0.0,0.0,1711.0,57.9999999999999,0.0,0.0,0.0
2023-03-24 07:00:00,0.0578333333333333,27.5,0.48788,0.0752860902359363,57.89610014620997,0.0244108546900952,0.0,15949.143333332102,-438.7216666667,4223.1033333326,1590.416666665733,0.0,0.0,0.0,1590.416666665733,57.8333333333333,0.0,0.0,0.0
2023-03-24 08:00:00,0.0543333333333333,26.25,0.49799,0.2742264589443639,59.42132361227912,0.0384018802540933,0.0,15949.143333332102,-451.80666666670004,3784.3816666659004,1426.2499999991087,0.0,0.0,0.0,1426.2499999991087,54.3333333333333,0.0,0.0,0.0
2023-03-24 09:00:00,0.0549999999999999,26.0,0.370235,0.4746097606161685,56.58283417073417,0.185918632735554,0.0,15949.143333332102,-323.485,3332.5749999992004,1430.0,0.0,0.0,0.0,1430.0,54.9999999999999,0.0,0.0,0.0
2023-03-24 10:00:00,0.0554999999999999,25.25,0.26913,0.63240851297856,55.52281550216741,0.1487245298043275,0.0,15949.143333332102,-221.95499999999998,3009.0899999992002,1401.375,0.0,0.0,0.0,1401.375,55.49999999999989,0.0,0.0,0.0
2023-03-24 11:00:00,2.1053333333333337,25.0,0.1625149999999999,0.7355874115820104,54.90326411664349,0.1859511114593245,0.0,15949.143333332102,1627.0183333300001,2787.1349999992003,52633.3333332499,0.0,4067.5458333250003,0.0,56700.8791665749,2105.333333333334,0.0,0.0,0.0
2023-03-24 12:00:00,4.682333333333333,24.25,0.1625399999999998,0.7807105887097062,54.43874888461994,0.1642050433362651,0.0,15949.143333332102,3817.44333333,4414.153333329201,113546.5833332524,0.0,9543.608333324999,0.0,123090.1916665774,4682.333333333333,0.0,0.0,0.0
2023-03-24 13:00:00,6.590333333333334,25.25,0.2269249999999999,0.7670702499015339,56.04984336368328,0.0752341024284689,0.0,15949.143333332102,0.0,8231.596666659201,166405.9166665824,0.0,0.0,0.0,166405.9166665824,6590.333333333334,0.0,0.0,0.0
2023-03-24 14:00:00,4.8693333333333335,25.0,0.29269,0.6948585397527759,57.63946126503326,0.1487132474296113,0.0,15949.143333332102,0.0,8231.596666659201,121733.3333332499,0.0,0.0,0.0,121733.3333332499,4869.333333333334,0.0,0.0,0.0
2023-03-24 15:00:00,0.0729999999999999,25.25,0.17593,0.5657007459038188,59.24363239536926,0.1171119654076731,0.0,15949.143333332102,-113.88000000000001,8231.596666659201,1843.25,0.0,0.0,0.0,1843.25,72.9999999999999,0.0,0.0,0.0
2023-03-24 16:00:00,0.0561666666666666,25.75,0.0025449999999999,0.3859146117253174,56.458916787014445,0.0587552994540614,0.0,15949.143333332102,45.1966666667,8117.716666659201,1446.291666667541,0.0,112.99166666674999,0.0,1559.283333334291,56.1666666666666,0.0,0.0,0.0
2023-03-24 17:00:00,0.0771666666666666,25.25,0.0004799999999999,0.1768855028819718,56.09956388925488,0.015282734989101,0.0,15949.143333332102,0.0,8162.9133333259015,1948.4583333341907,0.0,0.0,0.0,1948.4583333341907,77.1666666666666,0.0,0.0,0.0
2023-03-24 18:00:00,6.234166666666667,32.25,0.0,0.020774080180881,54.698330646200894,0.0043135042678819,0.0,15949.143333332102,0.0,8162.9133333259015,201051.8750010667,0.0,0.0,0.0,201051.8750010667,6234.166666666667,0.0,0.0,0.0
2023-03-24 19:00:00,7.735333333333333,40.25,0.0,0.0,54.38005589786846,0.0,0.0,15949.143333332102,0.0,8162.9133333259015,311347.1666665325,0.0,0.0,0.0,311347.1666665325,7735.333333333333,0.0,0.0,0.0
2023-03-24 20:00:00,4.0440000000000005,30.5,0.0,0.0,53.59650011977841,0.0,0.0,15949.143333332102,0.0,8162.9133333259015,123342.0,0.0,0.0,0.0,123342.0,4044.0000000000005,0.0,0.0,0.0
2023-03-24 21:00:00,3.995000000000001,28.0,0.0,0.0,51.61551901480629,0.0,0.0,15949.143333332102,0.0,8162.9133333259015,111860.0,0.0,0.0,0.0,111860.0,3995.000000000001,0.0,0.0,0.0
2023-03-24 22:00:00,0.1184999999999999,27.5,0.0,0.0,52.1924394833831,0.0,0.0,15949.143333332102,0.0,8162.9133333259015,3258.75,0.0,0.0,0.0,3258.75,118.4999999999999,0.0,0.0,0.0
2023-03-24 23:00:00,0.0586666666666666,28.0,0.0,0.0,50.87354881212881,0.0,0.0,15949.143333332102,49.8666666667,8162.9133333259015,1642.6666666676,0.0,124.66666666674999,0.0,1767.33333333435,58.6666666666666,0.0,0.0,0.0
2023-03-25 00:00:00,0.0583333333333333,27.75,0.0,0.0,51.39173063747763,0.0,0.0,15949.143333332102,0.0,8212.779999992601,1618.7499999990748,0.0,0.0,0.0,1618.7499999990748,58.3333333333333,0.0,0.0,0.0
2023-03-25 01:00:00,0.0564999999999999,29.0,0.0,0.0,50.63685460027937,0.0,0.0,15949.143333332102,0.0,8212.779999992601,1638.5,0.0,0.0,0.0,1638.5,56.4999999999999,0.0,0.0,0.0
2023-03-25 02:00:00,0.0618333333333333,28.75,0.0,0.0,51.47747645480193,0.0,0.0,15949.143333332102,0.0,8212.779999992601,1777.7083333323749,0.0,0.0,0.0,1777.7083333323749,61.8333333333333,0.0,0.0,0.0
2023-03-25 03:00:00,0.0563333333333333,29.0,0.0,0.0,50.90075199298985,0.0,0.0,15949.143333332102,0.0,8212.779999992601,1633.6666666657,0.0,0.0,0.0,1633.6666666657,56.3333333333333,0.0,0.0,0.0
2023-03-25 04:00:00,0.0559999999999999,30.0,0.0,0.0,50.63072311972788,0.0,0.0,15949.143333332102,0.0,8212.779999992601,1680.0,0.0,0.0,0.0,1680.0,55.9999999999999,0.0,0.0,0.0
2023-03-25 05:00:00,0.0558333333333333,30.0,0.0,0.0,49.75635760710272,0.0,0.0,15949.143333332102,0.0,8212.779999992601,1674.999999999,0.0,0.0,0.0,1674.999999999,55.8333333333333,0.0,0.0,0.0
2023-03-25 06:00:00,0.0556666666666666,30.0,0.0,0.0009844933106765,51.93084140565596,0.0048057264977922,0.0,15949.143333332102,47.3166666667,8212.779999992601,1670.0000000010186,0.0,118.29166666675,0.0,1788.2916666677686,55.6666666666666,0.0,0.0,0.0
2023-03-25 07:00:00,0.0558333333333333,30.0,0.0,0.0793390483504181,52.64079715999125,0.0534338464492406,0.0,15949.143333332102,0.0,8260.096666659301,1674.9999999989814,0.0,0.0,0.0,1674.9999999989814,55.8333333333333,0.0,0.0,0.0
2023-03-25 08:00:00,0.0558333333333333,29.5,0.0,0.2789439241818108,54.173501949501656,0.1661423930958804,0.0,15949.143333332102,47.4583333333,8260.096666659301,1647.0833333323317,0.0,118.64583333325,0.0,1765.7291666655817,55.8333333333333,0.0,0.0,0.0
2023-03-25 09:00:00,0.0546666666666666,28.75,0.0,0.4786125073279819,56.242945449554085,0.1972572649442233,0.0,15949.143333332102,46.4666666667,8307.5549999926,1571.6666666676429,0.0,116.16666666675,0.0,1687.8333333343928,54.6666666666666,0.0,0.0,0.0
2023-03-25 10:00:00,0.0553333333333333,27.75,0.0,0.6356945070472101,55.441811568671135,0.2595623929276425,0.0,15949.143333332102,47.0333333333,8354.0216666593,1535.4999999990578,0.0,117.58333333325,0.0,1653.0833333323078,55.3333333333333,0.0,0.0,0.0
2023-03-25 11:00:00,3.8946666666666654,27.0,0.0,0.7383015492411723,53.85474529416468,0.3019960670797234,0.0,15949.143333332102,0.0,8401.0549999926,105156.0000000901,0.0,0.0,0.0,105156.0000000901,3894.6666666666656,0.0,0.0,0.0
2023-03-25 12:00:00,4.037333333333334,26.75,0.0,0.7830101273048933,51.499024463895,0.3625153830112554,0.0,15949.143333332102,0.0,8401.0549999926,107998.6666665774,0.0,0.0,0.0,107998.6666665774,4037.3333333333335,0.0,0.0,0.0
2023-03-25 13:00:00,6.613166666666667,27.25,0.0,0.769110454090387,52.42109385171606,0.3598571796906302,0.0,15949.143333332102,0.0,8401.0549999926,180208.7916667576,0.0,0.0,0.0,180208.7916667576,6613.166666666667,0.0,0.0,0.0
2023-03-25 14:00:00,5.217666666666667,28.0,0.0,0.6968015844910568,50.7051437929338,0.2808479498186682,0.0,15949.143333332102,1822.118333340899,8401.0549999926,146094.6666667601,0.0,4555.295833352247,0.0,150649.96250011236,5217.666666666667,0.0,0.0,0.0
2023-03-25 15:00:00,7.7075,29.0,0.0,0.567733769026493,52.74820049397095,0.2498117952265291,0.0,15949.143333332102,0.0,10223.1733333335,223517.5,0.0,0.0,0.0,223517.5,7707.5,0.0,0.0,0.0
2023-03-25 16:00:00,5.734000000000001,29.0,0.0,0.3882580523172185,52.22996464470083,0.132326495667808,0.0,15949.143333332102,0.0,10223.1733333335,166286.0,0.0,0.0,0.0,166286.0,5734.000000000001,0.0,0.0,0.0
2023-03-25 17:00:00,2.434333333333333,29.75,0.0,0.1796155216505875,53.56314969445446,0.0888811110635088,0.0,15949.143333332102,0.0,10223.1733333335,72421.41666656738,0.0,0.0,0.0,72421.41666656738,2434.333333333333,0.0,0.0,0.0
2023-03-25 18:00:00,0.8008333333333333,28.5,0.0,0.0220874464891087,53.147733130443726,0.0101842734559128,0.0,15949.143333332102,0.0,10223.1733333335,22823.749999990323,0.0,0.0,0.0,22823.749999990323,800.8333333333333,0.0,0.0,0.0
2023-03-25 19:00:00,2.242,28.0,0.0,0.0,54.36585740861812,0.0,0.0,15949.143333332102,0.0,10223.1733333335,62776.0,0.0,0.0,0.0,62776.0,2242.0,0.0,0.0,0.0
2023-03-25 20:00:00,0.0589999999999999,28.25,0.0,0.0,52.53418641796992,0.0,0.0,15949.143333332102,0.0,10223.1733333335,1666.75,0.0,0.0,0.0,1666.75,58.9999999999999,0.0,0.0,0.0
2023-03-25 21:00:00,0.0586666666666666,29.0,0.0,0.0,54.6070559987236,0.0,0.0,15949.143333332102,0.0,10223.1733333335,1701.3333333343,0.0,0.0,0.0,1701.3333333343,58.6666666666666,0.0,0.0,0.0
2023-03-25 22:00:00,0.0576666666666665,29.25,0.0,0.0,56.09637222562951,0.0,0.0,15949.143333332102,0.0,10223.1733333335,1686.750000000975,0.0,0.0,0.0,1686.750000000975,57.6666666666665,0.0,0.0,0.0
2023-03-25 23:00:00,0.0629999999999999,28.75,0.0,0.0,57.25443325954716,0.0,0.0,15949.143333332102,0.0,10223.1733333335,1811.25,0.0,0.0,0.0,1811.25,62.9999999999999,0.0,0.0,0.0
2023-03-26 00:00:00,0.0574999999999999,28.25,0.0,0.0,54.80578121721791,0.0,0.0,15949.143333332102,48.875,10223.1733333335,1624.375,0.0,122.1875,0.0,1746.5625,57.4999999999999,0.0,0.0,0.0
2023-03-26 01:00:00,0.0569999999999999,29.0,0.0,0.0,54.79236023163856,0.0,0.0,15949.143333332102,0.0,10272.0483333335,1653.0,0.0,0.0,0.0,1653.0,56.9999999999999,0.0,0.0,0.0
2023-03-26 02:00:00,0.0,29.0,0.0,0.0,53.783331389338365,0.0,0.0,15949.143333332102,0.0,10272.0483333335,0.0,0.0,0.0,0.0,0.0,0.0,0.0,0.0,0.0
2023-03-26 03:00:00,0.0566666666666666,28.75,0.0,0.0,52.55494355770223,0.0,0.0,15949.143333332102,0.0,10272.0483333335,1629.1666666676251,0.0,0.0,0.0,1629.1666666676251,56.6666666666666,0.0,0.0,0.0
2023-03-26 04:00:00,0.0559999999999999,30.0,0.0,0.0,52.56981189645796,0.0,0.0,15949.143333332102,0.0,10272.0483333335,1680.0,0.0,0.0,0.0,1680.0,55.9999999999999,0.0,0.0,0.0
2023-03-26 05:00:00,0.0559999999999999,29.25,0.0,0.0,52.13650913984589,0.0,0.0,15949.143333332102,0.0,10272.0483333335,1638.0,0.0,0.0,0.0,1638.0,55.9999999999999,0.0,0.0,0.0
2023-03-26 06:00:00,0.0558333333333332,28.5,0.0,0.0012960554321519,52.28737033626263,0.0,0.0,15949.143333332102,47.4583333333,10272.0483333335,1591.2499999990323,0.0,118.64583333325,0.0,1709.8958333322823,55.8333333333332,0.0,0.0,0.0
2023-03-26 07:00:00,0.0556666666666666,28.25,0.0,0.0834244453193686,54.23538903412689,0.0,0.0,15949.143333332102,47.3166666667,10319.506666666799,1572.5833333342925,0.0,118.29166666675,0.0,1690.8750000010425,55.6666666666666,0.0,0.0,0.0
2023-03-26 08:00:00,0.0549999999999999,27.5,0.0,0.2835981199186165,53.51244394432504,0.007925555508934,0.0,15949.143333332102,46.75,10366.8233333335,1512.5,0.0,116.875,0.0,1629.375,54.9999999999999,0.0,0.0,0.0
2023-03-26 09:00:00,0.1501666666666666,26.75,0.0,0.4825492403402058,55.3946102131336,0.0184019657689282,0.0,15949.143333332102,0.0,10413.5733333335,4016.958333342416,0.0,0.0,0.0,4016.958333342416,150.1666666666666,0.0,0.0,0.0
2023-03-26 10:00:00,6.764333333333333,26.0,0.0,0.638915973397436,52.891003460718224,0.0279525640071966,0.0,15949.143333332102,0.0,10413.5733333335,175872.6666665799,0.0,0.0,0.0,175872.6666665799,6764.333333333333,0.0,0.0,0.0
2023-03-26 11:00:00,5.475666666666666,25.0,0.0,0.7409521633737984,53.94293183653196,0.0414116239955282,0.0,15949.143333332102,0.0,10413.5733333335,136891.6666667501,0.0,0.0,0.0,136891.6666667501,5475.666666666666,0.0,0.0,0.0
2023-03-26 12:00:00,5.557333333333333,24.75,0.0,0.7852469588999337,54.06915283183013,0.1501735043321919,0.0,15949.143333332102,0.0,10413.5733333335,137543.9999999174,0.0,0.0,0.0,137543.9999999174,5557.333333333333,0.0,0.0,0.0
2023-03-26 13:00:00,6.9446666666666665,25.5,0.0,0.7710888443892164,51.59781485864772,0.2209845296745626,0.0,15949.143333332102,0.0,10413.5733333335,177089.0000000851,0.0,0.0,0.0,177089.0000000851,6944.666666666667,0.0,0.0,0.0
2023-03-26 14:00:00,4.9013333333333335,26.5,0.0,0.6986838730980959,53.86381887975743,0.4010946149907562,0.0,15949.143333332102,0.0,10413.5733333335,129885.3333332449,0.0,0.0,0.0,129885.3333332449,4901.333333333334,0.0,0.0,0.0
2023-03-26 15:00:00,0.1116666666666666,27.0,0.0,0.5697070499374266,55.63171088864687,0.2828288031439497,0.0,15949.143333332102,0.0,10413.5733333335,3015.0000000091677,0.0,0.0,0.0,3015.0000000091677,111.6666666666666,0.0,0.0,0.0
2023-03-26 16:00:00,0.1624999999999999,27.25,0.0,0.3905421224198429,54.89150825784232,0.413835385477441,0.0,15949.143333332102,0.0,10413.5733333335,4428.125,0.0,0.0,0.0,4428.125,162.4999999999999,0.0,0.0,0.0
2023-03-26 17:00:00,2.341,26.75,0.0,0.182292883249773,56.80911538085843,0.1146063258505275,0.0,15949.143333332102,0.0,10413.5733333335,62621.75,0.0,0.0,0.0,62621.75,2341.0,0.0,0.0,0.0
2023-03-26 18:00:00,6.7125,27.0,0.0,0.0234288964607773,57.675972803634906,0.062865555490184,0.0,15949.143333332102,0.0,10413.5733333335,181237.50000090568,0.0,0.0,0.0,181237.50000090568,6712.5,0.0,0.0,0.0
2023-03-26 19:00:00,5.707,26.25,0.0,0.0,54.81633831934087,0.0058955555476853,0.0,15949.143333332102,0.0,10413.5733333335,149808.75,0.0,0.0,0.0,149808.75,5707.0,0.0,0.0,0.0
2023-03-26 20:00:00,5.419666666666667,26.0,0.0,0.0,56.19884223066768,0.0,0.0,15949.143333332102,0.0,10413.5733333335,140911.33333342,0.0,0.0,0.0,140911.33333342,5419.666666666667,0.0,0.0,0.0
2023-03-26 21:00:00,4.279,26.75,0.0,0.0,54.54570142342086,0.0,0.0,15949.143333332102,0.0,10413.5733333335,114463.25,0.0,0.0,0.0,114463.25,4279.0,0.0,0.0,0.0
2023-03-26 22:00:00,5.573833333333333,27.25,0.0,0.0,53.75688148057784,0.0,0.0,15949.143333332102,0.0,10413.5733333335,151886.95833324248,0.0,0.0,0.0,151886.95833324248,5573.833333333333,0.0,0.0,0.0
2023-03-26 23:00:00,5.903666666666666,27.75,0.0,0.0,54.29883203577988,0.0,0.0,15949.143333332102,0.0,10413.5733333335,163826.75000009252,0.0,0.0,0.0,163826.75000009252,5903.666666666666,0.0,0.0,0.0
2023-03-27 00:00:00,6.564166666666666,29.25,0.0,0.0,52.460663352389325,0.0,0.0,15949.143333332102,0.0,10413.5733333335,192001.8750000975,0.0,0.0,0.0,192001.8750000975,6564.166666666666,0.0,0.0,0.0
2023-03-27 01:00:00,0.0728333333333332,31.0,0.0,0.0,51.73495640011069,0.0,0.0,15949.143333332102,0.0,10413.5733333335,2257.8333333323003,0.0,0.0,0.0,2257.8333333323003,72.8333333333332,0.0,0.0,0.0
2023-03-27 02:00:00,0.0569999999999999,30.75,0.0,0.0,49.46077464578431,0.0,0.0,15949.143333332102,0.0,10413.5733333335,1752.75,0.0,0.0,0.0,1752.75,56.9999999999999,0.0,0.0,0.0
2023-03-27 03:00:00,0.0573333333333332,32.5,0.25124,0.0,49.779326615636485,0.0,0.0,15949.143333332102,-202.5066666667,10413.5733333335,1863.3333333322498,0.0,0.0,0.0,1863.3333333322498,57.3333333333332,0.0,0.0,0.0
2023-03-27 04:00:00,0.0566666666666665,34.0,0.7911549999999999,0.0,51.797033525378254,0.0,0.0,15949.143333332102,-742.9883333332999,10211.066666666798,1926.6666666678002,0.0,0.0,0.0,1926.6666666678002,56.666666666666494,0.0,0.0,0.0
2023-03-27 05:00:00,0.0559999999999999,38.25,1.15733,0.0,50.23812422700859,0.0,0.0,15949.143333332102,-1109.73,9468.078333333498,2142.0,0.0,0.0,0.0,2142.0,55.9999999999999,0.0,0.0,0.0
2023-03-27 06:00:00,0.0549999999999999,42.0,1.046755,0.0016667583089266,52.23919563132756,0.0,0.0,15949.143333332102,-1000.0050000000001,8358.348333333499,2310.0,0.0,0.0,0.0,2310.0,54.9999999999999,0.0,0.0,0.0
2023-03-27 07:00:00,0.0534999999999999,46.25,0.92475,0.0875332811582146,52.67788863751575,0.0,0.0,15949.143333332102,-879.275,7358.3433333335,2474.375,0.0,0.0,0.0,2474.375,53.4999999999999,0.0,0.0,0.0
2023-03-27 08:00:00,0.0578333333333333,49.5,0.95207,0.2881876367888966,52.36909451393101,0.0104500854448375,0.0,15949.143333332102,-902.9116666667001,6479.0683333335,2862.7499999983193,0.0,0.0,0.0,2862.7499999983193,57.8333333333333,0.0,0.0,0.0
2023-03-27 09:00:00,0.0538333333333332,49.0,0.91415,0.4864190452130983,50.57396493203665,0.0600367522239685,0.0,15949.143333332102,-868.3916666667,5576.1566666667995,2637.8333333316696,0.0,0.0,0.0,2637.8333333316696,53.8333333333332,0.0,0.0,0.0
2023-03-27 10:00:00,0.0539999999999999,46.5,0.842695,0.6420722595783154,49.62904523138412,0.1087399148533486,0.0,15949.143333332102,-796.7950000000001,4707.7650000000995,2511.0,0.0,0.0,0.0,2511.0,53.9999999999999,0.0,0.0,0.0
2023-03-27 11:00:00,0.0538333333333333,44.0,0.7379749999999999,0.743538914956086,48.4828179743862,0.1784187188107743,0.0,15949.143333332102,-692.2166666667,3910.9700000001,2368.6666666651727,0.0,0.0,0.0,2368.6666666651727,53.8333333333333,0.0,0.0,0.0
2023-03-27 12:00:00,0.0538333333333332,39.75,0.667785,0.7874210641107982,47.15051275469387,0.3484192293933315,0.0,15949.143333332102,-622.0266666667,3218.7533333334,2139.8749999986503,0.0,0.0,0.0,2139.8749999986503,53.8333333333332,0.0,0.0,0.0
2023-03-27 13:00:00,0.0538333333333332,36.75,0.6771249999999999,0.7730057063607697,46.48394462067853,0.1388729919531406,0.0,15949.143333332102,-631.3666666667,2596.7266666667,1978.3749999987522,0.0,0.0,0.0,1978.3749999987522,53.8333333333332,0.0,0.0,0.0
2023-03-27 14:00:00,0.0543333333333332,34.75,0.73459,0.7005059771915046,47.29894238050573,0.2037399992983566,0.0,15949.143333332102,-688.4066666667001,1965.3600000000001,1888.0833333321534,0.0,0.0,0.0,1888.0833333321534,54.3333333333332,0.0,0.0,0.0
2023-03-27 15:00:00,0.0549999999999999,35.5,0.726105,0.5716214261522391,49.9694494921991,0.1358250427246093,0.0,15949.143333332102,-679.355,1276.9533333333002,1952.5,0.0,0.0,0.0,1952.5,54.9999999999999,0.0,0.0,0.0
2023-03-27 16:00:00,0.0546666666666666,34.75,0.644065,0.3927678791984754,51.405937183811545,0.1105788027934539,0.0,15949.143333332102,-597.5983333333,597.5983333333,1899.6666666678466,0.0,0.0,0.0,1899.6666666678466,54.6666666666666,0.0,0.0,0.0
2023-03-27 17:00:00,4.004833333333333,36.0,0.641555,0.1849181246119708,51.21962225366262,0.0921914530207968,0.0,15949.143333332102,2762.55333333,0.0,144173.99999987986,0.0,6906.383333325,0.0,151080.38333320487,4004.833333333333,0.0,0.0,0.0
2023-03-27 18:00:00,0.1621666666666666,45.75,0.62854,0.0247974423282691,49.71053025023559,0.064082991526677,0.0,15949.143333332102,-490.69833333299994,2762.55333333,7419.125000015534,0.0,0.0,0.0,7419.125000015534,162.1666666666666,0.0,0.0,0.0
2023-03-27 19:00:00,3.232833333333333,46.25,0.3817000000000001,0.0,47.86422797267302,0.0180031624182453,0.0,15949.143333332102,2366.20833333,2271.854999997,149518.54166651252,0.0,5915.520833325,0.0,155434.0624998375,3232.8333333333326,0.0,0.0,0.0
2023-03-27 20:00:00,4.832166666666667,46.5,0.16628,0.0,47.50889365474618,0.0,0.0,15949.143333332102,3941.0616666700002,4638.063333327,224695.750000155,0.0,9852.654166675,0.0,234548.40416683,4832.166666666667,0.0,0.0,0.0
2023-03-27 21:00:00,5.935,47.0,0.12536,0.0,47.10232814980611,0.0,0.0,15949.143333332102,0.0,8579.124999997,278945.0,0.0,0.0,0.0,278945.0,5935.0,0.0,0.0,0.0
2023-03-27 22:00:00,2.028833333333333,50.0,0.140165,0.0,48.07784937434851,0.0,0.0,15949.143333332102,0.0,8579.124999997,101441.6666665,0.0,0.0,0.0,101441.6666665,2028.833333333333,0.0,0.0,0.0
2023-03-27 23:00:00,4.035333333333333,53.0,0.1216999999999999,0.0,47.1013693417197,0.0,0.0,15949.143333332102,0.0,8579.124999997,213872.66666649,0.0,0.0,0.0,213872.66666649,4035.333333333333,0.0,0.0,0.0
2023-03-28 00:00:00,0.1656666666666666,52.0,0.1915499999999999,0.0,48.624929721078914,0.0,0.0,15949.143333332102,-50.73333333300002,8579.124999997,8614.666666684,0.0,0.0,0.0,8614.666666684,165.6666666666666,0.0,0.0,0.0
2023-03-28 01:00:00,4.573166666666667,51.75,0.2237449999999999,0.0,50.29582724123726,0.0,0.0,15949.143333332102,0.0,8528.391666664,236661.37500017253,0.0,0.0,0.0,236661.37500017253,4573.166666666667,0.0,0.0,0.0
2023-03-28 02:00:00,6.263333333333333,52.0,0.2014049999999999,0.0,51.88651544853698,0.0,0.0,15949.143333332102,0.0,8528.391666664,325693.33333316,0.0,0.0,0.0,325693.33333316,6263.333333333333,0.0,0.0,0.0
2023-03-28 03:00:00,1.3295,52.25,0.26869,0.0,51.60566685614936,0.0,0.0,15949.143333332102,0.0,8528.391666664,69466.375,0.0,0.0,0.0,69466.375,1329.5,0.0,0.0,0.0
2023-03-28 04:00:00,0.0559999999999999,51.25,0.303885,0.0,53.75760629036413,0.0,0.0,15949.143333332102,-256.28499999999997,8528.391666664,2870.0,0.0,0.0,0.0,2870.0,55.9999999999999,0.0,0.0,0.0
2023-03-28 05:00:00,0.0548333333333333,49.0,0.56949,0.0,55.65570427896424,0.0,0.0,15949.143333332102,-522.8816666667,8272.106666664,2686.8333333317,0.0,0.0,0.0,2686.8333333317,54.8333333333333,0.0,0.0,0.0
2023-03-28 06:00:00,0.0594999999999999,51.75,1.07976,0.0021015205366881,56.349252137458535,0.0,0.0,15949.143333332102,-1029.185,7749.2249999973,3079.125,0.0,0.0,0.0,3079.125,59.4999999999999,0.0,0.0,0.0
2023-03-28 07:00:00,0.0533333333333333,48.75,1.361705,0.0916570825450348,54.84003330339867,0.0053565812155477,0.0,15949.143333332102,-1316.3716666666999,6720.0399999973,2599.9999999983447,0.0,0.0,0.0,2599.9999999983447,53.3333333333333,0.0,0.0,0.0
2023-03-28 08:00:00,0.0536666666666666,45.5,1.358875,0.2927111246917195,53.026028814244775,0.0879378635659177,0.0,15949.143333332102,-1313.2583333333,5403.6683333306,2441.8333333348783,0.0,0.0,0.0,2441.8333333348783,53.6666666666666,0.0,0.0,0.0
2023-03-28 09:00:00,0.0533333333333333,43.75,1.15009,0.4902210436863046,55.1987093422128,0.2619801708775708,0.0,15949.143333332102,-1104.7566666666999,4090.4099999973,2333.333333331848,0.0,0.0,0.0,2333.333333331848,53.3333333333333,0.0,0.0,0.0
2023-03-28 10:00:00,2.0976666666666666,41.75,0.7812899999999999,0.6451627596518098,54.68232417141076,0.4106270931928585,0.0,15949.143333332102,0.0,2985.6533333306,87577.58333347266,0.0,0.0,0.0,87577.58333347266,2097.6666666666665,0.0,0.0,0.0
2023-03-28 11:00:00,4.057833333333334,37.0,0.601065,0.7460615201942421,56.7493059738512,0.5451086334489349,0.0,15949.143333332102,0.0,2985.6533333306,150139.83333320986,0.0,0.0,0.0,150139.83333320986,4057.833333333334,0.0,0.0,0.0
2023-03-28 12:00:00,5.430499999999999,31.0,0.601865,0.7895324858851943,54.40586530662221,0.5818601738693367,0.0,15949.143333332102,0.0,2985.6533333306,168345.5,0.0,0.0,0.0,168345.5,5430.499999999999,0.0,0.0,0.0
2023-03-28 13:00:00,4.535833333333334,26.25,0.5532149999999999,0.7748613938747505,55.32738424574002,0.6429949559920872,0.0,15949.143333332102,0.0,2985.6533333306,119065.6249999124,0.0,0.0,0.0,119065.6249999124,4535.833333333334,0.0,0.0,0.0
2023-03-28 14:00:00,2.262,26.0,0.4842599999999999,0.7022685412033941,53.233700339138274,0.6100035030006346,0.0,15949.143333332102,0.0,2985.6533333306,58812.0,0.0,0.0,0.0,58812.0,2262.0,0.0,0.0,0.0
2023-03-28 15:00:00,4.031833333333333,26.0,0.365015,0.5734778099458466,52.22377185351924,0.4635541045360077,0.0,15949.143333332102,321.5616666719002,2985.6533333306,104827.6666665799,0.0,803.9041666797505,0.0,105631.57083325966,4031.833333333333,0.0,0.0,0.0
2023-03-28 16:00:00,2.0980000000000003,26.0,0.1405499999999999,0.3949364542429367,51.79905009702941,0.4591581194624939,0.0,15949.143333332102,0.0,3307.2150000025003,54548.0,0.0,0.0,0.0,54548.0,2098.0000000000005,0.0,0.0,0.0
2023-03-28 17:00:00,0.1661666666666666,31.0,0.177015,0.1874919113038923,52.38381609680156,0.3005561523763542,0.0,15949.143333332102,-35.77333333299998,3307.2150000025003,5151.166666677193,0.0,0.0,0.0,5151.166666677193,166.1666666666666,0.0,0.0,0.0
2023-03-28 18:00:00,0.161,37.75,0.225415,0.0261913507193983,52.0466392658991,0.1616797436608208,0.0,15949.143333332102,-88.565,3271.4416666695,6077.75,0.0,0.0,0.0,6077.75,161.0,0.0,0.0,0.0
2023-03-28 19:00:00,1.4208333333333334,40.5,0.060575,0.0,51.29124016768032,0.0224706836719798,0.0,15949.143333332102,1147.13333333,3182.8766666695,57543.749999865,0.0,2867.833333325,0.0,60411.58333319,1420.8333333333335,0.0,0.0,0.0
2023-03-28 20:00:00,0.1236666666666666,43.75,0.0076049999999999,0.0,49.56272515249131,5.042734914101085e-06,0.0,15949.143333332102,97.511666667,4330.0099999995,5410.41666668125,0.0,243.7791666675,0.0,5654.19583334875,123.6666666666666,0.0,0.0,0.0
2023-03-28 21:00:00,0.0571666666666665,44.75,0.0012299999999999,0.0,51.72504625403391,0.0,0.0,15949.143333332102,47.3616666667,4427.5216666665,2558.208333334825,0.0,118.40416666675,0.0,2676.612500001575,57.1666666666665,0.0,0.0,0.0
2023-03-28 22:00:00,0.0561666666666665,45.0,0.000265,0.0,51.06779708181028,0.0,0.0,15949.143333332102,47.4766666667,4474.8833333332,2527.5000000015,0.0,118.69166666675,0.0,2646.19166666825,56.166666666666494,0.0,0.0,0.0
2023-03-28 23:00:00,0.0564999999999999,44.75,0.0,0.0,50.62535364122875,0.0,0.0,15949.143333332102,48.025,4522.3599999999005,2528.375,0.0,120.0625,0.0,2648.4375,56.4999999999999,0.0,0.0,0.0
2023-03-29 00:00:00,0.0558333333333332,42.75,0.0,0.0,52.46566045712501,0.0,0.0,15949.143333332102,47.4583333333,4570.3849999999,2386.874999998575,0.0,118.64583333325,0.0,2505.5208333318246,55.8333333333332,0.0,0.0,0.0
2023-03-29 01:00:00,0.0561666666666665,33.5,0.0,0.0,53.96763149767949,0.0,0.0,15949.143333332102,47.7416666667,4617.8433333332005,1881.5833333344501,0.0,119.35416666674999,0.0,2000.9375000012,56.166666666666494,0.0,0.0,0.0
2023-03-29 02:00:00,0.0563333333333332,35.0,0.0,0.0,54.79324669512104,0.0,0.0,15949.143333332102,47.8833333333,4665.584999999901,1971.6666666654999,0.0,119.70833333325001,0.0,2091.37499999875,56.3333333333332,0.0,0.0,0.0
2023-03-29 03:00:00,0.0591666666666666,37.0,0.0,0.0,53.65272654675302,0.0,0.0,15949.143333332102,50.2916666667,4713.4683333332005,2189.1666666679002,0.0,125.72916666675,0.0,2314.8958333346504,59.16666666666659,0.0,0.0,0.0
2023-03-29 04:00:00,0.0586666666666666,37.0,0.1805449999999999,0.0,51.31390819827599,0.0,0.0,15949.143333332102,-130.67833333329997,4763.7599999999,2170.6666666679002,0.0,0.0,0.0,2170.6666666679002,58.6666666666666,0.0,0.0,0.0
2023-03-29 05:00:00,0.0556666666666666,39.5,0.3959749999999999,0.0,53.5803835451848,0.0,0.0,15949.143333332102,-348.6583333333,4633.0816666666005,2198.83333333465,0.0,0.0,0.0,2198.83333333465,55.6666666666666,0.0,0.0,0.0
2023-03-29 06:00:00,0.0541666666666666,45.75,0.55189,0.0026025118706168,55.30018977135247,0.0,0.0,15949.143333332102,-505.8483333333,4284.4233333333,2478.1250000015534,0.0,0.0,0.0,2478.1250000015534,54.1666666666666,0.0,0.0,0.0
2023-03-29 07:00:00,0.0533333333333333,46.75,0.823225,0.0957879308336926,53.40380889144095,0.0072258973822125,0.0,15949.143333332102,-777.8916666667001,3778.5750000000003,2493.333333331746,0.0,0.0,0.0,2493.333333331746,53.3333333333333,0.0,0.0,0.0
2023-03-29 08:00:00,0.0534999999999999,47.0,0.8438650000000001,0.2971672956502018,55.251378728908975,0.0579709400274814,0.0,15949.143333332102,-798.39,3000.6833333333,2514.5,0.0,0.0,0.0,2514.5,53.4999999999999,0.0,0.0,0.0
2023-03-29 09:00:00,0.0684999999999999,46.25,0.6257,0.4939543994426183,56.82757094510574,0.1403361534053444,0.0,15949.143333332102,-567.475,2202.2933333333003,3168.125,0.0,0.0,0.0,3168.125,68.4999999999999,0.0,0.0,0.0
2023-03-29 10:00:00,0.1108333333333333,45.75,0.45622,0.648186918359463,54.80466882291884,0.254175042698526,0.0,15949.143333332102,-362.0116666667,1634.8183333333002,5070.624999984466,0.0,0.0,0.0,5070.624999984466,110.8333333333333,0.0,0.0,0.0
2023-03-29 11:00:00,0.1145,44.75,0.317735,0.7485197527056325,53.81736243141818,0.353308119162535,0.0,15949.143333332102,-220.41000000000003,1272.8066666666002,5123.875,0.0,0.0,0.0,5123.875,114.5,0.0,0.0,0.0
2023-03-29 12:00:00,0.0983333333333333,41.75,0.1317949999999999,0.7915813297449774,55.78197555655478,0.3066702570466914,0.0,15949.143333332102,-48.21166666669998,1052.3966666666001,4105.416666665249,0.0,0.0,0.0,4105.416666665249,98.3333333333333,0.0,0.0,0.0
2023-03-29 13:00:00,0.0796666666666666,34.75,0.0020949999999999,0.7766563274588285,55.70101437368984,0.4261034184643346,0.0,15949.143333332102,65.6216666667,1004.1849999999002,2768.4166666678466,0.0,164.05416666674998,0.0,2932.4708333345966,79.6666666666666,0.0,0.0,0.0
2023-03-29 14:00:00,0.0745,34.75,0.000415,0.7039722788692515,57.6585665167324,0.5688933321960972,0.0,15949.143333332102,0.0,1069.8066666666002,2588.875,0.0,0.0,0.0,2588.875,74.5,0.0,0.0,0.0
2023-03-29 15:00:00,0.0544999999999999,38.25,0.0,0.5752771830753326,54.768131398040815,0.4558630778646878,0.0,15949.143333332102,46.325,1069.8066666666002,2084.625,0.0,115.8125,0.0,2200.4375,54.4999999999999,0.0,0.0,0.0
2023-03-29 16:00:00,0.0543333333333332,40.0,0.0,0.3970490466896472,55.46614027031019,0.3716355553651469,0.0,15949.143333332102,46.1833333333,1116.1316666666003,2173.333333331975,0.0,115.45833333325,0.0,2288.791666665225,54.3333333333332,0.0,0.0,0.0
2023-03-29 17:00:00,0.0621666666666666,44.0,0.0,0.19001502469064,52.89211946441518,0.2067239311413886,0.0,15949.143333332102,0.0,1162.3149999999002,2735.3333333348273,0.0,0.0,0.0,2735.3333333348273,62.1666666666666,0.0,0.0,0.0
2023-03-29 18:00:00,0.0546666666666666,45.25,0.0,0.0276092101737375,53.41703514490522,0.1166843582218528,0.0,15949.143333332102,46.4666666667,1162.3149999999002,2473.666666668203,0.0,116.16666666675,0.0,2589.8333333349533,54.6666666666666,0.0,0.0,0.0
2023-03-29 19:00:00,0.0546666666666666,45.0,0.0,0.0,54.4455740311153,0.0240624786289329,0.0,15949.143333332102,46.4666666667,1208.7816666666001,2460.0000000015,0.0,116.16666666675,0.0,2576.1666666682504,54.6666666666666,0.0,0.0,0.0
2023-03-29 20:00:00,0.0536666666666666,44.0,0.0,0.0,52.93612829797449,1.7948718104734277e-06,0.0,15949.143333332102,45.6166666667,1255.2483333333,2361.3333333348,0.0,114.04166666674999,0.0,2475.3750000015502,53.6666666666666,0.0,0.0,0.0
2023-03-29 21:00:00,0.0544999999999999,40.75,0.0,0.0,54.39692143577199,0.0,0.0,15949.143333332102,46.325,1300.865,2220.875,0.0,115.8125,0.0,2336.6875,54.4999999999999,0.0,0.0,0.0
2023-03-29 22:00:00,0.0556666666666666,37.25,0.0,0.0,55.01341760704186,0.0,0.0,15949.143333332102,47.3166666667,1347.19,2073.583333334575,0.0,118.29166666675,0.0,2191.875000001325,55.6666666666666,0.0,0.0,0.0
2023-03-29 23:00:00,0.0558333333333332,35.0,0.0,0.0,55.977356792156655,0.0,0.0,15949.143333332102,47.4583333333,1394.5066666667,1954.1666666654999,0.0,118.64583333325,0.0,2072.81249999875,55.8333333333332,0.0,0.0,0.0
2023-03-30 00:00:00,0.0563333333333332,29.25,0.0,0.0,57.61267072649319,0.0,0.0,15949.143333332102,47.8833333333,1441.9650000000001,1647.749999999025,0.0,119.70833333325001,0.0,1767.458333332275,56.3333333333332,0.0,0.0,0.0
2023-03-30 01:00:00,0.0614999999999999,28.0,0.0,0.0,56.09302449856413,0.0,0.0,15949.143333332102,52.275,1489.8483333333002,1722.0,0.0,130.6875,0.0,1852.6875,61.4999999999999,0.0,0.0,0.0
2023-03-30 02:00:00,0.0561666666666665,28.0,0.0,0.0,54.21844529831983,0.0,0.0,15949.143333332102,47.7416666667,1542.1233333333003,1572.6666666676,0.0,119.35416666674999,0.0,1692.02083333435,56.166666666666494,0.0,0.0,0.0
2023-03-30 03:00:00,0.0559999999999999,29.0,0.0,0.0,52.13438996834699,0.0,0.0,15949.143333332102,47.6,1589.8650000000002,1624.0,0.0,119.0,0.0,1743.0,55.9999999999999,0.0,0.0,0.0
2023-03-30 04:00:00,0.0561666666666665,29.0,0.070425,0.0,52.25295525713845,0.0,0.0,15949.143333332102,-22.6833333333,1637.4650000000001,1628.8333333343,0.0,0.0,0.0,1628.8333333343,56.166666666666494,0.0,0.0,0.0
2023-03-30 05:00:00,0.0553333333333333,28.75,0.2713399999999999,0.0,53.42792200265549,0.0,0.0,15949.143333332102,-224.30666666669998,1614.7816666667002,1590.8333333323749,0.0,0.0,0.0,1590.8333333323749,55.3333333333333,0.0,0.0,0.0
2023-03-30 06:00:00,0.0549999999999999,27.5,0.427885,0.003172292293071,55.36326260242396,0.0,0.0,15949.143333332102,-381.135,1390.4750000000001,1512.5,0.0,0.0,0.0,1512.5,54.9999999999999,0.0,0.0,0.0
2023-03-30 07:00:00,0.0541666666666666,26.0,0.55257,0.0999184690226415,56.41331612322747,0.0039558974223641,0.0,15949.143333332102,-506.52833333330005,1009.3400000000001,1408.3333333342161,0.0,0.0,0.0,1408.3333333342161,54.1666666666666,0.0,0.0,0.0
2023-03-30 08:00:00,0.0538333333333333,25.0,0.54857,0.3015549262523416,55.16936055136266,0.0367671794565314,0.0,15949.143333332102,-502.81166666670003,502.81166666670003,1345.8333333324845,0.0,0.0,0.0,1345.8333333324845,53.8333333333333,0.0,0.0,0.0
2023-03-30 09:00:00,3.2325,24.25,0.40903,0.497618322960278,54.4906870214669,0.1058142737038115,0.0,15949.143333332102,0.0,0.0,78388.125,0.0,0.0,0.0,78388.125,3232.5,0.0,0.0,0.0
2023-03-30 10:00:00,3.9655,24.75,0.344055,0.6511442341270658,52.76604051594757,0.1435917096260266,0.0,15949.143333332102,3026.6200000000003,0.0,98146.125,0.0,7566.550000000001,0.0,105712.675,3965.5,0.0,0.0,0.0
2023-03-30 11:00:00,0.0716666666666666,25.0,0.232865,0.7509134444668747,54.78941250958999,0.2508870936662721,0.0,15949.143333332102,-171.9483333333,3026.6200000000003,1791.6666666675155,0.0,0.0,0.0,1791.6666666675155,71.6666666666666,0.0,0.0,0.0
2023-03-30 12:00:00,0.0614999999999999,24.25,0.076185,0.7935677626132529,54.15343486012388,0.3476976075131669,0.0,15949.143333332102,-23.910000000000004,2854.6716666667003,1491.375,0.0,0.0,0.0,1491.375,61.4999999999999,0.0,0.0,0.0
2023-03-30 13:00:00,3.2743333333333333,25.0,0.00166,0.7783909910126804,53.169437467790914,0.3312600835164388,0.0,15949.143333332102,0.0,2830.7616666667004,81858.3333332499,0.0,0.0,0.0,81858.3333332499,3274.3333333333335,0.0,0.0,0.0
2023-03-30 14:00:00,1.5183333333333335,25.0,0.000345,0.7056179678975333,55.15693641399587,0.5153574382749379,0.0,15949.143333332102,0.0,2830.7616666667004,37958.3333332499,0.0,0.0,0.0,37958.3333332499,1518.3333333333335,0.0,0.0,0.0
2023-03-30 15:00:00,0.0554999999999999,25.0,0.0,0.5770205894795397,56.60048809087055,0.2008477768531212,0.0,15949.143333332102,0.0,2830.7616666667004,1387.5,0.0,0.0,0.0,1387.5,55.49999999999989,0.0,0.0,0.0
2023-03-30 16:00:00,0.0556666666666666,25.75,0.0,0.3991069141533908,55.81044656207144,0.2105851274474054,0.0,15949.143333332102,0.0,2830.7616666667004,1433.416666667541,0.0,0.0,0.0,1433.416666667541,55.6666666666666,0.0,0.0,0.0
2023-03-30 17:00:00,0.0551666666666666,26.0,0.0,0.1924883474555123,54.33591490703876,0.1340457270695613,0.0,15949.143333332102,46.8916666667,2830.7616666667004,1434.3333333342161,0.0,117.22916666674999,0.0,1551.562500000966,55.1666666666666,0.0,0.0,0.0
2023-03-30 18:00:00,0.1944999999999999,25.5,0.0,0.0290496189667148,53.19748713062878,0.1012594018430791,0.0,15949.143333332102,0.0,2877.6533333334005,4959.75,0.0,0.0,0.0,4959.75,194.4999999999999,0.0,0.0,0.0
2023-03-30 19:00:00,0.9125,24.75,0.0,1.5407432639768226e-07,52.78181089613156,0.02232888887708,0.0,15949.143333332102,0.0,2877.6533333334005,22584.375,0.0,0.0,0.0,22584.375,912.5,0.0,0.0,0.0
2023-03-30 20:00:00,1.5208333333333333,25.75,0.0,0.0,52.13436864099194,2.905982988289533e-05,0.0,15949.143333332102,0.0,2877.6533333334005,39161.4583332475,0.0,0.0,0.0,39161.4583332475,1520.8333333333333,0.0,0.0,0.0
2023-03-30 21:00:00,2.7456666666666667,25.75,0.0,0.0,53.12843259956654,0.0,0.0,15949.143333332102,0.0,2877.6533333334005,70700.9166667525,0.0,0.0,0.0,70700.9166667525,2745.6666666666665,0.0,0.0,0.0
2023-03-30 22:00:00,5.7625,26.25,0.0,0.0,51.80919425374961,0.0,0.0,15949.143333332102,0.0,2877.6533333334005,151265.625,0.0,0.0,0.0,151265.625,5762.5,0.0,0.0,0.0
2023-03-30 23:00:00,6.0683333333333325,26.0,0.0,0.0,51.79549644055059,0.0,0.0,15949.143333332102,96.26166666300014,2877.6533333334005,157776.66666658,0.0,240.65416665750035,0.0,158017.3208332375,6068.333333333332,0.0,0.0,0.0
2023-03-31 00:00:00,0.0588333333333332,25.75,0.0,0.0,54.00121842415455,0.0,0.0,15949.143333332102,0.0,2973.9149999964006,1514.958333332475,0.0,0.0,0.0,1514.958333332475,58.8333333333332,0.0,0.0,0.0
2023-03-31 01:00:00,0.0561666666666665,27.75,0.0,0.0,52.33848449816423,0.0,0.0,15949.143333332102,0.0,2973.9149999964006,1558.6250000009252,0.0,0.0,0.0,1558.6250000009252,56.166666666666494,0.0,0.0,0.0
2023-03-31 02:00:00,0.0559999999999999,29.25,0.0,0.0,50.89141347930851,0.0,0.0,15949.143333332102,0.0,2973.9149999964006,1638.0,0.0,0.0,0.0,1638.0,55.9999999999999,0.0,0.0,0.0
2023-03-31 03:00:00,0.0564999999999999,30.0,0.0,0.0,52.88868793734181,0.0,0.0,15949.143333332102,48.025,2973.9149999964006,1695.0,0.0,120.0625,0.0,1815.0625,56.4999999999999,0.0,0.0,0.0
2023-03-31 04:00:00,0.0554999999999999,30.0,0.0618149999999999,0.0,54.230875333128765,0.0,0.0,15949.143333332102,-14.64,3021.9399999964007,1665.0,0.0,0.0,0.0,1665.0,55.49999999999989,0.0,0.0,0.0
2023-03-31 05:00:00,0.0549999999999999,29.0,0.2416049999999999,0.0,53.17645920030128,0.0,0.0,15949.143333332102,-194.855,3007.299999996401,1595.0,0.0,0.0,0.0,1595.0,54.9999999999999,0.0,0.0,0.0
2023-03-31 06:00:00,0.0546666666666666,26.75,0.373065,0.0038126753515139,52.76282901785045,0.0,0.0,15949.143333332102,-326.5983333333,2812.444999996401,1462.3333333342416,0.0,0.0,0.0,1462.3333333342416,54.6666666666666,0.0,0.0,0.0
2023-03-31 07:00:00,0.0533333333333333,25.5,0.453695,0.1040418928479432,51.55144916437711,0.0,0.0,15949.143333332102,-408.3616666667,2485.8466666631007,1359.9999999991342,0.0,0.0,0.0,1359.9999999991342,53.3333333333333,0.0,0.0,0.0
2023-03-31 08:00:00,0.0541666666666666,25.0,0.449975,0.3058728589546826,52.68502517690824,0.0163543590521201,0.0,15949.143333332102,-403.9333333333,2077.484999996401,1354.1666666675155,0.0,0.0,0.0,1354.1666666675155,54.1666666666666,0.0,0.0,0.0
2023-03-31 09:00:00,0.0533333333333333,24.0,0.371955,0.5012120749620873,54.64552515168553,0.0281482904079632,0.0,15949.143333332102,-326.6216666667,1673.5516666631006,1279.999999999185,0.0,0.0,0.0,1279.999999999185,53.3333333333333,0.0,0.0,0.0
2023-03-31 10:00:00,0.0601666666666666,23.75,0.403595,0.6540342609417896,52.92580483050384,0.1220383763924623,0.0,15949.143333332102,-352.4533333333,1346.9299999964005,1428.9583333341398,0.0,0.0,0.0,1428.9583333341398,60.1666666666666,0.0,0.0,0.0
2023-03-31 11:00:00,0.0556666666666666,23.0,0.3499,0.7532424858026867,54.27448619300608,0.2738111114501953,0.0,15949.143333332102,-302.58333333329995,994.4766666631004,1280.3333333341143,0.0,0.0,0.0,1280.3333333341143,55.6666666666666,0.0,0.0,0.0
2023-03-31 12:00:00,0.0556666666666665,23.75,0.203515,0.7954920109484197,54.635143255691474,0.5765016219962356,0.0,15949.143333332102,-156.19833333329998,691.8933333298005,1322.0833333341398,0.0,0.0,0.0,1322.0833333341398,55.6666666666665,0.0,0.0,0.0
2023-03-31 13:00:00,0.0551666666666666,24.0,0.07581,0.7800659281314277,54.87238124185311,0.5519605150793353,0.0,15949.143333332102,-28.918333333300005,535.6949999965005,1324.000000000815,0.0,0.0,0.0,1324.000000000815,55.1666666666666,0.0,0.0,0.0
2023-03-31 14:00:00,0.1399999999999999,24.0,0.001275,0.7072064444768672,55.16393789183179,0.4417805996104186,0.0,15949.143333332102,0.0,506.77666666320056,3360.0,0.0,0.0,0.0,3360.0,139.99999999999991,0.0,0.0,0.0
2023-03-31 15:00:00,0.7543333333333333,24.0,0.000275,0.5787091281324356,56.51027505560334,0.2454188886463133,0.0,15949.143333332102,0.0,506.77666666320056,18103.99999999185,0.0,0.0,0.0,18103.99999999185,754.3333333333333,0.0,0.0,0.0
2023-03-31 16:00:00,4.287,24.25,0.0,0.40111136405664,55.774584995277685,0.1077887178078675,0.0,15949.143333332102,0.0,506.77666666320056,103959.75,0.0,0.0,0.0,103959.75,4287.0,0.0,0.0,0.0
2023-03-31 17:00:00,5.507333333333334,24.0,0.0,0.1949128500463132,56.5944070338755,0.1627228202167739,0.0,15949.143333332102,0.0,506.77666666320056,132175.9999999199,0.0,0.0,0.0,132175.9999999199,5507.333333333334,0.0,0.0,0.0
2023-03-31 18:00:00,5.817333333333333,24.25,0.0,0.0305111627419818,56.62406985529547,0.0462123077343671,0.0,15949.143333332102,0.0,506.77666666320056,141070.33333431187,0.0,0.0,0.0,141070.33333431187,5817.333333333333,0.0,0.0,0.0
2023-03-31 19:00:00,5.1335,24.0,0.0,1.1179044238241946e-06,55.13497017253172,0.0131439316842673,0.0,15949.143333332102,0.0,506.77666666320056,123204.00000000003,0.0,0.0,0.0,123204.00000000003,5133.5,0.0,0.0,0.0
2023-03-31 20:00:00,5.794666666666667,24.0,0.0,0.0,53.4240250742474,0.0,0.0,15949.143333332102,0.0,506.77666666320056,139072.00000008,0.0,0.0,0.0,139072.00000008,5794.666666666667,0.0,0.0,0.0
2023-03-31 21:00:00,7.281833333333334,24.5,0.0,0.0,54.64960766517951,0.0,0.0,15949.143333332102,0.0,506.77666666320056,178404.916666585,0.0,0.0,0.0,178404.916666585,7281.833333333334,0.0,0.0,0.0
2023-03-31 22:00:00,9.798666666666668,25.0,0.0,0.0,56.5654844937342,0.0,0.0,15949.143333332102,0.0,506.77666666320056,244966.66666675,0.0,0.0,0.0,244966.66666675,9798.666666666668,0.0,0.0,0.0
2023-03-31 23:00:00,16.387666666666664,25.0,0.0,0.0,56.62249941107106,0.0,0.0,15949.143333332102,0.0,506.77666666320056,409691.6666675,0.0,0.0,0.0,409691.6666675,16387.666666666664,0.0,0.0,0.0
2023-04-01 00:00:00,8.856666666666667,24.5,0.0,0.0,52.01999999999999,0.0,0.0,15949.143333332102,7528.16666667,506.77666666320056,216988.333333415,0.0,18820.416666675002,0.0,235808.75000009002,8856.666666666668,0.0,0.0,0.0
2023-04-01 01:00:00,0.0626666666666666,24.75,0.0,0.0,52.05453402653163,0.0,0.0,15949.143333332102,53.2666666667,8034.943333333201,1551.0000000008251,0.0,133.16666666675,0.0,1684.166666667575,62.66666666666661,0.0,0.0,0.0
2023-04-01 02:00:00,0.0556666666666666,18.25,0.0,0.0,53.39505480226198,0.0,0.0,15949.143333332102,47.3166666667,8088.209999999901,1015.9166666672751,0.0,118.29166666675,0.0,1134.2083333340252,55.6666666666666,0.0,0.0,0.0
2023-04-01 03:00:00,0.0554999999999999,16.75,0.0,0.0,55.27017217096432,0.0,0.0,15949.143333332102,47.175,8135.526666666601,929.625,0.0,117.9375,0.0,1047.5625,55.49999999999989,0.0,0.0,0.0
2023-04-01 04:00:00,0.0554999999999999,17.0,0.0,0.0,55.78250375809975,0.0,0.0,15949.143333332102,47.175,8182.701666666601,943.5,0.0,117.9375,0.0,1061.4375,55.49999999999989,0.0,0.0,0.0
2023-04-01 05:00:00,0.0551666666666666,17.0,0.0,0.0,55.8926383427302,0.0,0.0,15949.143333332102,46.8916666667,8229.876666666602,937.8333333339001,0.0,117.22916666674999,0.0,1055.06250000065,55.1666666666666,0.0,0.0,0.0
2023-04-01 06:00:00,0.0551666666666666,17.0,0.0,0.0045241292522926,54.698944034764736,0.0,0.0,15949.143333332102,46.8916666667,8276.7683333333,937.8333333339106,0.0,117.22916666674999,0.0,1055.0625000006605,55.1666666666666,0.0,0.0,0.0
2023-04-01 07:00:00,0.0553333333333332,16.75,0.0,0.1081519303081782,54.22800748603308,0.0024842734873676,0.0,15949.143333332102,47.0333333333,8323.66,926.8333333327646,0.0,117.58333333325,0.0,1044.4166666660146,55.3333333333332,0.0,0.0,0.0
2023-04-01 08:00:00,0.0593333333333333,15.0,0.0,0.3101200018959257,54.924978454418,0.0635970940141596,0.0,15949.143333332102,0.0,8370.6933333333,889.9999999994907,0.0,0.0,0.0,889.9999999994907,59.3333333333333,0.0,0.0,0.0
2023-04-01 09:00:00,0.0539999999999999,14.0,0.0,0.5047349681665275,56.4494355168795,0.1651768375461937,0.0,15949.143333332102,45.9,8370.6933333333,756.0,0.0,114.75,0.0,870.75,53.9999999999999,0.0,0.0,0.0
2023-04-01 10:00:00,0.076,13.0,0.0,0.6568566089459527,57.47068059533031,0.1934981182294013,0.0,15949.143333332102,0.0,8416.5933333333,988.0,0.0,0.0,0.0,988.0,76.0,0.0,0.0,0.0
2023-04-01 11:00:00,1.0415,13.75,0.0,0.755506824655258,55.80373288832629,0.3925847863743447,0.0,15949.143333332102,0.0,8416.5933333333,14320.625,0.0,0.0,0.0,14320.625,1041.5,0.0,0.0,0.0
2023-04-01 12:00:00,8.674999999999999,12.5,0.0,0.7973543587070838,55.75381228380736,0.2246197441296699,0.0,15949.143333332102,0.0,8416.5933333333,108437.5,0.0,0.0,0.0,108437.5,8674.999999999998,0.0,0.0,0.0
2023-04-01 13:00:00,2.9003333333333337,12.0,0.0,0.7816817388101195,56.52265671198975,0.4614150446704312,0.0,15949.143333332102,0.0,8416.5933333333,34803.99999995995,0.0,0.0,0.0,34803.99999995995,2900.3333333333335,0.0,0.0,0.0
2023-04-01 14:00:00,5.351666666666667,12.25,0.0,0.7087385988266356,58.31207004384854,0.5508539320464827,0.0,15949.143333332102,0.0,8416.5933333333,65557.91666670755,0.0,0.0,0.0,65557.91666670755,5351.666666666667,0.0,0.0,0.0
2023-04-01 15:00:00,5.295166666666667,12.75,0.0,0.5803439475043253,57.400917385790265,0.24780444454943,0.0,15949.143333332102,0.0,8416.5933333333,67513.37500004255,0.0,0.0,0.0,67513.37500004255,5295.166666666667,0.0,0.0,0.0
2023-04-01 16:00:00,5.358833333333333,13.0,0.0,0.4030637472051613,56.68957101428682,0.0554599145742562,0.0,15949.143333332102,0.0,8416.5933333333,69664.83333328995,0.0,0.0,0.0,69664.83333328995,5358.833333333333,0.0,0.0,0.0
2023-04-01 17:00:00,4.353000000000001,14.5,0.0,0.1972895797678099,54.5067465701931,0.0395963247209532,0.0,15949.143333332102,0.0,8416.5933333333,63118.5,0.0,0.0,0.0,63118.5,4353.000000000001,0.0,0.0,0.0
2023-04-01 18:00:00,3.903,15.5,0.0,0.0319923941496381,55.47940241378692,0.0970652135620769,0.0,15949.143333332102,0.0,8416.5933333333,60496.5,0.0,0.0,0.0,60496.5,3903.0,0.0,0.0,0.0
2023-04-01 19:00:00,0.7658333333333333,16.75,0.0,2.965949797582749e-06,56.53516667210776,0.0319408547120471,0.0,15949.143333332102,0.0,8416.5933333333,12827.70833332782,0.0,0.0,0.0,12827.70833332782,765.8333333333333,0.0,0.0,0.0
2023-04-01 20:00:00,0.095,17.0,0.0,0.0,58.08156130045097,4.273504496384888e-06,0.0,15949.143333332102,0.0,8416.5933333333,1615.0,0.0,0.0,0.0,1615.0,95.0,0.0,0.0,0.0
2023-04-01 21:00:00,0.0951666666666666,17.0,0.0,0.0,56.32986988600357,0.0,0.0,15949.143333332102,0.0,8416.5933333333,1617.8333333338999,0.0,0.0,0.0,1617.8333333338999,95.1666666666666,0.0,0.0,0.0
2023-04-01 22:00:00,0.094,17.5,0.0,0.0,55.840811550125885,0.0,0.0,15949.143333332102,0.0,8416.5933333333,1645.0,0.0,0.0,0.0,1645.0,94.0,0.0,0.0,0.0
2023-04-01 23:00:00,0.0936666666666666,17.0,0.0,0.0,57.53657621246738,0.0,0.0,15949.143333332102,0.0,8416.5933333333,1592.3333333338999,0.0,0.0,0.0,1592.3333333338999,93.6666666666666,0.0,0.0,0.0
2023-04-02 00:00:00,0.0948333333333333,15.25,0.0,0.0,57.758823022980735,0.0,0.0,15949.143333332102,0.0,8416.5933333333,1446.208333332825,0.0,0.0,0.0,1446.208333332825,94.8333333333333,0.0,0.0,0.0
2023-04-02 01:00:00,0.0953333333333333,15.0,0.0,0.0,56.43842055881241,0.0,0.0,15949.143333332102,0.0,8416.5933333333,1429.9999999995,0.0,0.0,0.0,1429.9999999995,95.3333333333333,0.0,0.0,0.0
2023-04-02 02:00:00,0.096,15.0,0.0,0.0,55.46264314503694,0.0,0.0,15949.143333332102,0.0,8416.5933333333,1440.0,0.0,0.0,0.0,1440.0,96.0,0.0,0.0,0.0
2023-04-02 03:00:00,0.0961666666666666,15.0,0.0,0.0,53.47582969455804,0.0,0.0,15949.143333332102,0.0,8416.5933333333,1442.5000000005,0.0,0.0,0.0,1442.5000000005,96.1666666666666,0.0,0.0,0.0
2023-04-02 04:00:00,0.096,15.0,0.0,0.0,53.00433625840854,0.0,0.0,15949.143333332102,0.0,8416.5933333333,1440.0,0.0,0.0,0.0,1440.0,96.0,0.0,0.0,0.0
2023-04-02 05:00:00,0.0956666666666666,15.0,0.0,0.0,51.17321728974829,0.0,0.0,15949.143333332102,0.0,8416.5933333333,1435.0000000005,0.0,0.0,0.0,1435.0000000005,95.6666666666666,0.0,0.0,0.0
2023-04-02 06:00:00,0.1011666666666666,15.0,0.0,0.0053076351396127,53.05332325955428,0.0,0.0,15949.143333332102,0.0,8416.5933333333,1517.5000000050932,0.0,0.0,0.0,1517.5000000050932,101.1666666666666,0.0,0.0,0.0
2023-04-02 07:00:00,0.0956666666666666,14.75,0.0,0.1122428133039375,53.81160861410202,0.0114665811961023,0.0,15949.143333332102,0.0,8416.5933333333,1411.0833333338342,0.0,0.0,0.0,1411.0833333338342,95.6666666666666,0.0,0.0,0.0
2023-04-02 08:00:00,0.0953333333333333,14.0,0.0,0.3142953269899218,55.629849685734015,0.1217676073465591,0.0,15949.143333332102,0.0,8416.5933333333,1334.6666666661913,0.0,0.0,0.0,1334.6666666661913,95.3333333333333,0.0,0.0,0.0
2023-04-02 09:00:00,0.095,14.0,0.0,0.5081863673568647,56.22402485871539,0.174152734544542,0.0,15949.143333332102,0.0,8416.5933333333,1330.0,0.0,0.0,0.0,1330.0,95.0,0.0,0.0,0.0
2023-04-02 10:00:00,0.0951666666666666,13.0,0.0,0.6596109438129286,55.0615772944089,0.2177637592543903,0.0,15949.143333332102,0.0,8416.5933333333,1237.166666667108,0.0,0.0,0.0,1237.166666667108,95.1666666666666,0.0,0.0,0.0
2023-04-02 11:00:00,0.1009999999999999,13.0,0.0,0.7577064652744429,55.198610987445626,0.3909580331786067,0.0,15949.143333332102,0.0,8416.5933333333,1313.0,0.0,0.0,0.0,1313.0,100.9999999999999,0.0,0.0,0.0
2023-04-02 12:00:00,0.1629999999999999,13.0,0.0,0.7991551454063698,56.61795890075681,0.5985287175626837,0.0,15949.143333332102,0.0,8416.5933333333,2119.0,0.0,0.0,0.0,2119.0,162.9999999999999,0.0,0.0,0.0
2023-04-02 13:00:00,0.5881666666666666,13.75,0.0,0.7832390769485413,55.00284184470945,0.4148316218710354,0.0,15949.143333332102,0.0,8416.5933333333,8087.291666671335,0.0,0.0,0.0,8087.291666671335,588.1666666666666,0.0,0.0,0.0
2023-04-02 14:00:00,4.914166666666667,14.0,0.0,0.7102153722028254,54.136611998650096,0.5452290631155684,0.0,15949.143333332102,0.0,8416.5933333333,68798.33333338005,0.0,0.0,0.0,68798.33333338005,4914.166666666667,0.0,0.0,0.0
2023-04-02 15:00:00,5.499833333333334,14.0,0.0,0.5819262422015546,54.00502253029556,0.4157865804688543,0.0,15949.143333332102,0.0,8416.5933333333,76997.66666661995,0.0,0.0,0.0,76997.66666661995,5499.833333333334,0.0,0.0,0.0
2023-04-02 16:00:00,6.457000000000001,14.0,0.0,0.4049654540289544,53.516132062889646,0.3921245284773346,0.0,15949.143333332102,0.0,8416.5933333333,90398.0,0.0,0.0,0.0,90398.0,6457.000000000001,0.0,0.0,0.0
2023-04-02 17:00:00,8.187166666666666,13.75,0.0,0.1996196532920215,51.70270609877439,0.1287427347949427,0.0,15949.143333332102,0.0,8416.5933333333,112573.54166671255,0.0,0.0,0.0,112573.54166671255,8187.166666666666,0.0,0.0,0.0
2023-04-02 18:00:00,11.190333333333331,14.0,0.0,0.0334918191045347,52.73808489572799,0.0859818798456436,0.0,15949.143333332102,0.0,8416.5933333333,156664.66666687132,0.0,0.0,0.0,156664.66666687132,11190.333333333332,0.0,0.0,0.0
2023-04-02 19:00:00,17.4265,16.5,0.0,6.12235921281148e-06,52.492322077054006,0.0162225641297478,0.0,15949.143333332102,0.0,8416.5933333333,287537.2500000001,0.0,0.0,0.0,287537.2500000001,17426.5,0.0,0.0,0.0
2023-04-02 20:00:00,3.929833333333333,18.0,0.0,0.0,52.876617764943774,2.111111126808273e-05,0.0,15949.143333332102,0.0,8416.5933333333,70736.99999994,0.0,0.0,0.0,70736.99999994,3929.833333333333,0.0,0.0,0.0
2023-04-02 21:00:00,2.3073333333333337,18.0,0.0,0.0,54.87467631021929,0.0,0.0,15949.143333332102,0.0,8416.5933333333,41531.99999994,0.0,0.0,0.0,41531.99999994,2307.3333333333335,0.0,0.0,0.0
2023-04-02 22:00:00,3.254666666666667,18.0,0.0,0.0,55.52446095737508,0.0,0.0,15949.143333332102,0.0,8416.5933333333,58584.00000006,0.0,0.0,0.0,58584.00000006,3254.666666666667,0.0,0.0,0.0
2023-04-02 23:00:00,2.2103333333333333,18.5,0.0,0.0,53.08463486695044,0.0,0.0,15949.143333332102,0.0,8416.5933333333,40891.166666605,0.0,0.0,0.0,40891.166666605,2210.3333333333335,0.0,0.0,0.0
2023-04-03 00:00:00,6.577000000000001,18.75,0.0,0.0,50.80699616068291,0.0,0.0,15949.143333332102,0.0,8416.5933333333,123318.75,0.0,0.0,0.0,123318.75,6577.000000000001,0.0,0.0,0.0
2023-04-03 01:00:00,0.3736666666666666,19.0,0.0,0.0,52.76797497383098,0.0,0.0,15949.143333332102,0.0,8416.5933333333,7099.666666673001,0.0,0.0,0.0,7099.666666673001,373.6666666666666,0.0,0.0,0.0
2023-04-03 02:00:00,0.0563333333333332,19.75,0.0,0.0,51.177779423250016,0.0,0.0,15949.143333332102,0.0,8416.5933333333,1112.583333332675,0.0,0.0,0.0,1112.583333332675,56.3333333333332,0.0,0.0,0.0
2023-04-03 03:00:00,0.0556666666666665,19.75,0.29952,0.0,51.833025776534384,0.0,0.0,15949.143333332102,-252.20333333329998,8416.5933333333,1099.416666667325,0.0,0.0,0.0,1099.416666667325,55.6666666666665,0.0,0.0,0.0
2023-04-03 04:00:00,0.0603333333333332,19.25,0.62672,0.0,53.33222635026247,0.0,0.0,15949.143333332102,-575.4366666667,8164.389999999999,1161.4166666660249,0.0,0.0,0.0,1161.4166666660249,60.3333333333332,0.0,0.0,0.0
2023-04-03 05:00:00,0.0544999999999999,22.75,0.87848,0.0,51.10925867016007,0.0,0.0,15949.143333332102,-832.155,7588.953333333299,1239.875,0.0,0.0,0.0,1239.875,54.4999999999999,0.0,0.0,0.0
2023-04-03 06:00:00,0.0525,27.25,1.03165,0.006163095436691,52.99947500293535,0.0,0.0,15949.143333332102,-987.0250000000001,6756.7983333332995,1430.625,0.0,0.0,0.0,1430.625,52.5,0.0,0.0,0.0
2023-04-03 07:00:00,0.0524999999999999,38.0,0.98359,0.1163092442094105,53.045920027741744,0.0105391452353224,0.0,15949.143333332102,-938.965,5769.7733333333,1995.0,0.0,0.0,0.0,1995.0,52.4999999999999,0.0,0.0,0.0
2023-04-03 08:00:00,0.0533333333333333,41.5,0.921395,0.3183978666195116,53.97506666419869,0.0690745298271505,0.0,15949.143333332102,-876.0616666667,4830.8083333333,2213.333333331924,0.0,0.0,0.0,2213.333333331924,53.3333333333333,0.0,0.0,0.0
2023-04-03 09:00:00,0.0536666666666666,41.25,0.77134,0.5115656879824512,55.1035639967723,0.1329811961834247,0.0,15949.143333332102,-725.7233333333,3954.7466666666,2213.7500000014006,0.0,0.0,0.0,2213.7500000014006,53.6666666666666,0.0,0.0,0.0
2023-04-03 10:00:00,0.0534999999999999,37.0,0.6167250000000001,0.6622969852139345,54.86218913495415,0.1614279484545064,0.0,15949.143333332102,-571.25,3229.0233333333,1979.5,0.0,0.0,0.0,1979.5,53.4999999999999,0.0,0.0,0.0
2023-04-03 11:00:00,0.0534999999999999,22.5,0.6296700000000001,0.7598414665101187,56.67501387847869,0.2345271800114558,0.0,15949.143333332102,-584.1949999999999,2657.7733333333,1203.75,0.0,0.0,0.0,1203.75,53.4999999999999,0.0,0.0,0.0
2023-04-03 12:00:00,0.0531666666666666,17.5,0.62516,0.8008947643824803,58.28212763530493,0.2255866675091604,0.0,15949.143333332102,-579.9683333332999,2073.5783333332997,930.4166666672609,0.0,0.0,0.0,930.4166666672609,53.1666666666666,0.0,0.0,0.0
2023-04-03 13:00:00,0.0534999999999999,17.25,0.49942,0.7847386486661271,58.52373410052426,0.2029348705976437,0.0,15949.143333332102,-453.945,1493.61,922.875,0.0,0.0,0.0,922.875,53.4999999999999,0.0,0.0,0.0
2023-04-03 14:00:00,0.0533333333333333,17.75,0.4771,0.7116377553315827,58.894643434198144,0.3816118797889121,0.0,15949.143333332102,-431.7666666667,1039.665,946.666666666064,0.0,0.0,0.0,946.666666666064,53.3333333333333,0.0,0.0,0.0
2023-04-03 15:00:00,0.0554999999999999,18.0,0.429875,0.5834572515996473,58.85811600743354,0.373047265761938,0.0,15949.143333332102,-382.7,607.8983333333,999.0,0.0,0.0,0.0,999.0,55.49999999999989,0.0,0.0,0.0
2023-04-03 16:00:00,0.0581666666666666,18.75,0.27464,0.4068179134047692,60.34411168526797,0.4722837604620519,0.0,15949.143333332102,-225.19833333329998,225.19833333329998,1090.6250000006366,0.0,0.0,0.0,1090.6250000006366,58.1666666666666,0.0,0.0,0.0
2023-04-03 17:00:00,3.1053333333333337,20.25,0.37477,0.2019042520333934,58.14738779963386,0.2968141865526509,0.0,15949.143333332102,2264.76333333,0.0,62882.99999993242,0.0,5661.908333325,0.0,68544.90833325742,3105.333333333334,0.0,0.0,0.0
2023-04-03 18:00:00,4.460333333333334,29.25,0.3979999999999999,0.0350078925201708,55.24970652877354,0.0881980341723841,0.0,15949.143333332102,0.0,2264.76333333,130464.74999990249,0.0,0.0,0.0,130464.74999990249,4460.333333333334,0.0,0.0,0.0
2023-04-03 19:00:00,1.338666666666667,33.25,0.1817149999999999,1.128337384113772e-05,54.50220353207112,0.01858709397479,0.0,15949.143333332102,0.0,2264.76333333,44510.66666677803,0.0,0.0,0.0,44510.66666677803,1338.666666666667,0.0,0.0,0.0
2023-04-03 20:00:00,6.300166666666667,35.0,0.1242149999999999,0.0,53.44538752687863,0.0004442735066494,0.0,15949.143333332102,0.0,2264.76333333,220505.83333345002,0.0,0.0,0.0,220505.83333345002,6300.166666666667,0.0,0.0,0.0
2023-04-03 21:00:00,6.8385,30.5,0.11984,0.0,51.20127644895548,0.0,0.0,15949.143333332102,0.0,2264.76333333,208574.25,0.0,0.0,0.0,208574.25,6838.5,0.0,0.0,0.0
2023-04-03 22:00:00,5.392500000000001,31.5,0.1439749999999999,0.0,53.49681355640936,0.0,0.0,15949.143333332102,0.0,2264.76333333,169863.75,0.0,0.0,0.0,169863.75,5392.500000000001,0.0,0.0,0.0
2023-04-03 23:00:00,1.7793333333333334,34.0,0.1093949999999999,0.0,54.92017709962909,0.0,0.0,15949.143333332102,0.0,2264.76333333,60497.33333322,0.0,0.0,0.0,60497.33333322,1779.3333333333335,0.0,0.0,0.0
2023-04-04 00:00:00,6.160833333333334,32.0,0.045245,0.0,52.37240894787951,0.0,0.0,15949.143333332102,0.0,2264.76333333,197146.66666656,0.0,0.0,0.0,197146.66666656,6160.833333333334,0.0,0.0,0.0
2023-04-04 01:00:00,13.132333333333332,19.5,0.085145,0.0,54.1132498933096,0.0,0.0,15949.143333332102,11077.3383333,2264.76333333,256080.49999935,0.0,27693.34583325,0.0,283773.8458326,13132.333333333332,0.0,0.0,0.0
2023-04-04 02:00:00,0.1513333333333333,19.25,0.13445,0.0,54.9880331104326,0.0,0.0,15949.143333332102,-5.816666666999993,13342.10166663,2913.16666666025,0.0,0.0,0.0,2913.16666666025,151.3333333333333,0.0,0.0,0.0
2023-04-04 03:00:00,0.1001666666666666,20.5,0.133265,0.0,55.416586177530405,0.0,0.0,15949.143333332102,-48.12333333329998,13336.284999963,2053.4166666735,0.0,0.0,0.0,2053.4166666735,100.1666666666666,0.0,0.0,0.0
2023-04-04 04:00:00,0.0951666666666666,20.25,0.324355,0.0,57.262670380660886,0.0,0.0,15949.143333332102,-243.4633333333,13288.1616666297,1927.1250000006748,0.0,0.0,0.0,1927.1250000006748,95.1666666666666,0.0,0.0,0.0
2023-04-04 05:00:00,0.0946666666666666,25.75,0.6961499999999999,0.0,58.10004366971859,0.0,0.0,15949.143333332102,-615.6833333333,13044.6983332964,2437.666666667525,0.0,0.0,0.0,2437.666666667525,94.6666666666666,0.0,0.0,0.0
2023-04-04 06:00:00,0.0934999999999999,35.75,1.035515,0.0070931934710952,59.05031362221028,0.0,0.0,15949.143333332102,-956.0400000000001,12429.0149999631,3342.625,0.0,0.0,0.0,3342.625,93.4999999999999,0.0,0.0,0.0
2023-04-04 07:00:00,0.093,38.0,1.164715,0.1203463600810547,60.18851860314837,0.0029314530039062,0.0,15949.143333332102,-1085.665,11472.974999963099,3534.0,0.0,0.0,0.0,3534.0,93.0,0.0,0.0,0.0
2023-04-04 08:00:00,0.092,37.75,1.096525,0.3224267095494826,60.05352849309639,0.0315768377801291,0.0,15949.143333332102,-1018.325,10387.309999963098,3473.0,0.0,0.0,0.0,3473.0,92.0,0.0,0.0,0.0
2023-04-04 09:00:00,0.0659999999999999,34.25,1.01322,0.5148723938854963,57.26226733903026,0.0752301707634559,0.0,15949.143333332102,-957.12,9368.984999963097,2260.5,0.0,0.0,0.0,2260.5,65.9999999999999,0.0,0.0,0.0
2023-04-04 10:00:00,0.0536666666666666,32.5,0.95503,0.6649145046139602,57.74812674087371,0.1363487184964693,0.0,15949.143333332102,-909.4133333333,8411.864999963096,1744.1666666677702,0.0,0.0,0.0,1744.1666666677702,53.6666666666666,0.0,0.0,0.0
2023-04-04 11:00:00,0.0628333333333333,21.0,0.8620950000000001,0.7619119398562892,56.28914457482637,0.139896324190319,0.0,15949.143333332102,-808.6866666667,7502.451666629796,1319.499999999287,0.0,0.0,0.0,1319.499999999287,62.8333333333333,0.0,0.0,0.0
2023-04-04 12:00:00,1.0581666666666667,15.5,0.78572,0.8025736611400166,53.86775922998353,0.1588394862770015,0.0,15949.143333332102,0.0,6693.764999963096,16401.58333338506,0.0,0.0,0.0,16401.58333338506,1058.1666666666667,0.0,0.0,0.0
2023-04-04 13:00:00,0.5288333333333334,15.0,0.7067749999999999,0.7861812110167211,55.6671583327723,0.1818652995835002,0.0,15949.143333332102,-257.266666667,6693.764999963096,7932.499999994907,0.0,0.0,0.0,7932.499999994907,528.8333333333334,0.0,0.0,0.0
2023-04-04 14:00:00,0.3385,15.25,0.617835,0.7130067875826877,53.40492450333949,0.2542224779699603,0.0,15949.143333332102,-330.11,6436.498333296096,5162.125,0.0,0.0,0.0,5162.125,338.5,0.0,0.0,0.0
2023-04-04 15:00:00,0.268,15.5,0.5338799999999999,0.5849382594853215,52.61904731868148,0.651470339848445,0.0,15949.143333332102,-306.08,6106.388333296096,4154.0,0.0,0.0,0.0,4154.0,268.0,0.0,0.0,0.0
2023-04-04 16:00:00,0.484,16.75,0.3536899999999999,0.4086225926795301,50.551016170477176,0.4452199138739171,0.0,15949.143333332102,0.0,5800.308333296096,8107.0,0.0,0.0,0.0,8107.0,484.0,0.0,0.0,0.0
2023-04-04 17:00:00,0.3296666666666666,21.0,0.402285,0.2041446191793627,52.72365856640869,0.3671767524980072,0.0,15949.143333332102,-122.068333333,5800.308333296096,6923.00000000713,0.0,0.0,0.0,6923.00000000713,329.66666666666663,0.0,0.0,0.0
2023-04-04 18:00:00,1.3658333333333337,28.5,0.39456,0.0365390239670511,51.75950752612612,0.1965242726578671,0.0,15949.143333332102,766.39833333,5678.239999963096,38926.24999990489,0.0,1915.9958333250001,0.0,40842.24583322989,1365.8333333333337,0.0,0.0,0.0
2023-04-04 19:00:00,1.9463333333333328,34.25,0.1839899999999999,1.957199318770548e-05,49.504703020707296,0.0291865812000046,0.0,15949.143333332102,1470.39333333,6444.638333293096,66661.91666655344,0.0,3675.983333325,0.0,70337.89999987844,1946.3333333333328,0.0,0.0,0.0
2023-04-04 20:00:00,5.274666666666667,34.25,0.1236999999999999,0.0,50.87577166855586,0.0005888888903328,0.0,15949.143333332102,3541.8466667071034,7915.0316666230965,180657.33333344752,0.0,8854.616666767759,0.0,189511.95000021526,5274.666666666667,0.0,0.0,0.0
2023-04-04 21:00:00,6.892833333333333,33.75,0.098565,0.0,50.57696545758622,0.0,0.0,15949.143333332102,0.0,11456.8783333302,232633.12499988748,0.0,0.0,0.0,232633.12499988748,6892.833333333333,0.0,0.0,0.0
2023-04-04 22:00:00,1.1918333333333333,35.25,0.1084049999999999,0.0,49.7726343972629,0.0,0.0,15949.143333332102,0.0,11456.8783333302,42012.1249998825,0.0,0.0,0.0,42012.1249998825,1191.8333333333333,0.0,0.0,0.0
2023-04-04 23:00:00,0.0958333333333333,38.75,0.0811749999999999,0.0,48.18591320344039,0.0,0.0,15949.143333332102,0.283333333300007,11456.8783333302,3713.541666665375,0.0,0.7083333332500175,0.0,3714.249999998625,95.8333333333333,0.0,0.0,0.0
2023-04-05 00:00:00,0.0954999999999999,37.0,0.025135,0.0,47.44590678857008,0.0,0.0,15949.143333332102,56.03999999999999,11457.1616666635,3533.5,0.0,140.09999999999997,0.0,3673.6,95.4999999999999,0.0,0.0,0.0
2023-04-05 01:00:00,0.0998333333333333,36.75,0.0681949999999999,0.0,46.68659251230706,0.0,0.0,15949.143333332102,16.663333333300002,11513.2016666635,3668.8749999987754,0.0,41.658333333250006,0.0,3710.5333333320254,99.8333333333333,0.0,0.0,0.0
2023-04-05 02:00:00,0.0971666666666666,38.0,0.152535,0.0,47.99274308439945,0.0,0.0,15949.143333332102,-69.9433333333,11529.8649999968,3692.3333333346,0.0,0.0,0.0,3692.3333333346,97.1666666666666,0.0,0.0,0.0
2023-04-05 03:00:00,0.0956666666666666,40.25,0.1829849999999999,0.0,46.17895026777614,0.0,0.0,15949.143333332102,-101.66833333330001,11459.9216666635,3850.583333334675,0.0,0.0,0.0,3850.583333334675,95.6666666666666,0.0,0.0,0.0
2023-04-05 04:00:00,0.0946666666666666,40.5,0.2330949999999999,0.0,45.16673130116308,0.0,0.0,15949.143333332102,-152.62833333330002,11358.2533333302,3834.0000000013497,0.0,0.0,0.0,3834.0000000013497,94.6666666666666,0.0,0.0,0.0
2023-04-05 05:00:00,0.0933333333333333,41.25,0.66918,0.0,47.590372988003296,0.0,0.0,15949.143333332102,-589.8466666667,11205.6249999969,3849.9999999986253,0.0,0.0,0.0,3849.9999999986253,93.3333333333333,0.0,0.0,0.0
2023-04-05 06:00:00,0.077,44.0,1.16685,0.0080954442905916,49.65139938016803,0.0,0.0,15949.143333332102,-1101.3999999999999,10615.7783333302,3388.0,0.0,0.0,0.0,3388.0,77.0,0.0,0.0,0.0
2023-04-05 07:00:00,0.0533333333333333,55.0,1.215925,0.1243496964241236,49.84505698754667,0.0136420512743867,0.0,15949.143333332102,-1170.5916666667,9514.3783333302,2933.333333331466,0.0,0.0,0.0,2933.333333331466,53.3333333333333,0.0,0.0,0.0
2023-04-05 08:00:00,0.0535,55.0,1.142225,0.3263809966514171,48.01141510220226,0.1173060686567909,0.0,15949.143333332102,-1096.75,8343.7866666635,2942.5,0.0,0.0,0.0,2942.5,53.5,0.0,0.0,0.0
2023-04-05 09:00:00,0.0538333333333333,50.75,1.04144,0.5181059947164424,48.47184875058949,0.3031325658162435,0.0,15949.143333332102,-995.6816666667,7247.0366666635,2732.0416666649435,0.0,0.0,0.0,2732.0416666649435,53.8333333333333,0.0,0.0,0.0
2023-04-05 10:00:00,0.0546666666666666,34.0,0.694695,0.6674633228284166,49.85346640810457,0.458687522431724,0.0,15949.143333332102,-648.2283333333,6251.3549999968,1858.6666666678211,0.0,0.0,0.0,1858.6666666678211,54.6666666666666,0.0,0.0,0.0
2023-04-05 11:00:00,0.0546666666666666,22.75,0.506535,0.7639180471836419,48.2053243457389,0.5823475197034005,0.0,15949.143333332102,-460.0683333333,5603.1266666635,1243.6666666674391,0.0,0.0,0.0,1243.6666666674391,54.6666666666666,0.0,0.0,0.0
2023-04-05 12:00:00,0.0549999999999999,19.0,0.537375,0.8041923313605039,48.14962363404968,0.6656611072507678,0.0,15949.143333332102,-490.625,5143.0583333302,1045.0,0.0,0.0,0.0,1045.0,54.9999999999999,0.0,0.0,0.0
2023-04-05 13:00:00,0.0606666666666666,17.75,0.477675,0.7875675703028479,50.736862168648464,0.7039982931022973,0.0,15949.143333332102,-426.10833333330004,4652.4333333302,1076.833333333936,0.0,0.0,0.0,1076.833333333936,60.6666666666666,0.0,0.0,0.0
2023-04-05 14:00:00,0.0553333333333332,18.5,0.43826,0.7143235555367395,51.94991658457528,0.6907529886359843,0.0,15949.143333332102,-391.2266666667,4226.3249999969,1023.6666666660385,0.0,0.0,0.0,1023.6666666660385,55.3333333333332,0.0,0.0,0.0
2023-04-05 15:00:00,0.0549999999999999,18.0,0.368695,0.5863705929244628,53.54769592880491,0.63030401572203,0.0,15949.143333332102,-321.945,3835.0983333302,990.0,0.0,0.0,0.0,990.0,54.9999999999999,0.0,0.0,0.0
2023-04-05 16:00:00,0.0544999999999999,18.75,0.2225149999999999,0.4103809966464833,51.72237961856147,0.5199941866622012,0.0,15949.143333332102,-176.19,3513.1533333302,1021.875,0.0,0.0,0.0,1021.875,54.4999999999999,0.0,0.0,0.0
2023-04-05 17:00:00,0.0678333333333333,24.25,0.3489549999999999,0.2063420558607462,53.31094446871256,0.3675529039823092,0.0,15949.143333332102,-291.2966666667,3336.9633333302,1644.95833333251,0.0,0.0,0.0,1644.95833333251,67.8333333333333,0.0,0.0,0.0
2023-04-05 18:00:00,2.1805,32.25,0.3317699999999999,0.0380835913475927,52.75958896027535,0.1901574356535561,0.0,15949.143333332102,1521.655,3045.6666666635,70321.125,0.0,3804.1375,0.0,74125.2625,2180.5,0.0,0.0,0.0
2023-04-05 19:00:00,4.652,37.25,0.0933549999999999,3.16359528766575e-05,52.18084852808279,0.0358825642328996,0.0,15949.143333332102,3860.845,4567.3216666635,173287.00000000166,0.0,9652.1125,0.0,182939.11250000165,4652.0,0.0,0.0,0.0
2023-04-05 20:00:00,1.5921666666666667,37.5,0.0948549999999999,0.0,51.861129159067,0.0007049572728892,0.0,15949.143333332102,1258.48666667,8428.1666666635,59706.250000125,0.0,3146.216666675,0.0,62852.4666668,1592.1666666666667,0.0,0.0,0.0
2023-04-05 21:00:00,0.0554999999999999,37.75,0.089065,0.0,51.30604865173509,0.0,0.0,15949.143333332102,-41.89,9686.6533333335,2095.125,0.0,0.0,0.0,2095.125,55.49999999999989,0.0,0.0,0.0
2023-04-05 22:00:00,0.0546666666666666,34.25,0.098035,0.0,50.67182536426387,0.0,0.0,15949.143333332102,-51.5683333333,9644.7633333335,1872.3333333344751,0.0,0.0,0.0,1872.3333333344751,54.6666666666666,0.0,0.0,0.0
2023-04-05 23:00:00,0.0551666666666665,37.0,0.08241,0.0,49.994306454737554,0.0,0.0,15949.143333332102,-35.5183333333,9593.1950000002,2041.1666666679,0.0,0.0,0.0,2041.1666666679,55.1666666666665,0.0,0.0,0.0
2023-04-06 00:00:00,0.0601666666666666,34.0,0.032215,0.0,50.01550228620856,0.0,0.0,15949.143333332102,0.0,9557.6766666669,2045.6666666678002,0.0,0.0,0.0,2045.6666666678002,60.1666666666666,0.0,0.0,0.0
2023-04-06 01:00:00,0.0551666666666666,32.0,0.05862,0.0,52.21475636168447,0.0,0.0,15949.143333332102,-11.7283333333,9557.6766666669,1765.3333333344,0.0,0.0,0.0,1765.3333333344,55.1666666666666,0.0,0.0,0.0
2023-04-06 02:00:00,0.0549999999999999,37.0,0.10467,0.0,52.66787940095244,0.0,0.0,15949.143333332102,-57.92,9545.9483333336,2035.0,0.0,0.0,0.0,2035.0,54.9999999999999,0.0,0.0,0.0
2023-04-06 03:00:00,0.0548333333333333,39.0,0.1439649999999999,0.0,53.59861488349216,0.0,0.0,15949.143333332102,-97.3566666667,9488.0283333336,2138.4999999987,0.0,0.0,0.0,2138.4999999987,54.8333333333333,0.0,0.0,0.0
2023-04-06 04:00:00,0.0548333333333333,38.5,0.17794,0.0,51.16891216896945,0.0,0.0,15949.143333332102,-131.3316666667,9390.6716666669,2111.0833333320497,0.0,0.0,0.0,2111.0833333320497,54.8333333333333,0.0,0.0,0.0
2023-04-06 05:00:00,0.0545,38.75,0.431795,0.0,49.23427549215194,0.0,0.0,15949.143333332102,-385.47,9259.3400000002,2111.875,0.0,0.0,0.0,2111.875,54.5,0.0,0.0,0.0
2023-04-06 06:00:00,0.054,36.75,0.8774850000000001,0.0091680290250828,50.49538528377327,0.0,0.0,15949.143333332102,-831.585,8873.8700000002,1984.5,0.0,0.0,0.0,1984.5,54.0,0.0,0.0,0.0
2023-04-06 07:00:00,0.053,36.0,1.16219,0.1283151518419184,48.89875296771366,0.0164566666147329,0.0,15949.143333332102,-1117.14,8042.285000000201,1908.0,0.0,0.0,0.0,1908.0,53.0,0.0,0.0,0.0
2023-04-06 08:00:00,0.0531666666666666,34.75,1.215255,0.3302599170282984,51.05377541271064,0.1341502563770001,0.0,15949.143333332102,-1170.0633333333,6925.1450000002005,1847.5416666678466,0.0,0.0,0.0,1847.5416666678466,53.1666666666666,0.0,0.0,0.0
2023-04-06 09:00:00,0.0531666666666666,33.5,0.8601800000000001,0.5212660434118418,51.360845254816425,0.2923986324082073,0.0,15949.143333332102,-814.9883333332999,5755.081666666901,1781.0833333344708,0.0,0.0,0.0,1781.0833333344708,53.1666666666666,0.0,0.0,0.0
2023-04-06 10:00:00,0.0541666666666666,31.25,0.5039999999999999,0.6699433074138689,50.1402611978189,0.4556343574197883,0.0,15949.143333332102,-457.9583333333,4940.093333333601,1692.7083333343944,0.0,0.0,0.0,1692.7083333343944,54.1666666666666,0.0,0.0,0.0
2023-04-06 11:00:00,0.0541666666666666,25.25,0.4270199999999999,0.7658599979885338,52.38199026485449,0.5691764968480819,0.0,15949.143333332102,-380.9783333333,4482.1350000003,1367.7083333341907,0.0,0.0,0.0,1367.7083333341907,54.1666666666666,0.0,0.0,0.0
2023-04-06 12:00:00,0.0598333333333333,19.75,0.3360749999999999,0.8057513179593769,50.654715789901445,0.6299682036831846,0.0,15949.143333332102,-285.2166666667,4101.1566666670005,1181.7083333326627,0.0,0.0,0.0,1181.7083333326627,59.8333333333333,0.0,0.0,0.0
2023-04-06 13:00:00,0.0761666666666666,13.25,0.13595,0.7888985788601225,49.43011067457956,0.690083504701272,0.0,15949.143333332102,-71.20833333329999,3815.9400000003,1009.2083333337832,0.0,0.0,0.0,1009.2083333337832,76.1666666666666,0.0,0.0,0.0
2023-04-06 14:00:00,0.6983333333333334,13.0,0.0040049999999999,0.7155891894444806,47.77393347185669,0.6391698260185046,0.0,15949.143333332102,589.578333333,3744.7316666670004,9078.33333332892,0.0,1473.9458333325001,0.0,10552.27916666142,698.3333333333334,0.0,0.0,0.0
2023-04-06 15:00:00,0.1399999999999999,12.25,0.0005899999999999,0.5877556182590234,49.41463374254596,0.58349111051641,0.0,15949.143333332102,0.0,4334.31,1715.0,0.0,0.0,0.0,1715.0,139.99999999999991,0.0,0.0,0.0
2023-04-06 16:00:00,0.0946666666666666,12.75,0.0,0.4120946630580404,48.87194695610278,0.3754952129135784,0.0,15949.143333332102,0.0,4334.31,1207.000000000433,0.0,0.0,0.0,1207.000000000433,94.6666666666666,0.0,0.0,0.0
2023-04-06 17:00:00,0.0946666666666666,16.75,0.0,0.2084979136241399,51.27172525732904,0.2022467517037677,0.0,15949.143333332102,0.0,4334.31,1585.6666666672354,0.0,0.0,0.0,1585.6666666672354,94.6666666666666,0.0,0.0,0.0
2023-04-06 18:00:00,0.0696666666666666,27.0,0.0,0.039639958903306,50.35236589513115,0.1267220512618366,0.0,15949.143333332102,0.0,4334.31,1881.0000000009168,0.0,0.0,0.0,1881.0000000009168,69.6666666666666,0.0,0.0,0.0
2023-04-06 19:00:00,0.0554999999999999,27.75,0.0,4.841606654550065e-05,51.52376539605099,0.0371860684594537,0.0,15949.143333332102,0.0,4334.31,1540.1250000019234,0.0,0.0,0.0,1540.1250000019234,55.49999999999989,0.0,0.0,0.0
2023-04-06 20:00:00,0.0553333333333332,33.25,0.0,0.0,52.76061678101623,0.0003176068398369,0.0,15949.143333332102,47.0333333333,4334.31,1839.8333333322248,0.0,117.58333333325,0.0,1957.4166666654748,55.3333333333332,0.0,0.0,0.0
2023-04-06 21:00:00,0.0554999999999999,33.0,0.0,0.0,52.6359192772078,0.0,0.0,15949.143333332102,0.0,4381.3433333333005,1831.5,0.0,0.0,0.0,1831.5,55.49999999999989,0.0,0.0,0.0
2023-04-06 22:00:00,0.0553333333333333,34.75,0.0,0.0,54.04913217569788,0.0,0.0,15949.143333332102,0.0,4381.3433333333005,1922.8333333321748,0.0,0.0,0.0,1922.8333333321748,55.3333333333333,0.0,0.0,0.0
2023-04-06 23:00:00,0.0611666666666666,36.0,0.0,0.0,54.83539720105127,0.0,0.0,15949.143333332102,0.0,4381.3433333333005,2202.0000000012,0.0,0.0,0.0,2202.0000000012,61.1666666666666,0.0,0.0,0.0
2023-04-07 00:00:00,0.0556666666666666,34.75,0.0,0.0,55.431402921013486,0.0,0.0,15949.143333332102,0.0,4381.3433333333005,1934.4166666678252,0.0,0.0,0.0,1934.4166666678252,55.6666666666666,0.0,0.0,0.0
2023-04-07 01:00:00,0.0554999999999999,22.0,0.0,0.0,56.79521966477951,0.0,0.0,15949.143333332102,0.0,4381.3433333333005,1221.0,0.0,0.0,0.0,1221.0,55.49999999999989,0.0,0.0,0.0
2023-04-07 02:00:00,0.0554999999999999,22.75,0.0,0.0,56.43356775071302,0.0,0.0,15949.143333332102,0.0,4381.3433333333005,1262.625,0.0,0.0,0.0,1262.625,55.49999999999989,0.0,0.0,0.0
2023-04-07 03:00:00,0.0548333333333333,23.0,0.0,0.0,57.1606370421766,0.0,0.0,15949.143333332102,46.6083333333,4381.3433333333005,1261.1666666659,0.0,116.52083333325001,0.0,1377.68749999915,54.8333333333333,0.0,0.0,0.0
2023-04-07 04:00:00,0.0546666666666666,22.25,0.322225,0.0,55.52117604236563,0.0,0.0,15949.143333332102,-275.7583333333,4427.9516666666,1216.3333333340752,0.0,0.0,0.0,1216.3333333340752,54.6666666666666,0.0,0.0,0.0
2023-04-07 05:00:00,0.0539999999999999,22.75,0.580565,0.0,55.95904650924666,0.0,0.0,15949.143333332102,-534.6650000000001,4152.1933333333,1228.5,0.0,0.0,0.0,1228.5,53.9999999999999,0.0,0.0,0.0
2023-04-07 06:00:00,0.0533333333333333,31.0,0.67792,0.0103093007571025,54.51617137062854,0.0,0.0,15949.143333332102,-632.5866666667,3617.5283333333,1653.3333333322807,0.0,0.0,0.0,1653.3333333322807,53.3333333333333,0.0,0.0,0.0
2023-04-07 07:00:00,0.0529999999999999,35.25,1.001325,0.1322389547641929,53.21690293207827,0.0154338461081059,0.0,15949.143333332102,-956.2750000000001,2984.9416666666,1868.25,0.0,0.0,0.0,1868.25,52.9999999999999,0.0,0.0,0.0
2023-04-07 08:00:00,0.0521666666666666,34.75,0.943415,0.334062704972855,51.96094117321939,0.0929635898475973,0.0,15949.143333332102,-899.0733333333,2028.6666666666001,1812.7916666678466,0.0,0.0,0.0,1812.7916666678466,52.1666666666666,0.0,0.0,0.0
2023-04-07 09:00:00,0.049,32.75,0.607445,0.5243521342646774,53.22103503794765,0.0922486324391813,0.0,15949.143333332102,-565.7950000000001,1129.5933333333,1604.75,0.0,0.0,0.0,1604.75,49.0,0.0,0.0,0.0
2023-04-07 10:00:00,0.0536666666666666,25.75,0.6094149999999999,0.672354370140054,50.86821914168368,0.0696039314759083,0.0,15949.143333332102,-563.7983333333,563.7983333333,1381.916666667541,0.0,0.0,0.0,1381.916666667541,53.6666666666666,0.0,0.0,0.0
2023-04-07 11:00:00,6.424333333333333,25.25,0.6452249999999999,0.7677380460973233,50.14237522748533,0.1127329056894677,0.0,15949.143333332102,2894.253333332601,0.0,162214.4166665824,0.0,7235.633333331502,0.0,169450.0499999139,6424.333333333333,0.0,0.0,0.0
2023-04-07 12:00:00,4.6225,22.25,0.49621,0.8072512068135492,51.47808171490246,0.6571699155497757,0.0,15949.143333332102,3432.915,2894.253333332601,102850.625,0.0,8582.2875,0.0,111432.9125,4622.5,0.0,0.0,0.0
2023-04-07 13:00:00,0.0544999999999999,18.5,0.400385,0.7901751295997234,51.82813492137972,0.7222709434052822,0.0,15949.143333332102,-354.06,6327.168333332601,1008.25,0.0,0.0,0.0,1008.25,54.4999999999999,0.0,0.0,0.0
2023-04-07 14:00:00,0.0548333333333332,16.75,0.2825049999999999,0.7168048563594148,53.4304259715146,0.3408172659588676,0.0,15949.143333332102,-235.89666666669999,5973.1083333326005,918.4583333327646,0.0,0.0,0.0,918.4583333327646,54.8333333333332,0.0,0.0,0.0
2023-04-07 15:00:00,0.0546666666666666,17.75,0.16078,0.5890947327027157,55.22223442298274,0.25830521567255,0.0,15949.143333332102,-114.3133333333,5737.2116666659,970.333333333936,0.0,0.0,0.0,970.333333333936,54.6666666666666,0.0,0.0,0.0
2023-04-07 16:00:00,0.0544999999999999,18.5,0.0647449999999999,0.4137651526013279,53.14674913280293,0.4254244444105362,0.0,15949.143333332102,-18.42,5622.8983333326005,1008.25,0.0,0.0,0.0,1008.25,54.4999999999999,0.0,0.0,0.0
2023-04-07 17:00:00,0.0546666666666666,19.25,0.0007849999999999,0.2106135814089411,54.892389411715904,0.4140692306583763,0.0,15949.143333332102,45.6816666667,5604.4783333326,1052.333333333987,0.0,114.20416666675001,0.0,1166.537500000737,54.6666666666666,0.0,0.0,0.0
2023-04-07 18:00:00,0.0551666666666666,30.75,7.5e-05,0.0412064956359855,53.26677534335328,0.0780904272682646,0.0,15949.143333332102,0.0,5650.1599999993,1696.375000001044,0.0,0.0,0.0,1696.375000001044,55.1666666666666,0.0,0.0,0.0
2023-04-07 19:00:00,0.0554999999999999,37.0,0.0,7.1103696351016e-05,52.71579544982555,0.0455084614672212,0.0,15949.143333332102,0.0,5650.1599999993,2053.5000000037658,0.0,0.0,0.0,2053.5000000037658,55.49999999999989,0.0,0.0,0.0
2023-04-07 20:00:00,0.0553333333333332,37.0,0.0,0.0,54.72879276975627,0.0009894871897597,0.0,15949.143333332102,0.0,5650.1599999993,2047.3333333321,0.0,0.0,0.0,2047.3333333321,55.3333333333332,0.0,0.0,0.0
2023-04-07 21:00:00,0.0609999999999999,37.0,0.0,0.0,54.14309489498924,0.0,0.0,15949.143333332102,0.0,5650.1599999993,2257.0,0.0,0.0,0.0,2257.0,60.9999999999999,0.0,0.0,0.0
2023-04-07 22:00:00,0.0561666666666665,36.25,0.0,0.0,55.31548762346125,0.0,0.0,15949.143333332102,0.0,5650.1599999993,2036.041666667875,0.0,0.0,0.0,2036.041666667875,56.166666666666494,0.0,0.0,0.0
2023-04-07 23:00:00,0.0569999999999999,36.0,0.0,0.0,55.702377146607006,0.0,0.0,15949.143333332102,0.0,5650.1599999993,2052.0,0.0,0.0,0.0,2052.0,56.9999999999999,0.0,0.0,0.0
2023-04-08 00:00:00,0.0569999999999999,36.25,0.0,0.0,53.51612738796695,0.0,0.0,15949.143333332102,0.0,5650.1599999993,2066.25,0.0,0.0,0.0,2066.25,56.9999999999999,0.0,0.0,0.0
2023-04-08 01:00:00,0.1394999999999999,29.0,0.0,0.0,55.35477531253913,0.0,0.0,15949.143333332102,0.0,5650.1599999993,4045.5,0.0,0.0,0.0,4045.5,139.49999999999991,0.0,0.0,0.0
2023-04-08 02:00:00,6.546666666666667,24.25,0.0,0.0,55.524647747587686,0.0,0.0,15949.143333332102,0.0,5650.1599999993,158756.6666667475,0.0,0.0,0.0,158756.6666667475,6546.666666666667,0.0,0.0,0.0
2023-04-08 03:00:00,3.3938333333333333,24.75,0.0,0.0,54.78084390441502,0.0,0.0,15949.143333332102,0.0,5650.1599999993,83997.3749999175,0.0,0.0,0.0,83997.3749999175,3393.833333333333,0.0,0.0,0.0
2023-04-08 04:00:00,0.0564999999999999,25.25,0.0,0.0,56.58827405544207,0.0,0.0,15949.143333332102,0.0,5650.1599999993,1426.625,0.0,0.0,0.0,1426.625,56.4999999999999,0.0,0.0,0.0
2023-04-08 05:00:00,0.0559999999999999,25.5,0.0,0.0,58.29078091698709,0.0,0.0,15949.143333332102,0.0,5650.1599999993,1428.0,0.0,0.0,0.0,1428.0,55.9999999999999,0.0,0.0,0.0
2023-04-08 06:00:00,0.0558333333333332,31.5,0.0,0.0115173119305427,57.9153220281892,0.0,0.0,15949.143333332102,0.0,5650.1599999993,1758.7499999989304,0.0,0.0,0.0,1758.7499999989304,55.8333333333332,0.0,0.0,0.0
2023-04-08 07:00:00,0.0554999999999999,31.5,0.0,0.1361176331489585,55.57902572043184,0.0147253846039629,0.0,15949.143333332102,0.0,5650.1599999993,1748.25,0.0,0.0,0.0,1748.25,55.49999999999989,0.0,0.0,0.0
2023-04-08 08:00:00,0.0601666666666666,31.5,0.0,0.3377886385381945,55.79583327492033,0.1239016243127676,0.0,15949.143333332102,0.0,5650.1599999993,1895.2500000010696,0.0,0.0,0.0,1895.2500000010696,60.1666666666666,0.0,0.0,0.0
2023-04-08 09:00:00,0.0543333333333332,33.0,0.0,0.5273639021866936,57.10651060748761,0.3244901709271293,0.0,15949.143333332102,46.1833333333,5650.1599999993,1792.9999999988795,0.0,115.45833333325,0.0,1908.4583333321295,54.3333333333332,0.0,0.0,0.0
2023-04-08 10:00:00,0.0539999999999999,29.25,0.3102749999999999,0.6746964651379379,58.575896643447926,0.4810753866342399,0.0,15949.143333332102,-264.375,5696.3433333326,1579.5,0.0,0.0,0.0,1579.5,53.9999999999999,0.0,0.0,0.0
2023-04-08 11:00:00,1.0166666666666666,21.25,0.3115699999999999,0.7695524861813227,56.02262556129523,0.5899511966542305,0.0,15949.143333332102,552.5966666669999,5431.9683333326,21604.166666737583,0.0,1381.4916666674999,0.0,22985.65833340508,1016.6666666666666,0.0,0.0,0.0
2023-04-08 12:00:00,6.1795,18.25,0.0016849999999999,0.808692621351975,56.61767305203471,0.6601891398633649,0.0,15949.143333332102,5250.889999999999,5984.5649999996,112775.875,0.0,13127.224999999999,0.0,125903.1,6179.5,0.0,0.0,0.0
2023-04-08 13:00:00,9.452333333333334,17.5,0.00039,0.7913981483533298,54.81300023536039,0.6998119686811397,0.0,15949.143333332102,0.0,11235.4549999996,165415.83333327493,0.0,0.0,0.0,165415.83333327493,9452.333333333334,0.0,0.0,0.0
2023-04-08 14:00:00,1.1711666666666665,18.0,0.0,0.7179717499146857,52.54242439915267,0.6772392305553474,0.0,15949.143333332102,0.0,11235.4549999996,21081.00000006007,0.0,0.0,0.0,21081.00000006007,1171.1666666666665,0.0,0.0,0.0
2023-04-08 15:00:00,0.0559999999999999,18.75,0.0,0.5903893513756093,52.364835264063565,0.6180882049625758,0.0,15949.143333332102,0.0,11235.4549999996,1050.0,0.0,0.0,0.0,1050.0,55.9999999999999,0.0,0.0,0.0
2023-04-08 16:00:00,0.0559999999999999,17.25,0.0,0.4153940333228552,52.7254517344506,0.5879977775638937,0.0,15949.143333332102,0.0,11235.4549999996,966.0,0.0,0.0,0.0,966.0,55.9999999999999,0.0,0.0,0.0
2023-04-08 17:00:00,0.0549999999999999,21.5,0.0,0.2126904665742909,50.60345150350943,0.3903599144047142,0.0,15949.143333332102,0.0,11235.4549999996,1182.5,0.0,0.0,0.0,1182.5,54.9999999999999,0.0,0.0,0.0
2023-04-08 18:00:00,0.0994999999999999,29.75,0.0,0.0427815911114495,49.14013886109001,0.2086954700437366,0.0,15949.143333332102,0.0,11235.4549999996,2960.125,0.0,0.0,0.0,2960.125,99.4999999999999,0.0,0.0,0.0
2023-04-08 19:00:00,3.9036666666666666,36.25,0.0,0.0001011309207527,51.20214868555527,0.030550598120078,0.0,15949.143333332102,0.0,11235.4549999996,141507.91666679268,0.0,0.0,0.0,141507.91666679268,3903.6666666666665,0.0,0.0,0.0
2023-04-08 20:00:00,11.800333333333333,37.5,0.0,0.0,52.69831774984,0.0009443589823288,0.0,15949.143333332102,0.0,11235.4549999996,442512.49999875,0.0,0.0,0.0,442512.49999875,11800.333333333332,0.0,0.0,0.0
2023-04-08 21:00:00,12.076666666666666,37.75,0.0,0.0,53.87384941741546,0.0,0.0,15949.143333332102,0.0,11235.4549999996,455894.166667925,0.0,0.0,0.0,455894.166667925,12076.666666666666,0.0,0.0,0.0
2023-04-08 22:00:00,2.490333333333333,36.75,0.0,0.0,51.48525092006895,0.0,0.0,15949.143333332102,0.0,11235.4549999996,91519.7499998775,0.0,0.0,0.0,91519.7499998775,2490.333333333333,0.0,0.0,0.0
2023-04-08 23:00:00,0.5415,35.5,0.0,0.0,50.6416252452203,0.0,0.0,15949.143333332102,0.0,11235.4549999996,19223.25,0.0,0.0,0.0,19223.25,541.5,0.0,0.0,0.0
2023-04-09 00:00:00,8.439,36.5,0.0,0.0,52.744129585997136,0.0,0.0,15949.143333332102,0.0,11235.4549999996,308023.5,0.0,0.0,0.0,308023.5,8439.0,0.0,0.0,0.0
2023-04-09 01:00:00,5.530166666666666,37.5,0.0,0.0,54.93554139722951,0.0,0.0,15949.143333332102,0.0,11235.4549999996,207381.250000125,0.0,0.0,0.0,207381.250000125,5530.166666666666,0.0,0.0,0.0
2023-04-09 02:00:00,0.0564999999999999,33.25,0.0,0.0,52.5230530444399,0.0,0.0,15949.143333332102,0.0,11235.4549999996,1878.625,0.0,0.0,0.0,1878.625,56.4999999999999,0.0,0.0,0.0
2023-04-09 03:00:00,0.0564999999999999,28.25,0.0,0.0,54.28467131622856,0.0,0.0,15949.143333332102,0.0,11235.4549999996,1596.125,0.0,0.0,0.0,1596.125,56.4999999999999,0.0,0.0,0.0
2023-04-09 04:00:00,0.0568333333333332,26.75,0.0,0.0,54.727367279186254,0.0,0.0,15949.143333332102,0.0,11235.4549999996,1520.291666665775,0.0,0.0,0.0,1520.291666665775,56.8333333333332,0.0,0.0,0.0
2023-04-09 05:00:00,0.0623333333333332,26.0,0.0,0.0,52.56061993852519,0.0,0.0,15949.143333332102,0.0,11235.4549999996,1620.6666666658,0.0,0.0,0.0,1620.6666666658,62.3333333333332,0.0,0.0,0.0
2023-04-09 06:00:00,0.0569999999999999,26.0,0.0,0.0127891026580793,51.88040814346932,0.0,0.0,15949.143333332102,0.0,11235.4549999996,1482.0,0.0,0.0,0.0,1482.0,56.9999999999999,0.0,0.0,0.0
2023-04-09 07:00:00,0.0566666666666665,26.0,0.0,0.1399479884455023,51.96081045560836,0.0136652136218344,0.0,15949.143333332102,0.0,11235.4549999996,1473.3333333342161,0.0,0.0,0.0,1473.3333333342161,56.666666666666494,0.0,0.0,0.0
2023-04-09 08:00:00,0.0558333333333332,24.5,0.0,0.341437040591571,52.44551974886868,0.1313928210022103,0.0,15949.143333332102,0.0,11235.4549999996,1367.9166666658348,0.0,0.0,0.0,1367.9166666658348,55.8333333333332,0.0,0.0,0.0
2023-04-09 09:00:00,0.0551666666666665,23.25,0.0,0.5303010239510525,52.88733301769148,0.3365379503038195,0.0,15949.143333332102,0.0,11235.4549999996,1282.6250000007894,0.0,0.0,0.0,1282.6250000007894,55.1666666666665,0.0,0.0,0.0
2023-04-09 10:00:00,0.0549999999999999,21.0,0.0,0.6769695883239834,51.90236916296007,0.4690423068837221,0.0,15949.143333332102,0.0,11235.4549999996,1155.0,0.0,0.0,0.0,1155.0,54.9999999999999,0.0,0.0,0.0
2023-04-09 11:00:00,0.5359999999999999,19.5,0.0,0.7713036508171145,53.454083247298186,0.5732998265975563,0.0,15949.143333332102,0.0,11235.4549999996,10452.0,0.0,0.0,0.0,10452.0,535.9999999999999,0.0,0.0,0.0
2023-04-09 12:00:00,6.953333333333333,15.25,0.0,0.8100762167704071,51.66750521649632,0.6432591501871746,0.0,15949.143333332102,0.0,11235.4549999996,106038.33333328244,0.0,0.0,0.0,106038.33333328244,6953.333333333333,0.0,0.0,0.0
2023-04-09 13:00:00,3.7095,15.75,0.0,0.7925685848435341,53.61269905389861,0.6594034165602467,0.0,15949.143333332102,0.0,11235.4549999996,58424.625,0.0,0.0,0.0,58424.625,3709.5,0.0,0.0,0.0
2023-04-09 14:00:00,0.1618333333333333,16.75,0.0,0.7190910777463814,51.93660982307093,0.6573205977219804,0.0,15949.143333332102,0.0,11235.4549999996,2710.708333327646,0.0,0.0,0.0,2710.708333327646,161.83333333333331,0.0,0.0,0.0
2023-04-09 15:00:00,0.0989999999999999,17.0,0.0,0.5916408909634775,51.575170812814655,0.5786467521211018,0.0,15949.143333332102,0.0,11235.4549999996,1683.0,0.0,0.0,0.0,1683.0,98.9999999999999,0.0,0.0,0.0
2023-04-09 16:00:00,0.0616666666666666,17.75,0.0,0.4169828608754002,50.85210698280802,0.4748348699064336,0.0,15949.143333332102,0.0,11235.4549999996,1094.583333333936,0.0,0.0,0.0,1094.583333333936,61.6666666666666,0.0,0.0,0.0
2023-04-09 17:00:00,0.0546666666666666,17.5,0.0,0.2147299717466034,49.04409118258029,0.3710851281320947,0.0,15949.143333332102,46.4666666667,11235.4549999996,956.6666666672609,0.0,116.16666666675,0.0,1072.8333333340108,54.6666666666666,0.0,0.0,0.0
2023-04-09 18:00:00,0.0553333333333333,20.25,0.0,0.0443636671314946,50.41357422348492,0.1974787177387466,0.0,15949.143333332102,0.0,11281.9216666663,1120.4999999993124,0.0,0.0,0.0,1120.4999999993124,55.3333333333333,0.0,0.0,0.0
2023-04-09 19:00:00,0.0559999999999999,25.0,0.0,0.0001394431694953,49.0592807140708,0.0395719659124684,0.0,15949.143333332102,0.0,11281.9216666663,1400.000000004991,0.0,0.0,0.0,1400.000000004991,55.9999999999999,0.0,0.0,0.0
2023-04-09 20:00:00,0.0561666666666666,25.0,0.0,0.0,47.77736275986859,0.0007970940174821,0.0,15949.143333332102,0.0,11281.9216666663,1404.1666666675,0.0,0.0,0.0,1404.1666666675,56.1666666666666,0.0,0.0,0.0
2023-04-09 21:00:00,0.0566666666666666,24.5,0.0,0.0,46.31098249145884,0.0,0.0,15949.143333332102,0.0,11281.9216666663,1388.33333333415,0.0,0.0,0.0,1388.33333333415,56.6666666666666,0.0,0.0,0.0
2023-04-09 22:00:00,0.0574999999999999,24.25,0.0,0.0,46.36000966167559,0.0,0.0,15949.143333332102,0.0,11281.9216666663,1394.375,0.0,0.0,0.0,1394.375,57.4999999999999,0.0,0.0,0.0
2023-04-09 23:00:00,0.0579999999999999,26.75,0.0,0.0,45.06182556250867,0.0,0.0,15949.143333332102,0.0,11281.9216666663,1551.5,0.0,0.0,0.0,1551.5,57.9999999999999,0.0,0.0,0.0
2023-04-10 00:00:00,0.0576666666666666,23.0,0.0,0.0,47.637687846449,0.0,0.0,15949.143333332102,0.0,11281.9216666663,1326.3333333341,0.0,0.0,0.0,1326.3333333341,57.6666666666666,0.0,0.0,0.0
2023-04-10 01:00:00,0.0573333333333332,17.25,0.0,0.0,49.00197870930744,0.0,0.0,15949.143333332102,0.0,11281.9216666663,988.999999999425,0.0,0.0,0.0,988.999999999425,57.3333333333332,0.0,0.0,0.0
2023-04-10 02:00:00,0.0571666666666666,18.5,0.0,0.0,48.779460829917966,0.0,0.0,15949.143333332102,0.0,11281.9216666663,1057.5833333339501,0.0,0.0,0.0,1057.5833333339501,57.1666666666666,0.0,0.0,0.0
2023-04-10 03:00:00,0.0569999999999999,22.25,0.16669,0.0,46.79800763004023,0.0,0.0,15949.143333332102,-118.24,11281.9216666663,1268.25,0.0,0.0,0.0,1268.25,56.9999999999999,0.0,0.0,0.0
2023-04-10 04:00:00,0.0623333333333333,23.0,0.314425,0.0,46.80575419176402,0.0,0.0,15949.143333332102,-261.44166666670003,11163.6816666663,1433.6666666659,0.0,0.0,0.0,1433.6666666659,62.3333333333333,0.0,0.0,0.0
2023-04-10 05:00:00,0.0561666666666666,22.75,0.61988,0.0,45.89796546164401,0.0,0.0,15949.143333332102,-572.1383333333,10902.2399999996,1277.791666667425,0.0,0.0,0.0,1277.791666667425,56.1666666666666,0.0,0.0,0.0
2023-04-10 06:00:00,0.0563333333333332,22.25,0.782095,0.0141224865833032,47.183589305367526,0.0,0.0,15949.143333332102,-734.2116666667,10330.1016666663,1253.4166666659112,0.0,0.0,0.0,1253.4166666659112,56.3333333333332,0.0,0.0,0.0
2023-04-10 07:00:00,0.0566666666666665,19.75,0.8859400000000001,0.1437270746826056,47.316814964881786,0.0204358118947627,0.0,15949.143333332102,-837.7733333333,9595.8899999996,1119.1666666673373,0.0,0.0,0.0,1119.1666666673373,56.666666666666494,0.0,0.0,0.0
2023-04-10 08:00:00,0.0563333333333332,16.0,0.915235,0.3450072829144361,48.93314887446032,0.1268605129535381,0.0,15949.143333332102,-867.3516666667,8758.1166666663,901.3333333327901,0.0,0.0,0.0,901.3333333327901,56.3333333333332,0.0,0.0,0.0
2023-04-10 09:00:00,0.0559999999999999,16.0,0.534385,0.5331632220372738,47.36718140724642,0.3058952135917467,0.0,15949.143333332102,-486.78499999999997,7890.7649999996,896.0,0.0,0.0,0.0,896.0,55.9999999999999,0.0,0.0,0.0
2023-04-10 10:00:00,0.0558333333333332,16.0,0.1971549999999999,0.6791737788308635,48.09606823916079,0.4746655534271501,0.0,15949.143333332102,-149.6966666667,7403.9799999996,893.3333333327901,0.0,0.0,0.0,893.3333333327901,55.8333333333332,0.0,0.0,0.0
2023-04-10 11:00:00,0.0563333333333332,15.75,0.0025499999999999,0.7729919088098486,48.46881946376881,0.5944693169227013,0.0,15949.143333332102,45.333333333300004,7254.2833333329,887.2499999994652,0.0,113.33333333325001,0.0,1000.5833333327153,56.3333333333332,0.0,0.0,0.0
2023-04-10 12:00:00,0.0563333333333332,15.25,0.000535,0.8114026748200653,47.683750003817984,0.5800866653572798,0.0,15949.143333332102,47.348333333300005,7299.6166666662,859.0833333328155,0.0,118.37083333325,0.0,977.4541666660655,56.3333333333332,0.0,0.0,0.0
2023-04-10 13:00:00,0.0556666666666666,16.0,0.0,0.793687403562907,49.15413206734037,0.5266983749520068,0.0,15949.143333332102,47.3166666667,7346.9649999995,890.6666666672099,0.0,118.29166666675,0.0,1008.9583333339599,55.6666666666666,0.0,0.0,0.0
2023-04-10 14:00:00,0.0551666666666666,8.0,0.0,0.7201640481019954,47.23788226851087,0.6026483760735927,0.0,15949.143333332102,46.8916666667,7394.2816666662,441.33333333360497,0.0,117.22916666674999,0.0,558.5625000003549,55.1666666666666,0.0,0.0,0.0
2023-04-10 15:00:00,0.0613333333333333,8.0,0.0,0.5928507520449294,49.26686711201732,0.5493930754702316,0.0,15949.143333332102,52.1333333333,7441.1733333329,490.66666666639503,0.0,130.33333333325,0.0,620.9999999996451,61.3333333333333,0.0,0.0,0.0
2023-04-10 16:00:00,0.0559999999999999,13.5,0.0,0.4185331569805953,47.65378745464364,0.3188029913616995,0.0,15949.143333332102,0.0,7493.3066666662,756.0,0.0,0.0,0.0,756.0,55.9999999999999,0.0,0.0,0.0
2023-04-10 17:00:00,3.997666666666667,15.5,0.0,0.2167334700600047,49.63857488923173,0.1227533339638995,0.0,15949.143333332102,0.0,7493.3066666662,61963.83333338506,0.0,0.0,0.0,61963.83333338506,3997.666666666667,0.0,0.0,0.0
2023-04-10 18:00:00,9.299833333333334,14.25,0.0,0.0459511852127332,47.70581828292704,0.0748770084544124,0.0,15949.143333332102,0.0,7493.3066666662,132522.62500089005,0.0,0.0,0.0,132522.62500089005,9299.833333333334,0.0,0.0,0.0
2023-04-10 19:00:00,7.845833333333332,14.0,0.0,0.0001871489546606,46.46392654504467,0.0194186324543423,0.0,15949.143333332102,0.0,7493.3066666662,109841.66666662371,0.0,0.0,0.0,109841.66666662371,7845.833333333332,0.0,0.0,0.0
2023-04-10 20:00:00,0.1636666666666665,13.25,0.0,0.0,49.24743799908959,0.0002951282058627,0.0,15949.143333332102,0.0,7493.3066666662,2168.58333333775,0.0,0.0,0.0,2168.58333333775,163.6666666666665,0.0,0.0,0.0
2023-04-10 21:00:00,0.1638333333333332,14.0,0.0,0.0,50.49196093910992,0.0,0.0,15949.143333332102,0.0,7493.3066666662,2293.6666666620004,0.0,0.0,0.0,2293.6666666620004,163.8333333333332,0.0,0.0,0.0
2023-04-10 22:00:00,2.338,14.0,0.0,0.0,49.32306076555871,0.0,0.0,15949.143333332102,0.0,7493.3066666662,32732.0,0.0,0.0,0.0,32732.0,2338.0,0.0,0.0,0.0
2023-04-10 23:00:00,0.0583333333333332,14.0,0.0,0.0,49.12851444595572,0.0,0.0,15949.143333332102,0.0,7493.3066666662,816.6666666662,0.0,0.0,0.0,816.6666666662,58.3333333333332,0.0,0.0,0.0
2023-04-11 00:00:00,0.0579999999999999,15.0,0.0,0.0,50.46073468975576,0.0,0.0,15949.143333332102,0.0,7493.3066666662,870.0,0.0,0.0,0.0,870.0,57.9999999999999,0.0,0.0,0.0
2023-04-11 01:00:00,0.0573333333333332,17.25,0.0,0.0,52.12007544881193,0.0,0.0,15949.143333332102,0.0,7493.3066666662,988.999999999425,0.0,0.0,0.0,988.999999999425,57.3333333333332,0.0,0.0,0.0
2023-04-11 02:00:00,0.0571666666666666,18.0,0.0,0.0,50.42565004367634,0.0,0.0,15949.143333332102,0.0,7493.3066666662,1029.0000000006,0.0,0.0,0.0,1029.0000000006,57.1666666666666,0.0,0.0,0.0
2023-04-11 03:00:00,0.0624999999999999,18.25,0.0,0.0,52.81933460101407,0.0,0.0,15949.143333332102,0.0,7493.3066666662,1140.625,0.0,0.0,0.0,1140.625,62.4999999999999,0.0,0.0,0.0
2023-04-11 04:00:00,0.0788333333333333,19.25,0.0406749999999999,0.0,52.25774595486462,0.0,0.0,15949.143333332102,26.333333333300004,7493.3066666662,1517.541666666025,0.0,65.83333333325001,0.0,1583.3749999992751,78.8333333333333,0.0,0.0,0.0
2023-04-11 05:00:00,5.131,21.25,0.2450899999999999,0.0,54.34666534483344,0.0,0.0,15949.143333332102,0.0,7519.6399999995,109033.75,0.0,0.0,0.0,109033.75,5131.0,0.0,0.0,0.0
2023-04-11 06:00:00,1.6446666666666667,28.0,0.437235,0.0155245746328474,56.052348144384766,0.0,0.0,15949.143333332102,0.0,7519.6399999995,46050.66666676011,0.0,0.0,0.0,46050.66666676011,1644.6666666666667,0.0,0.0,0.0
2023-04-11 07:00:00,0.1626666666666666,30.5,0.508185,0.1474521828449618,54.332933557093526,0.0038125640497757,0.0,15949.143333332102,-369.91833333299996,7519.6399999995,4961.333333343689,0.0,0.0,0.0,4961.333333343689,162.6666666666666,0.0,0.0,0.0
2023-04-11 08:00:00,4.024333333333334,34.25,0.48745,0.3484987934159229,55.069453097105296,0.0278497435496403,0.0,15949.143333332102,2933.2333333300003,7149.7216666665,137833.41666655237,0.0,7333.083333325001,0.0,145166.49999987736,4024.333333333334,0.0,0.0,0.0
2023-04-11 09:00:00,0.0559999999999999,34.75,0.44537,0.5359502709644305,56.92368199200008,0.0641713673436743,0.0,15949.143333332102,-397.77,10082.9549999965,1946.0,0.0,0.0,0.0,1946.0,55.9999999999999,0.0,0.0,0.0
2023-04-11 10:00:00,0.0558333333333332,33.5,0.440935,0.6813091225182193,56.27956857967641,0.1584963251586653,0.0,15949.143333332102,-393.4766666667,9685.1849999965,1870.4166666655292,0.0,0.0,0.0,1870.4166666655292,55.8333333333332,0.0,0.0,0.0
2023-04-11 11:00:00,0.0559999999999999,32.5,0.338365,0.7746176651993473,53.71056477113867,0.2361029059255225,0.0,15949.143333332102,-290.765,9291.7083333298,1820.0,0.0,0.0,0.0,1820.0,55.9999999999999,0.0,0.0,0.0
2023-04-11 12:00:00,0.0558333333333332,31.0,0.219325,0.8126726999174566,52.20084298372349,0.250062736446022,0.0,15949.143333332102,-171.86666666669998,9000.9433333298,1730.8333333322807,0.0,0.0,0.0,1730.8333333322807,55.8333333333332,0.0,0.0,0.0
2023-04-11 13:00:00,2.4643333333333333,22.5,0.0915599999999999,0.7947555756740895,51.51609196988792,0.400300172006982,0.0,15949.143333332102,0.0,8829.0766666631,55447.49999992491,0.0,0.0,0.0,55447.49999992491,2464.3333333333335,0.0,0.0,0.0
2023-04-11 14:00:00,0.1654999999999999,20.75,0.003475,0.721191857355186,50.693209177130186,0.4127681207249306,0.0,15949.143333332102,0.0,8829.0766666631,3434.125,0.0,0.0,0.0,3434.125,165.4999999999999,0.0,0.0,0.0
2023-04-11 15:00:00,0.6688333333333333,20.25,0.000525,0.5940203022182872,52.33787235197081,0.55965940100515,0.0,15949.143333332102,0.0,8829.0766666631,13543.874999993124,0.0,0.0,0.0,13543.874999993124,668.8333333333333,0.0,0.0,0.0
2023-04-11 16:00:00,9.242166666666668,20.5,0.0,0.4200463888985056,51.48918458859968,0.4340447867629874,0.0,15949.143333332102,0.0,8829.0766666631,189464.41666673508,0.0,0.0,0.0,189464.41666673508,9242.166666666668,0.0,0.0,0.0
2023-04-11 17:00:00,9.275333333333334,23.75,0.0,0.2187022815347657,49.89467470739926,0.3471605975811298,0.0,15949.143333332102,0.0,8829.0766666631,220289.1666665874,0.0,0.0,0.0,220289.1666665874,9275.333333333334,0.0,0.0,0.0
2023-04-11 18:00:00,9.593833333333334,31.5,0.0,0.0475426506613743,51.70065260185709,0.1333727345914922,0.0,15949.143333332102,0.0,8829.0766666631,302205.75000203925,0.0,0.0,0.0,302205.75000203925,9593.833333333334,0.0,0.0,0.0
2023-04-11 19:00:00,11.902,45.25,0.0,0.000245539656146,52.37884671374197,0.0274108546819442,0.0,15949.143333332102,0.0,8829.0766666631,538565.5000000157,0.0,0.0,0.0,538565.5000000157,11902.0,0.0,0.0,0.0
2023-04-11 20:00:00,11.899333333333333,54.75,0.0,0.0,51.55703626434644,0.0002081196601144,0.0,15949.143333332102,0.0,8829.0766666631,651488.499998175,0.0,0.0,0.0,651488.499998175,11899.333333333332,0.0,0.0,0.0
2023-04-11 21:00:00,9.547,45.0,0.0,0.0,51.07491116514407,0.0,0.0,15949.143333332102,0.0,8829.0766666631,429615.0,0.0,0.0,0.0,429615.0,9547.0,0.0,0.0,0.0
2023-04-11 22:00:00,13.336333333333334,39.0,0.0,0.0,52.05806967373881,0.0,0.0,15949.143333332102,0.0,8829.0766666631,520116.9999987,0.0,0.0,0.0,520116.9999987,13336.333333333334,0.0,0.0,0.0
2023-04-11 23:00:00,9.52,38.0,0.0,0.0,53.75354392789861,0.0,0.0,15949.143333332102,0.0,8829.0766666631,361760.0,0.0,0.0,0.0,361760.0,9520.0,0.0,0.0,0.0
2023-04-12 00:00:00,0.0556666666666666,28.5,0.0,0.0,51.32896190465036,0.0,0.0,15949.143333332102,0.0,8829.0766666631,1586.5000000009502,0.0,0.0,0.0,1586.5000000009502,55.6666666666666,0.0,0.0,0.0
2023-04-12 01:00:00,0.0554999999999999,23.75,0.0,0.0,49.66999544746961,0.0,0.0,15949.143333332102,0.0,8829.0766666631,1318.125,0.0,0.0,0.0,1318.125,55.49999999999989,0.0,0.0,0.0
2023-04-12 02:00:00,0.0608333333333332,22.5,0.0,0.0,50.43084044577598,0.0,0.0,15949.143333332102,0.0,8829.0766666631,1368.74999999925,0.0,0.0,0.0,1368.74999999925,60.8333333333332,0.0,0.0,0.0
2023-04-12 03:00:00,0.0551666666666666,21.25,0.0,0.0,50.67549037998844,0.0,0.0,15949.143333332102,0.0,8829.0766666631,1172.291666667375,0.0,0.0,0.0,1172.291666667375,55.1666666666666,0.0,0.0,0.0
2023-04-12 04:00:00,0.0556666666666666,20.5,0.0657249999999999,0.0,50.14405170091346,0.0,0.0,15949.143333332102,-18.408333333299993,8829.0766666631,1141.16666666735,0.0,0.0,0.0,1141.16666666735,55.6666666666666,0.0,0.0,0.0
2023-04-12 05:00:00,0.0551666666666666,21.0,0.2631249999999999,0.0,51.076409996346165,0.0,0.0,15949.143333332102,-216.2333333333,8810.6683333298,1158.5000000007,0.0,0.0,0.0,1158.5000000007,55.1666666666666,0.0,0.0,0.0
2023-04-12 06:00:00,0.0553333333333332,26.75,0.42116,0.0169847130209537,51.25546956945525,0.0,0.0,15949.143333332102,-374.12666666670003,8594.4349999965,1480.1666666657584,0.0,0.0,0.0,1480.1666666657584,55.3333333333332,0.0,0.0,0.0
2023-04-12 07:00:00,0.0546666666666666,33.25,0.535975,0.1511208301397067,49.79379263154326,0.0109891452735815,0.0,15949.143333332102,-489.5083333333,8220.3083333298,1817.6666666677957,0.0,0.0,0.0,1817.6666666677957,54.6666666666666,0.0,0.0,0.0
2023-04-12 08:00:00,0.0533333333333333,34.25,0.5074799999999999,0.351911065648737,51.13163396380001,0.0593243589971819,0.0,15949.143333332102,-462.1466666667,7730.7999999965,1826.6666666655037,0.0,0.0,0.0,1826.6666666655037,53.3333333333333,0.0,0.0,0.0
2023-04-12 09:00:00,0.0529999999999999,33.25,0.3429999999999999,0.5386620055843145,51.70572326347303,0.0857764954852242,0.0,15949.143333332102,-297.95,7268.6533333298,1762.25,0.0,0.0,0.0,1762.25,52.9999999999999,0.0,0.0,0.0
2023-04-12 10:00:00,0.0533333333333333,31.5,0.2834299999999999,0.683375757177704,49.99858802180342,0.1471388043297661,0.0,15949.143333332102,-238.0966666667,6970.7033333298,1679.9999999989304,0.0,0.0,0.0,1679.9999999989304,53.3333333333333,0.0,0.0,0.0
2023-04-12 11:00:00,0.0548333333333332,28.0,0.1636249999999999,0.7761813629442148,48.72428732293999,0.1941862391610431,0.0,15949.143333332102,-117.01666666669999,6732.6066666631,1535.3333333323826,0.0,0.0,0.0,1535.3333333323826,54.8333333333332,0.0,0.0,0.0
2023-04-12 12:00:00,0.0608333333333332,20.0,0.028755,0.8138870170010007,47.57070295154264,0.2319088031084109,0.0,15949.143333332102,22.953333333299998,6615.5899999964,1216.6666666659876,0.0,57.38333333324999,0.0,1274.0499999992376,60.8333333333332,0.0,0.0,0.0
2023-04-12 13:00:00,0.0554999999999999,17.75,0.00095,0.7957740728650369,50.23729138652384,0.3037943577562642,0.0,15949.143333332102,46.224999999999994,6638.5433333297005,985.125,0.0,115.56249999999999,0.0,1100.6875,55.49999999999989,0.0,0.0,0.0
2023-04-12 14:00:00,0.0563333333333332,18.25,0.000125,0.7221756797849604,50.25827171143766,0.265737606439835,0.0,15949.143333332102,0.0,6684.768333329701,1028.0833333327137,0.0,0.0,0.0,1028.0833333327137,56.3333333333332,0.0,0.0,0.0
2023-04-12 15:00:00,0.0563333333333332,18.25,0.0,0.5951508620080351,50.855484325817805,0.1597282041239942,0.0,15949.143333332102,0.0,6684.768333329701,1028.0833333327137,0.0,0.0,0.0,1028.0833333327137,56.3333333333332,0.0,0.0,0.0
2023-04-12 16:00:00,0.3283333333333333,19.75,0.0,0.4215239521945422,49.29436957775832,0.1077039319225865,0.0,15949.143333332102,0.0,6684.768333329701,6484.583333326627,0.0,0.0,0.0,6484.583333326627,328.3333333333333,0.0,0.0,0.0
2023-04-12 17:00:00,0.7631666666666667,20.75,0.0,0.2206376534723547,51.87829650987972,0.0285181195715553,0.0,15949.143333332102,0.0,6684.768333329701,15835.708333340379,0.0,0.0,0.0,15835.708333340379,763.1666666666666,0.0,0.0,0.0
2023-04-12 18:00:00,0.0636666666666666,27.5,0.0,0.0491366146998323,50.71738602238759,0.0118034188767783,0.0,15949.143333332102,0.0,6684.768333329701,1750.833333334267,0.0,0.0,0.0,1750.833333334267,63.66666666666659,0.0,0.0,0.0
2023-04-12 19:00:00,0.0558333333333332,31.5,0.0,0.0003159542368095,50.76649594093424,0.0023047008658321,0.0,15949.143333332102,0.0,6684.768333329701,1758.7500000132,0.0,0.0,0.0,1758.7500000132,55.8333333333332,0.0,0.0,0.0
2023-04-12 20:00:00,0.0556666666666665,31.25,0.0,0.0,49.64835266452142,0.0001223076930524,0.0,15949.143333332102,0.0,6684.768333329701,1739.583333334375,0.0,0.0,0.0,1739.583333334375,55.6666666666665,0.0,0.0,0.0
2023-04-12 21:00:00,0.0556666666666665,29.75,0.0,0.0,52.17401146879597,0.0,0.0,15949.143333332102,0.0,6684.768333329701,1656.083333334325,0.0,0.0,0.0,1656.083333334325,55.6666666666665,0.0,0.0,0.0
2023-04-12 22:00:00,0.0621666666666665,30.0,0.0,0.0,50.144408451671744,0.0,0.0,15949.143333332102,0.0,6684.768333329701,1865.000000001,0.0,0.0,0.0,1865.000000001,62.1666666666665,0.0,0.0,0.0
2023-04-12 23:00:00,0.0569999999999999,23.75,0.0,0.0,50.39618568179058,0.0,0.0,15949.143333332102,0.0,6684.768333329701,1353.75,0.0,0.0,0.0,1353.75,56.9999999999999,0.0,0.0,0.0
2023-04-13 00:00:00,0.0564999999999999,19.5,0.0,0.0,48.97377376099716,0.0,0.0,15949.143333332102,0.0,6684.768333329701,1101.75,0.0,0.0,0.0,1101.75,56.4999999999999,0.0,0.0,0.0
2023-04-13 01:00:00,0.0566666666666665,19.75,0.0,0.0,50.48473073163127,0.0,0.0,15949.143333332102,0.0,6684.768333329701,1119.166666667325,0.0,0.0,0.0,1119.166666667325,56.666666666666494,0.0,0.0,0.0
2023-04-13 02:00:00,0.0568333333333332,20.25,0.0,0.0,50.91301524918156,0.0,0.0,15949.143333332102,0.0,6684.768333329701,1150.874999999325,0.0,0.0,0.0,1150.874999999325,56.8333333333332,0.0,0.0,0.0
2023-04-13 03:00:00,0.0568333333333332,21.0,0.0,0.0,51.76671715249464,0.0,0.0,15949.143333332102,0.0,6684.768333329701,1193.4999999993,0.0,0.0,0.0,1193.4999999993,56.8333333333332,0.0,0.0,0.0
2023-04-13 04:00:00,0.0564999999999999,21.0,0.255855,0.0,51.90554483865164,0.0,0.0,15949.143333332102,-207.82999999999998,6684.768333329701,1186.5,0.0,0.0,0.0,1186.5,56.4999999999999,0.0,0.0,0.0
2023-04-13 05:00:00,0.0549999999999999,20.75,0.492545,0.0,50.75869816594959,0.0,0.0,15949.143333332102,-445.795,6476.938333329701,1141.25,0.0,0.0,0.0,1141.25,54.9999999999999,0.0,0.0,0.0
2023-04-13 06:00:00,0.0543333333333333,24.0,0.64674,0.018500287787178,50.62680103079818,0.0,0.0,15949.143333332102,-600.5566666667,6031.143333329701,1303.999999999185,0.0,0.0,0.0,1303.999999999185,54.3333333333333,0.0,0.0,0.0
2023-04-13 07:00:00,0.0539999999999999,29.75,0.953715,0.1547307528769299,52.01277175321248,0.0077620512559118,0.0,15949.143333332102,-907.815,5430.586666663001,1606.5,0.0,0.0,0.0,1606.5,53.9999999999999,0.0,0.0,0.0
2023-04-13 08:00:00,0.0533333333333333,31.75,0.904395,0.355243669457489,50.21671541550703,0.1010412813659407,0.0,15949.143333332102,-859.0616666667,4522.771666663,1693.3333333322553,0.0,0.0,0.0,1693.3333333322553,53.3333333333333,0.0,0.0,0.0
2023-04-13 09:00:00,0.0531666666666666,31.5,0.596125,0.5412983302294152,49.21047573492656,0.3245235055939763,0.0,15949.143333332102,-550.9333333333,3663.7099999963,1674.7500000010696,0.0,0.0,0.0,1674.7500000010696,53.1666666666666,0.0,0.0,0.0
2023-04-13 10:00:00,0.0603333333333333,30.5,0.3862699999999999,0.6853738788030735,48.209395031630415,0.2749632489783132,0.0,15949.143333332102,-334.9866666667,3112.776666663,1840.166666665631,0.0,0.0,0.0,1840.166666665631,60.3333333333333,0.0,0.0,0.0
2023-04-13 11:00:00,0.0548333333333332,28.5,0.390085,0.7776834859596731,50.12941016210867,0.2250906844016833,0.0,15949.143333332102,-343.4766666667,2777.7899999963,1562.7499999990323,0.0,0.0,0.0,1562.7499999990323,54.8333333333332,0.0,0.0,0.0
2023-04-13 12:00:00,0.0549999999999999,26.5,0.663065,0.8150463712999269,48.40953611680737,0.4844305108551289,0.0,15949.143333332102,-616.315,2434.3133333296,1457.5,0.0,0.0,0.0,1457.5,54.9999999999999,0.0,0.0,0.0
2023-04-13 13:00:00,0.0551666666666666,25.5,0.4587050000000001,0.7967438638413625,47.4701296503798,0.4652205137921195,0.0,15949.143333332102,-411.81333333329997,1817.9983333296,1406.7500000008658,0.0,0.0,0.0,1406.7500000008658,55.1666666666666,0.0,0.0,0.0
2023-04-13 14:00:00,0.0558333333333332,25.25,0.299805,0.7231166608652012,47.20588648088348,0.6827296627077282,0.0,15949.143333332102,-252.3466666667,1406.1849999963,1409.7916666658093,0.0,0.0,0.0,1409.7916666658093,55.8333333333332,0.0,0.0,0.0
2023-04-13 15:00:00,0.0543333333333332,23.25,0.39606,0.5962436953318878,47.602197266155166,0.1879448705249362,0.0,15949.143333332102,-349.8766666667,1153.8383333296,1263.2499999992106,0.0,0.0,0.0,1263.2499999992106,54.3333333333332,0.0,0.0,0.0
2023-04-13 16:00:00,0.9885,21.75,0.3834299999999999,0.4229671591449416,47.18481708997432,0.3336890585809692,0.0,15949.143333332102,456.795,803.9616666628999,21499.875,0.0,1141.9875,0.0,22641.8625,988.5,0.0,0.0,0.0
2023-04-13 17:00:00,4.114166666666667,23.0,0.2531349999999999,0.2225407470102473,46.8178797370848,0.212266923790304,0.0,15949.143333332102,3243.90666667,1260.7566666629,94625.83333341009,0.0,8109.766666675,0.0,102735.60000008509,4114.166666666667,0.0,0.0,0.0
2023-04-13 18:00:00,5.8183333333333325,27.0,0.001,0.0507316764096257,48.8507594390526,0.2395287187690408,0.0,15949.143333332102,0.0,4504.6633333329,157094.9999999099,0.0,0.0,0.0,157094.9999999099,5818.333333333332,0.0,0.0,0.0
2023-04-13 19:00:00,9.936,30.5,0.0001899999999999,0.0003992408176598,47.54490209461973,0.0534805129328344,0.0,15949.143333332102,0.0,4504.6633333329,303048.00000001746,0.0,0.0,0.0,303048.00000001746,9936.0,0.0,0.0,0.0
2023-04-13 20:00:00,16.7,34.25,0.0,0.0,46.435980604758,0.0020726495896442,0.0,15949.143333332102,0.0,4504.6633333329,571975.0,0.0,0.0,0.0,571975.0,16700.0,0.0,0.0,0.0
2023-04-13 21:00:00,5.1275,35.0,0.0,0.0,45.64705058448624,0.0,0.0,15949.143333332102,0.0,4504.6633333329,179462.5,0.0,0.0,0.0,179462.5,5127.5,0.0,0.0,0.0
2023-04-13 22:00:00,5.012166666666666,34.0,0.0,0.0,46.87812287548868,0.0,0.0,15949.143333332102,0.0,4504.6633333329,170413.66666678002,0.0,0.0,0.0,170413.66666678002,5012.166666666666,0.0,0.0,0.0
2023-04-13 23:00:00,9.635,35.0,0.0,0.0,47.46913920039735,0.0,0.0,15949.143333332102,0.0,4504.6633333329,337225.0,0.0,0.0,0.0,337225.0,9635.0,0.0,0.0,0.0
2023-04-14 00:00:00,8.14,36.0,0.0,0.0,48.36320170388987,0.0,0.0,15949.143333332102,0.0,4504.6633333329,293040.0,0.0,0.0,0.0,293040.0,8140.000000000001,0.0,0.0,0.0
2023-04-14 01:00:00,0.0559999999999999,34.25,0.0,0.0,49.179865736979394,0.0,0.0,15949.143333332102,0.0,4504.6633333329,1918.0,0.0,0.0,0.0,1918.0,55.9999999999999,0.0,0.0,0.0
2023-04-14 02:00:00,0.0561666666666665,35.25,0.0,0.0,47.37379247773487,0.0,0.0,15949.143333332102,0.0,4504.6633333329,1979.875000001175,0.0,0.0,0.0,1979.875000001175,56.166666666666494,0.0,0.0,0.0
2023-04-14 03:00:00,0.0554999999999999,38.5,0.0,0.0,48.05435465617101,0.0,0.0,15949.143333332102,47.175,4504.6633333329,2136.75,0.0,117.9375,0.0,2254.6875,55.49999999999989,0.0,0.0,0.0
2023-04-14 04:00:00,0.0551666666666665,40.0,0.29885,0.0,48.827859139114,0.0,0.0,15949.143333332102,-251.95833333330003,4551.8383333329,2206.6666666680003,0.0,0.0,0.0,2206.6666666680003,55.1666666666665,0.0,0.0,0.0
2023-04-14 05:00:00,0.0549999999999999,38.75,0.5322399999999999,0.0,49.36746415822779,0.0,0.0,15949.143333332102,-485.49,4299.8799999996,2131.25,0.0,0.0,0.0,2131.25,54.9999999999999,0.0,0.0,0.0
2023-04-14 06:00:00,0.0539999999999999,37.75,0.6292949999999999,0.0200674778572643,51.8898504806671,0.0,0.0,15949.143333332102,-583.395,3814.3899999996,2038.5,0.0,0.0,0.0,2038.5,53.9999999999999,0.0,0.0,0.0
2023-04-14 07:00:00,0.0536666666666666,36.75,0.958755,0.1582799016859476,50.680167343700894,0.023547777713746,0.0,15949.143333332102,-913.1383333333,3230.9949999996,1972.2500000012478,0.0,0.0,0.0,1972.2500000012478,53.6666666666666,0.0,0.0,0.0
2023-04-14 08:00:00,0.0529999999999999,36.0,0.917895,0.3584962614181133,52.636837219515066,0.177250256660657,0.0,15949.143333332102,-872.845,2317.8566666663,1908.0,0.0,0.0,0.0,1908.0,52.9999999999999,0.0,0.0,0.0
2023-04-14 09:00:00,0.0539999999999999,34.75,0.589245,0.5438592275269104,52.93115847401162,0.3326828190404126,0.0,15949.143333332102,-543.345,1445.0116666663,1876.5,0.0,0.0,0.0,1876.5,53.9999999999999,0.0,0.0,0.0
2023-04-14 10:00:00,0.0591666666666666,33.75,0.3659649999999999,0.6873037479442449,54.955158177989375,0.4075194859300923,0.0,15949.143333332102,-315.6733333333,901.6666666663,1996.875000001146,0.0,0.0,0.0,1996.875000001146,59.16666666666659,0.0,0.0,0.0
2023-04-14 11:00:00,0.0551666666666666,30.5,0.306315,0.779124563059685,52.85020678570402,0.6289676072862413,0.0,15949.143333332102,-259.4233333333,585.993333333,1682.583333334369,0.0,0.0,0.0,1682.583333334369,55.1666666666666,0.0,0.0,0.0
2023-04-14 12:00:00,0.0553333333333332,26.5,0.30853,0.8161515299483733,54.619303345116535,0.6386111124152808,0.0,15949.143333332102,-261.4966666667,326.5699999997,1466.3333333324335,0.0,0.0,0.0,1466.3333333324335,55.3333333333332,0.0,0.0,0.0
2023-04-14 13:00:00,0.1396666666666667,26.75,0.1837899999999999,0.7976659137935419,55.87792032312113,0.4446077767396586,0.0,15949.143333332102,-65.073333333,65.073333333,3736.083333342416,0.0,0.0,0.0,3736.083333342416,139.66666666666669,0.0,0.0,0.0
2023-04-14 14:00:00,0.2125,30.25,0.05094,0.7240159149055957,54.772058048405015,0.3101455561319987,0.0,15949.143333332102,129.685,0.0,6428.125,0.0,324.2125,0.0,6752.3375,212.5,0.0,0.0,0.0
2023-04-14 15:00:00,0.4784999999999999,33.25,0.0014099999999999,0.5973000057133304,56.62839557295044,0.2629141029944786,0.0,15949.143333332102,0.0,129.685,15910.125,0.0,0.0,0.0,15910.125,478.49999999999994,0.0,0.0,0.0
2023-04-14 16:00:00,0.1804999999999999,33.75,0.00028,0.4243772343318333,57.24720535922461,0.1498289744059245,0.0,15949.143333332102,0.0,129.685,6091.875,0.0,0.0,0.0,6091.875,180.49999999999991,0.0,0.0,0.0
2023-04-14 17:00:00,2.417666666666667,35.25,0.0,0.2244126316701316,57.439566785485546,0.100410513022007,0.0,15949.143333332102,0.0,129.685,85222.75000011764,0.0,0.0,0.0,85222.75000011764,2417.666666666667,0.0,0.0,0.0
2023-04-14 18:00:00,6.103000000000001,32.5,0.0,0.0523264861450921,57.280060630922016,0.0459629913476797,0.0,15949.143333332102,0.0,129.685,198347.5,0.0,0.0,0.0,198347.5,6103.000000000001,0.0,0.0,0.0
2023-04-14 19:00:00,0.1263333333333333,44.25,0.0,0.0004963111152612,55.50952299389787,0.0143588888798004,0.0,15949.143333332102,0.0,129.685,5590.250000016696,0.0,0.0,0.0,5590.250000016696,126.3333333333333,0.0,0.0,0.0
2023-04-14 20:00:00,0.1538333333333333,43.25,0.0,0.0,57.43904912313728,0.0001989743609825,0.0,15949.143333332102,0.0,129.685,6653.291666652251,0.0,0.0,0.0,6653.291666652251,153.8333333333333,0.0,0.0,0.0
2023-04-14 21:00:00,0.6176666666666667,35.5,0.0,0.0,56.57370150358716,0.0,0.0,15949.143333332102,0.0,129.685,21927.1666666785,0.0,0.0,0.0,21927.1666666785,617.6666666666667,0.0,0.0,0.0
2023-04-14 22:00:00,2.789333333333333,36.75,0.0,0.0,56.12781600034258,0.0,0.0,15949.143333332102,0.0,129.685,102507.9999998775,0.0,0.0,0.0,102507.9999998775,2789.333333333333,0.0,0.0,0.0
2023-04-14 23:00:00,5.506,39.5,0.0,0.0,54.008191667429685,0.0,0.0,15949.143333332102,0.0,129.685,217487.0,0.0,0.0,0.0,217487.0,5506.0,0.0,0.0,0.0
2023-04-15 00:00:00,7.771166666666666,39.5,0.0,0.0,52.16914856725351,0.0,0.0,15949.143333332102,0.0,129.685,306961.08333346504,0.0,0.0,0.0,306961.08333346504,7771.166666666666,0.0,0.0,0.0
2023-04-15 01:00:00,8.933166666666667,37.5,0.0,0.0,51.11423972609574,0.0,0.0,15949.143333332102,0.0,129.685,334993.75000012503,0.0,0.0,0.0,334993.75000012503,8933.166666666666,0.0,0.0,0.0
2023-04-15 02:00:00,7.926166666666667,38.5,0.0,0.0,49.37687887513026,0.0,0.0,15949.143333332102,0.0,129.685,305157.41666679503,0.0,0.0,0.0,305157.41666679503,7926.166666666667,0.0,0.0,0.0
2023-04-15 03:00:00,0.0946666666666666,37.25,0.0,0.0,49.2956766248181,0.0,0.0,15949.143333332102,0.0,129.685,3526.333333334575,0.0,0.0,0.0,3526.333333334575,94.6666666666666,0.0,0.0,0.0
2023-04-15 04:00:00,0.0725,36.0,0.0,0.0,50.2706677863215,0.0,0.0,15949.143333332102,0.0,129.685,2610.0,0.0,0.0,0.0,2610.0,72.5,0.0,0.0,0.0
2023-04-15 05:00:00,0.0548333333333332,36.5,0.0,1.748364586130834e-07,50.89253888876897,0.0,0.0,15949.143333332102,0.0,129.685,2001.4166666654498,0.0,0.0,0.0,2001.4166666654498,54.8333333333332,0.0,0.0,0.0
2023-04-15 06:00:00,0.0551666666666666,33.0,0.0,0.0216824672226598,48.78543779376692,0.0,0.0,15949.143333332102,46.8916666667,129.685,1820.5000000011205,0.0,117.22916666674999,0.0,1937.7291666678705,55.1666666666666,0.0,0.0,0.0
2023-04-15 07:00:00,0.0548333333333332,33.5,0.0,0.1617664374881459,48.03137798548696,0.0024876922993069,0.0,15949.143333332102,0.0,176.5766666667,1836.9166666655292,0.0,0.0,0.0,1836.9166666655292,54.8333333333332,0.0,0.0,0.0
2023-04-15 08:00:00,0.0544999999999999,35.75,0.0,0.361668593555353,50.307972083866574,0.0238023932163531,0.0,15949.143333332102,0.0,176.5766666667,1948.375,0.0,0.0,0.0,1948.375,54.4999999999999,0.0,0.0,0.0
2023-04-15 09:00:00,0.0539999999999999,34.0,0.0,0.5463447657325583,50.42665333358404,0.0750982908509735,0.0,15949.143333332102,45.9,176.5766666667,1836.0,0.0,114.75,0.0,1950.75,53.9999999999999,0.0,0.0,0.0
2023-04-15 10:00:00,0.0535,26.5,0.0,0.6891656952613882,48.57383149614408,0.0936706838037213,0.0,15949.143333332102,45.475,222.4766666667,1417.75,0.0,113.6875,0.0,1531.4375,53.5,0.0,0.0,0.0
2023-04-15 11:00:00,0.0609999999999999,21.75,0.0,0.7805051720641839,50.82927401875934,0.3105252137143389,0.0,15949.143333332102,0.0,267.9516666667,1326.75,0.0,0.0,0.0,1326.75,60.9999999999999,0.0,0.0,0.0
2023-04-15 12:00:00,0.0554999999999999,22.5,0.0,0.8172032849983807,52.771275389084295,0.1592117947798509,0.0,15949.143333332102,0.0,267.9516666667,1248.75,0.0,0.0,0.0,1248.75,55.49999999999989,0.0,0.0,0.0
2023-04-15 13:00:00,1.406,21.25,0.0,0.7985411866783809,51.79572478470372,0.1824424794596484,0.0,15949.143333332102,0.0,267.9516666667,29877.5,0.0,0.0,0.0,29877.5,1406.0,0.0,0.0,0.0
2023-04-15 14:00:00,0.658,20.0,0.0,0.7248745269794071,52.15632492082901,0.1485561538761498,0.0,15949.143333332102,0.0,267.9516666667,13160.0,0.0,0.0,0.0,13160.0,658.0,0.0,0.0,0.0
2023-04-15 15:00:00,0.1538333333333333,22.75,0.0,0.5983209384718199,50.16187621500127,0.1138316230284861,0.0,15949.143333332102,0.0,267.9516666667,3499.7083333256087,0.0,0.0,0.0,3499.7083333256087,153.8333333333333,0.0,0.0,0.0
2023-04-15 16:00:00,0.7021666666666667,21.75,0.0,0.4257553175913733,49.795807873824856,0.1345610263204982,0.0,15949.143333332102,0.0,267.9516666667,15272.125000007385,0.0,0.0,0.0,15272.125000007385,702.1666666666667,0.0,0.0,0.0
2023-04-15 17:00:00,2.2456666666666667,24.75,0.0,0.2262542881046528,49.76052183405452,0.1133097437508085,0.0,15949.143333332102,0.0,267.9516666667,55580.2500000826,0.0,0.0,0.0,55580.2500000826,2245.6666666666665,0.0,0.0,0.0
2023-04-15 18:00:00,0.1623333333333333,35.5,0.0,0.0539197512641053,50.37407018720813,0.0403595725899068,0.0,15949.143333332102,0.0,267.9516666667,5762.8333333212795,0.0,0.0,0.0,5762.8333333212795,162.33333333333331,0.0,0.0,0.0
2023-04-15 19:00:00,3.955833333333333,40.75,0.0,0.0006082339337569,51.425465690081765,0.0186535042779058,0.0,15949.143333332102,0.0,267.9516666667,161200.20833323296,0.0,0.0,0.0,161200.20833323296,3955.833333333333,0.0,0.0,0.0
2023-04-15 20:00:00,8.725166666666667,41.5,0.0,0.0,50.0378212766253,0.0003374359000108,0.0,15949.143333332102,0.0,267.9516666667,362094.416666805,0.0,0.0,0.0,362094.416666805,8725.166666666666,0.0,0.0,0.0
2023-04-15 21:00:00,5.723833333333332,37.5,0.0,0.0,48.9897533382344,0.0,0.0,15949.143333332102,0.0,267.9516666667,214643.749999875,0.0,0.0,0.0,214643.749999875,5723.833333333332,0.0,0.0,0.0
2023-04-15 22:00:00,0.1628333333333332,31.5,0.0,0.0,49.02115541584176,0.0,0.0,15949.143333332102,0.0,267.9516666667,5129.249999989501,0.0,0.0,0.0,5129.249999989501,162.8333333333332,0.0,0.0,0.0
2023-04-15 23:00:00,0.3211666666666666,33.0,0.0,0.0,50.71335576306064,0.0,0.0,15949.143333332102,0.0,267.9516666667,10598.500000011001,0.0,0.0,0.0,10598.500000011001,321.16666666666663,0.0,0.0,0.0
2023-04-16 00:00:00,3.894333333333333,34.0,0.0,0.0,50.3678323496445,0.0,0.0,15949.143333332102,0.0,267.9516666667,132407.33333322,0.0,0.0,0.0,132407.33333322,3894.333333333333,0.0,0.0,0.0
2023-04-16 01:00:00,6.379833333333333,33.25,0.0,0.0,49.23541413576485,0.0,0.0,15949.143333332102,0.0,267.9516666667,212129.4583332225,0.0,0.0,0.0,212129.4583332225,6379.833333333333,0.0,0.0,0.0
2023-04-16 02:00:00,9.749166666666667,34.75,0.0,0.0,50.147342784747416,0.0,0.0,15949.143333332102,0.0,267.9516666667,338783.5416667825,0.0,0.0,0.0,338783.5416667825,9749.166666666668,0.0,0.0,0.0
2023-04-16 03:00:00,9.853166666666668,35.75,0.0,0.0,52.0068104387882,0.0,0.0,15949.143333332102,0.0,267.9516666667,352250.7083334525,0.0,0.0,0.0,352250.7083334525,9853.166666666668,0.0,0.0,0.0
2023-04-16 04:00:00,0.0576666666666665,37.25,0.0,0.0,51.57009971771606,0.0,0.0,15949.143333332102,0.0,267.9516666667,2148.083333334575,0.0,0.0,0.0,2148.083333334575,57.6666666666665,0.0,0.0,0.0
2023-04-16 05:00:00,0.0576666666666665,36.0,0.0,1.5438679459637342e-06,49.56393212765104,0.0,0.0,15949.143333332102,0.0,267.9516666667,2076.0000000012787,0.0,0.0,0.0,2076.0000000012787,57.6666666666665,0.0,0.0,0.0
2023-04-16 06:00:00,0.0568333333333332,38.75,0.0,0.0233126599234351,48.59539088896732,2.769230713701658e-05,0.0,15949.143333332102,0.0,267.9516666667,2202.291666665351,0.0,0.0,0.0,2202.291666665351,56.8333333333332,0.0,0.0,0.0
2023-04-16 07:00:00,0.0564999999999999,40.5,0.0,0.1650483945542486,50.01867645185809,0.0244098289616597,0.0,15949.143333332102,0.0,267.9516666667,2288.25,0.0,0.0,0.0,2288.25,56.4999999999999,0.0,0.0,0.0
2023-04-16 08:00:00,0.0563333333333332,40.5,0.0,0.3645392699578951,49.8473701441694,0.0935038466331286,0.0,15949.143333332102,0.0,267.9516666667,2281.499999998625,0.0,0.0,0.0,2281.499999998625,56.3333333333332,0.0,0.0,0.0
2023-04-16 09:00:00,0.0641666666666666,37.5,0.0,0.548498189755115,50.72944348354352,0.1688035903017745,0.0,15949.143333332102,0.0,267.9516666667,2406.2500000012733,0.0,0.0,0.0,2406.2500000012733,64.1666666666666,0.0,0.0,0.0
2023-04-16 10:00:00,7.267666666666667,35.75,0.0018599999999999,0.6906900489296964,52.51275031216844,0.2496729053595127,0.0,15949.143333332102,0.0,267.9516666667,259819.08333345264,0.0,0.0,0.0,259819.08333345264,7267.666666666667,0.0,0.0,0.0
2023-04-16 11:00:00,3.396333333333333,28.5,0.259755,0.7815521891657555,51.39593735247309,0.260427607022799,0.0,15949.143333332102,0.0,267.9516666667,96795.49999990489,0.0,0.0,0.0,96795.49999990489,3396.333333333333,0.0,0.0,0.0
2023-04-16 12:00:00,6.313833333333334,24.75,0.25862,0.8179281375935648,52.9537964477642,0.2841759826790573,0.0,15949.143333332102,0.0,267.9516666667,156267.3749999174,0.0,0.0,0.0,156267.3749999174,6313.833333333334,0.0,0.0,0.0
2023-04-16 13:00:00,0.1649999999999999,22.5,0.0008399999999999,0.7990966606644911,50.8199581785104,0.2652041886810564,0.0,15949.143333332102,0.0,267.9516666667,3712.5,0.0,0.0,0.0,3712.5,164.9999999999999,0.0,0.0,0.0
2023-04-16 14:00:00,0.9408333333333332,23.5,0.000115,0.7254219366407632,48.88373086541923,0.3086373513376612,0.0,15949.143333332102,0.0,267.9516666667,22109.583333325354,0.0,0.0,0.0,22109.583333325354,940.8333333333331,0.0,0.0,0.0
2023-04-16 15:00:00,0.1633333333333332,22.5,0.0,0.5990452594904222,50.07795120082912,0.3951484608446432,0.0,15949.143333332102,0.0,267.9516666667,3674.9999999923602,0.0,0.0,0.0,3674.9999999923602,163.3333333333332,0.0,0.0,0.0
2023-04-16 16:00:00,0.1619999999999999,24.5,0.0,0.4268668424869543,50.6996336454632,0.4993691449287611,0.0,15949.143333332102,0.0,267.9516666667,3969.0,0.0,0.0,0.0,3969.0,161.9999999999999,0.0,0.0,0.0
2023-04-16 17:00:00,1.839,26.5,0.0,0.2278947065994886,51.51273704988321,0.302968803307949,0.0,15949.143333332102,0.0,267.9516666667,48733.5,0.0,0.0,0.0,48733.5,1839.0,0.0,0.0,0.0
2023-04-16 18:00:00,6.601166666666667,35.25,0.0,0.0554519745072412,50.36839347202726,0.0892058967525123,0.0,15949.143333332102,0.0,267.9516666667,232691.12500011764,0.0,0.0,0.0,232691.12500011764,6601.166666666667,0.0,0.0,0.0
2023-04-16 19:00:00,11.344500000000002,42.25,0.0,0.0007336958234616,50.97118593551752,0.0140564102443874,0.0,15949.143333332102,4874.539999965402,267.9516666667,479305.1250000444,0.0,12186.349999913506,0.0,491491.4749999579,11344.500000000002,0.0,0.0,0.0
2023-04-16 20:00:00,16.731166666666667,43.0,0.0,0.0,52.33553510855593,0.0005510256374971,0.0,15949.143333332102,0.0,5142.491666632102,719440.1666680999,0.0,0.0,0.0,719440.1666680999,16731.166666666668,0.0,0.0,0.0
2023-04-16 21:00:00,0.1628333333333332,43.0,0.0,0.0,51.832230231049486,0.0,0.0,15949.143333332102,0.0,5142.491666632102,7001.833333319,0.0,0.0,0.0,7001.833333319,162.8333333333332,0.0,0.0,0.0
2023-04-16 22:00:00,0.1611666666666666,41.5,0.0,0.0,52.52293389588269,0.0,0.0,15949.143333332102,0.0,5142.491666632102,6688.4166666804995,0.0,0.0,0.0,6688.4166666804995,161.1666666666666,0.0,0.0,0.0
2023-04-16 23:00:00,0.3233333333333332,40.5,0.0,0.0,53.41592786565379,0.0,0.0,15949.143333332102,0.0,5142.491666632102,13094.9999999865,0.0,0.0,0.0,13094.9999999865,323.3333333333332,0.0,0.0,0.0
2023-04-17 00:00:00,3.9916666666666663,42.5,0.0,0.0,54.19020703519608,0.0,0.0,15949.143333332102,0.0,5142.491666632102,169645.833333475,0.0,0.0,0.0,169645.833333475,3991.666666666666,0.0,0.0,0.0
2023-04-17 01:00:00,7.7505,43.25,0.0,0.0,51.90105566009403,0.0,0.0,15949.143333332102,0.0,5142.491666632102,335209.125,0.0,0.0,0.0,335209.125,7750.5,0.0,0.0,0.0
2023-04-17 02:00:00,13.362166666666669,44.0,0.0,0.0,51.42034693101246,0.0,0.0,15949.143333332102,0.0,5142.491666632102,587935.3333348001,0.0,0.0,0.0,587935.3333348001,13362.166666666668,0.0,0.0,0.0
2023-04-17 03:00:00,13.008666666666668,43.25,0.250715,0.0,50.00939944558667,0.0,0.0,15949.143333332102,10806.6516667,5142.491666632102,562624.8333347751,0.0,27016.629166749997,0.0,589641.4625015251,13008.666666666668,0.0,0.0,0.0
2023-04-17 04:00:00,0.0624999999999999,43.75,0.90878,0.0,50.314794225190425,0.0,0.0,15949.143333332102,-855.655,15949.143333332102,2734.375,0.0,0.0,0.0,2734.375,62.4999999999999,0.0,0.0,0.0
2023-04-17 05:00:00,0.0563333333333332,44.25,1.136935,4.578387063074704e-06,48.638424150122816,0.0,0.0,15949.143333332102,-1089.0516666667,15093.488333332101,2492.749999998815,0.0,0.0,0.0,2492.749999998815,56.3333333333332,0.0,0.0,0.0
2023-04-17 06:00:00,0.0548333333333332,45.0,0.916985,0.0249802814807424,47.73566316676081,0.0,0.0,15949.143333332102,-870.3766666667,14004.436666665402,2467.499999998472,0.0,0.0,0.0,2467.499999998472,54.8333333333332,0.0,0.0,0.0
2023-04-17 07:00:00,0.0544999999999999,44.75,0.953905,0.1682655765654324,46.27993871752194,0.0073189743862957,0.0,15949.143333332102,-907.5799999999999,13134.059999998703,2438.875,0.0,0.0,0.0,2438.875,54.4999999999999,0.0,0.0,0.0
2023-04-17 08:00:00,0.0544999999999999,43.0,0.96657,0.367332575933959,47.63784914183872,0.0349315384921864,0.0,15949.143333332102,-920.245,12226.479999998703,2343.5,0.0,0.0,0.0,2343.5,54.4999999999999,0.0,0.0,0.0
2023-04-17 09:00:00,0.1134999999999999,41.75,0.8639550000000001,0.5505802525363044,46.79375248068856,0.1029983766669901,0.0,15949.143333332102,-767.48,11306.234999998702,4738.625,0.0,0.0,0.0,4738.625,113.4999999999999,0.0,0.0,0.0
2023-04-17 10:00:00,0.1501666666666666,40.5,0.72436,0.6921509217399991,48.143520370473205,0.1831623087173853,0.0,15949.143333332102,-596.718333333,10538.754999998702,6081.750000013752,0.0,0.0,0.0,6081.750000013752,150.1666666666666,0.0,0.0,0.0
2023-04-17 11:00:00,0.15,36.25,0.6051399999999999,0.7825434799312211,47.64830170525045,0.1710335912459936,0.0,15949.143333332102,-477.64,9942.036666665703,5437.5,0.0,0.0,0.0,5437.5,150.0,0.0,0.0,0.0
2023-04-17 12:00:00,0.1506666666666666,32.25,0.59909,0.8186046162992048,46.088093273484624,0.1558683763813768,0.0,15949.143333332102,-471.02333333300004,9464.396666665703,4859.00000001095,0.0,0.0,0.0,4859.00000001095,150.6666666666666,0.0,0.0,0.0
2023-04-17 13:00:00,0.1503333333333333,28.25,0.58258,0.7996107040919936,48.988052553257766,0.2220761538774539,0.0,15949.143333332102,-454.79666666700007,8993.373333332704,4246.9166666570745,0.0,0.0,0.0,4246.9166666570745,150.3333333333333,0.0,0.0,0.0
2023-04-17 14:00:00,0.1568333333333333,23.25,0.520665,0.7259343908830843,51.58533328214949,0.2579365797124357,0.0,15949.143333332102,-387.35666666699996,8538.576666665704,3646.3749999921056,0.0,0.0,0.0,3646.3749999921056,156.8333333333333,0.0,0.0,0.0
2023-04-17 15:00:00,0.1583333333333333,23.25,0.436725,0.5997401871652228,49.9205740278459,0.2765536756597013,0.0,15949.143333332102,-302.141666667,8151.219999998703,3681.2499999921056,0.0,0.0,0.0,3681.2499999921056,158.3333333333333,0.0,0.0,0.0
2023-04-17 16:00:00,0.2144999999999999,22.5,0.2946049999999999,0.4279524079974677,51.821339551507215,0.2511894861857096,0.0,15949.143333332102,-112.28000000000003,7849.078333331703,4826.25,0.0,0.0,0.0,4826.25,214.49999999999991,0.0,0.0,0.0
2023-04-17 17:00:00,0.244,26.5,0.2112399999999999,0.2295098869594351,49.71849941834388,0.1893229911673782,0.0,15949.143333332102,-3.8400000000000034,7736.798333331703,6466.0,0.0,0.0,0.0,6466.0,244.0,0.0,0.0,0.0
2023-04-17 18:00:00,0.2516666666666666,34.75,0.111875,0.0569809628413354,51.39287765837986,0.1124835895473121,0.0,15949.143333332102,102.04166666699999,7732.958333331703,8745.416666678466,0.0,255.10416666749995,0.0,9000.520833345965,251.6666666666666,0.0,0.0,0.0
2023-04-17 19:00:00,0.2533333333333333,39.5,0.00217,0.0008749018335079,52.74633749857595,0.0335209401142902,0.0,15949.143333332102,213.16333333300003,7834.999999998703,10006.66666670298,0.0,532.9083333325001,0.0,10539.57500003548,253.3333333333333,0.0,0.0,0.0
2023-04-17 20:00:00,0.2546666666666666,40.25,0.000435,0.0,51.36571604150295,0.0008255555552358,0.0,15949.143333332102,216.031666667,8048.163333331703,10250.333333346749,0.0,540.0791666675,0.0,10790.412500014249,254.6666666666666,0.0,0.0,0.0
2023-04-17 21:00:00,0.255,37.25,0.0,0.0,51.78798536509556,0.0,0.0,15949.143333332102,216.75,8264.194999998703,9498.75,0.0,541.875,0.0,10040.625,255.0,0.0,0.0,0.0
2023-04-17 22:00:00,0.2596666666666666,36.5,0.0,0.0,50.951803409242814,0.0,0.0,15949.143333332102,220.716666667,8480.944999998703,9477.833333345501,0.0,551.7916666675,0.0,10029.625000013,259.66666666666663,0.0,0.0,0.0
2023-04-17 23:00:00,0.2556666666666666,38.25,0.0,0.0,49.77090310097376,0.0,0.0,15949.143333332102,217.316666667,8701.661666665703,9779.25000001275,0.0,543.2916666675,0.0,10322.541666680248,255.6666666666666,0.0,0.0,0.0
2023-04-18 00:00:00,0.2563333333333333,31.5,0.0,0.0,50.19732607484997,0.0,0.0,15949.143333332102,217.883333333,8918.978333332703,8074.4999999895,0.0,544.7083333324999,0.0,8619.208333322,256.3333333333333,0.0,0.0,0.0
2023-04-18 01:00:00,0.2565,29.5,0.0,0.0,50.04585138466713,0.0,0.0,15949.143333332102,218.025,9136.861666665704,7566.75,0.0,545.0625,0.0,8111.8125,256.5,0.0,0.0,0.0
2023-04-18 02:00:00,0.2566666666666666,29.25,0.0,0.0,52.41815573422506,0.0,0.0,15949.143333332102,218.166666667,9354.886666665703,7507.500000009751,0.0,545.4166666675,0.0,8052.916666677251,256.6666666666666,0.0,0.0,0.0
2023-04-18 03:00:00,0.2558333333333333,27.0,0.0,0.0,54.26480056970611,0.0,0.0,15949.143333332102,217.458333333,9573.053333332704,6907.499999991001,0.0,543.6458333325,0.0,7451.1458333235005,255.83333333333331,0.0,0.0,0.0
2023-04-18 04:00:00,0.2556666666666666,28.25,0.163195,0.0,53.88261898039873,0.0,0.0,15949.143333332102,54.121666667,9790.511666665703,7222.58333334275,0.0,135.3041666675,0.0,7357.88750001025,255.6666666666666,0.0,0.0,0.0
2023-04-18 05:00:00,0.2613333333333333,26.75,0.44635,1.0498078972750148e-05,52.2506269921024,0.0,0.0,15949.143333332102,-224.21666666700003,9844.633333332704,6990.666666658152,0.0,0.0,0.0,6990.666666658152,261.3333333333333,0.0,0.0,0.0
2023-04-18 06:00:00,0.255,32.25,0.651225,0.0266861710941484,54.12079792529435,0.0002599145325585,0.0,15949.143333332102,-434.475,9620.416666665704,8223.75,0.0,0.0,0.0,8223.75,255.0,0.0,0.0,0.0
2023-04-18 07:00:00,0.2535,40.0,0.8380000000000001,0.1714168375256609,55.887422534616114,0.0225476067901676,0.0,15949.143333332102,-622.525,9185.941666665703,10140.0,0.0,0.0,0.0,10140.0,253.5,0.0,0.0,0.0
2023-04-18 08:00:00,0.2538333333333333,41.0,0.81658,0.3700485158037357,57.40038163714896,0.0548349575711111,0.0,15949.143333332102,-600.821666667,8563.416666665704,10407.166666652745,0.0,0.0,0.0,10407.166666652745,253.8333333333333,0.0,0.0,0.0
2023-04-18 09:00:00,0.2485,40.0,0.6433649999999999,0.5525912044587395,56.57560977200046,0.1525827345073732,0.0,15949.143333332102,-432.14,7962.594999998703,9940.0,0.0,0.0,0.0,9940.0,248.5,0.0,0.0,0.0
2023-04-18 10:00:00,0.2536666666666666,32.75,0.4999999999999999,0.6935487749944916,55.97732756894432,0.4308174374572232,0.0,15949.143333332102,-284.383333333,7530.454999998703,8307.583333344453,0.0,0.0,0.0,8307.583333344453,253.6666666666666,0.0,0.0,0.0
2023-04-18 11:00:00,0.2591666666666667,22.5,0.29961,0.7834796952105755,54.975491000406414,0.6230688033144701,0.0,15949.143333332102,-79.31833333300003,7246.071666665703,5831.25000000764,0.0,0.0,0.0,5831.25000000764,259.1666666666667,0.0,0.0,0.0
2023-04-18 12:00:00,0.1426666666666666,22.5,0.1597599999999999,0.8192335225048696,53.68202611867062,0.6876885464660122,0.0,15949.143333332102,-38.493333332999995,7166.753333332703,3210.0000000076398,0.0,0.0,0.0,3210.0000000076398,142.6666666666666,0.0,0.0,0.0
2023-04-18 13:00:00,0.0596666666666666,23.25,0.06499,0.8000842204704899,53.392061111790845,0.6924655549139038,0.0,15949.143333332102,-14.273333333299995,7128.259999999703,1387.2500000007894,0.0,0.0,0.0,1387.2500000007894,59.6666666666666,0.0,0.0,0.0
2023-04-18 14:00:00,0.0561666666666665,24.25,0.00196,0.7264128378699231,51.54743003835284,0.6778567511403664,0.0,15949.143333332102,45.7816666667,7113.986666666403,1362.04166666749,0.0,114.45416666675,0.0,1476.4958333342402,56.166666666666494,0.0,0.0,0.0
2023-04-18 15:00:00,0.0568333333333332,24.25,0.000405,0.6004066488396805,51.119342983758685,0.5294945281591174,0.0,15949.143333332102,47.9033333333,7159.768333333103,1378.20833333251,0.0,119.75833333325,0.0,1497.96666666576,56.8333333333332,0.0,0.0,0.0
2023-04-18 16:00:00,0.0571666666666665,22.25,0.0,0.4290128643310642,50.78224493779423,0.4684826513437125,0.0,15949.143333332102,48.5916666667,7207.671666666403,1271.9583333340888,0.0,121.47916666675,0.0,1393.4375000008388,57.1666666666665,0.0,0.0,0.0
2023-04-18 17:00:00,0.0564999999999999,21.75,0.0,0.2311005415493203,52.38905945303167,0.226971880085448,0.0,15949.143333332102,48.025,7256.263333333103,1228.875,0.0,120.0625,0.0,1348.9375,56.4999999999999,0.0,0.0,0.0
2023-04-18 18:00:00,0.0559999999999999,27.75,0.0,0.0585057642973711,53.13741265396058,0.0443457264370388,0.0,15949.143333332102,47.6,7304.288333333103,1554.0,0.0,119.0,0.0,1673.0,55.9999999999999,0.0,0.0,0.0
2023-04-18 19:00:00,0.0561666666666665,38.0,0.0,0.0010323612100406,52.94476263332667,0.029051880344239,0.0,15949.143333332102,47.7416666667,7351.888333333103,2134.3333333346236,0.0,119.35416666674999,0.0,2253.687500001374,56.166666666666494,0.0,0.0,0.0
2023-04-18 20:00:00,0.0563333333333332,40.0,0.0,0.0,51.69719491069687,1.1196581041838342e-05,0.0,15949.143333332102,47.8833333333,7399.629999999804,2253.3333333319997,0.0,119.70833333325001,0.0,2373.0416666652495,56.3333333333332,0.0,0.0,0.0
2023-04-18 21:00:00,0.0576666666666665,39.75,0.0,0.0,53.843700501979306,0.0,0.0,15949.143333332102,49.0166666667,7447.513333333103,2292.250000001325,0.0,122.54166666674999,0.0,2414.7916666680753,57.6666666666665,0.0,0.0,0.0
2023-04-18 22:00:00,0.0574999999999999,38.5,0.0,0.0,55.00384354292608,0.0,0.0,15949.143333332102,48.875,7496.529999999803,2213.75,0.0,122.1875,0.0,2335.9375,57.4999999999999,0.0,0.0,0.0
2023-04-18 23:00:00,0.0579999999999999,39.0,0.0,0.0,53.1758378791686,0.0,0.0,15949.143333332102,49.3,7545.404999999803,2262.0,0.0,123.25,0.0,2385.25,57.9999999999999,0.0,0.0,0.0
2023-04-19 00:00:00,0.0616666666666666,30.5,0.0,0.0,52.433124831090005,0.0,0.0,15949.143333332102,52.4166666667,7594.7049999998035,1880.83333333435,0.0,131.04166666675002,0.0,2011.8750000011,61.6666666666666,0.0,0.0,0.0
2023-04-19 01:00:00,0.0559999999999999,25.5,0.0,0.0,52.11882169464472,0.0,0.0,15949.143333332102,47.6,7647.121666666503,1428.0,0.0,119.0,0.0,1547.0,55.9999999999999,0.0,0.0,0.0
2023-04-19 02:00:00,0.0564999999999999,25.5,0.0,0.0,50.2073367057906,0.0,0.0,15949.143333332102,48.025,7694.721666666504,1440.75,0.0,120.0625,0.0,1560.8125,56.4999999999999,0.0,0.0,0.0
2023-04-19 03:00:00,0.0553333333333333,25.75,0.0,0.0,49.08927918311878,0.0,0.0,15949.143333332102,47.0333333333,7742.746666666503,1424.833333332475,0.0,117.58333333325,0.0,1542.416666665725,55.3333333333333,0.0,0.0,0.0
2023-04-19 04:00:00,0.0546666666666666,26.25,0.151345,0.0,49.471237264156784,0.0,0.0,15949.143333332102,-104.87833333329999,7789.779999999803,1435.0000000008752,0.0,0.0,0.0,1435.0000000008752,54.6666666666666,0.0,0.0,0.0
2023-04-19 05:00:00,0.0551666666666666,29.5,0.423625,2.124539289177238e-05,49.99221218752724,0.0,0.0,15949.143333332102,-376.7333333333,7684.901666666503,1627.416666668547,0.0,0.0,0.0,1627.416666668547,55.1666666666666,0.0,0.0,0.0
2023-04-19 06:00:00,0.0543333333333333,38.0,0.6384949999999999,0.0284321394410926,52.51461295146507,0.0004895726406676,0.0,15949.143333332102,-592.3116666667,7308.168333333203,2064.6666666653764,0.0,0.0,0.0,2064.6666666653764,54.3333333333333,0.0,0.0,0.0
2023-04-19 07:00:00,0.0538333333333333,39.75,0.86322,0.1745011802192293,52.06122461702998,0.0225660683660425,0.0,15949.143333332102,-817.4616666667,6715.856666666503,2139.8749999986503,0.0,0.0,0.0,2139.8749999986503,53.8333333333333,0.0,0.0,0.0
2023-04-19 08:00:00,0.0534999999999999,40.0,0.83794,0.372687174525783,51.83248399164886,0.1778306833087888,0.0,15949.143333332102,-792.465,5898.394999999803,2140.0,0.0,0.0,0.0,2140.0,53.4999999999999,0.0,0.0,0.0
2023-04-19 09:00:00,0.0536666666666666,38.0,0.520405,0.5545313695288648,50.120072274159696,0.3617411957439194,0.0,15949.143333332102,-474.7883333333,5105.929999999803,2039.3333333346236,0.0,0.0,0.0,2039.3333333346236,53.6666666666666,0.0,0.0,0.0
2023-04-19 10:00:00,0.0731666666666666,32.75,0.2789649999999999,0.694884131752903,51.89457692563036,0.5069355558737733,0.0,15949.143333332102,-216.77333333329997,4631.141666666503,2396.2083333344453,0.0,0.0,0.0,2396.2083333344453,73.1666666666666,0.0,0.0,0.0
2023-04-19 11:00:00,0.0591666666666666,24.75,0.194135,0.7843615323664527,50.61607210640518,0.6237875190147988,0.0,15949.143333332102,-143.8433333333,4414.368333333203,1464.3750000008404,0.0,0.0,0.0,1464.3750000008404,59.16666666666659,0.0,0.0,0.0
2023-04-19 12:00:00,0.0541666666666666,21.75,0.096825,0.8198156875363211,52.11747564485758,0.6995941931569677,0.0,15949.143333332102,-50.7833333333,4270.524999999903,1178.1250000007385,0.0,0.0,0.0,1178.1250000007385,54.1666666666666,0.0,0.0,0.0
2023-04-19 13:00:00,0.0551666666666666,20.75,0.00273,0.8005181259578662,52.39512905123456,0.7517494905911962,0.0,15949.143333332102,44.1616666667,4219.741666666603,1144.708333334038,0.0,110.40416666675,0.0,1255.1125000007878,55.1666666666666,0.0,0.0,0.0
2023-04-19 14:00:00,0.0566666666666665,22.5,0.000545,0.7268582205753952,52.96519548451748,0.7177676835019368,0.0,15949.143333332102,47.6216666667,4263.903333333303,1275.000000000764,0.0,119.05416666675,0.0,1394.054166667514,56.666666666666494,0.0,0.0,0.0
2023-04-19 15:00:00,0.0568333333333332,22.5,0.0,0.601045548744669,51.14128611933341,0.7139072626880096,0.0,15949.143333332102,48.3083333333,4311.525000000002,1278.749999999236,0.0,120.77083333325,0.0,1399.520833332486,56.8333333333332,0.0,0.0,0.0
2023-04-19 16:00:00,0.0568333333333332,23.0,0.0,0.4300490222549211,48.91710811572539,0.5922609420515534,0.0,15949.143333332102,48.3083333333,4359.833333333302,1307.1666666658857,0.0,120.77083333325,0.0,1427.9374999991358,56.8333333333332,0.0,0.0,0.0
2023-04-19 17:00:00,0.0561666666666665,24.0,0.0,0.2326673367947579,49.928550904778106,0.3710694013090215,0.0,15949.143333332102,47.7416666667,4408.141666666602,1348.000000000815,0.0,119.35416666674999,0.0,1467.3541666675649,56.166666666666494,0.0,0.0,0.0
2023-04-19 18:00:00,0.0563333333333332,28.75,0.0,0.0600254930191357,49.690064803744654,0.2365682890476324,0.0,15949.143333332102,47.8833333333,4455.883333333302,1619.5833333323571,0.0,119.70833333325001,0.0,1739.2916666656072,56.3333333333332,0.0,0.0,0.0
2023-04-19 19:00:00,0.0569999999999999,39.5,0.0,0.0012067630142345,48.11240831380693,0.0595270084723448,0.0,15949.143333332102,48.45,4503.766666666602,2251.5,0.0,121.125,0.0,2372.625,56.9999999999999,0.0,0.0,0.0
2023-04-19 20:00:00,0.0576666666666665,40.0,0.0,0.0,48.20934611147055,0.002907008558042,0.0,15949.143333332102,49.0166666667,4552.216666666602,2306.6666666680003,0.0,122.54166666674999,0.0,2429.2083333347505,57.6666666666665,0.0,0.0,0.0
2023-04-19 21:00:00,0.0624999999999999,40.0,0.0,0.0,50.56856797524127,0.0,0.0,15949.143333332102,53.125,4601.233333333302,2500.0,0.0,132.8125,0.0,2632.8125,62.4999999999999,0.0,0.0,0.0
2023-04-19 22:00:00,0.0573333333333332,38.5,0.0,0.0,49.484208774426,0.0,0.0,15949.143333332102,48.7333333333,4654.358333333302,2207.3333333320497,0.0,121.83333333325001,0.0,2329.1666666652995,57.3333333333332,0.0,0.0,0.0
2023-04-19 23:00:00,0.0573333333333332,38.5,0.0,0.0,49.98289714708597,0.0,0.0,15949.143333332102,48.7333333333,4703.091666666602,2207.3333333320497,0.0,121.83333333325001,0.0,2329.1666666652995,57.3333333333332,0.0,0.0,0.0
2023-04-20 00:00:00,0.0571666666666666,29.0,0.0,0.0,52.041292502770894,0.0,0.0,15949.143333332102,48.5916666667,4751.824999999902,1657.8333333343,0.0,121.47916666675,0.0,1779.31250000105,57.1666666666666,0.0,0.0,0.0
2023-04-20 01:00:00,0.0566666666666666,24.5,0.0,0.0,51.54162233250443,0.0,0.0,15949.143333332102,48.1666666667,4800.4166666666015,1388.33333333415,0.0,120.41666666675,0.0,1508.7500000009,56.6666666666666,0.0,0.0,0.0
2023-04-20 02:00:00,0.0566666666666666,26.75,0.0,0.0,53.27889137672391,0.0,0.0,15949.143333332102,48.1666666667,4848.583333333301,1515.833333334225,0.0,120.41666666675,0.0,1636.250000000975,56.6666666666666,0.0,0.0,0.0
2023-04-20 03:00:00,0.0566666666666666,29.5,0.0,0.0,52.13529540206889,0.0,0.0,15949.143333332102,48.1666666667,4896.750000000001,1671.6666666676501,0.0,120.41666666675,0.0,1792.0833333344,56.6666666666666,0.0,0.0,0.0
2023-04-20 04:00:00,0.0563333333333333,30.25,0.095405,0.0,50.36613849649211,0.0,0.0,15949.143333332102,-47.5216666667,4944.916666666701,1704.0833333323249,0.0,0.0,0.0,1704.0833333323249,56.3333333333333,0.0,0.0,0.0
2023-04-20 05:00:00,0.0558333333333333,27.5,0.288805,3.832659555680014e-05,50.82236807261073,0.0,0.0,15949.143333332102,-241.3466666667,4897.395,1535.4166666672586,0.0,0.0,0.0,1535.4166666672586,55.8333333333333,0.0,0.0,0.0
2023-04-20 06:00:00,0.0551666666666666,34.25,0.453305,0.0302032770469068,51.85782625171457,0.0001296581210106,0.0,15949.143333332102,-406.4133333333,4656.0483333333,1889.4583333344963,0.0,0.0,0.0,1889.4583333344963,55.1666666666666,0.0,0.0,0.0
2023-04-20 07:00:00,0.0543333333333333,35.5,0.6143,0.1775177330255194,51.15943513946905,0.0279869230333556,0.0,15949.143333332102,-568.1166666667,4249.635,1928.833333332128,0.0,0.0,0.0,1928.833333332128,54.3333333333333,0.0,0.0,0.0
2023-04-20 08:00:00,0.0533333333333333,35.0,0.583405,0.3752487001251246,50.639627514237866,0.0641815381172375,0.0,15949.143333332102,-538.0716666667,3681.5183333333,1866.6666666654783,0.0,0.0,0.0,1866.6666666654783,53.3333333333333,0.0,0.0,0.0
2023-04-20 09:00:00,0.0594999999999999,37.25,0.4137549999999999,0.5564011302007604,51.96023735787757,0.0642971799312494,0.0,15949.143333332102,-363.18,3143.4466666666,2216.375,0.0,0.0,0.0,2216.375,59.4999999999999,0.0,0.0,0.0
2023-04-20 10:00:00,0.0543333333333333,35.5,0.417105,0.6961575651840803,51.78647301323627,0.1899958964290782,0.0,15949.143333332102,-370.92166666670005,2780.2666666666,1928.833333332128,0.0,0.0,0.0,1928.833333332128,54.3333333333333,0.0,0.0,0.0
2023-04-20 11:00:00,0.0551666666666666,30.0,0.350205,0.7851897277054677,52.8814912600809,0.6042757272312783,0.0,15949.143333332102,-303.31333333329997,2409.3449999998998,1655.0000000010186,0.0,0.0,0.0,1655.0000000010186,55.1666666666666,0.0,0.0,0.0
2023-04-20 12:00:00,0.0548333333333333,22.5,0.122705,0.8203519692880751,54.68035526552603,0.1085134185888828,0.0,15949.143333332102,-76.0966666667,2106.0316666666,1233.749999999236,0.0,0.0,0.0,1233.749999999236,54.8333333333333,0.0,0.0,0.0
2023-04-20 13:00:00,0.0546666666666666,19.75,0.0054549999999999,0.8009133501901561,56.283758335273134,0.2112229054605858,0.0,15949.143333332102,41.0116666667,2029.9349999999,1079.6666666673373,0.0,102.52916666675,0.0,1182.1958333340872,54.6666666666666,0.0,0.0,0.0
2023-04-20 14:00:00,0.0556666666666666,21.75,0.0005949999999999,0.7272714817030667,54.05034326979993,0.3703187166523729,0.0,15949.143333332102,46.7216666667,2070.9466666666,1210.7500000007385,0.0,116.80416666675,0.0,1327.5541666674885,55.6666666666666,0.0,0.0,0.0
2023-04-20 15:00:00,0.0554999999999999,23.0,0.0,0.6016577767608394,53.15971556532534,0.2826558977110773,0.0,15949.143333332102,47.175,2117.6683333333,1276.5,0.0,117.9375,0.0,1394.4375,55.49999999999989,0.0,0.0,0.0
2023-04-20 16:00:00,0.0554999999999999,22.75,0.0,0.4310616648497613,53.14348054685986,0.2557441882598094,0.0,15949.143333332102,47.175,2164.8433333333,1262.625,0.0,117.9375,0.0,1380.5625,55.49999999999989,0.0,0.0,0.0
2023-04-20 17:00:00,0.0613333333333332,22.75,0.0,0.2342109053339524,54.37444500681313,0.225492562514085,0.0,15949.143333332102,52.1333333333,2212.0183333333002,1395.3333333325609,0.0,130.33333333325,0.0,1525.666666665811,61.3333333333332,0.0,0.0,0.0
2023-04-20 18:00:00,0.0563333333333332,33.0,0.0,0.0615393323081912,54.83877211320137,0.0575167520229633,0.0,15949.143333332102,47.8833333333,2264.1516666666002,1858.9999999988795,0.0,119.70833333325001,0.0,1978.7083333321295,56.3333333333332,0.0,0.0,0.0
2023-04-20 19:00:00,0.0564999999999999,40.0,0.0,0.0013985983840792,55.23869421616459,0.0339079484165224,0.0,15949.143333332102,48.025,2312.0349999999003,2260.0,0.0,120.0625,0.0,2380.0625,56.4999999999999,0.0,0.0,0.0
2023-04-20 20:00:00,0.0563333333333332,41.25,0.0,0.0,54.25306672653357,0.0010611111066566,0.0,15949.143333332102,47.8833333333,2360.0599999999004,2323.749999998625,0.0,119.70833333325001,0.0,2443.4583333318747,56.3333333333332,0.0,0.0,0.0
2023-04-20 21:00:00,0.0573333333333332,42.5,0.0,0.0,53.77219941408073,0.0,0.0,15949.143333332102,48.7333333333,2407.9433333332004,2436.66666666525,0.0,121.83333333325001,0.0,2558.4999999985,57.3333333333332,0.0,0.0,0.0
2023-04-20 22:00:00,0.0571666666666665,42.0,0.0,0.0,53.86861292468982,0.0,0.0,15949.143333332102,48.5916666667,2456.6766666665003,2401.0000000014,0.0,121.47916666675,0.0,2522.4791666681504,57.1666666666665,0.0,0.0,0.0
2023-04-20 23:00:00,0.0569999999999999,41.25,0.0,0.0,55.582628071202,0.0,0.0,15949.143333332102,48.45,2505.2683333332,2351.25,0.0,121.125,0.0,2472.375,56.9999999999999,0.0,0.0,0.0
2023-04-21 00:00:00,0.0569999999999999,40.75,0.0,0.0,55.81378289650037,0.0,0.0,15949.143333332102,48.45,2553.7183333332,2322.75,0.0,121.125,0.0,2443.875,56.9999999999999,0.0,0.0,0.0
2023-04-21 01:00:00,0.0568333333333332,35.75,0.0,0.0,55.09464896105299,0.0,0.0,15949.143333332102,48.3083333333,2602.1683333332,2031.7916666654748,0.0,120.77083333325,0.0,2152.562499998725,56.8333333333332,0.0,0.0,0.0
2023-04-21 02:00:00,0.0564999999999999,39.5,0.0,0.0,56.31686629282857,0.0,0.0,15949.143333332102,48.025,2650.4766666665,2231.75,0.0,120.0625,0.0,2351.8125,56.4999999999999,0.0,0.0,0.0
2023-04-21 03:00:00,0.0566666666666666,44.75,0.0,0.0,57.719598876326216,0.0,0.0,15949.143333332102,48.1666666667,2698.5016666665,2535.833333334825,0.0,120.41666666675,0.0,2656.2500000015752,56.6666666666666,0.0,0.0,0.0
2023-04-21 04:00:00,0.0559999999999999,44.25,0.1200899999999999,0.0,56.79041796183721,0.0,0.0,15949.143333332102,-72.49000000000001,2746.6683333332003,2478.0,0.0,0.0,0.0,2478.0,55.9999999999999,0.0,0.0,0.0
2023-04-21 05:00:00,0.0554999999999999,43.75,0.342215,6.380596009525597e-05,57.25878217834752,0.0,0.0,15949.143333332102,-295.03999999999996,2674.1783333332,2428.125000003996,0.0,0.0,0.0,2428.125000003996,55.49999999999989,0.0,0.0,0.0
2023-04-21 06:00:00,0.0606666666666666,42.0,0.53233,0.0319939815454011,55.95292115030684,0.0006358119667085,0.0,15949.143333332102,-480.7633333333,2379.1383333332,2548.000000001426,0.0,0.0,0.0,2548.000000001426,60.6666666666666,0.0,0.0,0.0
2023-04-21 07:00:00,0.0541666666666666,39.25,0.7211850000000001,0.1804657252087355,56.01509467793845,0.0223540170586262,0.0,15949.143333332102,-675.1433333332999,1898.3749999999,2126.0416666679994,0.0,0.0,0.0,2126.0416666679994,54.1666666666666,0.0,0.0,0.0
2023-04-21 08:00:00,0.0536666666666666,40.0,0.6972550000000001,0.3777332845162424,56.921503254503484,0.2014169232458131,0.0,15949.143333332102,-651.6383333333,1223.2316666666002,2146.666666668025,0.0,0.0,0.0,2146.666666668025,53.6666666666666,0.0,0.0,0.0
2023-04-21 09:00:00,0.0538333333333333,38.75,0.419255,0.5582009109922726,58.66246654073851,0.3454890601655356,0.0,15949.143333332102,-373.4966666667,571.5933333333,2086.041666665351,0.0,0.0,0.0,2086.041666665351,53.8333333333333,0.0,0.0,0.0
2023-04-21 10:00:00,0.0541666666666666,33.25,0.2027249999999999,0.6973696862227059,56.16578363511088,0.3649568367004395,0.0,15949.143333332102,-156.6833333333,198.09666666660002,1801.0416666677957,0.0,0.0,0.0,1801.0416666677957,54.1666666666666,0.0,0.0,0.0
2023-04-21 11:00:00,0.0556666666666666,32.5,0.0887299999999999,0.7859650485451772,55.69197753684236,0.3190162378294854,0.0,15949.143333332102,-41.4133333333,41.4133333333,1809.1666666677702,0.0,0.0,0.0,1809.1666666677702,55.6666666666666,0.0,0.0,0.0
2023-04-21 12:00:00,0.0561666666666665,27.0,0.02005,0.8208432487676157,57.37606169878585,0.3770891434107071,0.0,15949.143333332102,27.691666666699998,0.0,1516.5000000009168,0.0,69.22916666674999,0.0,1585.7291666676667,56.166666666666494,0.0,0.0,0.0
2023-04-21 13:00:00,0.0563333333333332,27.0,0.0013449999999999,0.8012708372080461,56.51355644115084,0.5303081192929523,0.0,15949.143333332102,46.5383333333,27.691666666699998,1520.9999999990832,0.0,116.34583333325,0.0,1637.3458333323333,56.3333333333332,0.0,0.0,0.0
2023-04-21 14:00:00,0.0563333333333332,26.0,0.00028,0.7276535688426513,56.2718483631255,0.3793176064124474,0.0,15949.143333332102,47.6033333333,74.23,1464.6666666657839,0.0,119.00833333325,0.0,1583.6749999990338,56.3333333333332,0.0,0.0,0.0
2023-04-21 15:00:00,0.0559999999999999,24.0,0.0,0.6022442174786925,54.45406880266282,0.4211796569824218,0.0,15949.143333332102,47.6,121.8333333333,1344.0,0.0,119.0,0.0,1463.0,55.9999999999999,0.0,0.0,0.0
2023-04-21 16:00:00,0.0618333333333332,23.25,0.0,0.4320515595572749,55.68423683068176,0.4210134193224784,0.0,15949.143333332102,52.5583333333,169.4333333333,1437.6249999992106,0.0,131.39583333324998,0.0,1569.0208333324606,61.8333333333332,0.0,0.0,0.0
2023-04-21 17:00:00,0.0568333333333332,26.75,0.0,0.2357318583594289,53.48777938772132,0.2376908548469217,0.0,15949.143333332102,48.3083333333,221.9916666666,1520.2916666657584,0.0,120.77083333325,0.0,1641.0624999990084,56.8333333333332,0.0,0.0,0.0
2023-04-21 18:00:00,0.0554999999999999,35.0,0.0,0.0630465375596148,54.96221439049514,0.1123031621916681,0.0,15949.143333332102,0.0,270.2999999999,1942.5,0.0,0.0,0.0,1942.5,55.49999999999989,0.0,0.0,0.0
2023-04-21 19:00:00,0.0554999999999999,40.5,0.0,0.001608023810517,56.47180653013663,0.0374625640852838,0.0,15949.143333332102,0.0,270.2999999999,2247.75,0.0,0.0,0.0,2247.75,55.49999999999989,0.0,0.0,0.0
2023-04-21 20:00:00,0.0549999999999999,41.75,0.0,0.0,56.9131167034436,0.0044817948522858,0.0,15949.143333332102,46.75,270.2999999999,2296.25,0.0,116.875,0.0,2413.125,54.9999999999999,0.0,0.0,0.0
2023-04-21 21:00:00,0.0554999999999999,39.5,0.0,0.0,56.9682768521832,0.0,0.0,15949.143333332102,47.175,317.0499999999,2192.25,0.0,117.9375,0.0,2310.1875,55.49999999999989,0.0,0.0,0.0
2023-04-21 22:00:00,0.0558333333333333,38.5,0.0,0.0,55.32886118400618,0.0,0.0,15949.143333332102,47.4583333333,364.22499999990004,2149.5833333320497,0.0,118.64583333325,0.0,2268.2291666652995,55.8333333333333,0.0,0.0,0.0
2023-04-21 23:00:00,0.0563333333333332,40.5,0.0,0.0,57.30577994505981,0.0,0.0,15949.143333332102,47.8833333333,411.68333333320004,2281.49999999865,0.0,119.70833333325001,0.0,2401.2083333318997,56.3333333333332,0.0,0.0,0.0
2023-04-22 00:00:00,0.0566666666666666,40.5,0.0,0.0,55.6044820565437,0.0,0.0,15949.143333332102,48.1666666667,459.56666666650005,2295.00000000135,0.0,120.41666666675,0.0,2415.4166666681003,56.6666666666666,0.0,0.0,0.0
2023-04-22 01:00:00,0.0576666666666665,38.25,0.0,0.0,57.1840039045685,0.0,0.0,15949.143333332102,0.0,507.73333333320005,2205.750000001275,0.0,0.0,0.0,2205.750000001275,57.6666666666665,0.0,0.0,0.0
2023-04-22 02:00:00,0.0573333333333332,38.75,0.0,0.0,55.634546006038754,0.0,0.0,15949.143333332102,0.0,507.73333333320005,2221.666666665375,0.0,0.0,0.0,2221.666666665375,57.3333333333332,0.0,0.0,0.0
2023-04-22 03:00:00,0.0573333333333332,37.25,0.0,0.0,54.39455274116588,0.0,0.0,15949.143333332102,48.7333333333,507.73333333320005,2135.666666665425,0.0,121.83333333325001,0.0,2257.499999998675,57.3333333333332,0.0,0.0,0.0
2023-04-22 04:00:00,0.0628333333333333,37.25,0.0,0.0,52.69946080937163,0.0,0.0,15949.143333332102,53.4083333333,556.4666666665,2340.541666665425,0.0,133.52083333325,0.0,2474.062499998675,62.8333333333333,0.0,0.0,0.0
2023-04-22 05:00:00,0.0574999999999999,37.0,0.0,0.0001000664836727,51.74072479820626,0.0,0.0,15949.143333332102,48.875,609.8749999998,2127.5000000052996,0.0,122.1875,0.0,2249.6875000052996,57.4999999999999,0.0,0.0,0.0
2023-04-22 06:00:00,0.0571666666666666,36.25,0.0,0.0337985878864194,53.583019517535966,0.0008759829223665,0.0,15949.143333332102,48.5916666667,658.7499999998,2072.2916666678975,0.0,121.47916666675,0.0,2193.7708333346477,57.1666666666666,0.0,0.0,0.0
2023-04-22 07:00:00,0.0566666666666666,35.75,0.0,0.1833444650010386,52.01570979308162,0.0466941023789919,0.0,15949.143333332102,48.1666666667,707.3416666665,2025.8333333345472,0.0,120.41666666675,0.0,2146.2500000012974,56.6666666666666,0.0,0.0,0.0
2023-04-22 08:00:00,0.0559999999999999,34.5,0.0,0.3801411468515007,51.121799338646746,0.1750425640334431,0.0,15949.143333332102,0.0,755.5083333332001,1932.0,0.0,0.0,0.0,1932.0,55.9999999999999,0.0,0.0,0.0
2023-04-22 09:00:00,0.0558333333333333,33.25,0.0,0.5599311644211781,53.47568765981796,0.16487581285656,0.0,15949.143333332102,0.0,755.5083333332001,1856.4583333322043,0.0,0.0,0.0,1856.4583333322043,55.8333333333333,0.0,0.0,0.0
2023-04-22 10:00:00,0.0559999999999999,32.25,0.0,0.6985211331390851,54.664438902685966,0.0956934186332246,0.0,15949.143333332102,0.0,755.5083333332001,1806.0,0.0,0.0,0.0,1806.0,55.9999999999999,0.0,0.0,0.0
2023-04-22 11:00:00,0.0554999999999999,31.5,0.0,0.786688286831561,55.499714876516784,0.2221592299958579,0.0,15949.143333332102,0.0,755.5083333332001,1748.25,0.0,0.0,0.0,1748.25,55.49999999999989,0.0,0.0,0.0
2023-04-22 12:00:00,0.0558333333333332,32.75,0.0,0.821290427778389,53.140305079703,0.4119736741546893,0.0,15949.143333332102,47.4583333333,755.5083333332001,1828.5416666655547,0.0,118.64583333325,0.0,1947.1874999988047,55.8333333333332,0.0,0.0,0.0
2023-04-22 13:00:00,0.0563333333333333,31.75,0.0,0.8015915471448424,53.12341400042463,0.4658393194736578,0.0,15949.143333332102,20.007481969700393,802.9666666665,1788.5833333322553,0.0,50.01870492425098,0.0,1838.6020382565061,56.3333333333333,0.0,0.0,0.0
2023-04-22 14:00:00,0.0569999999999999,29.75,0.0,0.7280054400517542,55.04647656922051,0.4367486357077574,0.0,15949.143333332102,48.45,822.9741486362004,1695.75,0.0,121.125,0.0,1816.875,56.9999999999999,0.0,0.0,0.0
2023-04-22 15:00:00,0.0564999999999999,24.75,0.0,0.6028057593413559,56.14184860202573,0.3573604283781133,0.0,15949.143333332102,48.025,871.4241486362005,1398.375,0.0,120.0625,0.0,1518.4375,56.4999999999999,0.0,0.0,0.0
2023-04-22 16:00:00,0.0558333333333333,26.0,0.0,0.4330194702302746,55.98548078641435,0.1765982906634991,0.0,15949.143333332102,47.4583333333,919.4491486362004,1451.6666666657839,0.0,118.64583333325,0.0,1570.312499999034,55.8333333333333,0.0,0.0,0.0
2023-04-22 17:00:00,0.0608333333333333,28.25,0.0,0.2372307982280946,57.10410405278163,0.1018735902737348,0.0,15949.143333332102,51.7083333333,966.9074819695004,1718.5416666657075,0.0,129.27083333324998,0.0,1847.8124999989575,60.8333333333333,0.0,0.0,0.0
2023-04-22 18:00:00,0.0558333333333333,36.0,0.0,0.0645464394913847,56.34155131643863,0.0619337603577181,0.0,15949.143333332102,47.4583333333,1018.6158153028003,2009.9999999987776,0.0,118.64583333325,0.0,2128.6458333320275,55.8333333333333,0.0,0.0,0.0
2023-04-22 19:00:00,0.0559999999999999,40.25,0.0,0.0018352011403253,55.43836503047833,0.0266301710279578,0.0,15949.143333332102,47.6,1066.0741486361003,2254.0,0.0,119.0,0.0,2373.0,55.9999999999999,0.0,0.0,0.0
2023-04-22 20:00:00,0.0561666666666666,40.5,0.0,0.0,56.38190531285945,0.0011000854609152,0.0,15949.143333332102,0.0,1113.6741486361002,2274.75000000135,0.0,0.0,0.0,2274.75000000135,56.1666666666666,0.0,0.0,0.0
2023-04-22 21:00:00,0.0563333333333332,41.25,0.0,0.0,56.81061977239402,0.0,0.0,15949.143333332102,0.0,1113.6741486361002,2323.749999998625,0.0,0.0,0.0,2323.749999998625,56.3333333333332,0.0,0.0,0.0
2023-04-22 22:00:00,0.0568333333333332,39.5,0.0,0.0,58.29470644450567,0.0,0.0,15949.143333332102,0.0,1113.6741486361002,2244.91666666535,0.0,0.0,0.0,2244.91666666535,56.8333333333332,0.0,0.0,0.0
2023-04-22 23:00:00,0.0579999999999999,38.75,0.0,0.0,59.49848588714533,0.0,0.0,15949.143333332102,49.3,1113.6741486361002,2247.5,0.0,123.25,0.0,2370.75,57.9999999999999,0.0,0.0,0.0
2023-04-23 00:00:00,0.0578333333333332,36.5,0.0,0.0,58.53384240577692,0.0,0.0,15949.143333332102,49.1583333333,1162.9741486361002,2110.91666666545,0.0,122.89583333325,0.0,2233.8124999987,57.8333333333332,0.0,0.0,0.0
2023-04-23 01:00:00,0.0574999999999999,29.5,0.0,0.0,59.74248349659922,0.0,0.0,15949.143333332102,48.875,1212.1324819694003,1696.25,0.0,122.1875,0.0,1818.4375,57.4999999999999,0.0,0.0,0.0
2023-04-23 02:00:00,0.0581666666666666,24.75,0.0,0.0,59.85061928657627,0.0,0.0,15949.143333332102,49.4416666667,1261.0074819694003,1439.6250000008251,0.0,123.60416666675,0.0,1563.229166667575,58.1666666666666,0.0,0.0,0.0
2023-04-23 03:00:00,0.0588333333333333,21.25,0.0,0.0,59.192465061535785,0.0,0.0,15949.143333332102,50.0083333333,1310.4491486361003,1250.208333332625,0.0,125.02083333325001,0.0,1375.229166665875,58.8333333333333,0.0,0.0,0.0
2023-04-23 04:00:00,0.0574999999999999,21.0,0.0,0.0,56.58462741856796,0.0,0.0,15949.143333332102,0.0,1360.4574819694003,1207.5,0.0,0.0,0.0,1207.5,57.4999999999999,0.0,0.0,0.0
2023-04-23 05:00:00,0.0623333333333333,21.75,0.0,0.0001488449641891,57.17864290251503,0.0,0.0,15949.143333332102,52.9833333333,1360.4574819694003,1355.7500000039097,0.0,132.45833333325,0.0,1488.2083333371597,62.3333333333333,0.0,0.0,0.0
2023-04-23 06:00:00,0.0564999999999999,21.75,0.0,0.0356114881887331,54.94321810915958,0.0021013675298955,0.0,15949.143333332102,48.025,1413.4408153027002,1228.875,0.0,120.0625,0.0,1348.9375,56.4999999999999,0.0,0.0,0.0
2023-04-23 07:00:00,0.0566666666666666,19.25,0.0,0.1861533237903552,52.80687299680153,0.0293309400428054,0.0,15949.143333332102,48.1666666667,1461.4658153027003,1090.833333333987,0.0,120.41666666675,0.0,1211.250000000737,56.6666666666666,0.0,0.0,0.0
2023-04-23 08:00:00,0.0563333333333333,19.0,0.0,0.3824725224982236,54.24929319945007,0.1306652138783381,0.0,15949.143333332102,0.0,1509.6324819694003,1070.3333333326882,0.0,0.0,0.0,1070.3333333326882,56.3333333333333,0.0,0.0,0.0
2023-04-23 09:00:00,0.0564999999999999,17.0,0.0,0.5615923617838364,56.01866946734448,0.3422801720382821,0.0,15949.143333332102,48.025,1509.6324819694003,960.5,0.0,120.0625,0.0,1080.5625,56.4999999999999,0.0,0.0,0.0
2023-04-23 10:00:00,0.0573333333333333,18.0,0.0,0.6996125648323576,56.222863018360975,0.4788228199624609,0.0,15949.143333332102,48.7333333333,1557.6574819694004,1031.9999999993888,0.0,121.83333333325001,0.0,1153.8333333326389,57.3333333333333,0.0,0.0,0.0
2023-04-23 11:00:00,0.0566666666666666,18.5,0.0,0.7873602553296224,56.64309183760469,0.4943361575786885,0.0,15949.143333332102,0.0,1606.3908153027003,1048.3333333339615,0.0,0.0,0.0,1048.3333333339615,56.6666666666666,0.0,0.0,0.0
2023-04-23 12:00:00,0.0584999999999999,17.0,0.0,0.8216944281244736,55.294632806286856,0.3511062410142687,0.0,15949.143333332102,49.725,1606.3908153027003,994.5,0.0,124.3125,0.0,1118.8125,58.4999999999999,0.0,0.0,0.0
2023-04-23 13:00:00,0.0586666666666666,16.5,0.0,0.8018764584546019,56.96575928061609,0.4079851284190121,0.0,15949.143333332102,49.8666666667,1656.1158153027002,968.0000000005602,0.0,124.66666666674999,0.0,1092.6666666673102,58.6666666666666,0.0,0.0,0.0
2023-04-23 14:00:00,0.0579999999999999,16.0,0.0,0.7283280690702405,56.92181980680743,0.2598221384358202,0.0,15949.143333332102,49.3,1705.9824819694002,928.0,0.0,123.25,0.0,1051.25,57.9999999999999,0.0,0.0,0.0
2023-04-23 15:00:00,0.0586666666666666,16.0,0.0,0.603343302766421,54.099714496948685,0.1619737597408458,0.0,15949.143333332102,0.0,1755.2824819694001,938.6666666672099,0.0,0.0,0.0,938.6666666672099,58.6666666666666,0.0,0.0,0.0
2023-04-23 16:00:00,0.0581666666666666,17.5,0.0,0.4339661675957688,56.221171671404406,0.245723760148399,0.0,15949.143333332102,49.4416666667,1755.2824819694001,1017.9166666672609,0.0,123.60416666675,0.0,1141.5208333340108,58.1666666666666,0.0,0.0,0.0
2023-04-23 17:00:00,0.0569999999999999,17.25,0.0,0.2387083296228731,57.58174707082102,0.0225758976304633,0.0,15949.143333332102,48.45,1804.7241486361002,983.25,0.0,121.125,0.0,1104.375,56.9999999999999,0.0,0.0,0.0
2023-04-23 18:00:00,0.0623333333333333,21.25,0.0,0.0660384468154887,55.25340641912972,0.0125393162527654,0.0,15949.143333332102,0.0,1853.1741486361002,1324.5833333326118,0.0,0.0,0.0,1324.5833333326118,62.3333333333333,0.0,0.0,0.0
2023-04-23 19:00:00,0.0561666666666666,24.75,0.0,0.0020805022578887,53.58885335539598,0.0052701709209344,0.0,15949.143333332102,0.0,1853.1741486361002,1390.1250000008404,0.0,0.0,0.0,1390.1250000008404,56.1666666666666,0.0,0.0,0.0
2023-04-23 20:00:00,0.0558333333333333,26.0,0.0,0.0,55.14912304788246,0.0028222222192786,0.0,15949.143333332102,47.4583333333,1853.1741486361002,1451.6666666658,0.0,118.64583333325,0.0,1570.31249999905,55.8333333333333,0.0,0.0,0.0
2023-04-23 21:00:00,0.0563333333333333,28.25,0.0,0.0,56.85996229351934,0.0,0.0,15949.143333332102,47.8833333333,1900.6324819694003,1591.416666665725,0.0,119.70833333325001,0.0,1711.124999998975,56.3333333333333,0.0,0.0,0.0
2023-04-23 22:00:00,0.0569999999999999,28.5,0.0,0.0,57.38874594480386,0.0,0.0,15949.143333332102,48.45,1948.5158153027003,1624.5,0.0,121.125,0.0,1745.625,56.9999999999999,0.0,0.0,0.0
2023-04-23 23:00:00,0.0581666666666666,29.0,0.0,0.0,58.29245962640571,0.0,0.0,15949.143333332102,0.0,1996.9658153027003,1686.8333333343,0.0,0.0,0.0,1686.8333333343,58.1666666666666,0.0,0.0,0.0
2023-04-24 00:00:00,0.0574999999999999,27.5,0.0,0.0,59.5652947004905,0.0,0.0,15949.143333332102,0.0,1996.9658153027003,1581.25,0.0,0.0,0.0,1581.25,57.4999999999999,0.0,0.0,0.0
2023-04-24 01:00:00,0.0569999999999999,28.0,0.0,0.0,60.70512365378416,0.0,0.0,15949.143333332102,48.45,1996.9658153027003,1596.0,0.0,121.125,0.0,1717.125,56.9999999999999,0.0,0.0,0.0
2023-04-24 02:00:00,0.0579999999999999,28.75,0.0,0.0,61.38148683036469,0.0,0.0,15949.143333332102,0.0,2045.4158153027004,1667.5,0.0,0.0,0.0,1667.5,57.9999999999999,0.0,0.0,0.0
2023-04-24 03:00:00,0.0581666666666666,28.25,0.0912212409845449,0.0,59.31037149904075,0.0,0.0,15949.143333332102,-41.7795743178,2045.4158153027004,1643.208333334275,0.0,0.0,0.0,1643.208333334275,58.1666666666666,0.0,0.0,0.0
2023-04-24 04:00:00,0.0574999999999999,27.75,0.2123012409845449,0.0,60.47153332655897,0.0,0.0,15949.143333332102,-163.426240985,2003.6362409849003,1595.625,0.0,0.0,0.0,1595.625,57.4999999999999,0.0,0.0,0.0
2023-04-24 05:00:00,0.0566666666666666,27.5,0.43029,0.0002120709108284,57.890584364188655,0.0,0.0,15949.143333332102,-382.1233333333,1840.2099999999002,1558.3333333426003,0.0,0.0,0.0,1558.3333333426003,56.6666666666666,0.0,0.0,0.0
2023-04-24 06:00:00,0.0606666666666666,31.25,0.4565749999999999,0.0374272359783208,56.08805308257295,0.0,0.0,15949.143333332102,-405.0083333333,1458.0866666666002,1895.8333333343944,0.0,0.0,0.0,1895.8333333343944,60.6666666666666,0.0,0.0,0.0
2023-04-24 07:00:00,0.054,35.75,0.51945,0.1888917274647332,54.519269145059965,0.0176247864076469,0.0,15949.143333332102,-473.55000000000007,1053.0783333333002,1930.5,0.0,0.0,0.0,1930.5,54.0,0.0,0.0,0.0
2023-04-24 08:00:00,0.0651666666666666,37.5,0.63492,0.3847276586406876,56.18048882683284,0.0580991454002184,0.0,15949.143333332102,-579.5283333333,579.5283333333,2443.7500000012733,0.0,0.0,0.0,2443.7500000012733,65.1666666666666,0.0,0.0,0.0
2023-04-24 09:00:00,7.258833333333333,36.5,0.45048,0.5631849892473505,55.984166659700186,0.0947906831594613,0.0,15949.143333332102,5719.528333329999,0.0,264947.41666654486,0.0,14298.820833324999,0.0,279246.23749986984,7258.833333333333,0.0,0.0,0.0
2023-04-24 10:00:00,9.188833333333331,34.5,0.371565,0.7006446580449327,56.96020207029522,0.3502544448722122,0.0,15949.143333332102,0.0,5719.528333329999,317014.74999988487,0.0,0.0,0.0,317014.74999988487,9188.833333333332,0.0,0.0,0.0
2023-04-24 11:00:00,2.9895,32.25,0.25175,0.7879817862428379,55.87945649073353,0.7225384580172026,0.0,15949.143333332102,0.0,5719.528333329999,96411.375,0.0,0.0,0.0,96411.375,2989.5,0.0,0.0,0.0
2023-04-24 12:00:00,12.648666666666664,27.5,0.072705,0.8220561917825884,53.27829258979749,0.7291904276660365,0.0,15949.143333332102,0.0,5719.528333329999,347838.33333424985,0.0,0.0,0.0,347838.33333424985,12648.666666666664,0.0,0.0,0.0
2023-04-24 13:00:00,1.5921666666666667,23.0,0.005565,0.8021265697264459,51.99955640924436,0.5999628223517005,0.0,15949.143333332102,0.0,5719.528333329999,36619.83333341009,0.0,0.0,0.0,36619.83333341009,1592.1666666666667,0.0,0.0,0.0
2023-04-24 14:00:00,0.1501666666666666,23.0,0.00069,0.7286224488575739,53.39948830550984,0.7236894043490418,0.0,15949.143333332102,0.0,5719.528333329999,3453.833333341143,0.0,0.0,0.0,3453.833333341143,150.1666666666666,0.0,0.0,0.0
2023-04-24 15:00:00,1.4145,23.0,0.0,0.6038577654231393,54.72469104336508,0.6682043613531652,0.0,15949.143333332102,0.0,5719.528333329999,32533.5,0.0,0.0,0.0,32533.5,1414.5,0.0,0.0,0.0
2023-04-24 16:00:00,11.298166666666669,23.5,0.0,0.4348924361795723,54.54546623991877,0.5261756401388057,0.0,15949.143333332102,0.0,5719.528333329999,265506.91666744987,0.0,0.0,0.0,265506.91666744987,11298.166666666668,0.0,0.0,0.0
2023-04-24 17:00:00,10.708166666666664,24.25,0.0,0.240165067069258,55.26122453247613,0.3495041883093679,0.0,15949.143333332102,0.0,5719.528333329999,259673.0416674749,0.0,0.0,0.0,259673.0416674749,10708.166666666664,0.0,0.0,0.0
2023-04-24 18:00:00,5.793833333333335,34.25,0.0,0.0675220468875873,55.57829350318126,0.2034782044500367,0.0,15949.143333332102,0.0,5719.528333329999,198438.79166655237,0.0,0.0,0.0,198438.79166655237,5793.833333333336,0.0,0.0,0.0
2023-04-24 19:00:00,4.932333333333333,40.25,0.0,0.0023440384396074,57.50448966829105,0.1133302557366525,0.0,15949.143333332102,0.0,5719.528333329999,198526.4166666675,0.0,0.0,0.0,198526.4166666675,4932.333333333333,0.0,0.0,0.0
2023-04-24 20:00:00,3.9515000000000007,43.0,0.0,0.0,58.40736437033818,0.0062270085467025,0.0,15949.143333332102,0.0,5719.528333329999,169914.5,0.0,0.0,0.0,169914.5,3951.5000000000005,0.0,0.0,0.0
2023-04-24 21:00:00,0.0825,43.0,0.0,0.0,58.21764552239993,0.0,0.0,15949.143333332102,0.0,5719.528333329999,3547.5,0.0,0.0,0.0,3547.5,82.5,0.0,0.0,0.0
2023-04-24 22:00:00,0.078,41.5,0.0,0.0,57.35736805859983,0.0,0.0,15949.143333332102,0.0,5719.528333329999,3237.0,0.0,0.0,0.0,3237.0,78.0,0.0,0.0,0.0
2023-04-24 23:00:00,0.0785,41.75,0.0,0.0,54.687782245390046,0.0,0.0,15949.143333332102,0.0,5719.528333329999,3277.375,0.0,0.0,0.0,3277.375,78.5,0.0,0.0,0.0
2023-04-25 00:00:00,0.0778333333333333,42.25,0.0,0.0,55.045169255870064,0.0,0.0,15949.143333332102,0.0,5719.528333329999,3288.458333331925,0.0,0.0,0.0,3288.458333331925,77.8333333333333,0.0,0.0,0.0
2023-04-25 01:00:00,0.0783333333333333,43.0,0.0,0.0,53.220635979806616,0.0,0.0,15949.143333332102,0.0,5719.528333329999,3368.3333333319,0.0,0.0,0.0,3368.3333333319,78.3333333333333,0.0,0.0,0.0
2023-04-25 02:00:00,0.0838333333333333,44.75,0.0,0.0,53.807195185730734,0.0,0.0,15949.143333332102,0.0,5719.528333329999,3751.5416666651754,0.0,0.0,0.0,3751.5416666651754,83.8333333333333,0.0,0.0,0.0
2023-04-25 03:00:00,0.0786666666666666,48.0,0.0,0.0,53.76263757265677,0.0,0.0,15949.143333332102,0.0,5719.528333329999,3776.0000000016,0.0,0.0,0.0,3776.0000000016,78.66666666666659,0.0,0.0,0.0
2023-04-25 04:00:00,0.0783333333333333,44.0,0.0,0.0,55.472905791727,0.0,0.0,15949.143333332102,0.0,5719.528333329999,3446.6666666652,0.0,0.0,0.0,3446.6666666652,78.3333333333333,0.0,0.0,0.0
2023-04-25 05:00:00,0.0771666666666666,42.25,0.28057,0.0002917109100305,54.62430196981165,0.0,0.0,15949.143333332102,-214.9783333333,5719.528333329999,3260.2916666857213,0.0,0.0,0.0,3260.2916666857213,77.1666666666666,0.0,0.0,0.0
2023-04-25 06:00:00,0.0748333333333333,44.75,0.453265,0.0392406292512295,52.92247173586848,0.0015948718009341,0.0,15949.143333332102,-389.6566666667,5504.5499999967,3348.791666665147,0.0,0.0,0.0,3348.791666665147,74.8333333333333,0.0,0.0,0.0
2023-04-25 07:00:00,0.0735,46.0,0.419305,0.1915591535152129,51.04088991434866,0.0328873502494942,0.0,15949.143333332102,-356.83,5114.893333329999,3381.0,0.0,0.0,0.0,3381.0,73.5,0.0,0.0,0.0
2023-04-25 08:00:00,0.0808333333333333,46.5,0.291575,0.3869068150635475,49.00963326964138,0.1400842739985539,0.0,15949.143333332102,-222.86666666669998,4758.063333329999,3758.749999998421,0.0,0.0,0.0,3758.749999998421,80.8333333333333,0.0,0.0,0.0
2023-04-25 09:00:00,0.6786666666666666,44.75,0.0457799999999999,0.5647095482183033,48.03101270652392,0.2973011093465692,0.0,15949.143333332102,0.0,4535.1966666633,30370.333333348528,0.0,0.0,0.0,30370.333333348528,678.6666666666666,0.0,0.0,0.0
2023-04-25 10:00:00,2.172833333333333,41.25,0.000915,0.7016181074327218,46.32877053876685,0.399640427939912,0.0,15949.143333332102,0.0,4535.1966666633,89629.37499986234,0.0,0.0,0.0,89629.37499986234,2172.833333333333,0.0,0.0,0.0
2023-04-25 11:00:00,4.9595,31.0,0.0001,0.7885537312701737,48.03589897841909,0.6353092317499667,0.0,15949.143333332102,0.0,4535.1966666633,153744.5,0.0,0.0,0.0,153744.5,4959.5,0.0,0.0,0.0
2023-04-25 12:00:00,1.4666666666666668,30.5,0.0,0.8223766810989385,50.07488544736859,0.6347513671614169,0.0,15949.143333332102,0.0,4535.1966666633,44733.33333343512,0.0,0.0,0.0,44733.33333343512,1466.6666666666667,0.0,0.0,0.0
2023-04-25 13:00:00,6.441333333333333,30.25,0.0,0.8023429001490793,50.2000079522874,0.750369400937333,0.0,15949.143333332102,0.0,4535.1966666633,194850.33333323238,0.0,0.0,0.0,194850.33333323238,6441.333333333333,0.0,0.0,0.0
2023-04-25 14:00:00,8.675333333333333,34.75,0.0,0.7288895924545192,50.34053312186215,0.7082752143012153,0.0,15949.143333332102,0.0,4535.1966666633,301467.83333321736,0.0,0.0,0.0,301467.83333321736,8675.333333333332,0.0,0.0,0.0
2023-04-25 15:00:00,2.074333333333333,34.25,0.0,0.6043500836199985,50.33042097780007,0.6766099147307564,0.0,15949.143333332102,0.0,4535.1966666633,71045.91666655237,0.0,0.0,0.0,71045.91666655237,2074.333333333333,0.0,0.0,0.0
2023-04-25 16:00:00,0.6329999999999999,35.0,0.0,0.4357990763925949,49.92718581369088,0.620068206461067,0.0,15949.143333332102,0.0,4535.1966666633,22155.0,0.0,0.0,0.0,22155.0,632.9999999999999,0.0,0.0,0.0
2023-04-25 17:00:00,5.368333333333333,39.75,0.0,0.241601637504059,51.77503421262999,0.4811348717844385,0.0,15949.143333332102,0.0,4535.1966666633,213391.24999986734,0.0,0.0,0.0,213391.24999986734,5368.333333333333,0.0,0.0,0.0
2023-04-25 18:00:00,8.43,43.75,0.0,0.0689968031187734,49.76076934090169,0.2440281193888085,0.0,15949.143333332102,0.0,4535.1966666633,368812.5,0.0,0.0,0.0,368812.5,8430.0,0.0,0.0,0.0
2023-04-25 19:00:00,8.422833333333333,45.5,0.0,0.0026256883255243,47.8732159325291,0.0552120511552207,0.0,15949.143333332102,0.0,4535.1966666633,383238.91666668595,0.0,0.0,0.0,383238.91666668595,8422.833333333334,0.0,0.0,0.0
2023-04-25 20:00:00,8.047333333333333,46.0,0.0,0.0,46.2448326762424,0.004248205114745,0.0,15949.143333332102,0.0,4535.1966666633,370177.33333318,0.0,0.0,0.0,370177.33333318,8047.333333333332,0.0,0.0,0.0
2023-04-25 21:00:00,5.182166666666666,48.25,0.0,0.0,47.43692061939056,0.0,0.0,15949.143333332102,0.0,4535.1966666633,250039.5416668275,0.0,0.0,0.0,250039.5416668275,5182.166666666666,0.0,0.0,0.0
2023-04-25 22:00:00,0.0564999999999999,51.25,0.0,0.0,48.081329504789146,0.0,0.0,15949.143333332102,0.0,4535.1966666633,2895.625,0.0,0.0,0.0,2895.625,56.4999999999999,0.0,0.0,0.0
2023-04-25 23:00:00,0.0601666666666666,48.75,0.0,0.0,46.86824494880965,0.0,0.0,15949.143333332102,0.0,4535.1966666633,2933.1250000016253,0.0,0.0,0.0,2933.1250000016253,60.1666666666666,0.0,0.0,0.0
2023-04-26 00:00:00,0.0564999999999999,45.0,0.0,0.0,48.60850378782719,0.0,0.0,15949.143333332102,0.0,4535.1966666633,2542.5,0.0,0.0,0.0,2542.5,56.4999999999999,0.0,0.0,0.0
2023-04-26 01:00:00,0.0566666666666665,46.0,0.0,0.0,50.32902418114429,0.0,0.0,15949.143333332102,0.0,4535.1966666633,2606.6666666682,0.0,0.0,0.0,2606.6666666682,56.666666666666494,0.0,0.0,0.0
2023-04-26 02:00:00,0.0566666666666666,49.5,0.0,0.0,50.85616572165313,0.0,0.0,15949.143333332102,0.0,4535.1966666633,2805.0000000016503,0.0,0.0,0.0,2805.0000000016503,56.6666666666666,0.0,0.0,0.0
2023-04-26 03:00:00,0.0563333333333332,49.25,0.0,0.0,51.79522151975995,0.0,0.0,15949.143333332102,0.0,4535.1966666633,2774.416666665025,0.0,0.0,0.0,2774.416666665025,56.3333333333332,0.0,0.0,0.0
2023-04-26 04:00:00,0.0558333333333333,50.5,0.0,0.0,50.72937020039176,0.0,0.0,15949.143333332102,0.0,4535.1966666633,2819.58333333165,0.0,0.0,0.0,2819.58333333165,55.8333333333333,0.0,0.0,0.0
2023-04-26 05:00:00,0.0546666666666666,49.25,0.342655,0.0003889136249533,52.26776796505314,0.0,0.0,15949.143333332102,-296.18833333329997,4535.1966666633,2692.3333333624005,0.0,0.0,0.0,2692.3333333624005,54.6666666666666,0.0,0.0,0.0
2023-04-26 06:00:00,0.0541666666666666,49.0,0.700435,0.0410467704807013,50.73743630646072,0.003387948734224,0.0,15949.143333332102,-654.3933333332999,4239.00833333,2654.1666666683304,0.0,0.0,0.0,2654.1666666683304,54.1666666666666,0.0,0.0,0.0
2023-04-26 07:00:00,0.0528333333333333,47.0,0.7619199999999999,0.194155131361181,51.28078506897232,0.0264848718683943,0.0,15949.143333332102,-717.0116666667,3584.6149999967,2483.166666665071,0.0,0.0,0.0,2483.166666665071,52.8333333333333,0.0,0.0,0.0
2023-04-26 08:00:00,0.0536666666666666,44.75,0.674715,0.3890102676507467,53.29079263045874,0.2207644446283324,0.0,15949.143333332102,-629.0983333333,2867.60333333,2401.583333334853,0.0,0.0,0.0,2401.583333334853,53.6666666666666,0.0,0.0,0.0
2023-04-26 09:00:00,0.0534999999999999,43.5,0.2847399999999999,0.566166557795455,55.17027181018437,0.4034096576005985,0.0,15949.143333332102,-239.26500000000001,2238.5049999967,2327.25,0.0,0.0,0.0,2327.25,53.4999999999999,0.0,0.0,0.0
2023-04-26 10:00:00,0.0336666666666666,43.0,0.0148749999999999,0.7025336269202578,52.64312420802052,0.5473617964524488,0.0,15949.143333332102,13.741666666699999,1999.2399999967,1447.6666666681267,0.0,34.35416666675,0.0,1482.0208333348767,33.6666666666666,0.0,0.0,0.0
2023-04-26 11:00:00,0.0256666666666666,41.25,0.0007249999999999,0.7890769619891911,53.04827047248097,0.6383370117448333,0.0,15949.143333332102,21.0916666667,2012.9816666634,1058.7500000014006,0.0,52.729166666750004,0.0,1111.4791666681506,25.6666666666666,0.0,0.0,0.0
2023-04-26 12:00:00,0.0203333333333333,39.25,1.5e-05,0.8226568783320586,53.55078629162756,0.6927077751485716,0.0,15949.143333332102,17.2683333333,2034.0733333300998,798.0833333320006,0.0,43.17083333325,0.0,841.2541666652506,20.3333333333333,0.0,0.0,0.0
2023-04-26 13:00:00,0.0205,38.75,0.0,0.8025264883275262,54.70473835830567,0.7192824795714811,0.0,15949.143333332102,17.425,2051.3416666634,794.375,0.0,43.5625,0.0,837.9375,20.5,0.0,0.0,0.0
2023-04-26 14:00:00,0.0203333333333333,38.0,0.0,0.7291305312113604,55.2202872784911,0.7205699177277392,0.0,15949.143333332102,17.2833333333,2068.7666666634,772.6666666653764,0.0,43.208333333249996,0.0,815.8749999986264,20.3333333333333,0.0,0.0,0.0
2023-04-26 15:00:00,0.0243333333333333,38.75,0.0,0.6048212101864463,53.2940990315497,0.6694644451956464,0.0,15949.143333332102,20.6833333333,2086.0499999967,942.9166666653509,0.0,51.708333333249996,0.0,994.624999998601,24.3333333333333,0.0,0.0,0.0
2023-04-26 16:00:00,0.6526666666666667,39.5,0.0,0.4366869022667894,54.07064157071352,0.5218853851057527,0.0,15949.143333332102,0.0,2106.7333333300003,25780.333333346745,0.0,0.0,0.0,25780.333333346745,652.6666666666667,0.0,0.0,0.0
2023-04-26 17:00:00,1.8171666666666668,43.75,0.0,0.2430186782302491,53.52532622105384,0.285297007438464,0.0,15949.143333332102,0.0,2106.7333333300003,79501.04166681267,0.0,0.0,0.0,79501.04166681267,1817.1666666666667,0.0,0.0,0.0
2023-04-26 18:00:00,0.1823333333333333,45.75,0.0,0.0704623492683459,51.061550161287606,0.1174724784264197,0.0,15949.143333332102,0.0,2106.7333333300003,8341.749999984466,0.0,0.0,0.0,8341.749999984466,182.3333333333333,0.0,0.0,0.0
2023-04-26 19:00:00,11.636666666666663,45.5,0.0,0.0029253308114103,52.66459211795148,0.0578667522088075,0.0,15949.143333332102,0.0,2106.7333333300003,529468.3333350406,0.0,0.0,0.0,529468.3333350406,11636.666666666662,0.0,0.0,0.0
2023-04-26 20:00:00,7.110500000000001,46.25,0.0,0.0,52.83554810120711,0.0066375213742861,0.0,15949.143333332102,0.0,2106.7333333300003,328860.625,0.0,0.0,0.0,328860.625,7110.500000000001,0.0,0.0,0.0
2023-04-26 21:00:00,13.092166666666666,46.0,0.0,0.0,54.79697416079989,0.0,0.0,15949.143333332102,0.0,2106.7333333300003,602239.6666682,0.0,0.0,0.0,602239.6666682,13092.166666666666,0.0,0.0,0.0
2023-04-26 22:00:00,12.808333333333332,43.25,0.0,0.0,56.09637049500777,0.0,0.0,15949.143333332102,0.0,2106.7333333300003,553960.4166652249,0.0,0.0,0.0,553960.4166652249,12808.333333333332,0.0,0.0,0.0
2023-04-26 23:00:00,13.044333333333334,45.5,0.0,0.0,54.2329994847759,0.0,0.0,15949.143333332102,0.0,2106.7333333300003,593517.16666515,0.0,0.0,0.0,593517.16666515,13044.333333333334,0.0,0.0,0.0
2023-04-27 00:00:00,12.834666666666664,44.5,0.0,0.0,54.29621684386336,0.0,0.0,15949.143333332102,0.0,2106.7333333300003,571142.66666815,0.0,0.0,0.0,571142.66666815,12834.666666666664,0.0,0.0,0.0
2023-04-27 01:00:00,9.588,43.25,0.0,0.0,53.58738468610039,0.0,0.0,15949.143333332102,0.0,2106.7333333300003,414681.0,0.0,0.0,0.0,414681.0,9588.0,0.0,0.0,0.0
2023-04-27 02:00:00,0.0578333333333332,45.0,0.0,0.0,52.68582920305784,0.0,0.0,15949.143333332102,0.0,2106.7333333300003,2602.4999999985,0.0,0.0,0.0,2602.4999999985,57.8333333333332,0.0,0.0,0.0
2023-04-27 03:00:00,0.0576666666666665,45.25,0.0,0.0,50.61199115890865,0.0,0.0,15949.143333332102,0.0,2106.7333333300003,2609.416666668175,0.0,0.0,0.0,2609.416666668175,57.6666666666665,0.0,0.0,0.0
2023-04-27 04:00:00,0.0566666666666666,44.0,0.0,0.0,49.13423050305891,0.0,0.0,15949.143333332102,0.0,2106.7333333300003,2493.3333333348,0.0,0.0,0.0,2493.3333333348,56.6666666666666,0.0,0.0,0.0
2023-04-27 05:00:00,0.0556666666666666,44.0,0.274765,0.0005047890123885,51.53534737896629,0.0,0.0,15949.143333332102,-227.44833333329998,2106.7333333300003,2449.3333333348273,0.0,0.0,0.0,2449.3333333348273,55.6666666666666,0.0,0.0,0.0
2023-04-27 06:00:00,0.0539999999999999,44.5,0.423805,0.0428557812111397,51.765875274873096,0.0018195726582382,0.0,15949.143333332102,-377.90500000000003,1879.2849999967002,2403.0,0.0,0.0,0.0,2403.0,53.9999999999999,0.0,0.0,0.0
2023-04-27 07:00:00,0.0591666666666666,43.5,0.421445,0.1966792435625954,52.43081448678389,0.0245035041703118,0.0,15949.143333332102,-371.1533333333,1501.3799999967002,2573.750000001477,0.0,0.0,0.0,2573.750000001477,59.16666666666659,0.0,0.0,0.0
2023-04-27 08:00:00,0.0473333333333333,42.25,0.307795,0.3910383124586553,50.60223946746929,0.2277302561050806,0.0,15949.143333332102,-267.56166666670003,1130.2266666634002,1999.8333333318988,0.0,0.0,0.0,1999.8333333318988,47.3333333333333,0.0,0.0,0.0
2023-04-27 09:00:00,0.031,38.75,0.036175,0.567556557560231,50.82933114620918,0.3774952997713007,0.0,15949.143333332102,-9.824999999999996,862.6649999967002,1201.25,0.0,0.0,0.0,1201.25,31.0,0.0,0.0,0.0
2023-04-27 10:00:00,10.7515,38.75,0.0008849999999999,0.7033919511029255,49.13967074840248,0.5319832487187832,0.0,15949.143333332102,0.0,852.8399999967002,416620.625,0.0,0.0,0.0,416620.625,10751.5,0.0,0.0,0.0
2023-04-27 11:00:00,12.225499999999998,36.0,0.0001,0.7895523699007718,49.040085014271966,0.6127402561546392,0.0,15949.143333332102,0.0,852.8399999967002,440118.0,0.0,0.0,0.0,440118.0,12225.499999999998,0.0,0.0,0.0
2023-04-27 12:00:00,6.234166666666667,34.25,0.0,0.8228977844269835,50.58194937708884,0.4833876076722756,0.0,15949.143333332102,0.0,852.8399999967002,213520.20833344763,0.0,0.0,0.0,213520.20833344763,6234.166666666667,0.0,0.0,0.0
2023-04-27 13:00:00,0.0548333333333333,33.5,0.0,0.802678389880532,50.79850667199562,0.5191397453373315,0.0,15949.143333332102,0.0,852.8399999967002,1836.9166666655292,0.0,0.0,0.0,1836.9166666655292,54.8333333333333,0.0,0.0,0.0
2023-04-27 14:00:00,0.049,34.5,0.0,0.7293463113335993,50.841724262876895,0.4801325662727032,0.0,15949.143333332102,0.0,852.8399999967002,1690.5,0.0,0.0,0.0,1690.5,49.0,0.0,0.0,0.0
2023-04-27 15:00:00,2.01,35.25,0.0,0.6052721101458715,52.2048102400875,0.5065614527514861,0.0,15949.143333332102,0.0,852.8399999967002,70852.5,0.0,0.0,0.0,70852.5,2009.9999999999998,0.0,0.0,0.0
2023-04-27 16:00:00,11.221666666666666,35.5,0.0,0.4375567367458134,51.15322682106719,0.349124870952378,0.0,15949.143333332102,0.0,852.8399999967002,398369.1666678498,0.0,0.0,0.0,398369.1666678498,11221.666666666666,0.0,0.0,0.0
2023-04-27 17:00:00,5.1610000000000005,39.25,0.0,0.2444168322708075,52.92416260470181,0.3098282065758339,0.0,15949.143333332102,0.0,852.8399999967002,202569.25,0.0,0.0,0.0,202569.25,5161.000000000001,0.0,0.0,0.0
2023-04-27 18:00:00,7.0985000000000005,38.75,0.0,0.071925796710284,52.38134881456676,0.1675855559976691,0.0,15949.143333332102,0.0,852.8399999967002,275066.875,0.0,0.0,0.0,275066.875,7098.500000000001,0.0,0.0,0.0
2023-04-27 19:00:00,0.054,40.5,0.0,0.0032430783436232,54.36204808358064,0.0714356412643041,0.0,15949.143333332102,0.0,852.8399999967002,2187.0,0.0,0.0,0.0,2187.0,54.0,0.0,0.0,0.0
2023-04-27 20:00:00,0.0593333333333333,40.75,0.0,0.0,54.59069702713666,0.007987863237484,0.0,15949.143333332102,0.0,852.8399999967002,2417.8333333319747,0.0,0.0,0.0,2417.8333333319747,59.3333333333333,0.0,0.0,0.0
2023-04-27 21:00:00,0.049,40.5,0.0,0.0,54.54648083509018,0.0,0.0,15949.143333332102,0.0,852.8399999967002,1984.5,0.0,0.0,0.0,1984.5,49.0,0.0,0.0,0.0
2023-04-27 22:00:00,0.0488333333333333,38.75,0.0,0.0,56.02444589526146,0.0,0.0,15949.143333332102,0.0,852.8399999967002,1892.2916666653748,0.0,0.0,0.0,1892.2916666653748,48.8333333333333,0.0,0.0,0.0
2023-04-27 23:00:00,0.0493333333333333,38.25,0.0,0.0,57.37469583483308,0.0,0.0,15949.143333332102,0.0,852.8399999967002,1886.999999998725,0.0,0.0,0.0,1886.999999998725,49.3333333333333,0.0,0.0,0.0
2023-04-28 00:00:00,0.0496666666666666,37.5,0.0,0.0,56.81561880839761,0.0,0.0,15949.143333332102,0.0,852.8399999967002,1862.50000000125,0.0,0.0,0.0,1862.50000000125,49.6666666666666,0.0,0.0,0.0
2023-04-28 01:00:00,0.0504999999999999,37.25,0.0,0.0,56.90565072647779,0.0,0.0,15949.143333332102,0.0,852.8399999967002,1881.125,0.0,0.0,0.0,1881.125,50.4999999999999,0.0,0.0,0.0
2023-04-28 02:00:00,0.0503333333333333,38.75,0.0,0.0,56.2853124711456,0.0,0.0,15949.143333332102,0.0,852.8399999967002,1950.4166666653748,0.0,0.0,0.0,1950.4166666653748,50.3333333333333,0.0,0.0,0.0
2023-04-28 03:00:00,0.0491666666666666,38.5,0.0,0.0,55.1098831014459,0.0,0.0,15949.143333332102,0.0,852.8399999967002,1892.91666666795,0.0,0.0,0.0,1892.91666666795,49.1666666666666,0.0,0.0,0.0
2023-04-28 04:00:00,0.0491666666666666,39.0,0.0,0.0,54.61216346607215,0.0,0.0,15949.143333332102,0.0,852.8399999967002,1917.5000000013001,0.0,0.0,0.0,1917.5000000013001,49.1666666666666,0.0,0.0,0.0
2023-04-28 05:00:00,0.049,37.5,0.0,0.0006404885998814,54.80614451323144,0.0,0.0,15949.143333332102,0.0,852.8399999967002,1837.5,0.0,0.0,0.0,1837.5,49.0,0.0,0.0,0.0
2023-04-28 06:00:00,0.0478333333333333,39.0,0.25533,0.0446566831920203,56.31970390952857,0.0036392308141176,0.0,15949.143333332102,-214.67166666670002,852.8399999967002,1865.4999999986758,0.0,0.0,0.0,1865.4999999986758,47.8333333333333,0.0,0.0,0.0
2023-04-28 07:00:00,0.0513333333333333,39.25,0.32073,0.1991311266198185,56.489709663876944,0.0485765812132093,0.0,15949.143333332102,-277.0966666667,638.1683333300001,2014.8333333320006,0.0,0.0,0.0,2014.8333333320006,51.3333333333333,0.0,0.0,0.0
2023-04-28 08:00:00,0.0471666666666666,34.75,0.07196,0.3929912689607887,56.51724344142587,0.1575370090843265,0.0,15949.143333332102,-31.868333333299994,361.0716666633001,1639.0416666678466,0.0,0.0,0.0,1639.0416666678466,47.1666666666666,0.0,0.0,0.0
2023-04-28 09:00:00,4.705666666666667,32.75,0.00729,0.5688801097589501,56.17633211145006,0.3609872664753189,0.0,15949.143333332102,0.0,329.20333333000013,154110.58333344263,0.0,0.0,0.0,154110.58333344263,4705.666666666667,0.0,0.0,0.0
2023-04-28 10:00:00,10.459833333333334,32.5,0.0007599999999999,0.7041938360641179,55.81849683742997,0.3957767499613966,0.0,15949.143333332102,0.0,329.20333333000013,339944.5833322501,0.0,0.0,0.0,339944.5833322501,10459.833333333334,0.0,0.0,0.0
2023-04-28 11:00:00,13.117166666666668,30.0,3e-05,0.7899808659712103,56.26147590628451,0.3897030776586287,0.0,15949.143333332102,0.0,329.20333333000013,393515.0000009999,0.0,0.0,0.0,393515.0000009999,13117.166666666668,0.0,0.0,0.0
2023-04-28 12:00:00,9.995333333333331,29.0,0.0,0.8231004173390902,56.63061381085139,0.6471061530480017,0.0,15949.143333332102,0.0,329.20333333000013,289864.6666665699,0.0,0.0,0.0,289864.6666665699,9995.33333333333,0.0,0.0,0.0
2023-04-28 13:00:00,11.280833333333334,27.5,0.0,0.802799674633823,55.77772501987221,0.6173259813357621,0.0,15949.143333332102,0.0,329.20333333000013,310222.91666575015,0.0,0.0,0.0,310222.91666575015,11280.833333333334,0.0,0.0,0.0
2023-04-28 14:00:00,11.2525,27.5,0.0,0.729537990082037,53.12571344068757,0.482399657811874,0.0,15949.143333332102,0.0,329.20333333000013,309443.75,0.0,0.0,0.0,309443.75,11252.5,0.0,0.0,0.0
2023-04-28 15:00:00,9.696,26.0,0.0,0.6057037561333608,54.43406692591376,0.5194608522072818,0.0,15949.143333332102,0.0,329.20333333000013,252096.0,0.0,0.0,0.0,252096.0,9696.0,0.0,0.0,0.0
2023-04-28 16:00:00,3.47,27.5,0.0,0.4384094066423931,51.962008403539535,0.3598322214631952,0.0,15949.143333332102,0.0,329.20333333000013,95425.0,0.0,0.0,0.0,95425.0,3470.0,0.0,0.0,0.0
2023-04-28 17:00:00,8.956666666666667,31.75,0.0,0.2457967434750823,50.23904958967074,0.1912701711084088,0.0,15949.143333332102,0.0,329.20333333000013,284374.1666667726,0.0,0.0,0.0,284374.1666667726,8956.666666666668,0.0,0.0,0.0
2023-04-28 18:00:00,6.957333333333334,35.5,0.0,0.0733814084933987,52.06261285937119,0.1531937600812341,0.0,15949.143333332102,0.0,329.20333333000013,246985.33333321486,0.0,0.0,0.0,246985.33333321486,6957.333333333334,0.0,0.0,0.0
2023-04-28 19:00:00,6.872833333333333,36.75,0.0,0.0035787541223959,49.81766128852146,0.0591576926321045,0.0,15949.143333332102,0.0,329.20333333000013,252576.6250000657,0.0,0.0,0.0,252576.6250000657,6872.833333333333,0.0,0.0,0.0
2023-04-28 20:00:00,12.2545,36.0,0.0,0.0,50.52920004247195,0.0031403419093236,0.0,15949.143333332102,0.0,329.20333333000013,441162.0,0.0,0.0,0.0,441162.0,12254.5,0.0,0.0,0.0
2023-04-28 21:00:00,3.839166666666667,36.75,0.0,0.0,50.06825051947902,0.0,0.0,15949.143333332102,0.0,329.20333333000013,141089.3750001225,0.0,0.0,0.0,141089.3750001225,3839.166666666667,0.0,0.0,0.0
2023-04-28 22:00:00,0.0541666666666666,36.0,0.0,0.0,50.49009646649511,0.0,0.0,15949.143333332102,0.0,329.20333333000013,1950.0000000012,0.0,0.0,0.0,1950.0000000012,54.1666666666666,0.0,0.0,0.0
2023-04-28 23:00:00,0.0533333333333332,36.5,0.0,0.0,48.66954053817261,0.0,0.0,15949.143333332102,0.0,329.20333333000013,1946.6666666654498,0.0,0.0,0.0,1946.6666666654498,53.3333333333332,0.0,0.0,0.0
2023-04-29 00:00:00,0.0543333333333332,37.5,0.0,0.0,48.40667026820972,0.0,0.0,15949.143333332102,0.0,329.20333333000013,2037.49999999875,0.0,0.0,0.0,2037.49999999875,54.3333333333332,0.0,0.0,0.0
2023-04-29 01:00:00,0.0546666666666666,39.0,0.0,0.0,47.53983188447917,0.0,0.0,15949.143333332102,0.0,329.20333333000013,2132.0000000013,0.0,0.0,0.0,2132.0000000013,54.6666666666666,0.0,0.0,0.0
2023-04-29 02:00:00,0.0554999999999999,38.75,0.0,0.0,46.21832962637163,0.0,0.0,15949.143333332102,0.0,329.20333333000013,2150.625,0.0,0.0,0.0,2150.625,55.49999999999989,0.0,0.0,0.0
2023-04-29 03:00:00,0.0554999999999999,38.0,0.0,0.0,48.49522796884761,0.0,0.0,15949.143333332102,0.0,329.20333333000013,2109.0,0.0,0.0,0.0,2109.0,55.49999999999989,0.0,0.0,0.0
2023-04-29 04:00:00,0.0551666666666665,39.0,0.0,0.0,49.76561349046716,0.0,0.0,15949.143333332102,0.0,329.20333333000013,2151.5000000013,0.0,0.0,0.0,2151.5000000013,55.1666666666665,0.0,0.0,0.0
2023-04-29 05:00:00,0.0546666666666666,38.25,0.0,0.0007962852231416,50.80961267320031,0.0,0.0,15949.143333332102,46.4666666667,329.20333333000013,2091.0000000012988,0.0,116.16666666675,0.0,2207.166666668049,54.6666666666666,0.0,0.0,0.0
2023-04-29 06:00:00,0.0594999999999999,37.0,0.0,0.0464395696973777,52.74374593592273,0.0,0.0,15949.143333332102,0.0,375.66999999670014,2201.5,0.0,0.0,0.0,2201.5,59.4999999999999,0.0,0.0,0.0
2023-04-29 07:00:00,0.0531666666666666,36.0,0.0,0.201510470820736,54.08581873204509,0.0096356410475877,0.0,15949.143333332102,0.0,375.66999999670014,1914.0000000012224,0.0,0.0,0.0,1914.0000000012224,53.1666666666666,0.0,0.0,0.0
2023-04-29 08:00:00,0.0525,35.0,0.0,0.3948694819558309,54.62024054211664,0.0536375213484478,0.0,15949.143333332102,0.0,375.66999999670014,1837.5,0.0,0.0,0.0,1837.5,52.5,0.0,0.0,0.0
2023-04-29 09:00:00,0.0523333333333333,34.5,0.0,0.5701378002412522,53.49127650495585,0.0962080339285043,0.0,15949.143333332102,0.0,375.66999999670014,1805.4999999988286,0.0,0.0,0.0,1805.4999999988286,52.3333333333333,0.0,0.0,0.0
2023-04-29 10:00:00,3.6341666666666663,33.25,0.0,0.7049400593451122,51.27930112856433,0.2458405971527099,0.0,15949.143333332102,0.0,375.66999999670014,120836.04166677763,0.0,0.0,0.0,120836.04166677763,3634.1666666666665,0.0,0.0,0.0
2023-04-29 11:00:00,4.680833333333333,26.25,0.0,0.7903633796784014,51.88864606155029,0.3066230772295569,0.0,15949.143333332102,0.0,375.66999999670014,122871.8749999124,0.0,0.0,0.0,122871.8749999124,4680.833333333333,0.0,0.0,0.0
2023-04-29 12:00:00,0.1096666666666666,21.0,0.0,0.8232658102511574,49.95831251746657,0.2330323938223032,0.0,15949.143333332102,0.0,375.66999999670014,2303.0000000071304,0.0,0.0,0.0,2303.0000000071304,109.6666666666666,0.0,0.0,0.0
2023-04-29 13:00:00,5.087666666666666,20.0,0.0,0.8028914241131918,48.97988463394525,0.3711482043144031,0.0,15949.143333332102,0.0,375.66999999670014,101753.33333340008,0.0,0.0,0.0,101753.33333340008,5087.666666666666,0.0,0.0,0.0
2023-04-29 14:00:00,0.0679999999999999,20.25,0.0,0.7297066326684728,49.006892832057424,0.5039674331795456,0.0,15949.143333332102,0.0,375.66999999670014,1377.0,0.0,0.0,0.0,1377.0,67.9999999999999,0.0,0.0,0.0
2023-04-29 15:00:00,0.0711666666666666,20.75,0.0,0.6061171249371228,48.89424938472277,0.4438920515011518,0.0,15949.143333332102,0.0,375.66999999670014,1476.708333334038,0.0,0.0,0.0,1476.708333334038,71.1666666666666,0.0,0.0,0.0
2023-04-29 16:00:00,2.168333333333333,21.0,0.0,0.4392457391023246,48.09679512628489,0.3093080347827357,0.0,15949.143333332102,0.0,375.66999999670014,45534.99999992992,0.0,0.0,0.0,45534.99999992992,2168.333333333333,0.0,0.0,0.0
2023-04-29 17:00:00,9.4075,20.75,0.0,0.2471590532440353,49.2133232126704,0.2082839321886372,0.0,15949.143333332102,0.0,375.66999999670014,195205.625,0.0,0.0,0.0,195205.625,9407.5,0.0,0.0,0.0
2023-04-29 18:00:00,9.9575,26.75,0.0,0.0748280028491913,48.87114973985838,0.1183932486151018,0.0,15949.143333332102,0.0,375.66999999670014,266363.125002866,0.0,0.0,0.0,266363.125002866,9957.5,0.0,0.0,0.0
2023-04-29 19:00:00,9.3735,33.5,0.0,0.0039320269918426,51.05431129449383,0.0873545303813412,0.0,15949.143333332102,0.0,375.66999999670014,314012.2500001886,0.0,0.0,0.0,314012.2500001886,9373.5,0.0,0.0,0.0
2023-04-29 20:00:00,6.168666666666667,34.0,0.0,0.0,49.03535976740823,0.0028259828819646,0.0,15949.143333332102,0.0,375.66999999670014,209734.66666678002,0.0,0.0,0.0,209734.66666678002,6168.666666666667,0.0,0.0,0.0
2023-04-29 21:00:00,5.482833333333333,34.0,0.0,0.0,49.0658276620983,0.0,0.0,15949.143333332102,0.0,375.66999999670014,186416.33333321998,0.0,0.0,0.0,186416.33333321998,5482.833333333333,0.0,0.0,0.0
2023-04-29 22:00:00,7.429833333333334,33.75,0.0,0.0,50.52467645299389,0.0,0.0,15949.143333332102,0.0,375.66999999670014,250756.87499988748,0.0,0.0,0.0,250756.87499988748,7429.833333333334,0.0,0.0,0.0
2023-04-29 23:00:00,5.0648333333333335,33.75,0.0,0.0,50.828448842642615,0.0,0.0,15949.143333332102,0.0,375.66999999670014,170938.12499988748,0.0,0.0,0.0,170938.12499988748,5064.833333333334,0.0,0.0,0.0
2023-04-30 00:00:00,0.0524999999999999,32.0,0.0,0.0,48.81650058733153,0.0,0.0,15949.143333332102,0.0,375.66999999670014,1680.0,0.0,0.0,0.0,1680.0,52.4999999999999,0.0,0.0,0.0
2023-04-30 01:00:00,0.0516666666666666,28.0,0.0,0.0,49.30892683384658,0.0,0.0,15949.143333332102,0.0,375.66999999670014,1446.6666666676,0.0,0.0,0.0,1446.6666666676,51.6666666666666,0.0,0.0,0.0
2023-04-30 02:00:00,0.0524999999999999,22.25,0.0,0.0,48.73749908212145,0.0,0.0,15949.143333332102,0.0,375.66999999670014,1168.125,0.0,0.0,0.0,1168.125,52.4999999999999,0.0,0.0,0.0
2023-04-30 03:00:00,0.0529999999999999,18.75,0.0,0.0,48.92288558698138,0.0,0.0,15949.143333332102,0.0,375.66999999670014,993.75,0.0,0.0,0.0,993.75,52.9999999999999,0.0,0.0,0.0
2023-04-30 04:00:00,0.0533333333333332,16.0,0.0,0.0,48.56918572692271,0.0,0.0,15949.143333332102,0.0,375.66999999670014,853.3333333328,0.0,0.0,0.0,853.3333333328,53.3333333333332,0.0,0.0,0.0
2023-04-30 05:00:00,0.0529999999999999,16.0,0.0,0.0009723231630199,47.843023318356046,0.0,0.0,15949.143333332102,0.0,375.66999999670014,848.0,0.0,0.0,0.0,848.0,52.9999999999999,0.0,0.0,0.0
2023-04-30 06:00:00,0.0533333333333332,15.0,0.0,0.0482007858580892,49.93032465364036,0.0010460683652478,0.0,15949.143333332102,0.0,375.66999999670014,799.9999999994907,0.0,0.0,0.0,799.9999999994907,53.3333333333332,0.0,0.0,0.0
2023-04-30 07:00:00,0.0533333333333332,15.25,0.0,0.2038170186254825,48.011012103668776,0.0339800854829641,0.0,15949.143333332102,0.0,375.66999999670014,813.3333333328155,0.0,0.0,0.0,813.3333333328155,53.3333333333332,0.0,0.0,0.0
2023-04-30 08:00:00,0.6086666666666667,15.75,0.0,0.3966733217190172,47.7799270641621,0.1135817097394894,0.0,15949.143333332102,0.0,375.66999999670014,9586.500000005348,0.0,0.0,0.0,9586.500000005348,608.6666666666667,0.0,0.0,0.0
2023-04-30 09:00:00,7.268499999999999,16.0,0.0,0.5713302379565022,47.31016076843844,0.1813370085170126,0.0,15949.143333332102,0.0,375.66999999670014,116296.0,0.0,0.0,0.0,116296.0,7268.499999999998,0.0,0.0,0.0
2023-04-30 10:00:00,7.376166666666666,16.0,0.0,0.7056314188759791,49.02166622372936,0.2875742750901442,0.0,15949.143333332102,0.0,375.66999999670014,118018.66666672006,0.0,0.0,0.0,118018.66666672006,7376.166666666666,0.0,0.0,0.0
2023-04-30 11:00:00,7.265333333333333,16.5,0.0,0.7907008575276454,50.69653117493992,0.2701247014754858,0.0,15949.143333332102,0.0,375.66999999670014,119877.99999994494,0.0,0.0,0.0,119877.99999994494,7265.333333333333,0.0,0.0,0.0
2023-04-30 12:00:00,6.775166666666667,16.0,0.0,0.8233950098245022,52.75722684969813,0.1685933336437258,0.0,15949.143333332102,0.0,375.66999999670014,108402.66666672006,0.0,0.0,0.0,108402.66666672006,6775.166666666667,0.0,0.0,0.0
2023-04-30 13:00:00,7.393999999999999,16.0,0.0,0.8029547296658052,53.03622230166653,0.093825214092548,0.0,15949.143333332102,0.0,375.66999999670014,118304.0,0.0,0.0,0.0,118304.0,7393.999999999999,0.0,0.0,0.0
2023-04-30 14:00:00,7.071833333333333,17.0,0.0,0.7298533104080344,51.943162811960775,0.1060313673916025,0.0,15949.143333332102,0.0,375.66999999670014,120221.16666660993,0.0,0.0,0.0,120221.16666660993,7071.833333333333,0.0,0.0,0.0
2023-04-30 15:00:00,9.739833333333332,17.0,0.0,0.6065131958293811,52.87325290648225,0.0749805984334048,0.0,15949.143333332102,0.0,375.66999999670014,165577.16666660993,0.0,0.0,0.0,165577.16666660993,9739.833333333332,0.0,0.0,0.0
2023-04-30 16:00:00,6.937666666666668,17.0,0.0,0.4400665604142078,55.00018811433271,0.0923819660936665,0.0,15949.143333332102,2554.9900000032994,375.66999999670014,117940.33333339007,0.0,6387.475000008249,0.0,124327.80833339831,6937.666666666668,0.0,0.0,0.0
2023-04-30 17:00:00,12.286333333333332,16.25,0.0,0.2485043997660846,52.59056294272528,0.1110464958451752,0.0,15949.143333332102,0.0,2930.6599999999994,199652.91666612506,0.0,0.0,0.0,199652.91666612506,12286.333333333332,0.0,0.0,0.0
2023-04-30 18:00:00,10.815166666666668,20.5,0.0,0.0762654323440923,53.90134136367722,0.1410993165236253,0.0,15949.143333332102,0.0,2930.6599999999994,221710.9166695886,0.0,0.0,0.0,221710.9166695886,10815.166666666668,0.0,0.0,0.0
2023-04-30 19:00:00,2.0976666666666666,27.0,0.0,0.0043025660401436,53.03258802758764,0.0939562394883897,0.0,15949.143333332102,0.0,2930.6599999999994,56637.00000025629,0.0,0.0,0.0,56637.00000025629,2097.6666666666665,0.0,0.0,0.0
2023-04-30 20:00:00,0.0591666666666666,31.5,0.0,0.0,50.94404562286438,0.0100135042051522,0.0,15949.143333332102,0.0,2930.6599999999994,1863.75000000105,0.0,0.0,0.0,1863.75000000105,59.16666666666659,0.0,0.0,0.0
2023-04-30 21:00:00,0.0534999999999999,32.0,0.0,0.0,48.845158393208685,0.0,0.0,15949.143333332102,0.0,2930.6599999999994,1712.0,0.0,0.0,0.0,1712.0,53.4999999999999,0.0,0.0,0.0
2023-04-30 22:00:00,0.0538333333333332,31.25,0.0,0.0,48.12830046148464,0.0,0.0,15949.143333332102,0.0,2930.6599999999994,1682.291666665625,0.0,0.0,0.0,1682.291666665625,53.8333333333332,0.0,0.0,0.0
2023-04-30 23:00:00,0.0539999999999999,31.25,0.0,0.0,47.08522057508521,0.0,0.0,15949.143333332102,0.0,2930.6599999999994,1687.5,0.0,0.0,0.0,1687.5,53.9999999999999,0.0,0.0,0.0
2023-05-01 00:00:00,0.0524999999999999,30.75,0.0,0.0,52.01999999999999,0.0,0.0,15949.143333332102,0.0,2930.6599999999994,1614.375,0.0,0.0,0.0,1614.375,52.4999999999999,0.0,0.0,0.0
2023-05-01 01:00:00,0.0528333333333333,28.5,0.0,0.0,50.03634747016597,0.0,0.0,15949.143333332102,0.0,2930.6599999999994,1505.7499999990498,0.0,0.0,0.0,1505.7499999990498,52.8333333333333,0.0,0.0,0.0
2023-05-01 02:00:00,0.0521666666666666,28.5,0.0,0.0,51.17838446856294,0.0,0.0,15949.143333332102,0.0,2930.6599999999994,1486.7500000009502,0.0,0.0,0.0,1486.7500000009502,52.1666666666666,0.0,0.0,0.0
2023-05-01 03:00:00,0.052,28.25,0.0,0.0,52.35593822508244,0.0,0.0,15949.143333332102,0.0,2930.6599999999994,1469.0,0.0,0.0,0.0,1469.0,52.0,0.0,0.0,0.0
2023-05-01 04:00:00,0.0518333333333333,28.5,0.0,0.0,53.61033428856442,0.0,0.0,15949.143333332102,0.0,2930.6599999999994,1477.2499999990498,0.0,0.0,0.0,1477.2499999990498,51.8333333333333,0.0,0.0,0.0
2023-05-01 05:00:00,0.0515,28.5,0.0,0.0011689675395,54.67874673073117,0.0,0.0,15949.143333332102,0.0,2930.6599999999994,1467.75,0.0,0.0,0.0,1467.75,51.5,0.0,0.0,0.0
2023-05-01 06:00:00,0.0516666666666666,28.5,0.0,0.0499370123717238,55.95358394541619,0.0,0.0,15949.143333332102,0.0,2930.6599999999994,1472.5000000009677,0.0,0.0,0.0,1472.5000000009677,51.6666666666666,0.0,0.0,0.0
2023-05-01 07:00:00,0.0518333333333333,28.75,0.0,0.2060505613758842,54.25046246149875,0.0303249572236568,0.0,15949.143333332102,0.0,2930.6599999999994,1490.2083333323571,0.0,0.0,0.0,1490.2083333323571,51.8333333333333,0.0,0.0,0.0
2023-05-01 08:00:00,0.1256666666666666,23.5,0.0,0.3984031820736884,55.60461559396254,0.0585424788792928,0.0,15949.143333332102,0.0,2930.6599999999994,2953.166666674646,0.0,0.0,0.0,2953.166666674646,125.6666666666666,0.0,0.0,0.0
2023-05-01 09:00:00,6.591,22.5,0.0,0.57245805275943,53.43580028777409,0.1428429056640364,0.0,15949.143333332102,0.0,2930.6599999999994,148297.5,0.0,0.0,0.0,148297.5,6591.0,0.0,0.0,0.0
2023-05-01 10:00:00,6.5605,19.25,0.0,0.7062687307095875,52.96144298895568,0.1059065808190239,0.0,15949.143333332102,0.0,2930.6599999999994,126289.625,0.0,0.0,0.0,126289.625,6560.5,0.0,0.0,0.0
2023-05-01 11:00:00,6.771666666666667,16.0,0.0,0.7909942609872735,53.6418079911445,0.0946933333894126,0.0,15949.143333332102,0.0,2930.6599999999994,108346.66666672006,0.0,0.0,0.0,108346.66666672006,6771.666666666667,0.0,0.0,0.0
2023-05-01 12:00:00,6.574666666666666,15.0,0.0,0.8234890744753144,55.71982921280048,0.1087731627113798,0.0,15949.143333332102,0.0,2930.6599999999994,98620.00000005006,0.0,0.0,0.0,98620.00000005006,6574.666666666666,0.0,0.0,0.0
2023-05-01 13:00:00,6.594,15.0,0.0,0.8029906912288657,53.861672909382605,0.4474582893828042,0.0,15949.143333332102,0.0,2930.6599999999994,98910.0,0.0,0.0,0.0,98910.0,6594.0,0.0,0.0,0.0
2023-05-01 14:00:00,6.094,15.0,0.0,0.7299791001498108,55.31949052447589,0.3278494869949471,0.0,15949.143333332102,0.0,2930.6599999999994,91410.0,0.0,0.0,0.0,91410.0,6094.0,0.0,0.0,0.0
2023-05-01 15:00:00,5.4093333333333335,15.0,0.0,0.606892950829114,54.332723209118654,0.1771734183058779,0.0,15949.143333332102,0.0,2930.6599999999994,81139.99999994994,0.0,0.0,0.0,81139.99999994994,5409.333333333334,0.0,0.0,0.0
2023-05-01 16:00:00,4.7058333333333335,15.0,0.0,0.440872697084127,52.057041891786376,0.0852758972461407,0.0,15949.143333332102,0.0,2930.6599999999994,70587.49999994994,0.0,0.0,0.0,70587.49999994994,4705.833333333334,0.0,0.0,0.0
2023-05-01 17:00:00,5.151166666666667,15.75,0.0,0.2498334197308609,51.9877666062128,0.2087305134178227,0.0,15949.143333332102,0.0,2930.6599999999994,81130.87500005256,0.0,0.0,0.0,81130.87500005256,5151.166666666667,0.0,0.0,0.0
2023-05-01 18:00:00,7.2815,20.75,0.0,0.0776935888200407,50.58373201097489,0.0834200001170492,0.0,15949.143333332102,0.0,2930.6599999999994,151091.125,0.0,0.0,0.0,151091.125,7281.5,0.0,0.0,0.0
2023-05-01 19:00:00,7.382833333333333,26.75,0.0,0.004690274554549,50.231373816935225,0.1039624783116528,0.0,15949.143333332102,0.0,2930.6599999999994,197490.79166675705,0.0,0.0,0.0,197490.79166675705,7382.833333333333,0.0,0.0,0.0
2023-05-01 20:00:00,10.41,30.75,0.0,0.0,50.858843911964165,0.0302568375319242,0.0,15949.143333332102,0.0,2930.6599999999994,320107.5,0.0,0.0,0.0,320107.5,10410.0,0.0,0.0,0.0
2023-05-01 21:00:00,10.4225,33.75,0.0,0.0,50.95109907156138,0.0,0.0,15949.143333332102,0.0,2930.6599999999994,351759.375,0.0,0.0,0.0,351759.375,10422.5,0.0,0.0,0.0
2023-05-01 22:00:00,11.594333333333331,33.75,0.0,0.0,51.35758138281032,0.0,0.0,15949.143333332102,0.0,2930.6599999999994,391308.74999887496,0.0,0.0,0.0,391308.74999887496,11594.333333333332,0.0,0.0,0.0
2023-05-01 23:00:00,0.1669999999999999,31.5,0.0,0.0,53.01655324858695,0.0,0.0,15949.143333332102,0.0,2930.6599999999994,5260.5,0.0,0.0,0.0,5260.5,166.9999999999999,0.0,0.0,0.0
2023-05-02 00:00:00,0.0554999999999999,22.0,0.0,0.0,52.964435259739325,0.0,0.0,15949.143333332102,0.0,2930.6599999999994,1221.0,0.0,0.0,0.0,1221.0,55.49999999999989,0.0,0.0,0.0
2023-05-02 01:00:00,0.0531666666666666,22.25,0.3400399999999999,0.0,52.5218844720507,0.0,0.0,15949.143333332102,-294.84833333330005,2930.6599999999994,1182.9583333340752,0.0,0.0,0.0,1182.9583333340752,53.1666666666666,0.0,0.0,0.0
2023-05-02 02:00:00,0.0535,23.25,0.41563,0.0,51.019321740322034,0.0,0.0,15949.143333332102,-370.155,2635.8116666666992,1243.875,0.0,0.0,0.0,1243.875,53.5,0.0,0.0,0.0
2023-05-02 03:00:00,0.0541666666666666,23.25,0.215395,0.0,52.30949234639664,0.0,0.0,15949.143333332102,-169.35333333330001,2265.6566666666995,1259.3750000007751,0.0,0.0,0.0,1259.3750000007751,54.1666666666666,0.0,0.0,0.0
2023-05-02 04:00:00,0.0533333333333333,25.0,0.282565,0.0,53.73867678357151,0.0,0.0,15949.143333332102,-237.2316666667,2096.3033333333997,1333.3333333325,0.0,0.0,0.0,1333.3333333325,53.3333333333333,0.0,0.0,0.0
2023-05-02 05:00:00,0.0534999999999999,26.0,0.3635649999999999,0.001385698926679,54.48465451601628,0.0,0.0,15949.143333332102,-318.09,1859.0716666666997,1391.0,0.0,0.0,0.0,1391.0,53.4999999999999,0.0,0.0,0.0
2023-05-02 06:00:00,0.0526666666666666,33.5,0.33581,0.051645246581269,52.85627335869304,0.0025107692137487,0.0,15949.143333332102,-291.0433333333,1540.9816666666998,1764.3333333344708,0.0,0.0,0.0,1764.3333333344708,52.6666666666666,0.0,0.0,0.0
2023-05-02 07:00:00,0.051,37.25,0.4089899999999999,0.2082109345220206,53.2336651765614,0.0522392304942139,0.0,15949.143333332102,-365.64,1249.9383333334,1899.75,0.0,0.0,0.0,1899.75,51.0,0.0,0.0,0.0
2023-05-02 08:00:00,0.0504999999999999,35.5,0.4298749999999999,0.4000594768424863,52.57416261748287,0.2451711961143037,0.0,15949.143333332102,-386.95,884.2983333334,1792.75,0.0,0.0,0.0,1792.75,50.4999999999999,0.0,0.0,0.0
2023-05-02 09:00:00,0.056,33.75,0.1374049999999999,0.5735218918034098,53.75931784046996,0.2983651283459785,0.0,15949.143333332102,-89.805,497.34833333340003,1890.0,0.0,0.0,0.0,1890.0,56.0,0.0,0.0,0.0
2023-05-02 10:00:00,0.0528333333333333,32.25,0.2482899999999999,0.7068528258271355,51.40281032501463,0.2172693169422638,0.0,15949.143333332102,-203.3816666667,407.5433333334,1703.874999998905,0.0,0.0,0.0,1703.874999998905,52.8333333333333,0.0,0.0,0.0
2023-05-02 11:00:00,0.0533333333333332,32.25,0.249495,0.7912445639159462,52.4421145808638,0.2275014538235135,0.0,15949.143333332102,-204.1616666667,204.1616666667,1719.999999998905,0.0,0.0,0.0,1719.999999998905,53.3333333333332,0.0,0.0,0.0
2023-05-02 12:00:00,0.0534999999999999,28.75,0.003245,0.8235490726204682,54.23483759755382,0.2067955559950608,0.0,15949.143333332102,0.0,0.0,1538.125,0.0,0.0,0.0,1538.125,53.4999999999999,0.0,0.0,0.0
2023-05-02 13:00:00,0.0594999999999999,24.25,0.000525,0.803000416522036,54.0326301047807,0.4453881196894197,0.0,15949.143333332102,0.0,0.0,1442.875,0.0,0.0,0.0,1442.875,59.4999999999999,0.0,0.0,0.0
2023-05-02 14:00:00,0.0521666666666666,23.25,0.0,0.7300850845174708,52.67250987258428,0.6916167505378398,0.0,15949.143333332102,0.0,0.0,1212.8750000007894,0.0,0.0,0.0,1212.8750000007894,52.1666666666666,0.0,0.0,0.0
2023-05-02 15:00:00,0.0728333333333333,22.5,0.0,0.6072573761077434,50.4024289744246,0.653724784851074,0.0,15949.143333332102,0.0,0.0,1638.749999999236,0.0,0.0,0.0,1638.749999999236,72.8333333333333,0.0,0.0,0.0
2023-05-02 16:00:00,9.535833333333333,21.5,0.0,0.44166497842776,50.93560359190877,0.5393623058612531,0.0,15949.143333332102,0.0,0.0,205020.41666659492,0.0,0.0,0.0,205020.41666659492,9535.833333333332,0.0,0.0,0.0
2023-05-02 17:00:00,12.3195,22.75,0.0,0.2511467515613105,50.41879198667097,0.4239679473485702,0.0,15949.143333332102,0.0,0.0,280268.625,0.0,0.0,0.0,280268.625,12319.5,0.0,0.0,0.0
2023-05-02 18:00:00,12.325166666666666,31.5,0.0,0.0791124024979025,50.85162541849589,0.2785308541191948,0.0,15949.143333332102,0.0,0.0,388242.7500046181,0.0,0.0,0.0,388242.7500046181,12325.166666666666,0.0,0.0,0.0
2023-05-02 19:00:00,12.312,38.75,0.0,0.005094780891825,51.01301253922212,0.1009332477944528,0.0,15949.143333332102,0.0,0.0,477090.0000002826,0.0,0.0,0.0,477090.0000002826,12312.0,0.0,0.0,0.0
2023-05-02 20:00:00,12.302,41.25,0.0,0.0,52.62995916291194,0.0109168376239876,0.0,15949.143333332102,0.0,0.0,507457.5,0.0,0.0,0.0,507457.5,12302.0,0.0,0.0,0.0
2023-05-02 21:00:00,12.291666666666666,42.25,0.0,0.0,51.55881402942211,0.0,0.0,15949.143333332102,0.0,0.0,519322.916668075,0.0,0.0,0.0,519322.916668075,12291.666666666666,0.0,0.0,0.0
2023-05-02 22:00:00,0.8026666666666666,41.75,0.0,0.0,53.71291916171143,0.0,0.0,15949.143333332102,0.0,0.0,33511.33333334725,0.0,0.0,0.0,33511.33333334725,802.6666666666666,0.0,0.0,0.0
2023-05-02 23:00:00,0.0808333333333333,39.5,0.0,0.0,55.314266571450354,0.0,0.0,15949.143333332102,0.0,0.0,3192.91666666535,0.0,0.0,0.0,3192.91666666535,80.8333333333333,0.0,0.0,0.0
2023-05-03 00:00:00,0.0811666666666666,31.0,0.0,0.0,55.44107729957502,0.0,0.0,15949.143333332102,0.0,0.0,2516.1666666676997,0.0,0.0,0.0,2516.1666666676997,81.1666666666666,0.0,0.0,0.0
2023-05-03 01:00:00,0.0865,31.25,0.0,0.0,54.33512134335456,0.0,0.0,15949.143333332102,0.0,0.0,2703.125,0.0,0.0,0.0,2703.125,86.5,0.0,0.0,0.0
2023-05-03 02:00:00,0.0813333333333333,32.25,0.0,0.0,56.392476810688265,0.0,0.0,15949.143333332102,0.0,0.0,2622.999999998925,0.0,0.0,0.0,2622.999999998925,81.3333333333333,0.0,0.0,0.0
2023-05-03 03:00:00,0.0811666666666666,32.5,0.0,0.0,54.38915849771397,0.0,0.0,15949.143333332102,0.0,0.0,2637.9166666677497,0.0,0.0,0.0,2637.9166666677497,81.1666666666666,0.0,0.0,0.0
2023-05-03 04:00:00,0.0805,34.25,0.0,0.0,52.52279744934178,0.0,0.0,15949.143333332102,0.0,0.0,2757.125,0.0,0.0,0.0,2757.125,80.5,0.0,0.0,0.0
2023-05-03 05:00:00,0.0805,36.25,0.0,0.0016219427437258,50.54817657646293,0.0,0.0,15949.143333332102,0.0,0.0,2918.125,0.0,0.0,0.0,2918.125,80.5,0.0,0.0,0.0
2023-05-03 06:00:00,0.0805,36.5,0.0,0.0533227800896224,50.84385176547582,0.0049907692528178,0.0,15949.143333332102,0.0,0.0,2938.25,0.0,0.0,0.0,2938.25,80.5,0.0,0.0,0.0
2023-05-03 07:00:00,0.0793333333333333,34.5,0.0,0.210298012330877,52.61355453563856,0.0445101711077567,0.0,15949.143333332102,0.0,0.0,2736.9999999988286,0.0,0.0,0.0,2736.9999999988286,79.3333333333333,0.0,0.0,0.0
2023-05-03 08:00:00,0.082,36.0,0.0,0.4016426357207642,51.41564609506574,0.2391823930006761,0.0,15949.143333332102,0.0,0.0,2952.0,0.0,0.0,0.0,2952.0,82.0,0.0,0.0,0.0
2023-05-03 09:00:00,0.094,34.25,0.0,0.5745224155719443,49.31874132636745,0.4116547886123005,0.0,15949.143333332102,0.0,0.0,3219.5,0.0,0.0,0.0,3219.5,94.0,0.0,0.0,0.0
2023-05-03 10:00:00,0.0766666666666666,31.0,0.0,0.7073845466666486,50.63524496372696,0.5528523939083787,0.0,15949.143333332102,0.0,0.0,2376.6666666677193,0.0,0.0,0.0,2376.6666666677193,76.6666666666666,0.0,0.0,0.0
2023-05-03 11:00:00,0.0523333333333333,21.75,0.0,0.7914527498527679,52.94514899837845,0.6523505127735627,0.0,15949.143333332102,0.0,0.0,1138.2499999992615,0.0,0.0,0.0,1138.2499999992615,52.3333333333333,0.0,0.0,0.0
2023-05-03 12:00:00,0.0531666666666666,20.0,0.0,0.8235760808447101,52.24243763304576,0.6950539293859758,0.0,15949.143333332102,0.0,0.0,1063.3333333340124,0.0,0.0,0.0,1063.3333333340124,53.1666666666666,0.0,0.0,0.0
2023-05-03 13:00:00,0.0606666666666666,19.5,0.0,0.8029850201858525,52.75388256625597,0.716929570385534,0.0,15949.143333332102,0.0,0.0,1183.000000000662,0.0,0.0,0.0,1183.000000000662,60.6666666666666,0.0,0.0,0.0
2023-05-03 14:00:00,0.0589999999999999,17.5,0.0,0.7301723521184177,54.156876831196605,0.7014870968028013,0.0,15949.143333332102,0.0,0.0,1032.5,0.0,0.0,0.0,1032.5,58.9999999999999,0.0,0.0,0.0
2023-05-03 15:00:00,6.408333333333334,14.25,0.0,0.6076074632636571,54.23500590227786,0.6517706011910727,0.0,15949.143333332102,0.0,0.0,91318.74999995244,0.0,0.0,0.0,91318.74999995244,6408.333333333334,0.0,0.0,0.0
2023-05-03 16:00:00,12.319666666666665,14.5,0.0,0.4424442388676592,54.42598423510051,0.560861284304888,0.0,15949.143333332102,0.0,0.0,178635.16666714993,0.0,0.0,0.0,178635.16666714993,12319.666666666664,0.0,0.0,0.0
2023-05-03 17:00:00,4.515833333333334,16.25,0.0,0.2524450382452212,53.48969329313079,0.4243923089443109,0.0,15949.143333332102,0.0,0.0,73382.29166661244,0.0,0.0,0.0,73382.29166661244,4515.833333333334,0.0,0.0,0.0
2023-05-03 18:00:00,0.0516666666666666,22.75,0.0,0.0805218409984941,51.0772825593191,0.2637972650772486,0.0,15949.143333332102,0.0,0.0,1175.4166666674391,0.0,0.0,0.0,1175.4166666674391,51.6666666666666,0.0,0.0,0.0
2023-05-03 19:00:00,0.0554999999999999,27.5,0.0,0.0055156022424528,49.12079812665944,0.0934783755408392,0.0,15949.143333332102,0.0,0.0,1526.25,0.0,0.0,0.0,1526.25,55.49999999999989,0.0,0.0,0.0
2023-05-03 20:00:00,0.0541666666666666,29.0,0.0,0.0,48.78617328924226,0.0081348718074747,0.0,15949.143333332102,0.0,0.0,1570.8333333343,0.0,0.0,0.0,1570.8333333343,54.1666666666666,0.0,0.0,0.0
2023-05-03 21:00:00,0.0529999999999999,28.75,0.0,0.0,48.42046751212958,0.0,0.0,15949.143333332102,0.0,0.0,1523.75,0.0,0.0,0.0,1523.75,52.9999999999999,0.0,0.0,0.0
2023-05-03 22:00:00,0.0538333333333332,28.5,0.0,0.0,47.14483938134775,0.0,0.0,15949.143333332102,0.0,0.0,1534.2499999990498,0.0,0.0,0.0,1534.2499999990498,53.8333333333332,0.0,0.0,0.0
2023-05-03 23:00:00,0.0539999999999999,28.75,0.0,0.0,49.39286148629025,0.0,0.0,15949.143333332102,0.0,0.0,1552.5,0.0,0.0,0.0,1552.5,53.9999999999999,0.0,0.0,0.0
2023-05-04 00:00:00,0.0524999999999999,23.5,0.0,0.0,48.15399499416203,0.0,0.0,15949.143333332102,0.0,0.0,1233.75,0.0,0.0,0.0,1233.75,52.4999999999999,0.0,0.0,0.0
2023-05-04 01:00:00,0.1139999999999999,19.75,0.0,0.0,48.29164619026,0.0,0.0,15949.143333332102,0.0,0.0,2251.5,0.0,0.0,0.0,2251.5,113.99999999999989,0.0,0.0,0.0
2023-05-04 02:00:00,0.1721666666666666,18.75,0.0,0.0,50.01103237793839,0.0,0.0,15949.143333332102,0.0,0.0,3228.1250000062496,0.0,0.0,0.0,3228.1250000062496,172.1666666666666,0.0,0.0,0.0
2023-05-04 03:00:00,0.1111666666666666,18.75,0.0,0.0,48.53298755926028,0.0,0.0,15949.143333332102,0.0,0.0,2084.37500000625,0.0,0.0,0.0,2084.37500000625,111.1666666666666,0.0,0.0,0.0
2023-05-04 04:00:00,0.0528333333333332,18.0,0.0,0.0,48.17254291862144,0.0,0.0,15949.143333332102,0.0,0.0,950.9999999994,0.0,0.0,0.0,950.9999999994,52.8333333333332,0.0,0.0,0.0
2023-05-04 05:00:00,0.0541666666666665,18.75,0.0,0.0018771924323489,49.529308176858834,0.0,0.0,15949.143333332102,0.0,0.0,1015.6250000006366,0.0,0.0,0.0,1015.6250000006366,54.1666666666665,0.0,0.0,0.0
2023-05-04 06:00:00,0.0526666666666666,23.5,0.0,0.0549671752423951,49.28919147078808,0.0072853846344937,0.0,15949.143333332102,0.0,0.0,1237.6666666674646,0.0,0.0,0.0,1237.6666666674646,52.6666666666666,0.0,0.0,0.0
2023-05-04 07:00:00,0.0508333333333333,29.0,0.0,0.2123117035720372,48.58367268241702,0.0592450427193927,0.0,15949.143333332102,0.0,0.0,1474.166666665682,0.0,0.0,0.0,1474.166666665682,50.8333333333333,0.0,0.0,0.0
2023-05-04 08:00:00,0.0508333333333333,28.25,0.0,0.4031531009877807,50.56401808274389,0.2103586328946627,0.0,15949.143333332102,0.0,0.0,1436.0416666657075,0.0,0.0,0.0,1436.0416666657075,50.8333333333333,0.0,0.0,0.0
2023-05-04 09:00:00,8.993833333333333,27.0,0.0,0.5754602946610979,53.005029244236006,0.3820899158053928,0.0,15949.143333332102,0.0,0.0,242833.4999999099,0.0,0.0,0.0,242833.4999999099,8993.833333333332,0.0,0.0,0.0
2023-05-04 10:00:00,12.275333333333334,24.5,0.0,0.707864744190581,53.280100913467,0.5208717072315707,0.0,15949.143333332102,0.0,0.0,300745.6666658501,0.0,0.0,0.0,300745.6666658501,12275.333333333334,0.0,0.0,0.0
2023-05-04 11:00:00,12.292666666666667,20.0,0.0,0.7916198095193548,54.591036287825474,0.635982135218433,0.0,15949.143333332102,0.0,0.0,245853.3333339999,0.0,0.0,0.0,245853.3333339999,12292.666666666668,0.0,0.0,0.0
2023-05-04 12:00:00,12.314833333333333,18.0,0.0,0.823571181851754,53.417318389322695,0.6819239324586005,0.0,15949.143333332102,0.0,0.0,221666.99999940008,0.0,0.0,0.0,221666.99999940008,12314.833333333332,0.0,0.0,0.0
2023-05-04 13:00:00,8.837,18.0,0.0,0.8029456221886568,52.933607949658175,0.659767092843341,0.0,15949.143333332102,0.0,0.0,159066.0,0.0,0.0,0.0,159066.0,8837.0,0.0,0.0,0.0
2023-05-04 14:00:00,1.5275,17.75,0.0,0.7302419964015611,50.611445955021416,0.5749670931824252,0.0,15949.143333332102,0.0,0.0,27113.125,0.0,0.0,0.0,27113.125,1527.5,0.0,0.0,0.0
2023-05-04 15:00:00,0.0589999999999999,17.25,0.0,0.6079442086606669,49.392767834888254,0.6306143586248416,0.0,15949.143333332102,0.0,0.0,1017.75,0.0,0.0,0.0,1017.75,58.9999999999999,0.0,0.0,0.0
2023-05-04 16:00:00,0.0544999999999999,18.0,0.0,0.4432113176373796,49.23860710766001,0.55636957152277,0.0,15949.143333332102,0.0,0.0,981.0,0.0,0.0,0.0,981.0,54.4999999999999,0.0,0.0,0.0
2023-05-04 17:00:00,0.0598333333333333,19.0,0.0,0.2537289273005407,48.34052401417091,0.4234656413803753,0.0,15949.143333332102,0.0,0.0,1136.8333333326882,0.0,0.0,0.0,1136.8333333326882,59.8333333333333,0.0,0.0,0.0
2023-05-04 18:00:00,0.0546666666666665,21.0,0.0,0.0819219064144221,46.67961952922364,0.252690855662028,0.0,15949.143333332102,0.0,0.0,1148.000000000713,0.0,0.0,0.0,1148.000000000713,54.6666666666665,0.0,0.0,0.0
2023-05-04 19:00:00,0.1546666666666666,28.5,0.0,0.0059522655624627,48.97903236373316,0.0847970935625907,0.0,15949.143333332102,0.0,0.0,4408.000000009677,0.0,0.0,0.0,4408.000000009677,154.6666666666666,0.0,0.0,0.0
2023-05-04 20:00:00,0.9663333333333334,32.25,0.0,0.0,49.8868279204985,0.0167928205452795,0.0,15949.143333332102,0.0,0.0,31164.24999998925,0.0,0.0,0.0,31164.24999998925,966.3333333333334,0.0,0.0,0.0
2023-05-04 21:00:00,1.3618333333333332,33.5,0.0,0.0,50.730510335933005,0.0,0.0,15949.143333332102,0.0,0.0,45621.416666555,0.0,0.0,0.0,45621.416666555,1361.8333333333333,0.0,0.0,0.0
2023-05-04 22:00:00,1.7581666666666669,32.0,0.0,0.0,48.944259056821664,0.0,0.0,15949.143333332102,0.0,0.0,56261.33333344,0.0,0.0,0.0,56261.33333344,1758.166666666667,0.0,0.0,0.0
2023-05-04 23:00:00,2.234833333333333,32.25,0.0,0.0,49.10718631351509,0.0,0.0,15949.143333332102,0.0,0.0,72073.3749998925,0.0,0.0,0.0,72073.3749998925,2234.833333333333,0.0,0.0,0.0
2023-05-05 00:00:00,2.718166666666667,25.75,0.0,0.0,47.63150347039622,0.0,0.0,15949.143333332102,0.0,0.0,69992.7916667525,0.0,0.0,0.0,69992.7916667525,2718.166666666667,0.0,0.0,0.0
2023-05-05 01:00:00,3.2046666666666668,22.0,0.0,0.0,47.52593026374608,0.0,0.0,15949.143333332102,0.0,0.0,70502.66666674,0.0,0.0,0.0,70502.66666674,3204.666666666667,0.0,0.0,0.0
2023-05-05 02:00:00,3.8013333333333335,22.25,0.0,0.0,45.68060071783721,0.0,0.0,15949.143333332102,0.0,0.0,84579.6666665925,0.0,0.0,0.0,84579.6666665925,3801.3333333333335,0.0,0.0,0.0
2023-05-05 03:00:00,4.527833333333334,22.5,0.0,0.0,46.46785726680707,0.0,0.0,15949.143333332102,0.0,0.0,101876.249999925,0.0,0.0,0.0,101876.249999925,4527.833333333334,0.0,0.0,0.0
2023-05-05 04:00:00,5.3745,22.5,0.0,0.0,48.82690703893573,0.0,0.0,15949.143333332102,0.0,0.0,120926.25,0.0,0.0,0.0,120926.25,5374.5,0.0,0.0,0.0
2023-05-05 05:00:00,3.318,27.0,0.0,0.0021506185809482,48.09481071675701,0.0,0.0,15949.143333332102,0.0,0.0,89586.00000008312,0.0,0.0,0.0,89586.00000008312,3318.0,0.0,0.0,0.0
2023-05-05 06:00:00,0.0553333333333332,34.0,0.0,0.0565762419821489,50.54772477116396,0.0106427350395128,0.0,15949.143333332102,0.0,0.0,1881.3333333321789,0.0,0.0,0.0,1881.3333333321789,55.3333333333332,0.0,0.0,0.0
2023-05-05 07:00:00,0.0594999999999999,34.0,0.0,0.2142519488285306,51.42541711901728,0.0764099143509172,0.0,15949.143333332102,0.0,0.0,2023.0,0.0,0.0,0.0,2023.0,59.4999999999999,0.0,0.0,0.0
2023-05-05 08:00:00,0.0531666666666666,32.25,0.0,0.4045913260799421,52.18089216071168,0.228370426373604,0.0,15949.143333332102,0.0,0.0,1714.625000001095,0.0,0.0,0.0,1714.625000001095,53.1666666666666,0.0,0.0,0.0
2023-05-05 09:00:00,0.0524999999999999,31.0,0.0,0.5763362081490785,53.709472514478826,0.3339137616931882,0.0,15949.143333332102,0.0,0.0,1627.5,0.0,0.0,0.0,1627.5,52.4999999999999,0.0,0.0,0.0
2023-05-05 10:00:00,0.0588333333333332,29.0,0.0,0.7082942760597947,53.22053552912761,0.4349689750997429,0.0,15949.143333332102,0.0,0.0,1706.166666665682,0.0,0.0,0.0,1706.166666665682,58.8333333333332,0.0,0.0,0.0
2023-05-05 11:00:00,0.3751666666666666,23.75,0.0,0.7917467386655489,55.221368132349575,0.5360811967116138,0.0,15949.143333332102,0.0,0.0,8910.208333341398,0.0,0.0,0.0,8910.208333341398,375.1666666666666,0.0,0.0,0.0
2023-05-05 12:00:00,4.6365,20.5,0.0,0.8235354619252554,53.28791974983796,0.5997372645190642,0.0,15949.143333332102,0.0,0.0,95048.25,0.0,0.0,0.0,95048.25,4636.5,0.0,0.0,0.0
2023-05-05 13:00:00,6.6610000000000005,19.75,0.0,0.8028833447801271,51.30708722868389,0.7096581183539497,0.0,15949.143333332102,0.0,0.0,131554.75,0.0,0.0,0.0,131554.75,6661.000000000001,0.0,0.0,0.0
2023-05-05 14:00:00,7.621833333333334,19.75,0.0,0.7302951119740543,53.42695703700616,0.6198420549050356,0.0,15949.143333332102,0.0,0.0,150531.20833326742,0.0,0.0,0.0,150531.20833326742,7621.833333333334,0.0,0.0,0.0
2023-05-05 15:00:00,8.723333333333333,20.75,0.0,0.608268609036131,51.271728639165886,0.6282402560242223,0.0,15949.143333332102,0.0,0.0,181009.16666659742,0.0,0.0,0.0,181009.16666659742,8723.333333333332,0.0,0.0,0.0
2023-05-05 16:00:00,9.311666666666667,20.75,0.0,0.4439670537797042,51.7205198723205,0.4172076918121078,0.0,15949.143333332102,0.0,0.0,193217.08333340258,0.0,0.0,0.0,193217.08333340258,9311.666666666668,0.0,0.0,0.0
2023-05-05 17:00:00,10.692333333333332,28.0,0.0,0.2549990653833646,53.88714429796667,0.319961795317821,0.0,15949.143333332102,0.0,0.0,299385.3333324001,0.0,0.0,0.0,299385.3333324001,10692.333333333332,0.0,0.0,0.0
2023-05-05 18:00:00,12.3715,32.0,0.0,0.0833126284613663,55.31664684191188,0.2456404280051207,0.0,15949.143333332102,0.0,0.0,395888.0000038172,0.0,0.0,0.0,395888.0000038172,12371.5,0.0,0.0,0.0
2023-05-05 19:00:00,14.1625,32.75,0.0,0.006404506357522,53.65934370448861,0.0689545302105765,0.0,15949.143333332102,0.0,0.0,463821.87500030024,0.0,0.0,0.0,463821.87500030024,14162.5,0.0,0.0,0.0
2023-05-05 20:00:00,16.155,34.5,0.0,0.0,51.93180063526469,0.0055032478512113,0.0,15949.143333332102,0.0,0.0,557347.5,0.0,0.0,0.0,557347.5,16155.000000000002,0.0,0.0,0.0
2023-05-05 21:00:00,18.4185,35.75,0.0,0.0,53.635895103409226,0.0,0.0,15949.143333332102,0.0,0.0,658461.375,0.0,0.0,0.0,658461.375,18418.5,0.0,0.0,0.0
2023-05-05 22:00:00,19.78683333333333,34.75,0.0,0.0,53.82569102204197,0.0,0.0,15949.143333332102,0.0,0.0,687592.458332175,0.0,0.0,0.0,687592.458332175,19786.833333333332,0.0,0.0,0.0
2023-05-05 23:00:00,17.663833333333333,34.75,0.0,0.0,54.89532036446922,0.0,0.0,15949.143333332102,0.0,0.0,613818.208332175,0.0,0.0,0.0,613818.208332175,17663.833333333332,0.0,0.0,0.0
2023-05-06 00:00:00,15.442166666666669,35.0,0.0,0.0,54.57573555159688,0.0,0.0,15949.143333332102,0.0,0.0,540475.8333345001,0.0,0.0,0.0,540475.8333345001,15442.16666666667,0.0,0.0,0.0
2023-05-06 01:00:00,13.447166666666666,34.5,0.0,0.0,53.46130252245993,0.0,0.0,15949.143333332102,0.0,0.0,463927.25000115,0.0,0.0,0.0,463927.25000115,13447.166666666666,0.0,0.0,0.0
2023-05-06 02:00:00,11.659833333333331,35.75,0.0,0.0,51.71785949609247,0.0,0.0,15949.143333332102,0.0,0.0,416839.04166547494,0.0,0.0,0.0,416839.04166547494,11659.833333333332,0.0,0.0,0.0
2023-05-06 03:00:00,8.709,36.0,0.0,0.0,51.931158079510006,0.0,0.0,15949.143333332102,0.0,0.0,313524.0,0.0,0.0,0.0,313524.0,8709.0,0.0,0.0,0.0
2023-05-06 04:00:00,0.2726666666666666,41.25,0.0,0.0,51.15254475870851,0.0,0.0,15949.143333332102,0.0,0.0,11247.50000001375,0.0,0.0,0.0,11247.50000001375,272.66666666666663,0.0,0.0,0.0
2023-05-06 05:00:00,0.0574999999999999,41.0,0.0,0.0024410793245737,52.78932523246051,0.0,0.0,15949.143333332102,0.0,0.0,2357.5,0.0,0.0,0.0,2357.5,57.4999999999999,0.0,0.0,0.0
2023-05-06 06:00:00,0.0636666666666666,38.25,0.0,0.0581480156963173,52.91212840780123,0.0051758119231487,0.0,15949.143333332102,0.0,0.0,2435.2500000012988,0.0,0.0,0.0,2435.2500000012988,63.66666666666659,0.0,0.0,0.0
2023-05-06 07:00:00,0.0559999999999999,36.0,0.0,0.2161187194420789,50.62500407747677,0.0598953847803621,0.0,15949.143333332102,0.0,0.0,2016.0,0.0,0.0,0.0,2016.0,55.9999999999999,0.0,0.0,0.0
2023-05-06 08:00:00,0.0596666666666666,34.25,0.0,0.4059577759570132,52.880796559653845,0.2278535040830954,0.0,15949.143333332102,0.0,0.0,2043.5833333344963,0.0,0.0,0.0,2043.5833333344963,59.6666666666666,0.0,0.0,0.0
2023-05-06 09:00:00,0.0544999999999999,31.0,0.0,0.5771508436482808,54.95547116386348,0.3855050417908236,0.0,15949.143333332102,0.0,0.0,1689.5,0.0,0.0,0.0,1689.5,54.4999999999999,0.0,0.0,0.0
2023-05-06 10:00:00,0.0591666666666666,23.5,0.0,0.7086740058903592,56.05206756967157,0.5166878620375935,0.0,15949.143333332102,0.0,0.0,1390.4166666674646,0.0,0.0,0.0,1390.4166666674646,59.16666666666659,0.0,0.0,0.0
2023-05-06 11:00:00,0.0784999999999999,18.75,0.0,0.7918345362617032,57.49747091525784,0.6025877784663793,0.0,15949.143333332102,0.0,0.0,1471.875,0.0,0.0,0.0,1471.875,78.4999999999999,0.0,0.0,0.0
2023-05-06 12:00:00,2.743,18.75,0.0,0.8234700077206303,55.23515447662227,0.6650622212988703,0.0,15949.143333332102,0.0,0.0,51431.25,0.0,0.0,0.0,51431.25,2743.0,0.0,0.0,0.0
2023-05-06 13:00:00,9.195833333333333,19.5,0.0,0.8027993076193969,55.77189883000247,0.581675809876532,0.0,15949.143333332102,0.0,0.0,179318.74999993492,0.0,0.0,0.0,179318.74999993492,9195.833333333332,0.0,0.0,0.0
2023-05-06 14:00:00,7.881,19.5,0.0,0.7303327878616773,53.40665831259446,0.4289598285642445,0.0,15949.143333332102,0.0,0.0,153679.5,0.0,0.0,0.0,153679.5,7881.0,0.0,0.0,0.0
2023-05-06 15:00:00,6.668500000000001,20.5,0.0,0.6085816527100547,51.67938580250021,0.3802347861395942,0.0,15949.143333332102,0.0,0.0,136704.25,0.0,0.0,0.0,136704.25,6668.500000000001,0.0,0.0,0.0
2023-05-06 16:00:00,5.624,20.5,0.0,0.4447122754074882,53.659464843484486,0.5528133327125488,0.0,15949.143333332102,0.0,0.0,115292.0,0.0,0.0,0.0,115292.0,5624.0,0.0,0.0,0.0
2023-05-06 17:00:00,3.657833333333333,22.25,0.0,0.2562560865022383,54.36773960607484,0.4401535027658837,0.0,15949.143333332102,0.0,0.0,81386.79166659241,0.0,0.0,0.0,81386.79166659241,3657.833333333333,0.0,0.0,0.0
2023-05-06 18:00:00,0.0618333333333332,28.25,0.0,0.084694052625563,54.42028686519956,0.2684700856657109,0.0,15949.143333332102,0.0,0.0,1746.7916666657075,0.0,0.0,0.0,1746.7916666657075,61.8333333333332,0.0,0.0,0.0
2023-05-06 19:00:00,0.0628333333333332,32.0,0.0,0.0068718469310114,52.22153758810486,0.0862883759360028,0.0,15949.143333332102,0.0,0.0,2010.6666666655801,0.0,0.0,0.0,2010.6666666655801,62.8333333333332,0.0,0.0,0.0
2023-05-06 20:00:00,0.6421666666666667,32.0,0.0,0.0,54.00384953427094,0.0100900855316167,0.0,15949.143333332102,0.0,0.0,20549.333333344,0.0,0.0,0.0,20549.333333344,642.1666666666666,0.0,0.0,0.0
2023-05-06 21:00:00,4.149333333333334,35.5,0.0,0.0,56.048187725647,0.0,0.0,15949.143333332102,0.0,0.0,147301.33333321498,0.0,0.0,0.0,147301.33333321498,4149.333333333334,0.0,0.0,0.0
2023-05-06 22:00:00,3.425333333333333,34.75,0.0,0.0,54.3660918097382,0.0,0.0,15949.143333332102,0.0,0.0,119030.33333321751,0.0,0.0,0.0,119030.33333321751,3425.333333333333,0.0,0.0,0.0
2023-05-06 23:00:00,0.1934999999999999,34.25,0.0,0.0,55.32774599110483,0.0,0.0,15949.143333332102,0.0,0.0,6627.375,0.0,0.0,0.0,6627.375,193.4999999999999,0.0,0.0,0.0
2023-05-07 00:00:00,1.6605,35.5,0.0,0.0,54.39448193712315,0.0,0.0,15949.143333332102,0.0,0.0,58947.75,0.0,0.0,0.0,58947.75,1660.5,0.0,0.0,0.0
2023-05-07 01:00:00,2.873333333333333,26.5,0.0,0.0,55.15511008838019,0.0,0.0,15949.143333332102,0.0,0.0,76143.333333245,0.0,0.0,0.0,76143.333333245,2873.333333333333,0.0,0.0,0.0
2023-05-07 02:00:00,2.2816666666666667,23.0,0.0,0.0,53.07119095026688,0.0,0.0,15949.143333332102,0.0,0.0,52478.333333409995,0.0,0.0,0.0,52478.333333409995,2281.6666666666665,0.0,0.0,0.0
2023-05-07 03:00:00,1.7968333333333335,20.0,0.0,0.0,50.95708176035091,0.0,0.0,15949.143333332102,0.0,0.0,35936.6666666,0.0,0.0,0.0,35936.6666666,1796.8333333333335,0.0,0.0,0.0
2023-05-07 04:00:00,1.3641666666666667,20.0,0.0,0.0,50.80260165396448,0.0,0.0,15949.143333332102,0.0,0.0,27283.3333334,0.0,0.0,0.0,27283.3333334,1364.1666666666667,0.0,0.0,0.0
2023-05-07 05:00:00,0.7603333333333332,20.0,0.0,0.0027473952374084,49.98792436745953,0.0,0.0,15949.143333332102,0.0,0.0,15206.666666738673,0.0,0.0,0.0,15206.666666738673,760.3333333333331,0.0,0.0,0.0
2023-05-07 06:00:00,0.0584999999999999,19.75,0.0,0.0596811913586195,49.225071005001,0.0084547863289331,0.0,15949.143333332102,0.0,0.0,1155.375,0.0,0.0,0.0,1155.375,58.4999999999999,0.0,0.0,0.0
2023-05-07 07:00:00,0.0636666666666666,20.0,0.0,0.2179120177643186,50.043563148721134,0.0447258121946938,0.0,15949.143333332102,0.0,0.0,1273.3333333340124,0.0,0.0,0.0,1273.3333333340124,63.66666666666659,0.0,0.0,0.0
2023-05-07 08:00:00,0.0578333333333332,20.0,0.0,0.4072529290189906,52.18830783211936,0.1655714525728144,0.0,15949.143333332102,0.0,0.0,1156.6666666659876,0.0,0.0,0.0,1156.6666666659876,57.8333333333332,0.0,0.0,0.0
2023-05-07 09:00:00,0.0624999999999999,17.25,0.0,0.5779048988201742,50.57762324912216,0.2471005974468004,0.0,15949.143333332102,0.0,0.0,1078.125,0.0,0.0,0.0,1078.125,62.4999999999999,0.0,0.0,0.0
2023-05-07 10:00:00,0.0566666666666665,15.75,0.0,0.7090048035748818,50.65983147024435,0.1859870936727931,0.0,15949.143333332102,0.0,0.0,892.5000000005348,0.0,0.0,0.0,892.5000000005348,56.666666666666494,0.0,0.0,0.0
2023-05-07 11:00:00,0.0613333333333332,15.75,0.0,0.7918842030373185,49.095418956977255,0.1242320513929057,0.0,15949.143333332102,0.0,0.0,965.9999999994652,0.0,0.0,0.0,965.9999999994652,61.3333333333332,0.0,0.0,0.0
2023-05-07 12:00:00,0.0559999999999999,15.25,0.0,0.8233759025644803,47.61479113647541,0.1100704267289903,0.0,15949.143333332102,0.0,0.0,854.0,0.0,0.0,0.0,854.0,55.9999999999999,0.0,0.0,0.0
2023-05-07 13:00:00,0.1368333333333333,15.5,0.0,0.8026946214159728,49.184632071785295,0.1730998301709819,0.0,15949.143333332102,0.0,0.0,2120.9166666614037,0.0,0.0,0.0,2120.9166666614037,136.83333333333331,0.0,0.0,0.0
2023-05-07 14:00:00,0.1903333333333333,16.0,0.0,0.7303560981147146,47.966302270199485,0.1751909402700571,0.0,15949.143333332102,0.0,0.0,3045.3333333279006,0.0,0.0,0.0,3045.3333333279006,190.3333333333333,0.0,0.0,0.0
2023-05-07 15:00:00,0.2726666666666666,16.0,0.0,0.6088843070138659,50.436007773402416,0.1654373499878451,0.0,15949.143333332102,0.0,0.0,4362.666666672099,0.0,0.0,0.0,4362.666666672099,272.66666666666663,0.0,0.0,0.0
2023-05-07 16:00:00,0.4421666666666666,15.75,0.0,0.4454477841688942,52.80024760222605,0.0739420512598804,0.0,15949.143333332102,0.0,0.0,6964.125000005348,0.0,0.0,0.0,6964.125000005348,442.1666666666666,0.0,0.0,0.0
2023-05-07 17:00:00,0.6675,17.0,0.0,0.2575005948895486,51.507949992142485,0.0733834185967078,0.0,15949.143333332102,0.0,0.0,11347.5,0.0,0.0,0.0,11347.5,667.5,0.0,0.0,0.0
2023-05-07 18:00:00,1.024166666666667,21.0,0.0,0.08606622407752,53.21740392880079,0.1251188891973251,0.0,15949.143333332102,0.0,0.0,21507.500000070082,0.0,0.0,0.0,21507.500000070082,1024.166666666667,0.0,0.0,0.0
2023-05-07 19:00:00,3.560666666666666,30.0,0.0,0.0073536884509774,51.61955250974404,0.0521231623184986,0.0,15949.143333332102,0.0,0.0,106820.0000004158,0.0,0.0,0.0,106820.0000004158,3560.666666666666,0.0,0.0,0.0
2023-05-07 20:00:00,4.6433333333333335,35.0,0.0,0.0,50.01684686571061,0.0092431624652021,0.0,15949.143333332102,0.0,0.0,162516.66666654998,0.0,0.0,0.0,162516.66666654998,4643.333333333334,0.0,0.0,0.0
2023-05-07 21:00:00,6.753,35.0,0.0,0.0,48.4215572992952,0.0,0.0,15949.143333332102,0.0,0.0,236355.0,0.0,0.0,0.0,236355.0,6753.0,0.0,0.0,0.0
2023-05-07 22:00:00,8.322333333333333,35.5,0.0,0.0,49.61169715512209,0.0,0.0,15949.143333332102,0.0,0.0,295442.833333215,0.0,0.0,0.0,295442.833333215,8322.333333333332,0.0,0.0,0.0
2023-05-07 23:00:00,0.4001666666666666,35.5,0.0,0.0,51.82979176297741,0.0,0.0,15949.143333332102,0.0,0.0,14205.9166666785,0.0,0.0,0.0,14205.9166666785,400.16666666666663,0.0,0.0,0.0
2023-05-08 00:00:00,0.0574999999999999,32.0,0.0,0.0,52.75604218930948,0.0,0.0,15949.143333332102,0.0,0.0,1840.0,0.0,0.0,0.0,1840.0,57.4999999999999,0.0,0.0,0.0
2023-05-08 01:00:00,0.0636666666666666,26.0,0.0,0.0,51.559690516834,0.0,0.0,15949.143333332102,0.0,0.0,1655.3333333342,0.0,0.0,0.0,1655.3333333342,63.66666666666659,0.0,0.0,0.0
2023-05-08 02:00:00,0.0583333333333332,27.5,0.0,0.0,49.40755919045922,0.0,0.0,15949.143333332102,0.0,0.0,1604.16666666575,0.0,0.0,0.0,1604.16666666575,58.3333333333332,0.0,0.0,0.0
2023-05-08 03:00:00,0.0626666666666666,28.0,0.0,0.0,51.53288473069426,0.0,0.0,15949.143333332102,0.0,0.0,1754.6666666676,0.0,0.0,0.0,1754.6666666676,62.66666666666661,0.0,0.0,0.0
2023-05-08 04:00:00,0.0566666666666666,27.5,0.0,0.0,49.60242015699821,0.0,0.0,15949.143333332102,0.0,0.0,1558.33333333425,0.0,0.0,0.0,1558.33333333425,56.6666666666666,0.0,0.0,0.0
2023-05-08 05:00:00,0.0614999999999999,25.75,0.0,0.0030686189013124,47.51939633392444,0.0,0.0,15949.143333332102,0.0,0.0,1583.625,0.0,0.0,0.0,1583.625,61.4999999999999,0.0,0.0,0.0
2023-05-08 06:00:00,0.0554999999999999,28.25,0.0,0.0611938207794123,45.86380575636829,0.0094236752059724,0.0,15949.143333332102,0.0,0.0,1567.875,0.0,0.0,0.0,1567.875,55.49999999999989,0.0,0.0,0.0
2023-05-08 07:00:00,0.0556666666666665,28.25,0.0,0.2196318788680796,46.999613046689134,0.0893996589611738,0.0,15949.143333332102,0.0,0.0,1572.5833333342925,0.0,0.0,0.0,1572.5833333342925,55.6666666666665,0.0,0.0,0.0
2023-05-08 08:00:00,0.0598333333333333,28.0,0.0,0.4084772808084851,45.98204694328092,0.1299275205889319,0.0,15949.143333332102,0.0,0.0,1675.3333333323826,0.0,0.0,0.0,1675.3333333323826,59.8333333333333,0.0,0.0,0.0
2023-05-08 09:00:00,0.0543333333333332,28.5,0.0,0.5785990845353388,45.66468673348625,0.1429935893849429,0.0,15949.143333332102,0.0,0.0,1548.4999999990323,0.0,0.0,0.0,1548.4999999990323,54.3333333333332,0.0,0.0,0.0
2023-05-08 10:00:00,0.7200000000000001,26.5,0.0,0.7092875469037138,47.54241467707891,0.3166631613837347,0.0,15949.143333332102,0.0,0.0,19080.0,0.0,0.0,0.0,19080.0,720.0000000000001,0.0,0.0,0.0
2023-05-08 11:00:00,6.380333333333333,24.0,0.0,0.7918967407867997,48.41163798572408,0.2654407690325354,0.0,15949.143333332102,0.0,0.0,153127.9999999199,0.0,0.0,0.0,153127.9999999199,6380.333333333333,0.0,0.0,0.0
2023-05-08 12:00:00,8.549333333333333,22.25,0.0,0.8232542228974723,49.96807328686707,0.323950685028337,0.0,15949.143333332102,0.0,0.0,190222.6666665924,0.0,0.0,0.0,190222.6666665924,8549.333333333334,0.0,0.0,0.0
2023-05-08 13:00:00,0.5375,21.25,0.0,0.8025703810432371,48.05435914762047,0.313953503665761,0.0,15949.143333332102,0.0,0.0,11421.875,0.0,0.0,0.0,11421.875,537.5,0.0,0.0,0.0
2023-05-08 14:00:00,0.0606666666666666,19.5,0.0,0.7303660912265828,46.30289888266514,0.3552657269208859,0.0,15949.143333332102,0.0,0.0,1183.000000000662,0.0,0.0,0.0,1183.000000000662,60.6666666666666,0.0,0.0,0.0
2023-05-08 15:00:00,0.0553333333333333,19.25,0.0,0.6091775038289681,47.98189711662397,0.5675655541053186,0.0,15949.143333332102,0.0,0.0,1065.166666666013,0.0,0.0,0.0,1065.166666666013,55.3333333333333,0.0,0.0,0.0
2023-05-08 16:00:00,0.0558333333333332,19.5,0.0,0.446174337309021,47.15728985833404,0.5575345265967215,0.0,15949.143333332102,0.0,0.0,1088.749999999338,0.0,0.0,0.0,1088.749999999338,55.8333333333332,0.0,0.0,0.0
2023-05-08 17:00:00,0.0623333333333332,21.5,0.0,0.2587331451736293,48.75826059141971,0.3888853858882545,0.0,15949.143333332102,0.0,0.0,1340.1666666659366,0.0,0.0,0.0,1340.1666666659366,62.3333333333332,0.0,0.0,0.0
2023-05-08 18:00:00,0.0554999999999999,27.25,0.0,0.08742916952692,51.19641322207744,0.2710252998221634,0.0,15949.143333332102,0.0,0.0,1512.375,0.0,0.0,0.0,1512.375,55.49999999999989,0.0,0.0,0.0
2023-05-08 19:00:00,0.0608333333333332,32.5,0.0,0.0078494460652483,53.42712056952656,0.0758431626181317,0.0,15949.143333332102,0.0,0.0,1977.0833333322298,0.0,0.0,0.0,1977.0833333322298,60.8333333333332,0.0,0.0,0.0
2023-05-08 20:00:00,0.0556666666666665,32.75,0.0,0.0,52.55880946625251,0.0110733333419467,0.0,15949.143333332102,0.0,0.0,1823.083333334425,0.0,0.0,0.0,1823.083333334425,55.6666666666665,0.0,0.0,0.0
2023-05-08 21:00:00,0.0611666666666666,32.25,0.0,0.0,52.55134333735727,0.0,0.0,15949.143333332102,0.0,0.0,1972.625000001075,0.0,0.0,0.0,1972.625000001075,61.1666666666666,0.0,0.0,0.0
2023-05-08 22:00:00,0.0558333333333332,31.5,0.0,0.0,53.24958493745312,0.0,0.0,15949.143333332102,0.0,0.0,1758.74999999895,0.0,0.0,0.0,1758.74999999895,55.8333333333332,0.0,0.0,0.0
2023-05-08 23:00:00,0.0621666666666666,33.0,0.0,0.0,51.29592840463304,0.0,0.0,15949.143333332102,0.0,0.0,2051.5000000011,0.0,0.0,0.0,2051.5000000011,62.1666666666666,0.0,0.0,0.0
2023-05-09 00:00:00,0.0573333333333332,33.25,0.0,0.0,51.72568705389451,0.0,0.0,15949.143333332102,0.0,0.0,1906.3333333322248,0.0,0.0,0.0,1906.3333333322248,57.3333333333332,0.0,0.0,0.0
2023-05-09 01:00:00,0.0574999999999999,32.75,0.0,0.0,50.00672214185508,0.0,0.0,15949.143333332102,0.0,0.0,1883.125,0.0,0.0,0.0,1883.125,57.4999999999999,0.0,0.0,0.0
2023-05-09 02:00:00,0.0628333333333333,34.25,0.0,0.0,49.665539867039,0.0,0.0,15949.143333332102,0.0,0.0,2152.041666665525,0.0,0.0,0.0,2152.041666665525,62.8333333333333,0.0,0.0,0.0
2023-05-09 03:00:00,0.0555,34.75,0.0,0.0,48.35393256419505,0.0,0.0,15949.143333332102,0.0,0.0,1928.625,0.0,0.0,0.0,1928.625,55.5,0.0,0.0,0.0
2023-05-09 04:00:00,0.0606666666666666,36.5,0.0,0.0,50.556642122041794,0.0,0.0,15949.143333332102,0.0,0.0,2214.33333333455,0.0,0.0,0.0,2214.33333333455,60.6666666666666,0.0,0.0,0.0
2023-05-09 05:00:00,0.0559999999999999,37.0,0.0,0.0034032325704545,50.957170778987866,0.0,0.0,15949.143333332102,0.0,0.0,2072.0,0.0,0.0,0.0,2072.0,55.9999999999999,0.0,0.0,0.0
2023-05-09 06:00:00,0.0593333333333333,34.75,0.0,0.0626649176148397,50.44944951550818,0.0067787179822086,0.0,15949.143333332102,0.0,0.0,2061.8333333321534,0.0,0.0,0.0,2061.8333333321534,59.3333333333333,0.0,0.0,0.0
2023-05-09 07:00:00,0.0523333333333333,33.0,0.0,0.2212783751668806,48.89972236565548,0.0538280344416952,0.0,15949.143333332102,0.0,0.0,1726.9999999988795,0.0,0.0,0.0,1726.9999999988795,52.3333333333333,0.0,0.0,0.0
2023-05-09 08:00:00,0.0891666666666666,32.75,0.0,0.4096313503113435,51.501576297344585,0.1899544442005646,0.0,15949.143333332102,0.0,0.0,2920.2083333344453,0.0,0.0,0.0,2920.2083333344453,89.1666666666666,0.0,0.0,0.0
2023-05-09 09:00:00,0.1486666666666666,31.75,0.0,0.5792341303340726,49.62702409091036,0.2961804264427251,0.0,15949.143333332102,0.0,0.0,4720.166666677447,0.0,0.0,0.0,4720.166666677447,148.6666666666666,0.0,0.0,0.0
2023-05-09 10:00:00,0.1493333333333333,30.25,0.0,0.7095231249941437,50.28836527153457,0.4705969205677,0.0,15949.143333332102,0.0,0.0,4517.333333323062,0.0,0.0,0.0,4517.333333323062,149.3333333333333,0.0,0.0,0.0
2023-05-09 11:00:00,0.155,28.75,0.0,0.7918731530782477,48.63374790194767,0.5074376065506894,0.0,15949.143333332102,0.0,0.0,4456.25,0.0,0.0,0.0,4456.25,155.0,0.0,0.0,0.0
2023-05-09 12:00:00,0.15,29.5,0.0,0.8231060356858615,48.01158409715731,0.5009679465008599,0.0,15949.143333332102,0.0,0.0,4425.0,0.0,0.0,0.0,4425.0,150.0,0.0,0.0,0.0
2023-05-09 13:00:00,0.1551666666666666,30.25,0.0,0.8024276592689192,50.45118874894736,0.258766239850949,0.0,15949.143333332102,0.0,0.0,4693.791666676938,0.0,0.0,0.0,4693.791666676938,155.1666666666666,0.0,0.0,0.0
2023-05-09 14:00:00,0.1556666666666666,30.5,0.0,0.7303637799492962,51.77590123964457,0.1411835897070729,0.0,15949.143333332102,0.0,0.0,4747.833333343689,0.0,0.0,0.0,4747.833333343689,155.6666666666666,0.0,0.0,0.0
2023-05-09 15:00:00,0.1883333333333333,30.5,0.0,0.6094621254677977,53.75067169440128,0.0744762395386003,0.0,15949.143333332102,0.0,0.0,5744.166666656311,0.0,0.0,0.0,5744.166666656311,188.3333333333333,0.0,0.0,0.0
2023-05-09 16:00:00,0.2169999999999999,31.5,0.0,0.4468926301727069,51.74180084939577,0.0668386324042947,0.0,15949.143333332102,0.0,0.0,6835.5,0.0,0.0,0.0,6835.5,216.9999999999999,0.0,0.0,0.0
2023-05-09 17:00:00,0.251,31.0,0.0,0.2599542233355953,52.52621139635417,0.0385393163077851,0.0,15949.143333332102,0.0,0.0,7781.0,0.0,0.0,0.0,7781.0,251.0,0.0,0.0,0.0
2023-05-09 18:00:00,0.248,30.5,0.0,0.0887828798338505,52.14065182533378,0.0232708545627757,0.0,15949.143333332102,0.0,0.0,7564.0,0.0,0.0,0.0,7564.0,248.0,0.0,0.0,0.0
2023-05-09 19:00:00,0.248,30.5,0.0,0.0083586732479588,51.87074875621764,0.0131905128201867,0.0,15949.143333332102,0.0,0.0,7564.0,0.0,0.0,0.0,7564.0,248.0,0.0,0.0,0.0
2023-05-09 20:00:00,0.2535,31.75,0.0,0.0,52.70867259648662,0.0110879486512679,0.0,15949.143333332102,0.0,0.0,8048.625,0.0,0.0,0.0,8048.625,253.5,0.0,0.0,0.0
2023-05-09 21:00:00,0.2515,31.75,0.0,0.0,54.01580254720942,0.0,0.0,15949.143333332102,0.0,0.0,7985.125,0.0,0.0,0.0,7985.125,251.5,0.0,0.0,0.0
2023-05-09 22:00:00,0.2608333333333333,30.75,0.0,0.0,55.02174071903332,0.0,0.0,15949.143333332102,0.0,0.0,8020.624999989749,0.0,0.0,0.0,8020.624999989749,260.8333333333333,0.0,0.0,0.0
2023-05-09 23:00:00,0.2571666666666667,30.25,0.0,0.0,55.143422934170985,0.0,0.0,15949.143333332102,0.0,0.0,7779.2916666767505,0.0,0.0,0.0,7779.2916666767505,257.1666666666667,0.0,0.0,0.0
2023-05-10 00:00:00,0.2615,25.25,0.0,0.0,54.06588841528552,0.0,0.0,15949.143333332102,0.0,0.0,6602.875,0.0,0.0,0.0,6602.875,261.5,0.0,0.0,0.0
2023-05-10 01:00:00,0.2568333333333333,24.75,0.0,0.0,56.064980568737376,0.0,0.0,15949.143333332102,0.0,0.0,6356.62499999175,0.0,0.0,0.0,6356.62499999175,256.8333333333333,0.0,0.0,0.0
2023-05-10 02:00:00,0.2611666666666667,24.5,0.0,0.0,53.62312400153726,0.0,0.0,15949.143333332102,0.0,0.0,6398.5833333415,0.0,0.0,0.0,6398.5833333415,261.1666666666667,0.0,0.0,0.0
2023-05-10 03:00:00,0.256,23.25,0.0,0.0,54.66317830369741,0.0,0.0,15949.143333332102,0.0,0.0,5952.0,0.0,0.0,0.0,5952.0,256.0,0.0,0.0,0.0
2023-05-10 04:00:00,0.2551666666666667,23.75,0.0,0.0,56.43716502851197,0.0,0.0,15949.143333332102,0.0,0.0,6060.208333341249,0.0,0.0,0.0,6060.208333341249,255.1666666666667,0.0,0.0,0.0
2023-05-10 05:00:00,0.2611666666666666,25.0,0.0,0.0037497941247503,56.67860587160441,0.0,0.0,15949.143333332102,0.0,0.0,6529.166666675155,0.0,0.0,0.0,6529.166666675155,261.16666666666663,0.0,0.0,0.0
2023-05-10 06:00:00,0.2573333333333333,29.5,0.0,0.0640930728414506,56.41780448262741,0.001516239321512,0.0,15949.143333332102,0.0,0.0,7591.333333323317,0.0,0.0,0.0,7591.333333323317,257.3333333333333,0.0,0.0,0.0
2023-05-10 07:00:00,0.2506666666666666,32.25,0.0,0.2228516251099974,55.39519808128406,0.0363765811716389,0.0,15949.143333332102,0.0,0.0,8084.00000001095,0.0,0.0,0.0,8084.00000001095,250.6666666666666,0.0,0.0,0.0
2023-05-10 08:00:00,0.2563333333333333,31.25,0.0,0.4107156898693334,56.41271389097825,0.0944194877657116,0.0,15949.143333332102,0.0,0.0,8010.416666656056,0.0,0.0,0.0,8010.416666656056,256.3333333333333,0.0,0.0,0.0
2023-05-10 09:00:00,0.3643333333333333,31.25,0.0,0.5798107927822788,56.719795765181374,0.1548661540104793,0.0,15949.143333332102,0.0,0.0,11385.416666656056,0.0,0.0,0.0,11385.416666656056,364.3333333333333,0.0,0.0,0.0
2023-05-10 10:00:00,0.3156666666666667,29.25,0.0,0.7097124440078111,58.04293378435499,0.2966193158402402,0.0,15949.143333332102,0.0,0.0,9233.250000009932,0.0,0.0,0.0,9233.250000009932,315.6666666666667,0.0,0.0,0.0
2023-05-10 11:00:00,0.3073333333333333,28.5,0.0,0.7918144477048376,55.2418559730184,0.3245911120553302,0.0,15949.143333332102,0.0,0.0,8758.999999990323,0.0,0.0,0.0,8758.999999990323,307.3333333333333,0.0,0.0,0.0
2023-05-10 12:00:00,0.2523333333333333,25.25,0.0,0.822932397318133,53.99872322194254,0.5188887134780233,0.0,15949.143333332102,0.0,0.0,6371.416666658093,0.0,0.0,0.0,6371.416666658093,252.3333333333333,0.0,0.0,0.0
2023-05-10 13:00:00,0.6236666666666667,24.5,0.0,0.8022675019040678,53.27896475062493,0.5484908562032585,0.0,15949.143333332102,0.0,0.0,15279.833333341652,0.0,0.0,0.0,15279.833333341652,623.6666666666667,0.0,0.0,0.0
2023-05-10 14:00:00,0.6401666666666667,22.0,0.0,0.7303501326371146,55.35034833120547,0.5756029060559399,0.0,15949.143333332102,0.0,0.0,14083.666666674137,0.0,0.0,0.0,14083.666666674137,640.1666666666666,0.0,0.0,0.0
2023-05-10 15:00:00,0.5765,23.25,0.0,0.6097389925090876,54.69045910856228,0.6605899093497515,0.0,15949.143333332102,0.0,0.0,13403.625,0.0,0.0,0.0,13403.625,576.5,0.0,0.0,0.0
2023-05-10 16:00:00,2.416,25.25,0.0,0.4476032812967173,54.78978376739862,0.6738514481242907,0.0,15949.143333332102,0.0,0.0,61004.0,0.0,0.0,0.0,61004.0,2416.0,0.0,0.0,0.0
2023-05-10 17:00:00,0.2568333333333333,27.0,0.0,0.261164230874318,55.43449251785432,0.3571006828699357,0.0,15949.143333332102,0.0,0.0,6934.499999990832,0.0,0.0,0.0,6934.499999990832,256.8333333333333,0.0,0.0,0.0
2023-05-10 18:00:00,2.9835,28.5,0.0,0.0901272955739505,56.24627564745352,0.2934230762057834,0.0,15949.143333332102,0.0,0.0,85029.75,0.0,0.0,0.0,85029.75,2983.5,0.0,0.0,0.0
2023-05-10 19:00:00,12.392833333333334,31.5,0.0,0.008880803465277,55.28227709094198,0.1173823924349923,0.0,15949.143333332102,0.0,0.0,390374.2499993504,0.0,0.0,0.0,390374.2499993504,12392.833333333334,0.0,0.0,0.0
2023-05-10 20:00:00,11.434,32.0,0.0,0.0,54.98382087747817,0.0117884615800367,0.0,15949.143333332102,0.0,0.0,365888.0,0.0,0.0,0.0,365888.0,11434.0,0.0,0.0,0.0
2023-05-10 21:00:00,0.2921666666666666,32.75,0.0,0.0,53.49865555472251,0.0,0.0,15949.143333332102,0.0,0.0,9568.45833334425,0.0,0.0,0.0,9568.45833334425,292.1666666666666,0.0,0.0,0.0
2023-05-10 22:00:00,2.7183333333333333,32.75,0.0,0.0,54.25676838331615,0.0,0.0,15949.143333332102,0.0,0.0,89025.4166665575,0.0,0.0,0.0,89025.4166665575,2718.3333333333335,0.0,0.0,0.0
2023-05-10 23:00:00,14.3095,33.0,0.0,0.0,53.23935156693876,0.0,0.0,15949.143333332102,0.0,0.0,472213.5,0.0,0.0,0.0,472213.5,14309.5,0.0,0.0,0.0
2023-05-11 00:00:00,6.084499999999999,33.0,0.0,0.0,52.64987906876156,0.0,0.0,15949.143333332102,0.0,0.0,200788.5,0.0,0.0,0.0,200788.5,6084.499999999999,0.0,0.0,0.0
2023-05-11 01:00:00,0.5313333333333333,30.75,0.0,0.0,50.380348077852574,0.0,0.0,15949.143333332102,0.0,0.0,16338.499999989752,0.0,0.0,0.0,16338.499999989752,531.3333333333334,0.0,0.0,0.0
2023-05-11 02:00:00,11.138166666666669,30.0,0.0,0.0,48.95489470452142,0.0,0.0,15949.143333332102,0.0,0.0,334145.000001,0.0,0.0,0.0,334145.000001,11138.166666666668,0.0,0.0,0.0
2023-05-11 03:00:00,10.938333333333333,29.5,0.0,0.0,50.886721028335536,0.0,0.0,15949.143333332102,0.0,0.0,322680.83333234995,0.0,0.0,0.0,322680.83333234995,10938.333333333332,0.0,0.0,0.0
2023-05-11 04:00:00,0.4613333333333332,31.0,0.0,0.0,52.94234133987961,0.0,0.0,15949.143333332102,0.0,0.0,14301.333333323,0.0,0.0,0.0,14301.333333323,461.3333333333332,0.0,0.0,0.0
2023-05-11 05:00:00,5.2395,34.0,0.0,0.0041068680563139,53.26720722707663,0.0,0.0,15949.143333332102,0.0,0.0,178143.00000019989,0.0,0.0,0.0,178143.00000019989,5239.5,0.0,0.0,0.0
2023-05-11 06:00:00,5.031833333333333,35.5,0.0,0.0654770353158334,52.63589772162326,0.0042553846251506,0.0,15949.143333332102,0.0,0.0,178630.08333321486,0.0,0.0,0.0,178630.08333321486,5031.833333333333,0.0,0.0,0.0
2023-05-11 07:00:00,0.0721666666666666,34.0,0.0,0.2243518059275374,50.759770964941936,0.0408026494939103,0.0,15949.143333332102,0.0,0.0,2453.666666667821,0.0,0.0,0.0,2453.666666667821,72.1666666666666,0.0,0.0,0.0
2023-05-11 08:00:00,0.0661666666666666,32.75,0.0,0.4117308983890882,51.239687097347975,0.191086068764711,0.0,15949.143333332102,0.0,0.0,2166.9583333344453,0.0,0.0,0.0,2166.9583333344453,66.1666666666666,0.0,0.0,0.0
2023-05-11 09:00:00,0.0683333333333333,31.75,0.0,0.5803298662895747,49.65743131306725,0.3447042719523112,0.0,15949.143333332102,0.0,0.0,2169.5833333322553,0.0,0.0,0.0,2169.5833333322553,68.3333333333333,0.0,0.0,0.0
2023-05-11 10:00:00,0.0569999999999999,30.5,0.0,0.7098564347337081,47.711154741804336,0.3231058120727539,0.0,15949.143333332102,0.0,0.0,1738.5,0.0,0.0,0.0,1738.5,56.9999999999999,0.0,0.0,0.0
2023-05-11 11:00:00,0.0623333333333332,27.75,0.0,0.7917216406733653,49.2296575106311,0.5922151262332237,0.0,15949.143333332102,0.0,0.0,1729.7499999990578,0.0,0.0,0.0,1729.7499999990578,62.3333333333332,0.0,0.0,0.0
2023-05-11 12:00:00,0.0564999999999999,27.75,0.0,0.8227343539073515,50.27771920894445,0.1960709400666065,0.0,15949.143333332102,0.0,0.0,1567.875,0.0,0.0,0.0,1567.875,56.4999999999999,0.0,0.0,0.0
2023-05-11 13:00:00,0.0589999999999999,28.25,0.0,0.8020909245128486,52.23468406220794,0.4619400881905841,0.0,15949.143333332102,0.0,0.0,1666.75,0.0,0.0,0.0,1666.75,58.9999999999999,0.0,0.0,0.0
2023-05-11 14:00:00,0.0591666666666666,29.25,0.0,0.7303260666272412,50.95659474985048,0.3134606832520575,0.0,15949.143333332102,0.0,0.0,1730.6250000009932,0.0,0.0,0.0,1730.6250000009932,59.16666666666659,0.0,0.0,0.0
2023-05-11 15:00:00,0.0559999999999999,29.0,0.0,0.6100088543189464,52.22840804222879,0.3129196584326589,0.0,15949.143333332102,0.0,0.0,1624.0,0.0,0.0,0.0,1624.0,55.9999999999999,0.0,0.0,0.0
2023-05-11 16:00:00,0.0611666666666666,29.0,0.0,0.4483068210538792,51.33000633164823,0.4447351282885955,0.0,15949.143333332102,0.0,0.0,1773.833333334318,0.0,0.0,0.0,1773.833333334318,61.1666666666666,0.0,0.0,0.0
2023-05-11 17:00:00,0.0568333333333332,29.5,0.0,0.2623634731899828,50.90415223829132,0.2349037604046683,0.0,15949.143333332102,0.0,0.0,1676.5833333323317,0.0,0.0,0.0,1676.5833333323317,56.8333333333332,0.0,0.0,0.0
2023-05-11 18:00:00,0.0623333333333332,30.5,0.0,0.0914622963928328,52.96944909143293,0.1030063247273111,0.0,15949.143333332102,0.0,0.0,1901.166666665631,0.0,0.0,0.0,1901.166666665631,62.3333333333332,0.0,0.0,0.0
2023-05-11 19:00:00,0.0566666666666666,34.0,0.0,0.0094150805222705,53.939783441844526,0.0286735041528685,0.0,15949.143333332102,0.0,0.0,1926.6666666678211,0.0,0.0,0.0,1926.6666666678211,56.6666666666666,0.0,0.0,0.0
2023-05-11 20:00:00,0.0624999999999999,34.75,0.0,0.0,51.88694916392456,0.0196898290279329,0.0,15949.143333332102,0.0,0.0,2171.875,0.0,0.0,0.0,2171.875,62.4999999999999,0.0,0.0,0.0
2023-05-11 21:00:00,0.0569999999999999,35.5,0.0,0.0,54.19436285930034,0.0,0.0,15949.143333332102,0.0,0.0,2023.5,0.0,0.0,0.0,2023.5,56.9999999999999,0.0,0.0,0.0
2023-05-11 22:00:00,0.0628333333333332,35.25,0.0,0.0,53.54677798595037,0.0,0.0,15949.143333332102,0.0,0.0,2214.874999998825,0.0,0.0,0.0,2214.874999998825,62.8333333333332,0.0,0.0,0.0
2023-05-11 23:00:00,0.0576666666666665,34.25,0.0,0.0,54.17644780166904,0.0,0.0,15949.143333332102,0.0,0.0,1975.0833333344751,0.0,0.0,0.0,1975.0833333344751,57.6666666666665,0.0,0.0,0.0
2023-05-12 00:00:00,0.0626666666666666,33.5,0.0,0.0,55.86355658211433,0.0,0.0,15949.143333332102,0.0,0.0,2099.33333333445,0.0,0.0,0.0,2099.33333333445,62.66666666666661,0.0,0.0,0.0
2023-05-12 01:00:00,0.0578333333333332,32.5,0.0,0.0,56.9581604585436,0.0,0.0,15949.143333332102,0.0,0.0,1879.5833333322498,0.0,0.0,0.0,1879.5833333322498,57.8333333333332,0.0,0.0,0.0
2023-05-12 02:00:00,0.0636666666666666,32.0,0.0,0.0,58.64554729460633,0.0,0.0,15949.143333332102,0.0,0.0,2037.3333333344,0.0,0.0,0.0,2037.3333333344,63.66666666666659,0.0,0.0,0.0
2023-05-12 03:00:00,0.0568333333333333,32.25,0.0,0.0,57.88435845071065,0.0,0.0,15949.143333332102,0.0,0.0,1832.874999998925,0.0,0.0,0.0,1832.874999998925,56.8333333333333,0.0,0.0,0.0
2023-05-12 04:00:00,0.0619999999999999,31.5,0.0,0.0,59.06982030567816,0.0,0.0,15949.143333332102,0.0,0.0,1953.0,0.0,0.0,0.0,1953.0,61.9999999999999,0.0,0.0,0.0
2023-05-12 05:00:00,0.0576666666666666,31.5,0.0,0.0044731464419957,60.55683226451451,0.0,0.0,15949.143333332102,0.0,0.0,1816.5000000010696,0.0,0.0,0.0,1816.5000000010696,57.6666666666666,0.0,0.0,0.0
2023-05-12 06:00:00,0.0571666666666666,32.5,0.0,0.0668157104531416,61.74774399028827,0.0080593162010877,0.0,15949.143333332102,0.0,0.0,1857.9166666677702,0.0,0.0,0.0,1857.9166666677702,57.1666666666666,0.0,0.0,0.0
2023-05-12 07:00:00,0.0614999999999999,33.0,0.0,0.2257791686669737,59.79474573372973,0.0381598287158542,0.0,15949.143333332102,0.0,0.0,2029.5,0.0,0.0,0.0,2029.5,61.4999999999999,0.0,0.0,0.0
2023-05-12 08:00:00,0.0556666666666666,31.25,0.0,0.4126776359527181,56.97656070004822,0.1085625646868322,0.0,15949.143333332102,0.0,0.0,1739.5833333343944,0.0,0.0,0.0,1739.5833333343944,55.6666666666666,0.0,0.0,0.0
2023-05-12 09:00:00,0.0614999999999999,30.0,0.0,0.5807921948402411,56.34662499634862,0.2106313667949448,0.0,15949.143333332102,0.0,0.0,1845.0,0.0,0.0,0.0,1845.0,61.4999999999999,0.0,0.0,0.0
2023-05-12 10:00:00,0.0561666666666666,27.25,0.0,0.709956060755847,55.61558395474644,0.2378531620645116,0.0,15949.143333332102,0.0,0.0,1530.541666667592,0.0,0.0,0.0,1530.541666667592,56.1666666666666,0.0,0.0,0.0
2023-05-12 11:00:00,0.0618333333333332,26.5,0.0,0.7915957607773189,56.85700330019284,0.2661600010211651,0.0,15949.143333332102,0.0,0.0,1638.5833333324335,0.0,0.0,0.0,1638.5833333324335,61.8333333333332,0.0,0.0,0.0
2023-05-12 12:00:00,0.0566666666666666,28.5,0.0,0.8225129424119874,58.3076520274794,0.1680217945066272,0.0,15949.143333332102,0.0,0.0,1615.0000000009677,0.0,0.0,0.0,1615.0000000009677,56.6666666666666,0.0,0.0,0.0
2023-05-12 13:00:00,0.0623333333333332,29.5,0.0,0.8018989103816191,59.79270703327173,0.2047151281894781,0.0,15949.143333332102,0.0,0.0,1838.8333333323317,0.0,0.0,0.0,1838.8333333323317,62.3333333333332,0.0,0.0,0.0
2023-05-12 14:00:00,0.0568333333333333,30.75,0.0,0.7302924435167052,57.75571487940344,0.2807229923998189,0.0,15949.143333332102,0.0,0.0,1747.624999998956,0.0,0.0,0.0,1747.624999998956,56.8333333333333,0.0,0.0,0.0
2023-05-12 15:00:00,0.0621666666666666,31.5,0.0,0.6102723823156765,58.79946995660668,0.3365690583449143,0.0,15949.143333332102,0.0,0.0,1958.2500000010696,0.0,0.0,0.0,1958.2500000010696,62.1666666666666,0.0,0.0,0.0
2023-05-12 16:00:00,0.0563333333333333,30.0,0.0,0.4490036839736338,57.57570876714552,0.3346362399239826,0.0,15949.143333332102,0.0,0.0,1689.9999999989814,0.0,0.0,0.0,1689.9999999989814,56.3333333333333,0.0,0.0,0.0
2023-05-12 17:00:00,0.0623333333333332,29.5,0.0,0.2635521523372101,59.04374016207525,0.1138011968645275,0.0,15949.143333332102,0.0,0.0,1838.8333333323317,0.0,0.0,0.0,1838.8333333323317,62.3333333333332,0.0,0.0,0.0
2023-05-12 18:00:00,0.0564999999999999,30.5,0.0,0.0927876940483833,57.37550549218207,0.032244358959361,0.0,15949.143333332102,0.0,0.0,1723.25,0.0,0.0,0.0,1723.25,56.4999999999999,0.0,0.0,0.0
2023-05-12 19:00:00,0.0611666666666666,30.5,0.0,0.0099607684838491,56.57704516487024,0.0232004273447216,0.0,15949.143333332102,0.0,0.0,1865.583333334369,0.0,0.0,0.0,1865.583333334369,61.1666666666666,0.0,0.0,0.0
2023-05-12 20:00:00,0.0564999999999999,30.5,0.0,0.0,55.01903754749132,0.0055822221945541,0.0,15949.143333332102,0.0,0.0,1723.25,0.0,0.0,0.0,1723.25,56.4999999999999,0.0,0.0,0.0
2023-05-12 21:00:00,1.5186666666666666,30.5,0.0,0.0,57.05836774859881,0.0,0.0,15949.143333332102,0.0,0.0,46319.333333435,0.0,0.0,0.0,46319.333333435,1518.6666666666665,0.0,0.0,0.0
2023-05-12 22:00:00,10.316666666666666,30.5,0.0,0.0,55.83894180039978,0.0,0.0,15949.143333332102,0.0,0.0,314658.33333435,0.0,0.0,0.0,314658.33333435,10316.666666666666,0.0,0.0,0.0
2023-05-12 23:00:00,13.593833333333334,30.0,0.0,0.0,56.678547343714015,0.0,0.0,15949.143333332102,0.0,0.0,407814.999999,0.0,0.0,0.0,407814.999999,13593.833333333334,0.0,0.0,0.0
2023-05-13 00:00:00,12.475333333333332,24.5,0.0,0.0,57.95912249948633,0.0,0.0,15949.143333332102,0.0,0.0,305645.66666585,0.0,0.0,0.0,305645.66666585,12475.333333333332,0.0,0.0,0.0
2023-05-13 01:00:00,0.9123333333333332,20.25,0.0,0.0,57.91178065630735,0.0,0.0,15949.143333332102,0.0,0.0,18474.74999999325,0.0,0.0,0.0,18474.74999999325,912.3333333333333,0.0,0.0,0.0
2023-05-13 02:00:00,5.656166666666667,19.75,0.0,0.0,56.43209281283541,0.0,0.0,15949.143333332102,0.0,0.0,111709.2916667325,0.0,0.0,0.0,111709.2916667325,5656.166666666667,0.0,0.0,0.0
2023-05-13 03:00:00,16.4665,20.5,0.0,0.0,57.6533068704881,0.0,0.0,15949.143333332102,0.0,0.0,337563.25,0.0,0.0,0.0,337563.25,16466.5,0.0,0.0,0.0
2023-05-13 04:00:00,3.0118333333333336,19.5,0.0,0.0,56.232887666333085,0.0,0.0,15949.143333332102,0.0,0.0,58730.749999935004,0.0,0.0,0.0,58730.749999935004,3011.8333333333335,0.0,0.0,0.0
2023-05-13 05:00:00,0.0603333333333333,19.0,0.0,0.0048469645675188,53.913066104018,0.0,0.0,15949.143333332102,0.0,0.0,1146.3333333326882,0.0,0.0,0.0,1146.3333333326882,60.3333333333333,0.0,0.0,0.0
2023-05-13 06:00:00,0.0638333333333333,18.5,0.0,0.0681081601741441,55.58640931772844,0.0047480341524649,0.0,15949.143333332102,0.0,0.0,1180.9166666660385,0.0,0.0,0.0,1180.9166666660385,63.8333333333333,0.0,0.0,0.0
2023-05-13 07:00:00,0.0571666666666666,16.5,0.0,0.2271340523034259,57.257063354735855,0.0291436753109988,0.0,15949.143333332102,0.0,0.0,943.2500000005602,0.0,0.0,0.0,943.2500000005602,57.1666666666666,0.0,0.0,0.0
2023-05-13 08:00:00,0.0628333333333333,15.25,0.0,0.4135566370929751,58.11740375304115,0.0617605129470173,0.0,15949.143333332102,0.0,0.0,958.2083333328155,0.0,0.0,0.0,958.2083333328155,62.8333333333333,0.0,0.0,0.0
2023-05-13 09:00:00,0.0729999999999999,15.0,0.0,0.5811986823241665,58.34610070660133,0.2130844458555563,0.0,15949.143333332102,0.0,0.0,1095.0,0.0,0.0,0.0,1095.0,72.9999999999999,0.0,0.0,0.0
2023-05-13 10:00:00,6.535,15.0,0.0,0.7100123255497567,56.806689016753786,0.3595799157558342,0.0,15949.143333332102,0.0,0.0,98025.0,0.0,0.0,0.0,98025.0,6535.0,0.0,0.0,0.0
2023-05-13 11:00:00,15.973999999999998,15.0,0.0,0.7914378535651236,55.2395243199382,0.5780830774551782,0.0,15949.143333332102,0.0,0.0,239610.0,0.0,0.0,0.0,239610.0,15973.999999999998,0.0,0.0,0.0
2023-05-13 12:00:00,1.741,15.0,0.0,0.8222691918450419,54.95463048079205,0.7204387214856268,0.0,15949.143333332102,0.0,0.0,26115.0,0.0,0.0,0.0,26115.0,1741.0,0.0,0.0,0.0
2023-05-13 13:00:00,0.0595,15.25,0.0,0.8016924094084984,55.439868295273726,0.7014322231977416,0.0,15949.143333332102,0.0,0.0,907.375,0.0,0.0,0.0,907.375,59.5,0.0,0.0,0.0
2023-05-13 14:00:00,0.0653333333333333,16.0,0.0,0.7302500662639169,56.659483244221015,0.3772791430481479,0.0,15949.143333332102,0.0,0.0,1045.33333333279,0.0,0.0,0.0,1045.33333333279,65.3333333333333,0.0,0.0,0.0
2023-05-13 15:00:00,4.5425,16.0,0.0,0.6105301660452288,57.0345452419079,0.1918765795128977,0.0,15949.143333332102,0.0,0.0,72680.0,0.0,0.0,0.0,72680.0,4542.5,0.0,0.0,0.0
2023-05-13 16:00:00,10.778833333333331,16.0,0.0,0.4496942046475842,58.0718150306287,0.0592039315313355,0.0,15949.143333332102,0.0,0.0,172461.33333280007,0.0,0.0,0.0,172461.33333280007,10778.833333333332,0.0,0.0,0.0
2023-05-13 17:00:00,0.1318333333333333,16.75,0.0,0.2647303637252082,57.96437968298073,0.154114444602249,0.0,15949.143333332102,0.0,0.0,2208.208333327646,0.0,0.0,0.0,2208.208333327646,131.83333333333331,0.0,0.0,0.0
2023-05-13 18:00:00,0.0781666666666666,18.25,0.0,0.0941032287370372,57.56873276236135,0.0635317945480346,0.0,15949.143333332102,0.0,0.0,1426.5416666672863,0.0,0.0,0.0,1426.5416666672863,78.1666666666666,0.0,0.0,0.0
2023-05-13 19:00:00,4.009333333333333,21.75,0.0,0.0105171801125081,58.58937923286035,0.0186027351200071,0.0,15949.143333332102,0.0,0.0,87203.00000025501,0.0,0.0,0.0,87203.00000025501,4009.333333333333,0.0,0.0,0.0
2023-05-13 20:00:00,8.0045,25.0,0.0,0.0,58.93654324165876,0.0025460683606947,0.0,15949.143333332102,0.0,0.0,200112.5,0.0,0.0,0.0,200112.5,8004.5,0.0,0.0,0.0
2023-05-13 21:00:00,0.1643333333333332,24.75,0.0,0.0,59.668771620956456,0.0,0.0,15949.143333332102,0.0,0.0,4067.2499999917504,0.0,0.0,0.0,4067.2499999917504,164.3333333333332,0.0,0.0,0.0
2023-05-13 22:00:00,0.7999999999999999,23.25,0.0,0.0,58.33544807678817,0.0,0.0,15949.143333332102,0.0,0.0,18600.0,0.0,0.0,0.0,18600.0,799.9999999999999,0.0,0.0,0.0
2023-05-13 23:00:00,11.046166666666666,23.75,0.0,0.0,58.78666352206732,0.0,0.0,15949.143333332102,0.0,0.0,262346.458334125,0.0,0.0,0.0,262346.458334125,11046.166666666666,0.0,0.0,0.0
2023-05-14 00:00:00,0.6756666666666667,24.25,0.0,0.0,56.78942258240453,0.0,0.0,15949.143333332102,0.0,0.0,16384.916666674748,0.0,0.0,0.0,16384.916666674748,675.6666666666667,0.0,0.0,0.0
2023-05-14 01:00:00,10.3595,25.0,0.0,0.0,54.75120559377783,0.0,0.0,15949.143333332102,0.0,0.0,258987.5,0.0,0.0,0.0,258987.5,10359.5,0.0,0.0,0.0
2023-05-14 02:00:00,0.1425,25.0,0.0,0.0,55.43556528479354,0.0,0.0,15949.143333332102,0.0,0.0,3562.5,0.0,0.0,0.0,3562.5,142.5,0.0,0.0,0.0
2023-05-14 03:00:00,0.0571666666666666,19.0,0.0,0.0,56.106198158418245,0.0,0.0,15949.143333332102,0.0,0.0,1086.1666666673,0.0,0.0,0.0,1086.1666666673,57.1666666666666,0.0,0.0,0.0
2023-05-14 04:00:00,0.0624999999999999,18.75,0.0,0.0,54.06581025762382,0.0,0.0,15949.143333332102,0.0,0.0,1171.875,0.0,0.0,0.0,1171.875,62.4999999999999,0.0,0.0,0.0
2023-05-14 05:00:00,0.0571666666666666,16.75,0.0,0.0052267619943546,51.53485821029969,0.0,0.0,15949.143333332102,0.0,0.0,957.5416666672354,0.0,0.0,0.0,957.5416666672354,57.1666666666666,0.0,0.0,0.0
2023-05-14 06:00:00,0.0625,16.0,0.0,0.0693536018483993,52.531162290489554,0.0093997435717501,0.0,15949.143333332102,0.0,0.0,1000.0,0.0,0.0,0.0,1000.0,62.5,0.0,0.0,0.0
2023-05-14 07:00:00,0.0566666666666666,16.0,0.0,0.2284168940129955,53.77066586538077,0.060792050850697,0.0,15949.143333332102,0.0,0.0,906.6666666672099,0.0,0.0,0.0,906.6666666672099,56.6666666666666,0.0,0.0,0.0
2023-05-14 08:00:00,0.0616666666666666,16.0,0.0,0.4143687199766144,52.34209835611523,0.1694989742376865,0.0,15949.143333332102,0.0,0.0,986.6666666672099,0.0,0.0,0.0,986.6666666672099,61.6666666666666,0.0,0.0,0.0
2023-05-14 09:00:00,0.0563333333333333,15.5,0.0,0.5815502993284448,50.39083015621149,0.195515897049863,0.0,15949.143333332102,0.0,0.0,873.1666666661404,0.0,0.0,0.0,873.1666666661404,56.3333333333333,0.0,0.0,0.0
2023-05-14 10:00:00,0.0609999999999999,15.0,0.0,0.7100262769422628,50.39596716417218,0.3332416226313666,0.0,15949.143333332102,0.0,0.0,915.0,0.0,0.0,0.0,915.0,60.9999999999999,0.0,0.0,0.0
2023-05-14 11:00:00,9.920833333333334,15.0,0.0,0.7912489837623765,52.65899804574897,0.3671683776072967,0.0,15949.143333332102,0.0,0.0,148812.49999994994,0.0,0.0,0.0,148812.49999994994,9920.833333333334,0.0,0.0,0.0
2023-05-14 12:00:00,2.3765,15.0,0.0,0.8220041240405923,51.41887345511477,0.2982603425246019,0.0,15949.143333332102,0.0,0.0,35647.5,0.0,0.0,0.0,35647.5,2376.5,0.0,0.0,0.0
2023-05-14 13:00:00,1.9450000000000005,15.0,0.0,0.8014723377022159,51.29814305284065,0.5006148731199087,0.0,15949.143333332102,0.0,0.0,29175.0,0.0,0.0,0.0,29175.0,1945.0000000000005,0.0,0.0,0.0
2023-05-14 14:00:00,15.154833333333334,15.0,0.0,0.7301996781947139,53.09103304796155,0.2630252994635166,0.0,15949.143333332102,0.0,0.0,227322.49999950005,0.0,0.0,0.0,227322.49999950005,15154.833333333334,0.0,0.0,0.0
2023-05-14 15:00:00,1.4646666666666668,15.0,0.0,0.6107827121889822,54.867461148403535,0.3353686318030724,0.0,15949.143333332102,0.0,0.0,21970.00000005006,0.0,0.0,0.0,21970.00000005006,1464.6666666666667,0.0,0.0,0.0
2023-05-14 16:00:00,8.674,15.5,0.0,0.4503786174640958,52.96093837315996,0.22909410403325,0.0,15949.143333332102,0.0,0.0,134447.0,0.0,0.0,0.0,134447.0,8674.0,0.0,0.0,0.0
2023-05-14 17:00:00,8.515666666666666,15.5,0.0,0.2658980968246402,52.59562172003062,0.2831123932406434,0.0,15949.143333332102,0.0,0.0,131992.83333338506,0.0,0.0,0.0,131992.83333338506,8515.666666666666,0.0,0.0,0.0
2023-05-14 18:00:00,1.9296666666666664,18.0,0.0,0.0954085685064329,53.00373381974947,0.2200105128329024,0.0,15949.143333332102,0.0,0.0,34734.00000006007,0.0,0.0,0.0,34734.00000006007,1929.6666666666665,0.0,0.0,0.0
2023-05-14 19:00:00,12.4945,23.25,0.0,0.011083648018851,51.63464615908962,0.0853386324695032,0.0,15949.143333332102,0.0,0.0,290497.12500036886,0.0,0.0,0.0,290497.12500036886,12494.5,0.0,0.0,0.0
2023-05-14 20:00:00,4.989,27.25,0.0,0.0,50.60483711517762,0.0099316238740092,0.0,15949.143333332102,0.0,0.0,135950.25,0.0,0.0,0.0,135950.25,4989.0,0.0,0.0,0.0
2023-05-14 21:00:00,0.0638333333333332,28.0,0.0,0.0,50.58438339642847,0.0,0.0,15949.143333332102,0.0,0.0,1787.3333333324,0.0,0.0,0.0,1787.3333333324,63.8333333333332,0.0,0.0,0.0
2023-05-14 22:00:00,0.0579999999999999,27.75,0.0,0.0,51.79822677523553,0.0,0.0,15949.143333332102,0.0,0.0,1609.5,0.0,0.0,0.0,1609.5,57.9999999999999,0.0,0.0,0.0
2023-05-14 23:00:00,0.0628333333333332,27.0,0.0,0.0,51.22939355462961,0.0,0.0,15949.143333332102,0.0,0.0,1696.4999999990998,0.0,0.0,0.0,1696.4999999990998,62.8333333333332,0.0,0.0,0.0
2023-05-15 00:00:00,0.0574999999999999,27.0,0.0,0.0,53.3668482032899,0.0,0.0,15949.143333332102,0.0,0.0,1552.5,0.0,0.0,0.0,1552.5,57.4999999999999,0.0,0.0,0.0
2023-05-15 01:00:00,0.0623333333333332,24.0,0.0,0.0,55.23524345454044,0.0,0.0,15949.143333332102,0.0,0.0,1495.9999999991999,0.0,0.0,0.0,1495.9999999991999,62.3333333333332,0.0,0.0,0.0
2023-05-15 02:00:00,0.0581666666666666,24.5,0.0,0.0,54.55063988819653,0.0,0.0,15949.143333332102,0.0,0.0,1425.08333333415,0.0,0.0,0.0,1425.08333333415,58.1666666666666,0.0,0.0,0.0
2023-05-15 03:00:00,0.0633333333333333,24.75,0.0,0.0,52.78309217077598,0.0,0.0,15949.143333332102,0.0,0.0,1567.4999999991749,0.0,0.0,0.0,1567.4999999991749,63.3333333333333,0.0,0.0,0.0
2023-05-15 04:00:00,0.0583333333333333,25.75,0.0,0.0,50.51682708779107,0.0,0.0,15949.143333332102,0.0,0.0,1502.083333332475,0.0,0.0,0.0,1502.083333332475,58.3333333333333,0.0,0.0,0.0
2023-05-15 05:00:00,0.0628333333333333,25.0,0.0,0.0056109982301758,51.26690351244892,0.0,0.0,15949.143333332102,0.0,0.0,1570.8333333324845,0.0,0.0,0.0,1570.8333333324845,62.8333333333333,0.0,0.0,0.0
2023-05-15 06:00:00,0.0564999999999999,24.75,0.0,0.0705514043735845,51.55029648628451,0.0067933333213003,0.0,15949.143333332102,0.0,0.0,1398.375,0.0,0.0,0.0,1398.375,56.4999999999999,0.0,0.0,0.0
2023-05-15 07:00:00,0.0603333333333333,26.25,0.0,0.229628233525712,52.49223197033118,0.0859258978591006,0.0,15949.143333332102,0.0,0.0,1583.7499999991087,0.0,0.0,0.0,1583.7499999991087,60.3333333333333,0.0,0.0,0.0
2023-05-15 08:00:00,0.0555,26.25,0.0,0.4151147897644112,53.11218442511012,0.1732247008625259,0.0,15949.143333332102,0.0,0.0,1456.875,0.0,0.0,0.0,1456.875,55.5,0.0,0.0,0.0
2023-05-15 09:00:00,0.0608333333333333,25.25,0.0,0.581848085141846,54.41759304141649,0.3387982904809152,0.0,15949.143333332102,0.0,0.0,1536.0416666658093,0.0,0.0,0.0,1536.0416666658093,60.8333333333333,0.0,0.0,0.0
2023-05-15 10:00:00,0.0556666666666666,23.5,0.0,0.709999008027418,55.69726720287604,0.2108881207001514,0.0,15949.143333332102,0.0,0.0,1308.1666666674646,0.0,0.0,0.0,1308.1666666674646,55.6666666666666,0.0,0.0,0.0
2023-05-15 11:00:00,0.0553333333333333,21.5,0.0,0.791030235555663,56.39723219463333,0.3303444462963657,0.0,15949.143333332102,0.0,0.0,1189.6666666659366,0.0,0.0,0.0,1189.6666666659366,55.3333333333333,0.0,0.0,0.0
2023-05-15 12:00:00,0.0609999999999999,18.0,0.0,0.8217187537317058,58.20131403658279,0.3253907686217218,0.0,15949.143333332102,0.0,0.0,1098.0,0.0,0.0,0.0,1098.0,60.9999999999999,0.0,0.0,0.0
2023-05-15 13:00:00,0.0556666666666666,17.5,0.0,0.8012395778877585,56.24809140729729,0.4104180318066198,0.0,15949.143333332102,0.0,0.0,974.1666666672609,0.0,0.0,0.0,974.1666666672609,55.6666666666666,0.0,0.0,0.0
2023-05-15 14:00:00,0.0619999999999999,17.5,0.0,0.7301419640067056,53.60624254724085,0.4810409399179311,0.0,15949.143333332102,0.0,0.0,1085.0,0.0,0.0,0.0,1085.0,61.9999999999999,0.0,0.0,0.0
2023-05-15 15:00:00,0.3324999999999999,17.5,0.0,0.6110304467365097,55.5622045164029,0.2991443603059165,0.0,15949.143333332102,0.0,0.0,5818.75,0.0,0.0,0.0,5818.75,332.4999999999999,0.0,0.0,0.0
2023-05-15 16:00:00,0.1678333333333332,18.75,0.0,0.451057060247605,54.77759457197221,0.2862292309296436,0.0,15949.143333332102,0.0,0.0,3146.8749999936335,0.0,0.0,0.0,3146.8749999936335,167.8333333333332,0.0,0.0,0.0
2023-05-15 17:00:00,0.1591666666666666,19.5,0.0,0.2670552399603048,53.97022422631375,0.2424890589917826,0.0,15949.143333332102,0.0,0.0,3103.750000006621,0.0,0.0,0.0,3103.750000006621,159.1666666666666,0.0,0.0,0.0
2023-05-15 18:00:00,0.1546666666666666,20.5,0.0,0.0967033116760253,53.96682945233298,0.2821052125784067,0.0,15949.143333332102,0.0,0.0,3170.6666666736273,0.0,0.0,0.0,3170.6666666736273,154.6666666666666,0.0,0.0,0.0
2023-05-15 19:00:00,0.0676666666666666,21.0,0.0,0.0116592249123437,52.91654750276324,0.0824997436388945,0.0,15949.143333332102,0.0,0.0,1421.000000000713,0.0,0.0,0.0,1421.000000000713,67.6666666666666,0.0,0.0,0.0
2023-05-15 20:00:00,0.0563333333333332,21.5,0.0,0.0,51.90214844691717,0.0008952136734564,0.0,15949.143333332102,0.0,0.0,1211.1666666659498,0.0,0.0,0.0,1211.1666666659498,56.3333333333332,0.0,0.0,0.0
2023-05-15 21:00:00,0.0621666666666666,21.25,0.0,0.0,50.13214252842412,5.042734953901188e-06,0.0,15949.143333332102,0.0,0.0,1321.041666667375,0.0,0.0,0.0,1321.041666667375,62.1666666666666,0.0,0.0,0.0
2023-05-15 22:00:00,0.0564999999999999,21.75,0.0,0.0,52.55839995595412,0.0,0.0,15949.143333332102,0.0,0.0,1228.875,0.0,0.0,0.0,1228.875,56.4999999999999,0.0,0.0,0.0
2023-05-15 23:00:00,0.0563333333333333,22.0,0.0,0.0,51.218158905985895,0.0,0.0,15949.143333332102,0.0,0.0,1239.3333333326,0.0,0.0,0.0,1239.3333333326,56.3333333333333,0.0,0.0,0.0
2023-05-16 00:00:00,0.0618333333333332,18.75,0.0,0.0,49.55009464539348,0.0,0.0,15949.143333332102,0.0,0.0,1159.374999999375,0.0,0.0,0.0,1159.374999999375,61.8333333333332,0.0,0.0,0.0
2023-05-16 01:00:00,0.0568333333333332,19.5,0.0,0.0,52.10675275282974,0.0,0.0,15949.143333332102,0.0,0.0,1108.24999999935,0.0,0.0,0.0,1108.24999999935,56.8333333333332,0.0,0.0,0.0
2023-05-16 02:00:00,0.0626666666666666,19.5,0.0,0.0,54.13582427448506,0.0,0.0,15949.143333332102,0.0,0.0,1222.00000000065,0.0,0.0,0.0,1222.00000000065,62.66666666666661,0.0,0.0,0.0
2023-05-16 03:00:00,0.0568333333333333,19.75,0.0,0.0,54.40273372083301,0.0,0.0,15949.143333332102,0.0,0.0,1122.458333332675,0.0,0.0,0.0,1122.458333332675,56.8333333333333,0.0,0.0,0.0
2023-05-16 04:00:00,0.0563333333333333,19.25,0.0,0.0,55.33986270431697,0.0,0.0,15949.143333332102,0.0,0.0,1084.4166666660249,0.0,0.0,0.0,1084.4166666660249,56.3333333333333,0.0,0.0,0.0
2023-05-16 05:00:00,0.0616666666666666,18.5,0.0,0.0060100866736974,57.263720422195775,0.0,0.0,15949.143333332102,0.0,0.0,1140.8333333339615,0.0,0.0,0.0,1140.8333333339615,61.6666666666666,0.0,0.0,0.0
2023-05-16 06:00:00,0.0561666666666666,21.5,0.0,0.0717429311102716,57.77130254885645,0.0011101709478176,0.0,15949.143333332102,0.0,0.0,1207.5833333340634,0.0,0.0,0.0,1207.5833333340634,56.1666666666666,0.0,0.0,0.0
2023-05-16 07:00:00,0.0611666666666666,22.0,0.0,0.2309330238503382,58.14791584735365,0.0072969230933067,0.0,15949.143333332102,0.0,0.0,1345.6666666674137,0.0,0.0,0.0,1345.6666666674137,61.1666666666666,0.0,0.0,0.0
2023-05-16 08:00:00,0.0961666666666666,21.75,0.0,0.4160455523356439,57.69987249186031,0.0086660683766389,0.0,15949.143333332102,0.0,0.0,2091.6250000007385,0.0,0.0,0.0,2091.6250000007385,96.1666666666666,0.0,0.0,0.0
2023-05-16 09:00:00,0.1508333333333333,20.5,0.0,0.5823864605832557,58.3384775030842,0.0314951281873588,0.0,15949.143333332102,0.0,0.0,3092.0833333263727,0.0,0.0,0.0,3092.0833333263727,150.8333333333333,0.0,0.0,0.0
2023-05-16 10:00:00,0.1565,18.0,0.0,0.7102444572129892,56.794526522745095,0.0358672648617345,0.0,15949.143333332102,0.0,0.0,2817.0,0.0,0.0,0.0,2817.0,156.5,0.0,0.0,0.0
2023-05-16 11:00:00,12.503166666666669,17.25,0.0,0.7911029367350876,54.30345555348016,0.0617399145599104,0.0,15949.143333332102,0.0,0.0,215679.62500057492,0.0,0.0,0.0,215679.62500057492,12503.166666666668,0.0,0.0,0.0
2023-05-16 12:00:00,11.8715,16.75,0.0,0.8217362313254485,55.38360492830785,0.0878887176921225,0.0,15949.143333332102,0.0,0.0,198847.625,0.0,0.0,0.0,198847.625,11871.5,0.0,0.0,0.0
2023-05-16 13:00:00,2.2031666666666667,16.5,0.0,0.8013158188077597,55.20756506318795,0.060527179383824,0.0,15949.143333332102,0.0,0.0,36352.250000055064,0.0,0.0,0.0,36352.250000055064,2203.1666666666665,0.0,0.0,0.0
2023-05-16 14:00:00,0.3223333333333333,16.25,0.0,0.730392345298605,54.34518321452451,0.0680700855988722,0.0,15949.143333332102,0.0,0.0,5237.916666661149,0.0,0.0,0.0,5237.916666661149,322.3333333333333,0.0,0.0,0.0
2023-05-16 15:00:00,0.403,15.75,0.0,0.6115720969503694,56.021898265042296,0.0296088889113858,0.0,15949.143333332102,0.0,0.0,6347.25,0.0,0.0,0.0,6347.25,403.0,0.0,0.0,0.0
2023-05-16 16:00:00,6.416833333333334,17.25,0.0,0.4519903598064165,56.13247489607232,0.0298836752695915,0.0,15949.143333332102,0.0,0.0,110690.37499994243,0.0,0.0,0.0,110690.37499994243,6416.833333333334,0.0,0.0,0.0
2023-05-16 17:00:00,5.817166666666666,18.5,0.0,0.2683867687133903,56.26584204527637,0.0240292308065626,0.0,15949.143333332102,0.0,0.0,107617.58333339507,0.0,0.0,0.0,107617.58333339507,5817.166666666666,0.0,0.0,0.0
2023-05-16 18:00:00,4.201666666666667,19.5,0.0,0.0980566772092534,56.71698682376856,0.0155014530104449,0.0,15949.143333332102,0.0,0.0,81932.50000006508,0.0,0.0,0.0,81932.50000006508,4201.666666666667,0.0,0.0,0.0
2023-05-16 19:00:00,1.9105,21.75,0.0,0.0122576302076556,54.65892877519879,0.0085234188141985,0.0,15949.143333332102,0.0,0.0,41553.375000381726,0.0,0.0,0.0,41553.375000381726,1910.5,0.0,0.0,0.0
2023-05-16 20:00:00,6.650333333333333,23.0,0.0,0.0,53.36414366324316,0.0026965812079083,0.0,15949.143333332102,0.0,0.0,152957.66666659,0.0,0.0,0.0,152957.66666659,6650.333333333333,0.0,0.0,0.0
2023-05-16 21:00:00,7.175166666666667,22.25,0.0,0.0,51.63749174782915,0.0,0.0,15949.143333332102,0.0,0.0,159647.4583334075,0.0,0.0,0.0,159647.4583334075,7175.166666666667,0.0,0.0,0.0
2023-05-16 22:00:00,7.846,21.75,0.0,0.0,52.23706418243317,0.0,0.0,15949.143333332102,0.0,0.0,170650.5,0.0,0.0,0.0,170650.5,7846.0,0.0,0.0,0.0
2023-05-16 23:00:00,7.556333333333334,21.75,0.0,0.0,50.79350751379834,0.0,0.0,15949.143333332102,0.0,0.0,164350.2499999275,0.0,0.0,0.0,164350.2499999275,7556.333333333334,0.0,0.0,0.0
2023-05-17 00:00:00,3.939,20.75,0.0,0.0,53.09286825397807,0.0,0.0,15949.143333332102,0.0,0.0,81734.25,0.0,0.0,0.0,81734.25,3939.0,0.0,0.0,0.0
2023-05-17 01:00:00,0.5495,20.75,0.0,0.0,52.46683749706266,0.0,0.0,15949.143333332102,0.0,0.0,11402.125,0.0,0.0,0.0,11402.125,549.5,0.0,0.0,0.0
2023-05-17 02:00:00,0.25,21.25,0.0,0.0,52.81589001005298,0.0,0.0,15949.143333332102,0.0,0.0,5312.5,0.0,0.0,0.0,5312.5,250.0,0.0,0.0,0.0
2023-05-17 03:00:00,0.2486666666666666,21.75,0.0,0.0,52.2374277505616,0.0,0.0,15949.143333332102,0.0,0.0,5408.50000000725,0.0,0.0,0.0,5408.50000000725,248.6666666666666,0.0,0.0,0.0
2023-05-17 04:00:00,0.254,20.5,0.0,0.0,52.22176601657428,0.0,0.0,15949.143333332102,0.0,0.0,5207.0,0.0,0.0,0.0,5207.0,254.0,0.0,0.0,0.0
2023-05-17 05:00:00,0.2491666666666666,22.25,0.0,0.0064234475867233,51.52227622997007,0.0,0.0,15949.143333332102,0.0,0.0,5543.958333340888,0.0,0.0,0.0,5543.958333340888,249.1666666666666,0.0,0.0,0.0
2023-05-17 06:00:00,0.253,23.0,0.0,0.0729259823280383,51.958163124050486,0.0039964102660743,0.0,15949.143333332102,0.0,0.0,5819.0,0.0,0.0,0.0,5819.0,253.0,0.0,0.0,0.0
2023-05-17 07:00:00,0.247,23.0,0.0,0.2323292421349519,52.927047464536905,0.0353635895557892,0.0,15949.143333332102,0.0,0.0,5681.0,0.0,0.0,0.0,5681.0,247.0,0.0,0.0,0.0
2023-05-17 08:00:00,0.2061666666666666,23.0,0.0,0.4171583098467755,54.22769121556412,0.0379790597491794,0.0,15949.143333332102,0.0,0.0,4741.833333341143,0.0,0.0,0.0,4741.833333341143,206.1666666666666,0.0,0.0,0.0
2023-05-17 09:00:00,0.1306666666666666,21.75,0.0,0.5831626697378703,54.11260259712589,0.0748071794428377,0.0,15949.143333332102,0.0,0.0,2842.000000007385,0.0,0.0,0.0,2842.000000007385,130.6666666666666,0.0,0.0,0.0
2023-05-17 10:00:00,0.8171666666666666,20.75,0.0,0.7107600215512746,52.23929954401727,0.123902222396981,0.0,15949.143333332102,0.0,0.0,16956.20833334038,0.0,0.0,0.0,16956.20833334038,817.1666666666666,0.0,0.0,0.0
2023-05-17 11:00:00,0.0571666666666665,19.75,0.0,0.7914645939009635,51.371761400171295,0.1258774362873827,0.0,15949.143333332102,0.0,0.0,1129.0416666673373,0.0,0.0,0.0,1129.0416666673373,57.1666666666665,0.0,0.0,0.0
2023-05-17 12:00:00,0.0621666666666666,18.75,0.0,0.822054024296481,53.56825287237999,0.1422856402600931,0.0,15949.143333332102,0.0,0.0,1165.6250000006366,0.0,0.0,0.0,1165.6250000006366,62.1666666666666,0.0,0.0,0.0
2023-05-17 13:00:00,0.0569999999999999,18.75,0.0,0.8016983108054765,52.27027460054372,0.104077521104079,0.0,15949.143333332102,0.0,0.0,1068.75,0.0,0.0,0.0,1068.75,56.9999999999999,0.0,0.0,0.0
2023-05-17 14:00:00,0.0569999999999999,17.25,0.0,0.7309477037987898,50.09851221873789,0.1129764102055476,0.0,15949.143333332102,0.0,0.0,983.25,0.0,0.0,0.0,983.25,56.9999999999999,0.0,0.0,0.0
2023-05-17 15:00:00,2.4381666666666666,17.75,0.0,0.6124041343806518,48.57611422573051,0.0917853846916785,0.0,15949.143333332102,0.0,0.0,43277.45833339257,0.0,0.0,0.0,43277.45833339257,2438.1666666666665,0.0,0.0,0.0
2023-05-17 16:00:00,2.5791666666666666,18.75,0.0,0.453174818294084,50.90890166452003,0.0859968372899243,0.0,15949.143333332102,0.0,0.0,48359.37500006257,0.0,0.0,0.0,48359.37500006257,2579.1666666666665,0.0,0.0,0.0
2023-05-17 17:00:00,2.465,19.75,0.0,0.2698896378666016,48.73633436442692,0.0688180340660942,0.0,15949.143333332102,0.0,0.0,48683.75,0.0,0.0,0.0,48683.75,2465.0,0.0,0.0,0.0
2023-05-17 18:00:00,3.5595,20.75,0.0,0.0994704808357672,49.222362756120425,0.0496936753672412,0.0,15949.143333332102,0.0,0.0,73859.625,0.0,0.0,0.0,73859.625,3559.5,0.0,0.0,0.0
2023-05-17 19:00:00,4.2045,21.0,0.0,0.0128782915715611,47.78834658218719,0.0259500853831951,0.0,15949.143333332102,0.0,0.0,88294.5000003872,0.0,0.0,0.0,88294.5000003872,4204.5,0.0,0.0,0.0
2023-05-17 20:00:00,2.763,21.75,0.0,2.1664308258072e-08,50.53993394784626,0.007439743585996,0.0,15949.143333332102,1554.3933333323898,0.0,60095.25,0.0,3885.9833333309743,0.0,63981.23333333097,2763.0,0.0,0.0,0.0
2023-05-17 21:00:00,0.0596666666666666,23.0,0.0,0.0,52.8511832606956,0.0,0.0,15949.143333332102,0.0,1554.3933333323898,1372.3333333341,0.0,0.0,0.0,1372.3333333341,59.6666666666666,0.0,0.0,0.0
2023-05-17 22:00:00,0.0626666666666666,22.5,0.0,0.0,50.73862753284746,0.0,0.0,15949.143333332102,0.0,1554.3933333323898,1410.00000000075,0.0,0.0,0.0,1410.00000000075,62.66666666666661,0.0,0.0,0.0
2023-05-17 23:00:00,0.0581666666666665,21.75,0.0,0.0,50.04830041246989,0.0,0.0,15949.143333332102,0.0,1554.3933333323898,1265.125000000725,0.0,0.0,0.0,1265.125000000725,58.1666666666665,0.0,0.0,0.0
2023-05-18 00:00:00,0.0584999999999999,19.75,0.0,0.0,52.56305381554771,0.0,0.0,15949.143333332102,0.0,1554.3933333323898,1155.375,0.0,0.0,0.0,1155.375,58.4999999999999,0.0,0.0,0.0
2023-05-18 01:00:00,0.0633333333333333,20.0,0.0,0.0,50.688514838275935,0.0,0.0,15949.143333332102,0.0,1554.3933333323898,1266.6666666659999,0.0,0.0,0.0,1266.6666666659999,63.3333333333333,0.0,0.0,0.0
2023-05-18 02:00:00,0.059,20.25,0.0,0.0,50.86654957103505,0.0,0.0,15949.143333332102,0.0,1554.3933333323898,1194.75,0.0,0.0,0.0,1194.75,59.0,0.0,0.0,0.0
2023-05-18 03:00:00,0.0638333333333333,19.25,0.0,0.0,52.28323484903156,0.0,0.0,15949.143333332102,0.0,1554.3933333323898,1228.7916666660249,0.0,0.0,0.0,1228.7916666660249,63.8333333333333,0.0,0.0,0.0
2023-05-18 04:00:00,0.0583333333333332,18.25,0.0,0.0,52.77367704235298,0.0,0.0,15949.143333332102,0.0,1554.3933333323898,1064.583333332725,0.0,0.0,0.0,1064.583333332725,58.3333333333332,0.0,0.0,0.0
2023-05-18 05:00:00,0.0614999999999999,19.0,0.0,0.0068381041972663,52.50160511360622,0.0,0.0,15949.143333332102,0.0,1554.3933333323898,1168.5,0.0,0.0,0.0,1168.5,61.4999999999999,0.0,0.0,0.0
2023-05-18 06:00:00,0.0603333333333332,18.25,0.0,0.0740578104821222,52.98775546211501,0.0033711111354522,0.0,15949.143333332102,0.0,1554.3933333323898,1101.0833333327137,0.0,0.0,0.0,1101.0833333327137,60.3333333333332,0.0,0.0,0.0
2023-05-18 07:00:00,0.0563333333333332,17.75,0.0,0.2336524769866568,51.39194115982353,0.0298045298380729,0.0,15949.143333332102,0.0,1554.3933333323898,999.916666666064,0.0,0.0,0.0,999.916666666064,56.3333333333332,0.0,0.0,0.0
2023-05-18 08:00:00,0.1181666666666666,18.5,0.0,0.418203326228781,53.228846130747,0.0673655557224893,0.0,15949.143333332102,0.0,1554.3933333323898,2186.083333339615,0.0,0.0,0.0,2186.083333339615,118.1666666666666,0.0,0.0,0.0
2023-05-18 09:00:00,3.58,18.25,0.0,0.5838834438947379,52.14821023823648,0.1049433334057148,0.0,15949.143333332102,0.0,1554.3933333323898,65335.0,0.0,0.0,0.0,65335.0,3580.0,0.0,0.0,0.0
2023-05-18 10:00:00,1.524166666666667,18.0,0.0,0.7112329936840428,53.88258769894516,0.1614467519776434,0.0,15949.143333332102,0.0,1554.3933333323898,27435.00000006007,0.0,0.0,0.0,27435.00000006007,1524.166666666667,0.0,0.0,0.0
2023-05-18 11:00:00,2.8913333333333333,16.25,0.0,0.7917950567920501,54.08417740107809,0.3279490593152168,0.0,15949.143333332102,0.0,1554.3933333323898,46984.16666661244,0.0,0.0,0.0,46984.16666661244,2891.3333333333335,0.0,0.0,0.0
2023-05-18 12:00:00,1.417166666666667,15.0,0.0,0.8223499557377233,55.99949567284488,0.2605226480858957,0.0,15949.143333332102,0.0,1554.3933333323898,21257.50000005006,0.0,0.0,0.0,21257.50000005006,1417.166666666667,0.0,0.0,0.0
2023-05-18 13:00:00,1.268833333333333,15.25,0.0,0.80206597784607,56.13742108620702,0.2594272646129641,0.0,15949.143333332102,0.0,1554.3933333323898,19349.70833328244,0.0,0.0,0.0,19349.70833328244,1268.833333333333,0.0,0.0,0.0
2023-05-18 14:00:00,3.001,16.0,0.0,0.7314927221003625,57.09708683201675,0.2469953849988106,0.0,15949.143333332102,0.0,1554.3933333323898,48016.0,0.0,0.0,0.0,48016.0,3001.0,0.0,0.0,0.0
2023-05-18 15:00:00,2.5253333333333337,16.0,0.0,0.6132273289105105,57.93125919686533,0.2440458982418745,0.0,15949.143333332102,0.0,1554.3933333323898,40405.33333327994,0.0,0.0,0.0,40405.33333327994,2525.3333333333335,0.0,0.0,0.0
2023-05-18 16:00:00,3.849,16.0,0.0,0.4543485467727371,57.75310719795132,0.2389503426837106,0.0,15949.143333332102,0.0,1554.3933333323898,61584.0,0.0,0.0,0.0,61584.0,3849.0,0.0,0.0,0.0
2023-05-18 17:00:00,4.470833333333333,16.25,0.0,0.2713775903740142,57.7341486670587,0.0796479484362479,0.0,15949.143333332102,0.0,1554.3933333323898,72651.04166661244,0.0,0.0,0.0,72651.04166661244,4470.833333333333,0.0,0.0,0.0
2023-05-18 18:00:00,2.921333333333333,18.5,0.0,0.100871651948512,58.45130443154281,0.0639067521869626,0.0,15949.143333332102,0.0,1554.3933333323898,54044.66666660493,0.0,0.0,0.0,54044.66666660493,2921.333333333333,0.0,0.0,0.0
2023-05-18 19:00:00,1.0571666666666666,20.0,0.0,0.0135055860116867,59.93828519991074,0.0297751281200311,0.0,15949.143333332102,0.0,1554.3933333323898,21143.333333400078,0.0,0.0,0.0,21143.333333400078,1057.1666666666665,0.0,0.0,0.0
2023-05-18 20:00:00,1.2461666666666666,21.0,0.0,3.508540841075766e-07,57.30776168918411,0.006441538498108,0.0,15949.143333332102,0.0,1554.3933333323898,26169.500000070002,0.0,0.0,0.0,26169.500000070002,1246.1666666666667,0.0,0.0,0.0
2023-05-18 21:00:00,1.274333333333333,21.0,0.0,0.0,58.08728763727099,0.0,0.0,15949.143333332102,0.0,1554.3933333323898,26760.999999929998,0.0,0.0,0.0,26760.999999929998,1274.333333333333,0.0,0.0,0.0
2023-05-18 22:00:00,0.1816666666666666,20.5,0.0,0.0,59.03600948084644,0.0,0.0,15949.143333332102,0.0,1554.3933333323898,3724.1666666734995,0.0,0.0,0.0,3724.1666666734995,181.6666666666666,0.0,0.0,0.0
2023-05-18 23:00:00,0.0621666666666666,20.0,0.0,0.0,59.06299966192675,0.0,0.0,15949.143333332102,0.0,1554.3933333323898,1243.3333333340001,0.0,0.0,0.0,1243.3333333340001,62.1666666666666,0.0,0.0,0.0
2023-05-19 00:00:00,0.0573333333333332,20.25,0.0,0.0,56.6684849194934,0.0,0.0,15949.143333332102,0.0,1554.3933333323898,1160.999999999325,0.0,0.0,0.0,1160.999999999325,57.3333333333332,0.0,0.0,0.0
2023-05-19 01:00:00,0.0636666666666666,19.5,0.0,0.0,57.96105881150852,0.0,0.0,15949.143333332102,0.0,1554.3933333323898,1241.50000000065,0.0,0.0,0.0,1241.50000000065,63.66666666666659,0.0,0.0,0.0
2023-05-19 02:00:00,0.0583333333333332,18.0,0.0,0.0,57.0692119548314,0.0,0.0,15949.143333332102,0.0,1554.3933333323898,1049.9999999994,0.0,0.0,0.0,1049.9999999994,58.3333333333332,0.0,0.0,0.0
2023-05-19 03:00:00,0.0574999999999999,18.75,0.0,0.0,57.09370206190288,0.0,0.0,15949.143333332102,0.0,1554.3933333323898,1078.125,0.0,0.0,0.0,1078.125,57.4999999999999,0.0,0.0,0.0
2023-05-19 04:00:00,0.0623333333333332,18.75,0.0,0.0,57.12969393956515,0.0,0.0,15949.143333332102,0.0,1554.3933333323898,1168.749999999375,0.0,0.0,0.0,1168.749999999375,62.3333333333332,0.0,0.0,0.0
2023-05-19 05:00:00,0.0578333333333332,18.0,0.0,0.0072524588442294,54.96898989677469,0.0,0.0,15949.143333332102,0.0,1554.3933333323898,1040.9999999993888,0.0,0.0,0.0,1040.9999999993888,57.8333333333332,0.0,0.0,0.0
2023-05-19 06:00:00,0.0633333333333333,20.25,0.0,0.0751382385022209,52.57404082178429,0.0050661538452164,0.0,15949.143333332102,0.0,1554.3933333323898,1282.4999999993124,0.0,0.0,0.0,1282.4999999993124,63.3333333333333,0.0,0.0,0.0
2023-05-19 07:00:00,0.0561666666666666,21.5,0.0,0.2349036127554586,52.57314610068546,0.0488464956609611,0.0,15949.143333332102,0.0,1554.3933333323898,1207.5833333340634,0.0,0.0,0.0,1207.5833333340634,56.1666666666666,0.0,0.0,0.0
2023-05-19 08:00:00,0.0611666666666666,21.25,0.0,0.4191819006274142,53.62127170061775,0.133879401704185,0.0,15949.143333332102,0.0,1554.3933333323898,1299.7916666673882,0.0,0.0,0.0,1299.7916666673882,61.1666666666666,0.0,0.0,0.0
2023-05-19 09:00:00,0.0623333333333332,20.5,0.0,0.5845501944793968,51.26187984073794,0.2581091455312875,0.0,15949.143333332102,0.0,1554.3933333323898,1277.8333333326373,0.0,0.0,0.0,1277.8333333326373,62.3333333333332,0.0,0.0,0.0
2023-05-19 10:00:00,0.0569999999999999,19.75,0.0,0.7116647731596123,50.708565192483945,0.1959818792750693,0.0,15949.143333332102,0.0,1554.3933333323898,1125.75,0.0,0.0,0.0,1125.75,56.9999999999999,0.0,0.0,0.0
2023-05-19 11:00:00,0.0619999999999999,17.0,0.0,0.7920956358733245,50.68843288025512,0.3082031618428026,0.0,15949.143333332102,0.0,1554.3933333323898,1054.0,0.0,0.0,0.0,1054.0,61.9999999999999,0.0,0.0,0.0
2023-05-19 12:00:00,4.839833333333334,16.75,0.0,0.8226251871549056,52.6029878004743,0.2470984620314378,0.0,15949.143333332102,0.0,1554.3933333323898,81067.20833327743,0.0,0.0,0.0,81067.20833327743,4839.833333333334,0.0,0.0,0.0
2023-05-19 13:00:00,6.2045,17.0,0.0,0.802419778647916,53.88861116044745,0.1891685476058569,0.0,15949.143333332102,0.0,1554.3933333323898,105476.5,0.0,0.0,0.0,105476.5,6204.5,0.0,0.0,0.0
2023-05-19 14:00:00,0.1568333333333333,15.5,0.0,0.7320281049319529,54.700999789681816,0.1862969238737709,0.0,15949.143333332102,0.0,1554.3933333323898,2430.9166666614037,0.0,0.0,0.0,2430.9166666614037,156.8333333333333,0.0,0.0,0.0
2023-05-19 15:00:00,7.229333333333333,16.25,0.0,0.6140420896105174,53.674653634153465,0.2187733342097355,0.0,15949.143333332102,0.0,1554.3933333323898,117476.66666661244,0.0,0.0,0.0,117476.66666661244,7229.333333333333,0.0,0.0,0.0
2023-05-19 16:00:00,7.724,17.25,0.0,0.4555116465841,51.57610925041381,0.1462471794878315,0.0,15949.143333332102,0.0,1554.3933333323898,133239.0,0.0,0.0,0.0,133239.0,7724.0,0.0,0.0,0.0
2023-05-19 17:00:00,3.1446666666666663,18.0,0.0,0.2728504551217355,50.00565166118714,0.0737791452652368,0.0,15949.143333332102,0.0,1554.3933333323898,56604.00000006007,0.0,0.0,0.0,56604.00000006007,3144.666666666666,0.0,0.0,0.0
2023-05-19 18:00:00,2.637,20.25,0.0,0.102259712518881,51.76238811746572,0.0319464103788392,0.0,15949.143333332102,0.0,1554.3933333323898,53399.25,0.0,0.0,0.0,53399.25,2637.0,0.0,0.0,0.0
2023-05-19 19:00:00,2.4995000000000003,21.0,0.0,0.0141382981975466,50.89662146553081,0.0189314529834649,0.0,15949.143333332102,0.0,1554.3933333323898,52489.500000425105,0.0,0.0,0.0,52489.500000425105,2499.5000000000005,0.0,0.0,0.0
2023-05-19 20:00:00,0.0598333333333332,21.0,0.0,9.544351206823562e-07,50.318640281196025,0.0055194871666896,0.0,15949.143333332102,0.0,1554.3933333323898,1256.4999999993,0.0,0.0,0.0,1256.4999999993,59.833333333333194,0.0,0.0,0.0
2023-05-19 21:00:00,0.0636666666666666,21.0,0.0,0.0,48.358371357566,0.0,0.0,15949.143333332102,0.0,1554.3933333323898,1337.0000000007,0.0,0.0,0.0,1337.0000000007,63.66666666666659,0.0,0.0,0.0
2023-05-19 22:00:00,0.0583333333333333,21.0,0.0,0.0,50.70279903280292,0.0,0.0,15949.143333332102,0.0,1554.3933333323898,1224.9999999993,0.0,0.0,0.0,1224.9999999993,58.3333333333333,0.0,0.0,0.0
2023-05-19 23:00:00,0.0626666666666666,19.5,0.0,0.0,51.95810202773261,0.0,0.0,15949.143333332102,0.0,1554.3933333323898,1222.00000000065,0.0,0.0,0.0,1222.00000000065,62.66666666666661,0.0,0.0,0.0
2023-05-20 00:00:00,0.0583333333333333,16.5,0.0,0.0,51.029059817031424,0.0,0.0,15949.143333332102,0.0,1554.3933333323898,962.49999999945,0.0,0.0,0.0,962.49999999945,58.3333333333333,0.0,0.0,0.0
2023-05-20 01:00:00,0.0584999999999999,15.0,0.0,0.0,49.795499157726525,0.0,0.0,15949.143333332102,0.0,1554.3933333323898,877.5,0.0,0.0,0.0,877.5,58.4999999999999,0.0,0.0,0.0
2023-05-20 02:00:00,0.0639999999999999,15.0,0.0,0.0,47.917651604997786,0.0,0.0,15949.143333332102,0.0,1554.3933333323898,960.0,0.0,0.0,0.0,960.0,63.99999999999991,0.0,0.0,0.0
2023-05-20 03:00:00,0.0583333333333333,15.0,0.0,0.0,48.62611244787888,0.0,0.0,15949.143333332102,0.0,1554.3933333323898,874.9999999995,0.0,0.0,0.0,874.9999999995,58.3333333333333,0.0,0.0,0.0
2023-05-20 04:00:00,0.0636666666666666,16.0,0.0,0.0,48.33280500689904,0.0,0.0,15949.143333332102,0.0,1554.3933333323898,1018.6666666672,0.0,0.0,0.0,1018.6666666672,63.66666666666659,0.0,0.0,0.0
2023-05-20 05:00:00,0.0586666666666666,16.0,0.0,0.0076650504882877,49.45508851382865,0.0,0.0,15949.143333332102,0.0,1554.3933333323898,938.6666666672099,0.0,0.0,0.0,938.6666666672099,58.6666666666666,0.0,0.0,0.0
2023-05-20 06:00:00,0.0625,15.75,0.0,0.0761671855236043,47.56278730886466,0.0034176922761476,0.0,15949.143333332102,0.0,1554.3933333323898,984.375,0.0,0.0,0.0,984.375,62.5,0.0,0.0,0.0
2023-05-20 07:00:00,0.651,15.75,0.0,0.2360835767044015,48.096204103808766,0.0336401709532126,0.0,15949.143333332102,0.0,1554.3933333323898,10253.25,0.0,0.0,0.0,10253.25,651.0,0.0,0.0,0.0
2023-05-20 08:00:00,3.0185,15.75,0.0,0.4200953559241818,50.42140560294096,0.0860925641019119,0.0,15949.143333332102,0.0,1554.3933333323898,47541.375,0.0,0.0,0.0,47541.375,3018.5,0.0,0.0,0.0
2023-05-20 09:00:00,2.3565,16.0,0.0,0.5851643460457606,51.3415229742828,0.0933363251808362,0.0,15949.143333332102,0.0,1554.3933333323898,37704.0,0.0,0.0,0.0,37704.0,2356.5,0.0,0.0,0.0
2023-05-20 10:00:00,5.248,16.0,0.0,0.7120567629387103,50.27934027866215,0.0578135899600819,0.0,15949.143333332102,0.0,1554.3933333323898,83968.0,0.0,0.0,0.0,83968.0,5248.0,0.0,0.0,0.0
2023-05-20 11:00:00,0.104,16.0,0.0,0.7923676355726429,50.65628776604519,0.1578414537152673,0.0,15949.143333332102,0.0,1554.3933333323898,1664.0,0.0,0.0,0.0,1664.0,104.0,0.0,0.0,0.0
2023-05-20 12:00:00,0.06,15.75,0.0,0.8228808650779088,50.82123964573493,0.2745782040327023,0.0,15949.143333332102,0.0,1554.3933333323898,945.0,0.0,0.0,0.0,945.0,60.0,0.0,0.0,0.0
2023-05-20 13:00:00,1.1115000000000002,16.5,0.0,0.8027606488277591,51.84922987440656,0.3084819650242471,0.0,15949.143333332102,0.0,1554.3933333323898,18339.75,0.0,0.0,0.0,18339.75,1111.5000000000002,0.0,0.0,0.0
2023-05-20 14:00:00,8.852666666666666,8.0,0.0,0.7325545270646278,52.345413757836525,0.244779915768876,0.0,15949.143333332102,0.0,1554.3933333323898,70821.33333336003,0.0,0.0,0.0,70821.33333336003,8852.666666666666,0.0,0.0,0.0
2023-05-20 15:00:00,0.0593333333333333,14.0,0.0,0.6148487905449246,51.91738769146018,0.1818417081262311,0.0,15949.143333332102,0.0,1554.3933333323898,830.6666666661913,0.0,0.0,0.0,830.6666666661913,59.3333333333333,0.0,0.0,0.0
2023-05-20 16:00:00,0.7869999999999999,17.0,0.0,0.4566641812789309,51.89533384210722,0.1507119659684662,0.0,15949.143333332102,0.0,1554.3933333323898,13379.0,0.0,0.0,0.0,13379.0,786.9999999999999,0.0,0.0,0.0
2023-05-20 17:00:00,3.1995,16.0,0.0,0.27430802286588,52.528849862262,0.0639870086083045,0.0,15949.143333332102,0.0,1554.3933333323898,51192.0,0.0,0.0,0.0,51192.0,3199.5,0.0,0.0,0.0
2023-05-20 18:00:00,0.314,15.25,0.0,0.1036341560245505,53.65801739256175,0.0447660685400677,0.0,15949.143333332102,0.0,1554.3933333323898,4788.5,0.0,0.0,0.0,4788.5,314.0,0.0,0.0,0.0
2023-05-20 19:00:00,0.3156666666666666,15.0,0.0,0.0147751554058176,55.16221176092046,0.0274087180439223,0.0,15949.143333332102,0.0,1554.3933333323898,4735.000000005093,0.0,0.0,0.0,4735.000000005093,315.6666666666666,0.0,0.0,0.0
2023-05-20 20:00:00,0.158,14.75,0.0,1.9492638853381464e-06,55.580217114236646,0.0071674358730928,0.0,15949.143333332102,0.0,1554.3933333323898,2330.5000000000405,0.0,0.0,0.0,2330.5000000000405,158.0,0.0,0.0,0.0
2023-05-20 21:00:00,0.0643333333333333,15.0,0.0,0.0,54.89768908691169,2.564102586390598e-07,0.0,15949.143333332102,0.0,1554.3933333323898,964.9999999995,0.0,0.0,0.0,964.9999999995,64.3333333333333,0.0,0.0,0.0
2023-05-20 22:00:00,0.0583333333333333,14.25,0.0,0.0,56.88781890819412,0.0,0.0,15949.143333332102,0.0,1554.3933333323898,831.2499999995249,0.0,0.0,0.0,831.2499999995249,58.3333333333333,0.0,0.0,0.0
2023-05-20 23:00:00,0.0609999999999999,14.75,0.0,0.0,58.17684450521272,0.0,0.0,15949.143333332102,0.0,1554.3933333323898,899.75,0.0,0.0,0.0,899.75,60.9999999999999,0.0,0.0,0.0
2023-05-21 00:00:00,0.0614999999999999,14.25,0.0,0.0,57.643536318388016,0.0,0.0,15949.143333332102,0.0,1554.3933333323898,876.375,0.0,0.0,0.0,876.375,61.4999999999999,0.0,0.0,0.0
2023-05-21 01:00:00,0.0593333333333333,15.0,0.0,0.0,56.45630693957601,0.0,0.0,15949.143333332102,0.0,1554.3933333323898,889.9999999995,0.0,0.0,0.0,889.9999999995,59.3333333333333,0.0,0.0,0.0
2023-05-21 02:00:00,0.0656666666666666,15.0,0.0,0.0,53.907392799133326,0.0,0.0,15949.143333332102,0.0,1554.3933333323898,985.0000000005,0.0,0.0,0.0,985.0000000005,65.6666666666666,0.0,0.0,0.0
2023-05-21 03:00:00,0.0588333333333333,15.25,0.0,0.0,52.33865680277656,0.0,0.0,15949.143333332102,0.0,1554.3933333323898,897.208333332825,0.0,0.0,0.0,897.208333332825,58.8333333333333,0.0,0.0,0.0
2023-05-21 04:00:00,0.0638333333333333,16.0,0.0,0.0,50.00501492877069,0.0,0.0,15949.143333332102,0.0,1554.3933333323898,1021.3333333328,0.0,0.0,0.0,1021.3333333328,63.8333333333333,0.0,0.0,0.0
2023-05-21 05:00:00,0.0584999999999999,16.0,0.0,0.0080744634523619,48.65240169196531,0.0,0.0,15949.143333332102,0.0,1554.3933333323898,936.0,0.0,0.0,0.0,936.0,58.4999999999999,0.0,0.0,0.0
2023-05-21 06:00:00,0.0581666666666666,16.0,0.0,0.0771446499813364,50.89068101309499,0.0044576068203418,0.0,15949.143333332102,0.0,1554.3933333323898,930.6666666672099,0.0,0.0,0.0,930.6666666672099,58.1666666666666,0.0,0.0,0.0
2023-05-21 07:00:00,0.0641666666666666,16.0,0.0,0.2371933225448535,51.24593157818404,0.0287188888411236,0.0,15949.143333332102,0.0,1554.3933333323898,1026.66666666721,0.0,0.0,0.0,1026.66666666721,64.1666666666666,0.0,0.0,0.0
2023-05-21 08:00:00,0.0586666666666666,16.0,0.0,0.4209450233084459,51.50986368806706,0.0587089745203653,0.0,15949.143333332102,0.0,1554.3933333323898,938.6666666672099,0.0,0.0,0.0,938.6666666672099,58.6666666666666,0.0,0.0,0.0
2023-05-21 09:00:00,2.424,16.25,0.0,0.5857273235515228,51.84750411871484,0.0899362394544813,0.0,15949.143333332102,0.0,1554.3933333323898,39390.0,0.0,0.0,0.0,39390.0,2424.0,0.0,0.0,0.0
2023-05-21 10:00:00,3.325833333333333,16.75,0.0,0.7124103601870632,51.18004862253751,0.1026737609276405,0.0,15949.143333332102,0.0,1554.3933333323898,55707.708333277435,0.0,0.0,0.0,55707.708333277435,3325.833333333333,0.0,0.0,0.0
2023-05-21 11:00:00,1.3831666666666669,16.5,0.0,0.7926123489680256,50.55228459306073,0.1563719651637933,0.0,15949.143333332102,0.0,1554.3933333323898,22822.250000055064,0.0,0.0,0.0,22822.250000055064,1383.166666666667,0.0,0.0,0.0
2023-05-21 12:00:00,2.3623333333333334,16.25,0.0,0.8231181197174227,48.44263717465575,0.1694734182113256,0.0,15949.143333332102,0.0,1554.3933333323898,38387.91666661244,0.0,0.0,0.0,38387.91666661244,2362.3333333333335,0.0,0.0,0.0
2023-05-21 13:00:00,6.402,17.0,0.0,0.8030895035331439,46.974173138515646,0.2265380344227847,0.0,15949.143333332102,0.0,1554.3933333323898,108834.0,0.0,0.0,0.0,108834.0,6402.0,0.0,0.0,0.0
2023-05-21 14:00:00,3.2596666666666665,17.25,0.0,0.733072639823107,47.97296421231978,0.2838970944005199,0.0,15949.143333332102,0.0,1554.3933333323898,56229.25000005757,0.0,0.0,0.0,56229.25000005757,3259.6666666666665,0.0,0.0,0.0
2023-05-21 15:00:00,5.547,18.0,0.0,0.6156477808487391,46.82779298306127,0.2697410257453592,0.0,15949.143333332102,0.0,1554.3933333323898,99846.0,0.0,0.0,0.0,99846.0,5547.0,0.0,0.0,0.0
2023-05-21 16:00:00,0.0628333333333333,17.0,0.0,0.4578061893804717,48.040596046620045,0.2885305988279164,0.0,15949.143333332102,0.0,1554.3933333323898,1068.1666666660894,0.0,0.0,0.0,1068.1666666660894,62.8333333333333,0.0,0.0,0.0
2023-05-21 17:00:00,0.064,16.75,0.0,0.2757500599439064,49.56662072221403,0.2454866670135759,0.0,15949.143333332102,0.0,1554.3933333323898,1072.0,0.0,0.0,0.0,1072.0,64.0,0.0,0.0,0.0
2023-05-21 18:00:00,0.0586666666666666,16.0,0.0,0.1049944574136056,50.052758771392064,0.2666190592447917,0.0,15949.143333332102,0.0,1554.3933333323898,938.6666666672099,0.0,0.0,0.0,938.6666666672099,58.6666666666666,0.0,0.0,0.0
2023-05-21 19:00:00,0.0626666666666666,16.5,0.0,0.0154148331552555,48.84461585852028,0.1127117095441899,0.0,15949.143333332102,0.0,1554.3933333323898,1034.0000000005602,0.0,0.0,0.0,1034.0000000005602,62.66666666666661,0.0,0.0,0.0
2023-05-21 20:00:00,0.0634999999999999,17.0,0.0,3.469746785794888e-06,46.95354084156911,0.0177585470065092,0.0,15949.143333332102,0.0,1554.3933333323898,1079.5000000000846,0.0,0.0,0.0,1079.5000000000846,63.4999999999999,0.0,0.0,0.0
2023-05-21 21:00:00,0.0576666666666665,17.5,0.0,0.0,47.47922831575593,8.777777875303966e-05,0.0,15949.143333332102,0.0,1554.3933333323898,1009.1666666672501,0.0,0.0,0.0,1009.1666666672501,57.6666666666665,0.0,0.0,0.0
2023-05-21 22:00:00,0.0631666666666666,18.0,0.0,0.0,49.574072591568594,0.0,0.0,15949.143333332102,0.0,1554.3933333323898,1137.0000000006,0.0,0.0,0.0,1137.0000000006,63.16666666666659,0.0,0.0,0.0
2023-05-21 23:00:00,0.0638333333333333,18.25,0.0,0.0,51.83193926049148,0.0,0.0,15949.143333332102,0.0,1554.3933333323898,1164.958333332725,0.0,0.0,0.0,1164.958333332725,63.8333333333333,0.0,0.0,0.0
2023-05-22 00:00:00,0.0583333333333333,29.25,0.0,0.0,50.58961053562496,0.0,0.0,15949.143333332102,0.0,1554.3933333323898,1706.249999999025,0.0,0.0,0.0,1706.249999999025,58.3333333333333,0.0,0.0,0.0
2023-05-22 01:00:00,0.065,30.25,0.0,0.0,48.89453170487293,0.0,0.0,15949.143333332102,0.0,1554.3933333323898,1966.25,0.0,0.0,0.0,1966.25,65.0,0.0,0.0,0.0
2023-05-22 02:00:00,0.0634999999999999,27.0,0.0,0.0,49.67447047329569,0.0,0.0,15949.143333332102,0.0,1554.3933333323898,1714.5,0.0,0.0,0.0,1714.5,63.4999999999999,0.0,0.0,0.0
2023-05-22 03:00:00,0.0571666666666666,25.25,0.0,0.0,51.29668244643643,0.0,0.0,15949.143333332102,0.0,1554.3933333323898,1443.458333334175,0.0,0.0,0.0,1443.458333334175,57.1666666666666,0.0,0.0,0.0
2023-05-22 04:00:00,0.0624999999999999,23.0,0.0,0.0,49.27378736473233,0.0,0.0,15949.143333332102,0.0,1554.3933333323898,1437.5,0.0,0.0,0.0,1437.5,62.4999999999999,0.0,0.0,0.0
2023-05-22 05:00:00,0.0631666666666666,24.0,0.0,0.0084791666294796,49.24727053646159,0.0,0.0,15949.143333332102,0.0,1554.3933333323898,1516.000000000815,0.0,0.0,0.0,1516.000000000815,63.16666666666659,0.0,0.0,0.0
2023-05-22 06:00:00,0.0559999999999999,24.0,0.0,0.0780706971350998,49.36700679288644,0.013034273468149,0.0,15949.143333332102,0.0,1554.3933333323898,1344.0,0.0,0.0,0.0,1344.0,55.9999999999999,0.0,0.0,0.0
2023-05-22 07:00:00,0.06,24.75,0.0,0.238233819504752,50.44413440777675,0.0746994017739581,0.0,15949.143333332102,0.0,1554.3933333323898,1485.0,0.0,0.0,0.0,1485.0,60.0,0.0,0.0,0.0
2023-05-22 08:00:00,0.0601666666666666,24.25,0.0,0.421732232068724,50.77748969786405,0.2048936754210382,0.0,15949.143333332102,0.0,1554.3933333323898,1459.04166666749,0.0,0.0,0.0,1459.04166666749,60.1666666666666,0.0,0.0,0.0
2023-05-22 09:00:00,0.0574999999999999,23.5,0.0,0.5862405437773259,51.74349664237076,0.3385906855265299,0.0,15949.143333332102,0.0,1554.3933333323898,1351.25,0.0,0.0,0.0,1351.25,57.4999999999999,0.0,0.0,0.0
2023-05-22 10:00:00,0.0576666666666666,23.0,0.0,0.712726950008591,52.94148680299551,0.4407498305883163,0.0,15949.143333332102,0.0,1554.3933333323898,1326.3333333341143,0.0,0.0,0.0,1326.3333333341143,57.6666666666666,0.0,0.0,0.0
2023-05-22 11:00:00,0.0609999999999999,21.5,0.0,0.7928310541146949,53.24785548575527,0.5351400006938186,0.0,15949.143333332102,0.0,1554.3933333323898,1311.5,0.0,0.0,0.0,1311.5,60.9999999999999,0.0,0.0,0.0
2023-05-22 12:00:00,0.0611666666666666,18.25,0.0,0.8233380640577153,55.02124768541163,0.5973187171088326,0.0,15949.143333332102,0.0,1554.3933333323898,1116.2916666672863,0.0,0.0,0.0,1116.2916666672863,61.1666666666666,0.0,0.0,0.0
2023-05-22 13:00:00,5.223333333333334,19.0,0.0,0.803407239365051,55.69251656305662,0.6188772667778861,0.0,15949.143333332102,0.0,1554.3933333323898,99243.33333326993,0.0,0.0,0.0,99243.33333326993,5223.333333333334,0.0,0.0,0.0
2023-05-22 14:00:00,5.969166666666666,19.0,0.0,0.73358307582721,56.535440782772014,0.6147936754145178,0.0,15949.143333332102,0.0,1554.3933333323898,113414.16666673007,0.0,0.0,0.0,113414.16666673007,5969.166666666666,0.0,0.0,0.0
2023-05-22 15:00:00,0.1639999999999999,18.5,0.0,0.6164393921818478,57.581134988702345,0.607301881252191,0.0,15949.143333332102,0.0,1554.3933333323898,3034.0,0.0,0.0,0.0,3034.0,163.9999999999999,0.0,0.0,0.0
2023-05-22 16:00:00,5.7505,18.25,0.0,0.4589376940951604,59.3459789751516,0.5408902561155141,0.0,15949.143333332102,0.0,1554.3933333323898,104946.625,0.0,0.0,0.0,104946.625,5750.5,0.0,0.0,0.0
2023-05-22 17:00:00,0.0813333333333333,20.75,0.0,0.2771763189719879,57.13647981656717,0.5169035900148572,0.0,15949.143333332102,0.0,1554.3933333323898,1687.666666665962,0.0,0.0,0.0,1687.666666665962,81.3333333333333,0.0,0.0,0.0
2023-05-22 18:00:00,0.0544999999999999,21.75,0.0,0.106340081346355,56.89131015643914,0.1103803428421672,0.0,15949.143333332102,0.0,1554.3933333323898,1185.375,0.0,0.0,0.0,1185.375,54.4999999999999,0.0,0.0,0.0
2023-05-22 19:00:00,1.468,22.5,0.0,0.0160559635814326,56.585478355792766,0.058880085252289,0.0,15949.143333332102,0.0,1554.3933333323898,33030.0,0.0,0.0,0.0,33030.0,1468.0,0.0,0.0,0.0
2023-05-22 20:00:00,8.094833333333332,24.0,0.0,5.797574561223319e-06,55.399532220501705,0.0209682906030589,0.0,15949.143333332102,0.0,1554.3933333323898,194275.99999992017,0.0,0.0,0.0,194275.99999992017,8094.833333333332,0.0,0.0,0.0
2023-05-22 21:00:00,0.0598333333333332,25.0,0.0,0.0,52.95604773814436,0.0002148717940729,0.0,15949.143333332102,0.0,1554.3933333323898,1495.8333333325,0.0,0.0,0.0,1495.8333333325,59.833333333333194,0.0,0.0,0.0
2023-05-22 22:00:00,0.0541666666666666,24.75,0.0,0.0,53.56377631721652,0.0,0.0,15949.143333332102,0.0,1554.3933333323898,1340.6250000008251,0.0,0.0,0.0,1340.6250000008251,54.1666666666666,0.0,0.0,0.0
2023-05-22 23:00:00,0.0596666666666666,24.5,0.0,0.0,54.36198580756469,0.0,0.0,15949.143333332102,0.0,1554.3933333323898,1461.83333333415,0.0,0.0,0.0,1461.83333333415,59.6666666666666,0.0,0.0,0.0
2023-05-23 00:00:00,0.0601666666666666,20.5,0.0,0.0,55.18761213190105,0.0,0.0,15949.143333332102,0.0,1554.3933333323898,1233.41666666735,0.0,0.0,0.0,1233.41666666735,60.1666666666666,0.0,0.0,0.0
2023-05-23 01:00:00,0.0599999999999999,18.0,0.0,0.0,53.779599310386295,0.0,0.0,15949.143333332102,0.0,1554.3933333323898,1080.0,0.0,0.0,0.0,1080.0,59.9999999999999,0.0,0.0,0.0
2023-05-23 02:00:00,0.0556666666666665,18.75,0.0,0.0,52.5267209909728,0.0,0.0,15949.143333332102,0.0,1554.3933333323898,1043.750000000625,0.0,0.0,0.0,1043.750000000625,55.6666666666665,0.0,0.0,0.0
2023-05-23 03:00:00,0.0613333333333332,19.0,0.0,0.0,50.928043617789925,0.0,0.0,15949.143333332102,0.0,1554.3933333323898,1165.3333333327,0.0,0.0,0.0,1165.3333333327,61.3333333333332,0.0,0.0,0.0
2023-05-23 04:00:00,0.0608333333333333,18.0,0.0,0.0,52.90912137775304,0.0,0.0,15949.143333332102,0.0,1554.3933333323898,1094.9999999994,0.0,0.0,0.0,1094.9999999994,60.8333333333333,0.0,0.0,0.0
2023-05-23 05:00:00,0.0593333333333332,18.0,0.0,0.0088777522450501,54.30373741946828,0.0,0.0,15949.143333332102,0.0,1554.3933333323898,1067.9999999993888,0.0,0.0,0.0,1067.9999999993888,59.3333333333332,0.0,0.0,0.0
2023-05-23 06:00:00,0.0533333333333333,19.75,0.0,0.0789454509435435,53.32594759494937,0.0184054700310668,0.0,15949.143333332102,0.0,1554.3933333323898,1053.3333333326627,0.0,0.0,0.0,1053.3333333326627,53.3333333333333,0.0,0.0,0.0
2023-05-23 07:00:00,0.0568333333333333,20.5,0.0,0.239206046906744,51.79555576878014,0.0679088890043079,0.0,15949.143333332102,0.0,1554.3933333323898,1165.0833333326373,0.0,0.0,0.0,1165.0833333326373,56.8333333333333,0.0,0.0,0.0
2023-05-23 08:00:00,0.056,20.25,0.0,0.4224583046465073,50.24964220124564,0.2232346156519702,0.0,15949.143333332102,0.0,1554.3933333323898,1134.0,0.0,0.0,0.0,1134.0,56.0,0.0,0.0,0.0
2023-05-23 09:00:00,0.0568333333333333,20.0,0.0,0.5867054109680254,49.73342173346301,0.3888921388805422,0.0,15949.143333332102,0.0,1554.3933333323898,1136.6666666659876,0.0,0.0,0.0,1136.6666666659876,56.8333333333333,0.0,0.0,0.0
2023-05-23 10:00:00,7.5515,19.75,0.0,0.7130079020583403,49.34150458570778,0.5356608548938719,0.0,15949.143333332102,0.0,1554.3933333323898,149142.125,0.0,0.0,0.0,149142.125,7551.5,0.0,0.0,0.0
2023-05-23 11:00:00,0.1581666666666666,19.0,0.0,0.793025011896573,51.3560734335583,0.6634305129091964,0.0,15949.143333332102,0.0,1554.3933333323898,3005.166666673118,0.0,0.0,0.0,3005.166666673118,158.1666666666666,0.0,0.0,0.0
2023-05-23 12:00:00,0.1573333333333333,18.5,0.0,0.8235417931093941,51.59395241065429,0.6704170106415056,0.0,15949.143333332102,0.0,1554.3933333323898,2910.666666660385,0.0,0.0,0.0,2910.666666660385,157.3333333333333,0.0,0.0,0.0
2023-05-23 13:00:00,0.1568333333333333,16.75,0.0,0.8037147351580333,52.627669257022845,0.6929414550259582,0.0,15949.143333332102,0.0,1554.3933333323898,2626.958333327646,0.0,0.0,0.0,2626.958333327646,156.8333333333333,0.0,0.0,0.0
2023-05-23 14:00:00,5.8155,15.25,0.0,0.7340864514029114,54.052839049328334,0.7369317913870529,0.0,15949.143333332102,0.0,1554.3933333323898,88686.375,0.0,0.0,0.0,88686.375,5815.5,0.0,0.0,0.0
2023-05-23 15:00:00,0.1585,15.25,0.0,0.6172239427354187,52.81686761327758,0.6884801730946604,0.0,15949.143333332102,0.0,1554.3933333323898,2417.125,0.0,0.0,0.0,2417.125,158.5,0.0,0.0,0.0
2023-05-23 16:00:00,8.696333333333333,16.0,0.0,0.4600587087736799,53.41891370383962,0.5106167524288864,0.0,15949.143333332102,0.0,1554.3933333323898,139141.33333327994,0.0,0.0,0.0,139141.33333327994,8696.333333333334,0.0,0.0,0.0
2023-05-23 17:00:00,0.0594999999999999,16.25,0.0,0.278586545132108,53.33968351506818,0.3686112813052969,0.0,15949.143333332102,0.0,1554.3933333323898,966.875,0.0,0.0,0.0,966.875,59.4999999999999,0.0,0.0,0.0
2023-05-23 18:00:00,0.0541666666666666,20.0,0.0,0.1076704873754833,53.68213379254544,0.1378220513335659,0.0,15949.143333332102,0.0,1554.3933333323898,1083.3333333340124,0.0,0.0,0.0,1083.3333333340124,54.1666666666666,0.0,0.0,0.0
2023-05-23 19:00:00,0.0598333333333332,23.25,0.0,0.0166971457822251,52.13956944159818,0.0676258116502028,0.0,15949.143333332102,0.0,1554.3933333323898,1391.1249999992106,0.0,0.0,0.0,1391.1249999992106,59.833333333333194,0.0,0.0,0.0
2023-05-23 20:00:00,0.0593333333333332,25.5,0.0,9.212035029620612e-06,50.70503605519518,0.0236300853786305,0.0,15949.143333332102,0.0,1554.3933333323898,1512.9999999994861,0.0,0.0,0.0,1512.9999999994861,59.3333333333332,0.0,0.0,0.0
2023-05-23 21:00:00,0.0536666666666666,24.0,0.0,0.0,49.694880786632304,0.0002756410265643,0.0,15949.143333332102,0.0,1554.3933333323898,1288.0000000008001,0.0,0.0,0.0,1288.0000000008001,53.6666666666666,0.0,0.0,0.0
2023-05-23 22:00:00,0.0581666666666666,22.5,0.0,0.0,48.679239906169954,0.0,0.0,15949.143333332102,0.0,1554.3933333323898,1308.75000000075,0.0,0.0,0.0,1308.75000000075,58.1666666666666,0.0,0.0,0.0
2023-05-23 23:00:00,0.0531666666666666,24.25,0.0,0.0,49.530857454146485,0.0,0.0,15949.143333332102,0.0,1554.3933333323898,1289.291666667475,0.0,0.0,0.0,1289.291666667475,53.1666666666666,0.0,0.0,0.0
2023-05-24 00:00:00,0.0598333333333332,25.5,0.0,0.0,47.45328277806564,0.0,0.0,15949.143333332102,0.0,1554.3933333323898,1525.7499999991498,0.0,0.0,0.0,1525.7499999991498,59.833333333333194,0.0,0.0,0.0
2023-05-24 01:00:00,0.0558333333333332,26.25,0.0,0.0,46.799000804560535,0.0,0.0,15949.143333332102,0.0,1554.3933333323898,1465.6249999991248,0.0,0.0,0.0,1465.6249999991248,55.8333333333332,0.0,0.0,0.0
2023-05-24 02:00:00,0.06,26.0,0.0,0.0,48.28219709313552,0.0,0.0,15949.143333332102,0.0,1554.3933333323898,1560.0,0.0,0.0,0.0,1560.0,60.0,0.0,0.0,0.0
2023-05-24 03:00:00,0.0538333333333333,21.75,0.0,0.0,47.9524248615722,0.0,0.0,15949.143333332102,0.0,1554.3933333323898,1170.874999999275,0.0,0.0,0.0,1170.874999999275,53.8333333333333,0.0,0.0,0.0
2023-05-24 04:00:00,0.059,21.5,0.0,0.0,49.20755945989844,0.0,0.0,15949.143333332102,0.0,1554.3933333323898,1268.5,0.0,0.0,0.0,1268.5,59.0,0.0,0.0,0.0
2023-05-24 05:00:00,0.0534999999999999,21.0,0.0,0.0092688600249201,48.84764430228591,0.0,0.0,15949.143333332102,0.0,1554.3933333323898,1123.5,0.0,0.0,0.0,1123.5,53.4999999999999,0.0,0.0,0.0
2023-05-24 06:00:00,0.0581666666666666,22.0,0.0,0.0797690891186758,48.900404117323625,0.0021579487188759,0.0,15949.143333332102,0.0,1554.3933333323898,1279.6666666674137,0.0,0.0,0.0,1279.6666666674137,58.1666666666666,0.0,0.0,0.0
2023-05-24 07:00:00,0.0504999999999999,23.75,0.0,0.2401109928262549,50.83994691666384,0.0413586325828845,0.0,15949.143333332102,0.0,1554.3933333323898,1199.375,0.0,0.0,0.0,1199.375,50.4999999999999,0.0,0.0,0.0
2023-05-24 08:00:00,0.0563333333333333,25.0,0.0,0.4231245554471479,50.054196085072434,0.0535210255679921,0.0,15949.143333332102,0.0,1554.3933333323898,1408.3333333324845,0.0,0.0,0.0,1408.3333333324845,56.3333333333333,0.0,0.0,0.0
2023-05-24 09:00:00,0.051,26.0,0.0,0.5871233155530828,50.237735007650656,0.0771888037624522,0.0,15949.143333332102,43.35,1554.3933333323898,1326.0,0.0,108.375,0.0,1434.375,51.0,0.0,0.0,0.0
2023-05-24 10:00:00,0.0569999999999999,24.5,0.0,0.7132545692574938,52.66092909371567,0.2004882051190759,0.0,15949.143333332102,0.0,1597.7433333323897,1396.5,0.0,0.0,0.0,1396.5,56.9999999999999,0.0,0.0,0.0
2023-05-24 11:00:00,0.0523333333333332,18.5,0.0,0.7931954649103893,51.45770337576004,0.271359145987747,0.0,15949.143333332102,0.0,1597.7433333323897,968.1666666660385,0.0,0.0,0.0,968.1666666660385,52.333333333333194,0.0,0.0,0.0
2023-05-24 12:00:00,0.0581666666666666,15.75,0.0,0.8237303830736643,49.89855104614776,0.3000434194059453,0.0,15949.143333332102,0.0,1597.7433333323897,916.1250000005348,0.0,0.0,0.0,916.1250000005348,58.1666666666666,0.0,0.0,0.0
2023-05-24 13:00:00,0.0523333333333333,15.25,0.0,0.8040128515566084,49.91695765311788,0.3038135032979851,0.0,15949.143333332102,0.0,1597.7433333323897,798.0833333328155,0.0,0.0,0.0,798.0833333328155,52.3333333333333,0.0,0.0,0.0
2023-05-24 14:00:00,0.0524999999999999,15.25,0.0,0.7345833666866218,51.510029654235694,0.4706024779621352,0.0,15949.143333332102,0.0,1597.7433333323897,800.625,0.0,0.0,0.0,800.625,52.4999999999999,0.0,0.0,0.0
2023-05-24 15:00:00,0.0573333333333333,15.0,0.0,0.6180017379675146,50.08672416270189,0.2986352138030223,0.0,15949.143333332102,0.0,1597.7433333323897,859.9999999994907,0.0,0.0,0.0,859.9999999994907,57.3333333333333,0.0,0.0,0.0
2023-05-24 16:00:00,0.0518333333333333,15.75,0.0,0.4611692382838339,49.02407424811232,0.2399300854022686,0.0,15949.143333332102,0.0,1597.7433333323897,816.3749999994652,0.0,0.0,0.0,816.3749999994652,51.8333333333333,0.0,0.0,0.0
2023-05-24 17:00:00,0.0574999999999999,15.0,0.0,0.2799804781751486,50.926850061940925,0.3763470080775074,0.0,15949.143333332102,0.0,1597.7433333323897,862.5,0.0,0.0,0.0,862.5,57.4999999999999,0.0,0.0,0.0
2023-05-24 18:00:00,0.0511666666666666,18.75,0.0,0.1089851317694591,49.74117763506881,0.2020422231234037,0.0,15949.143333332102,0.0,1597.7433333323897,959.3750000006366,0.0,0.0,0.0,959.3750000006366,51.1666666666666,0.0,0.0,0.0
2023-05-24 19:00:00,0.0579999999999999,22.5,0.0,0.017336957266604,47.64142640586955,0.0768038459516997,0.0,15949.143333332102,0.0,1597.7433333323897,1305.0,0.0,0.0,0.0,1305.0,57.9999999999999,0.0,0.0,0.0
2023-05-24 20:00:00,0.0526666666666666,22.5,0.0,1.3860797318479118e-05,48.68770138703021,0.0240688033491118,0.0,15949.143333332102,0.0,1597.7433333323897,1185.0000000011964,0.0,0.0,0.0,1185.0000000011964,52.6666666666666,0.0,0.0,0.0
2023-05-24 21:00:00,0.0543333333333332,23.0,0.0,0.0,49.456509168256126,0.0008361538435913,0.0,15949.143333332102,0.0,1597.7433333323897,1249.6666666659,0.0,0.0,0.0,1249.6666666659,54.3333333333332,0.0,0.0,0.0
2023-05-24 22:00:00,0.0589999999999999,21.75,0.0,0.0,50.42152248985285,0.0,0.0,15949.143333332102,0.0,1597.7433333323897,1283.25,0.0,0.0,0.0,1283.25,58.9999999999999,0.0,0.0,0.0
2023-05-24 23:00:00,0.0539999999999999,22.75,0.0,0.0,50.55091892167619,0.0,0.0,15949.143333332102,0.0,1597.7433333323897,1228.5,0.0,0.0,0.0,1228.5,53.9999999999999,0.0,0.0,0.0
2023-05-25 00:00:00,0.0598333333333332,25.0,0.0,0.0,51.19189130458527,0.0,0.0,15949.143333332102,0.0,1597.7433333323897,1495.8333333325,0.0,0.0,0.0,1495.8333333325,59.833333333333194,0.0,0.0,0.0
2023-05-25 01:00:00,0.0556666666666665,26.0,0.0,0.0,51.35697287826553,0.0,0.0,15949.143333332102,0.0,1597.7433333323897,1447.3333333342,0.0,0.0,0.0,1447.3333333342,55.6666666666665,0.0,0.0,0.0
2023-05-25 02:00:00,0.0606666666666666,25.75,0.0,0.0,52.23680116463432,0.0,0.0,15949.143333332102,0.0,1597.7433333323897,1562.166666667525,0.0,0.0,0.0,1562.166666667525,60.6666666666666,0.0,0.0,0.0
2023-05-25 03:00:00,0.0549999999999999,22.25,0.0,0.0,54.11854192412358,0.0,0.0,15949.143333332102,0.0,1597.7433333323897,1223.75,0.0,0.0,0.0,1223.75,54.9999999999999,0.0,0.0,0.0
2023-05-25 04:00:00,0.0564999999999999,23.75,0.0,0.0,54.73415389044228,0.0,0.0,15949.143333332102,0.0,1597.7433333323897,1341.875,0.0,0.0,0.0,1341.875,56.4999999999999,0.0,0.0,0.0
2023-05-25 05:00:00,0.0589999999999999,22.0,0.0,0.0096511811968465,52.24478462722953,0.0,0.0,15949.143333332102,0.0,1597.7433333323897,1298.0,0.0,0.0,0.0,1298.0,58.9999999999999,0.0,0.0,0.0
2023-05-25 06:00:00,0.0531666666666666,22.0,0.0,0.0805418398957771,51.78143765691881,0.0076755555830577,0.0,15949.143333332102,0.0,1597.7433333323897,1169.6666666674137,0.0,0.0,0.0,1169.6666666674137,53.1666666666666,0.0,0.0,0.0
2023-05-25 07:00:00,0.0574999999999999,23.5,0.0,0.2409496548054735,51.17736017077757,0.0388344446002927,0.0,15949.143333332102,0.0,1597.7433333323897,1351.25,0.0,0.0,0.0,1351.25,57.4999999999999,0.0,0.0,0.0
2023-05-25 08:00:00,0.0506666666666666,24.75,0.0,0.4237322917813233,50.40106200745571,0.0399506837893754,0.0,15949.143333332102,0.0,1597.7433333323897,1254.0000000008404,0.0,0.0,0.0,1254.0000000008404,50.6666666666666,0.0,0.0,0.0
2023-05-25 09:00:00,0.0578333333333333,21.75,0.0,0.5874956345694817,52.58328245661352,0.1338144441751333,0.0,15949.143333332102,0.0,1597.7433333323897,1257.8749999992615,0.0,0.0,0.0,1257.8749999992615,57.8333333333333,0.0,0.0,0.0
2023-05-25 10:00:00,0.6425,16.0,0.0,0.7134682876597241,53.0332939976245,0.2053215387132433,0.0,15949.143333332102,0.0,1597.7433333323897,10280.0,0.0,0.0,0.0,10280.0,642.5,0.0,0.0,0.0
2023-05-25 11:00:00,8.994166666666667,15.0,0.0,0.7933436368241878,51.48119097146324,0.3594808549147386,0.0,15949.143333332102,0.0,1597.7433333323897,134912.50000005006,0.0,0.0,0.0,134912.50000005006,8994.166666666666,0.0,0.0,0.0
2023-05-25 12:00:00,1.8396666666666668,15.0,0.0,0.8239048903361951,49.59150556983172,0.6082689758039947,0.0,15949.143333332102,0.0,1597.7433333323897,27595.00000005006,0.0,0.0,0.0,27595.00000005006,1839.6666666666667,0.0,0.0,0.0
2023-05-25 13:00:00,12.036,15.0,0.0,0.8043024297412703,50.58773363551943,0.68872316148546,0.0,15949.143333332102,0.0,1597.7433333323897,180540.0,0.0,0.0,0.0,180540.0,12036.0,0.0,0.0,0.0
2023-05-25 14:00:00,5.048666666666667,15.0,0.0,0.7350744041822446,52.91715974637015,0.7393269237290082,0.0,15949.143333332102,0.0,1597.7433333323897,75730.00000005006,0.0,0.0,0.0,75730.00000005006,5048.666666666667,0.0,0.0,0.0
2023-05-25 15:00:00,11.547833333333331,16.5,0.0,0.6187730691533911,52.1783679167968,0.683018547775399,0.0,15949.143333332102,0.0,1597.7433333323897,190539.24999945008,0.0,0.0,0.0,190539.24999945008,11547.833333333332,0.0,0.0,0.0
2023-05-25 16:00:00,2.563833333333333,16.25,0.0,0.4622692777121606,50.60793590944733,0.5520660690568452,0.0,15949.143333332102,0.0,1597.7433333323897,41662.29166661244,0.0,0.0,0.0,41662.29166661244,2563.833333333333,0.0,0.0,0.0
2023-05-25 17:00:00,5.171833333333333,17.0,0.0,0.2813578514979175,51.210250854217584,0.2055499132270487,0.0,15949.143333332102,0.0,1597.7433333323897,87921.16666660993,0.0,0.0,0.0,87921.16666660993,5171.833333333333,0.0,0.0,0.0
2023-05-25 18:00:00,7.945,19.0,0.0,0.1102834670884527,48.96935742496516,0.1427635042891543,0.0,15949.143333332102,0.0,1597.7433333323897,150955.0,0.0,0.0,0.0,150955.0,7945.0,0.0,0.0,0.0
2023-05-25 19:00:00,4.906000000000001,22.5,0.0,0.017973966016234,49.91499198689563,0.1430032476604494,0.0,15949.143333332102,0.0,1597.7433333323897,110385.00000057902,0.0,0.0,0.0,110385.00000057902,4906.000000000001,0.0,0.0,0.0
2023-05-25 20:00:00,0.2476666666666666,25.75,0.0,1.996612967919849e-05,51.43728723247201,0.0233206837095765,0.0,15949.143333332102,0.0,1597.7433333323897,6377.416666675986,0.0,0.0,0.0,6377.416666675986,247.6666666666666,0.0,0.0,0.0
2023-05-25 21:00:00,0.2421666666666666,25.75,0.0,0.0,52.75149189182705,0.000544529919409,0.0,15949.143333332102,0.0,1597.7433333323897,6235.79166667525,0.0,0.0,0.0,6235.79166667525,242.1666666666666,0.0,0.0,0.0
2023-05-25 22:00:00,0.2485,24.25,0.0,0.0,51.22803144937507,0.0,0.0,15949.143333332102,0.0,1597.7433333323897,6026.125,0.0,0.0,0.0,6026.125,248.5,0.0,0.0,0.0
2023-05-25 23:00:00,0.2426666666666666,23.25,0.0,0.0,51.330506668179005,0.0,0.0,15949.143333332102,0.0,1597.7433333323897,5642.00000000775,0.0,0.0,0.0,5642.00000000775,242.66666666666657,0.0,0.0,0.0
2023-05-26 00:00:00,0.2414999999999999,23.0,0.0,0.0,49.5689446735609,0.0,0.0,15949.143333332102,0.0,1597.7433333323897,5554.5,0.0,0.0,0.0,5554.5,241.49999999999991,0.0,0.0,0.0
2023-05-26 01:00:00,0.2474999999999999,22.75,0.0,0.0,47.76096844058464,0.0,0.0,15949.143333332102,0.0,1597.7433333323897,5630.625,0.0,0.0,0.0,5630.625,247.4999999999999,0.0,0.0,0.0
2023-05-26 02:00:00,0.2425,23.75,0.0,0.0,49.46406985684891,0.0,0.0,15949.143333332102,0.0,1597.7433333323897,5759.375,0.0,0.0,0.0,5759.375,242.5,0.0,0.0,0.0
2023-05-26 03:00:00,0.2413333333333333,24.0,0.0,0.0,50.57422895567793,0.0,0.0,15949.143333332102,0.0,1597.7433333323897,5791.999999992,0.0,0.0,0.0,5791.999999992,241.3333333333333,0.0,0.0,0.0
2023-05-26 04:00:00,0.2465,23.5,0.0,0.0,52.33590717361295,0.0,0.0,15949.143333332102,0.0,1597.7433333323897,5792.75,0.0,0.0,0.0,5792.75,246.5,0.0,0.0,0.0
2023-05-26 05:00:00,0.2571666666666666,23.0,0.0,0.0100236657019617,52.4136937861364,0.0,0.0,15949.143333332102,0.0,1597.7433333323897,5914.833333341143,0.0,0.0,0.0,5914.833333341143,257.1666666666666,0.0,0.0,0.0
2023-05-26 06:00:00,0.251,22.0,0.0,0.0812639795277429,54.066660913808526,0.0177285470036614,0.0,15949.143333332102,0.0,1597.7433333323897,5522.0,0.0,0.0,0.0,5522.0,251.0,0.0,0.0,0.0
2023-05-26 07:00:00,0.2508333333333333,22.75,0.0,0.2417230410795146,53.5685335331973,0.0971541019586416,0.0,15949.143333332102,0.0,1597.7433333323897,5706.458333325609,0.0,0.0,0.0,5706.458333325609,250.8333333333333,0.0,0.0,0.0
2023-05-26 08:00:00,0.255,22.0,0.0,0.4242828153023577,55.301242794222624,0.2713457264044346,0.0,15949.143333332102,0.0,1597.7433333323897,5610.0,0.0,0.0,0.0,5610.0,255.0,0.0,0.0,0.0
2023-05-26 09:00:00,0.2508333333333333,18.5,0.0,0.5878237324975353,56.33003068710213,0.4243852977263622,0.0,15949.143333332102,0.0,1597.7433333323897,4640.416666660385,0.0,0.0,0.0,4640.416666660385,250.8333333333333,0.0,0.0,0.0
2023-05-26 10:00:00,0.2445,16.0,0.0,0.7136503765873315,56.09003493389026,0.5490791431655232,0.0,15949.143333332102,0.0,1597.7433333323897,3912.0,0.0,0.0,0.0,3912.0,244.5,0.0,0.0,0.0
2023-05-26 11:00:00,0.1351666666666666,14.25,0.0,0.7934707318531866,55.25491132718452,0.6359940162071817,0.0,15949.143333332102,0.0,1597.7433333323897,1926.1250000048385,0.0,0.0,0.0,1926.1250000048385,135.1666666666666,0.0,0.0,0.0
2023-05-26 12:00:00,0.0586666666666666,14.0,0.0,0.8240663503622478,55.68648766650253,0.685450422498915,0.0,15949.143333332102,0.0,1597.7433333323897,821.3333333338087,0.0,0.0,0.0,821.3333333338087,58.6666666666666,0.0,0.0,0.0
2023-05-26 13:00:00,0.0538333333333332,14.5,0.0,0.8045842898790814,56.219259666641925,0.7183770895411826,0.0,15949.143333332102,0.0,1597.7433333323897,780.583333332841,0.0,0.0,0.0,780.583333332841,53.8333333333332,0.0,0.0,0.0
2023-05-26 14:00:00,0.0589999999999999,14.0,0.0,0.7355601269165112,55.1755454038007,0.7141164130838512,0.0,15949.143333332102,0.0,1597.7433333323897,826.0,0.0,0.0,0.0,826.0,58.9999999999999,0.0,0.0,0.0
2023-05-26 15:00:00,0.0543333333333332,14.0,0.0,0.6195382113435542,53.81091771607174,0.6682738494873048,0.0,15949.143333332102,0.0,1597.7433333323897,760.6666666661913,0.0,0.0,0.0,760.6666666661913,54.3333333333332,0.0,0.0,0.0
2023-05-26 16:00:00,0.0883333333333333,14.0,0.0,0.4633588103569961,55.13952558920181,0.590689912453676,0.0,15949.143333332102,0.0,1597.7433333323897,1236.6666666661913,0.0,0.0,0.0,1236.6666666661913,88.3333333333333,0.0,0.0,0.0
2023-05-26 17:00:00,8.309166666666668,14.25,0.0,0.2827183904624868,53.42136480163752,0.4635975242679954,0.0,15949.143333332102,0.0,1597.7433333323897,118405.62500004756,0.0,0.0,0.0,118405.62500004756,8309.166666666668,0.0,0.0,0.0
2023-05-26 18:00:00,2.223666666666667,19.25,0.0,0.1115649412018987,55.11781477169766,0.3074547870342548,0.0,15949.143333332102,0.0,1597.7433333323897,42805.583333397575,0.0,0.0,0.0,42805.583333397575,2223.666666666667,0.0,0.0,0.0
2023-05-26 19:00:00,11.704666666666666,22.25,0.0,0.0186067429758367,53.444161777905606,0.1622135895949143,0.0,15949.143333332102,0.0,1597.7433333323897,260428.8333346676,0.0,0.0,0.0,260428.8333346676,11704.666666666666,0.0,0.0,0.0
2023-05-26 20:00:00,2.3015000000000003,24.75,0.0,2.7737003347462317e-05,52.7747462657491,0.0282778632946503,0.0,15949.143333332102,0.0,1597.7433333323897,56962.12500000097,0.0,0.0,0.0,56962.12500000097,2301.5000000000005,0.0,0.0,0.0
2023-05-26 21:00:00,3.089833333333333,26.5,0.0,0.0,50.49137394159232,0.0006315384608191,0.0,15949.143333332102,0.0,1597.7433333323897,81880.583333245,0.0,0.0,0.0,81880.583333245,3089.833333333333,0.0,0.0,0.0
2023-05-26 22:00:00,12.6455,26.0,0.0,0.0,48.72053760951884,0.0,0.0,15949.143333332102,0.0,1597.7433333323897,328783.0,0.0,0.0,0.0,328783.0,12645.5,0.0,0.0,0.0
2023-05-26 23:00:00,8.427166666666666,26.0,0.0,0.0,50.34374792374347,0.0,0.0,15949.143333332102,0.0,1597.7433333323897,219106.33333342,0.0,0.0,0.0,219106.33333342,8427.166666666666,0.0,0.0,0.0
2023-05-27 00:00:00,0.0668333333333333,24.25,0.0,0.0,51.62344430459503,0.0,0.0,15949.143333332102,0.0,1597.7433333323897,1620.7083333325252,0.0,0.0,0.0,1620.7083333325252,66.8333333333333,0.0,0.0,0.0
2023-05-27 01:00:00,0.0631666666666666,24.0,0.0,0.0,53.50712640554632,0.0,0.0,15949.143333332102,0.0,1597.7433333323897,1516.0000000008001,0.0,0.0,0.0,1516.0000000008001,63.16666666666659,0.0,0.0,0.0
2023-05-27 02:00:00,0.0648333333333333,24.25,0.0,0.0,52.66488001568416,0.0,0.0,15949.143333332102,0.0,1597.7433333323897,1572.2083333325252,0.0,0.0,0.0,1572.2083333325252,64.8333333333333,0.0,0.0,0.0
2023-05-27 03:00:00,0.0621666666666666,26.75,0.0,0.0,54.09373612316567,0.0,0.0,15949.143333332102,0.0,1597.7433333323897,1662.958333334225,0.0,0.0,0.0,1662.958333334225,62.1666666666666,0.0,0.0,0.0
2023-05-27 04:00:00,0.0595,27.25,0.0,0.0,55.64755703951386,0.0,0.0,15949.143333332102,0.0,1597.7433333323897,1621.375,0.0,0.0,0.0,1621.375,59.5,0.0,0.0,0.0
2023-05-27 05:00:00,0.0646666666666666,27.75,0.0,0.0103850235768779,53.561694018296194,0.0,0.0,15949.143333332102,0.0,1597.7433333323897,1794.5000000009422,0.0,0.0,0.0,1794.5000000009422,64.6666666666666,0.0,0.0,0.0
2023-05-27 06:00:00,0.0595,27.75,0.0,0.0819358297688818,52.998503368481856,0.0142869231461459,0.0,15949.143333332102,0.0,1597.7433333323897,1651.125,0.0,0.0,0.0,1651.125,59.5,0.0,0.0,0.0
2023-05-27 07:00:00,0.0643333333333333,26.75,0.0,0.2424321712268702,53.68177748028369,0.0715652989118527,0.0,15949.143333332102,0.0,1597.7433333323897,1720.9166666657584,0.0,0.0,0.0,1720.9166666657584,64.3333333333333,0.0,0.0,0.0
2023-05-27 08:00:00,0.0579999999999999,21.0,0.0,0.4247774227284545,55.73970486218038,0.2072945307870196,0.0,15949.143333332102,0.0,1597.7433333323897,1218.0,0.0,0.0,0.0,1218.0,57.9999999999999,0.0,0.0,0.0
2023-05-27 09:00:00,0.0578333333333333,18.25,0.0,0.588108961515501,56.15004204761895,0.3230067496014456,0.0,15949.143333332102,0.0,1597.7433333323897,1055.4583333327137,0.0,0.0,0.0,1055.4583333327137,57.8333333333333,0.0,0.0,0.0
2023-05-27 10:00:00,0.0639999999999999,16.5,0.0,0.7138021383057133,57.90498659229999,0.4191442760239299,0.0,15949.143333332102,0.0,1597.7433333323897,1056.0,0.0,0.0,0.0,1056.0,63.99999999999991,0.0,0.0,0.0
2023-05-27 11:00:00,6.600333333333334,16.0,0.0,0.7935779339714434,56.89674888237531,0.4859243611392811,0.0,15949.143333332102,0.0,1597.7433333323897,105605.33333327994,0.0,0.0,0.0,105605.33333327994,6600.333333333334,0.0,0.0,0.0
2023-05-27 12:00:00,9.0665,16.0,0.0,0.824215776562581,57.36372360874712,0.5173594861152847,0.0,15949.143333332102,0.0,1597.7433333323897,145064.0,0.0,0.0,0.0,145064.0,9066.5,0.0,0.0,0.0
2023-05-27 13:00:00,0.064,8.25,0.0,0.8048592297809702,56.82282128663572,0.5402233325925647,0.0,15949.143333332102,0.0,1597.7433333323897,528.0,0.0,0.0,0.0,528.0,64.0,0.0,0.0,0.0
2023-05-27 14:00:00,0.0625,9.0,0.0,0.7360410770396012,57.82657288959928,0.5394278658353365,0.0,15949.143333332102,0.0,1597.7433333323897,562.5,0.0,0.0,0.0,562.5,62.5,0.0,0.0,0.0
2023-05-27 15:00:00,0.0676666666666666,9.0,0.0,0.6202974220935572,57.9916273780005,0.4100288876916609,0.0,15949.143333332102,0.0,1597.7433333323897,609.0000000003056,0.0,0.0,0.0,609.0000000003056,67.6666666666666,0.0,0.0,0.0
2023-05-27 16:00:00,0.0623333333333333,16.0,0.0,0.4644378067427968,58.31866375378621,0.3280896589491103,0.0,15949.143333332102,0.0,1597.7433333323897,997.3333333327901,0.0,0.0,0.0,997.3333333327901,62.3333333333333,0.0,0.0,0.0
2023-05-27 17:00:00,0.0678333333333333,19.25,0.0,0.2840618119284005,56.16897070859799,0.2522676917834159,0.0,15949.143333332102,0.0,1597.7433333323897,1305.791666666013,0.0,0.0,0.0,1305.791666666013,67.8333333333333,0.0,0.0,0.0
2023-05-27 18:00:00,0.0584999999999999,21.75,0.0,0.1128289972596687,54.78421691753936,0.1759697441361908,0.0,15949.143333332102,0.0,1597.7433333323897,1272.375,0.0,0.0,0.0,1272.375,58.4999999999999,0.0,0.0,0.0
2023-05-27 19:00:00,0.0606666666666666,25.0,0.0,0.0192338747796785,56.27320545293449,0.1433771792028703,0.0,15949.143333332102,0.0,1597.7433333323897,1516.6666666675155,0.0,0.0,0.0,1516.6666666675155,60.6666666666666,0.0,0.0,0.0
2023-05-27 20:00:00,0.0618333333333333,25.0,0.0,3.7514759813028765e-05,55.17726399237713,0.0372111968505076,0.0,15949.143333332102,0.0,1597.7433333323897,1545.8333333338423,0.0,0.0,0.0,1545.8333333338423,61.8333333333333,0.0,0.0,0.0
2023-05-27 21:00:00,0.0591666666666666,25.0,0.0,0.0,56.58611863324269,0.000736068373936,0.0,15949.143333332102,0.0,1597.7433333323897,1479.1666666675,0.0,0.0,0.0,1479.1666666675,59.16666666666659,0.0,0.0,0.0
2023-05-27 22:00:00,0.0635,21.75,0.0,0.0,54.74873751694837,0.0,0.0,15949.143333332102,0.0,1597.7433333323897,1381.125,0.0,0.0,0.0,1381.125,63.5,0.0,0.0,0.0
2023-05-27 23:00:00,0.0584999999999999,24.25,0.0,0.0,56.38615971363728,0.0,0.0,15949.143333332102,0.0,1597.7433333323897,1418.625,0.0,0.0,0.0,1418.625,58.4999999999999,0.0,0.0,0.0
2023-05-28 00:00:00,0.0653333333333333,24.75,0.0,0.0,56.63633095313846,0.0,0.0,15949.143333332102,0.0,1597.7433333323897,1616.999999999175,0.0,0.0,0.0,1616.999999999175,65.3333333333333,0.0,0.0,0.0
2023-05-28 01:00:00,0.0615,25.0,0.0,0.0,55.9824617919831,0.0,0.0,15949.143333332102,0.0,1597.7433333323897,1537.5,0.0,0.0,0.0,1537.5,61.5,0.0,0.0,0.0
2023-05-28 02:00:00,0.0606666666666666,25.5,0.0,0.0,57.86662363031291,0.0,0.0,15949.143333332102,0.0,1597.7433333323897,1547.0000000008502,0.0,0.0,0.0,1547.0000000008502,60.6666666666666,0.0,0.0,0.0
2023-05-28 03:00:00,0.0643333333333333,27.75,0.0,0.0,58.02050198235503,0.0,0.0,15949.143333332102,0.0,1597.7433333323897,1785.249999999075,0.0,0.0,0.0,1785.249999999075,64.3333333333333,0.0,0.0,0.0
2023-05-28 04:00:00,0.0588333333333333,30.0,0.0,0.0,56.13537306140029,0.0,0.0,15949.143333332102,0.0,1597.7433333323897,1764.999999999,0.0,0.0,0.0,1764.999999999,58.8333333333333,0.0,0.0,0.0
2023-05-28 05:00:00,0.0646666666666666,30.25,0.0,0.0107341427424866,57.716314872284265,0.0,0.0,15949.143333332102,0.0,1597.7433333323897,1956.1666666676938,0.0,0.0,0.0,1956.1666666676938,64.6666666666666,0.0,0.0,0.0
2023-05-28 06:00:00,0.0586666666666666,27.5,0.0,0.082562766212941,55.3409818222916,0.019169658045165,0.0,15949.143333332102,0.0,1597.7433333323897,1613.333333334267,0.0,0.0,0.0,1613.333333334267,58.6666666666666,0.0,0.0,0.0
2023-05-28 07:00:00,0.0584999999999999,26.5,0.0,0.2430780750939611,55.44723181291472,0.0620331626060681,0.0,15949.143333332102,0.0,1597.7433333323897,1550.25,0.0,0.0,0.0,1550.25,58.4999999999999,0.0,0.0,0.0
2023-05-28 08:00:00,0.064,20.25,0.0,0.4252174048897145,54.8854908380963,0.2002119652837769,0.0,15949.143333332102,0.0,1597.7433333323897,1296.0,0.0,0.0,0.0,1296.0,64.0,0.0,0.0,0.0
2023-05-28 09:00:00,0.0658333333333333,18.0,0.0,0.5883526602842563,56.0722739195708,0.3245882040822608,0.0,15949.143333332102,0.0,1597.7433333323897,1184.9999999993888,0.0,0.0,0.0,1184.9999999993888,65.8333333333333,0.0,0.0,0.0
2023-05-28 10:00:00,6.440166666666666,18.25,0.0,0.7139248566633846,57.24496756251501,0.4231329058785724,0.0,15949.143333332102,0.0,1597.7433333323897,117533.04166672757,0.0,0.0,0.0,117533.04166672757,6440.166666666666,0.0,0.0,0.0
2023-05-28 11:00:00,9.533666666666669,19.25,0.0,0.7936664055408623,58.55218759187486,0.4873152988792484,0.0,15949.143333332102,0.0,1597.7433333323897,183523.08333339758,0.0,0.0,0.0,183523.08333339758,9533.666666666668,0.0,0.0,0.0
2023-05-28 12:00:00,9.3535,19.0,0.0,0.8243541591069999,55.86827015914079,0.5219389747554424,0.0,15949.143333332102,0.0,1597.7433333323897,177716.5,0.0,0.0,0.0,177716.5,9353.5,0.0,0.0,0.0
2023-05-28 13:00:00,10.010333333333334,19.75,0.0,0.8051280240613915,56.52063165229082,0.5549901704706698,0.0,15949.143333332102,0.0,1597.7433333323897,197704.0833326751,0.0,0.0,0.0,197704.0833326751,10010.333333333334,0.0,0.0,0.0
2023-05-28 14:00:00,10.329833333333331,20.75,0.0,0.7365177754637756,54.55927658714666,0.5707398282564603,0.0,15949.143333332102,0.0,1597.7433333323897,214344.0416659751,0.0,0.0,0.0,214344.0416659751,10329.833333333332,0.0,0.0,0.0
2023-05-28 15:00:00,9.508,20.75,0.0,0.6210509417176747,53.652971412756926,0.2483064964490059,0.0,15949.143333332102,0.0,1597.7433333323897,197291.0,0.0,0.0,0.0,197291.0,9508.0,0.0,0.0,0.0
2023-05-28 16:00:00,10.393666666666666,20.25,0.0,0.4655062255224877,52.61162357359185,0.1508370937445224,0.0,15949.143333332102,0.0,1597.7433333323897,210471.75000067492,0.0,0.0,0.0,210471.75000067492,10393.666666666666,0.0,0.0,0.0
2023-05-28 17:00:00,0.0916666666666666,18.5,0.0,0.2853878257710429,53.02390559551689,0.1471801714611868,0.0,15949.143333332102,0.0,1597.7433333323897,1695.8333333339615,0.0,0.0,0.0,1695.8333333339615,91.6666666666666,0.0,0.0,0.0
2023-05-28 18:00:00,0.063,18.5,0.0,0.114075075427736,54.29388481184936,0.0301947864415681,0.0,15949.143333332102,0.0,1597.7433333323897,1165.5,0.0,0.0,0.0,1165.5,63.0,0.0,0.0,0.0
2023-05-28 19:00:00,0.0633333333333333,18.25,0.0,0.0198539763514996,54.65714474395597,0.004046752139902,0.0,15949.143333332102,0.0,1597.7433333323897,1155.8333333327137,0.0,0.0,0.0,1155.8333333327137,63.3333333333333,0.0,0.0,0.0
2023-05-28 20:00:00,2.1503333333333337,20.0,0.0,4.951147102606375e-05,53.987532857389134,0.0340317949474367,0.0,15949.143333332102,0.0,1597.7433333323897,43006.666666601406,0.0,0.0,0.0,43006.666666601406,2150.3333333333335,0.0,0.0,0.0
2023-05-28 21:00:00,4.2411666666666665,20.75,0.0,0.0,53.81362136797164,0.0042497435862867,0.0,15949.143333332102,0.0,1597.7433333323897,88004.20833340251,0.0,0.0,0.0,88004.20833340251,4241.166666666667,0.0,0.0,0.0
2023-05-28 22:00:00,0.4353333333333333,20.75,0.0,0.0,53.77842897929781,0.0,0.0,15949.143333332102,0.0,1597.7433333323897,9033.16666665975,0.0,0.0,0.0,9033.16666665975,435.3333333333333,0.0,0.0,0.0
2023-05-28 23:00:00,0.0618333333333333,20.0,0.0,0.0,55.77737891323211,0.0,0.0,15949.143333332102,0.0,1597.7433333323897,1236.6666666659999,0.0,0.0,0.0,1236.6666666659999,61.8333333333333,0.0,0.0,0.0
2023-05-29 00:00:00,0.0601666666666666,18.5,0.0,0.0,54.987569280714034,0.0,0.0,15949.143333332102,0.0,1597.7433333323897,1113.0833333339501,0.0,0.0,0.0,1113.0833333339501,60.1666666666666,0.0,0.0,0.0
2023-05-29 01:00:00,0.0615,18.5,0.0,0.0,54.52602368802476,0.0,0.0,15949.143333332102,0.0,1597.7433333323897,1137.75,0.0,0.0,0.0,1137.75,61.5,0.0,0.0,0.0
2023-05-29 02:00:00,0.058,19.0,0.0,0.0,52.68494962877445,0.0,0.0,15949.143333332102,0.0,1597.7433333323897,1102.0,0.0,0.0,0.0,1102.0,58.0,0.0,0.0,0.0
2023-05-29 03:00:00,0.0635,19.25,0.0,0.0,54.55975632592299,0.0,0.0,15949.143333332102,0.0,1597.7433333323897,1222.375,0.0,0.0,0.0,1222.375,63.5,0.0,0.0,0.0
2023-05-29 04:00:00,0.0581666666666666,17.5,0.0,0.0,54.07409586956008,0.0,0.0,15949.143333332102,0.0,1597.7433333323897,1017.9166666672501,0.0,0.0,0.0,1017.9166666672501,58.1666666666666,0.0,0.0,0.0
2023-05-29 05:00:00,0.0631666666666666,16.75,0.0,0.0110699752568636,53.83101576096033,0.0,0.0,15949.143333332102,0.0,1597.7433333323897,1058.0416666672354,0.0,0.0,0.0,1058.0416666672354,63.16666666666659,0.0,0.0,0.0
2023-05-29 06:00:00,0.0574999999999999,16.0,0.0,0.0831406868485709,53.450398517932655,0.0146933333053548,0.0,15949.143333332102,0.0,1597.7433333323897,920.0,0.0,0.0,0.0,920.0,57.4999999999999,0.0,0.0,0.0
2023-05-29 07:00:00,0.0566666666666666,16.0,0.0,0.2436617892320464,52.402620570439886,0.0742588033024062,0.0,15949.143333332102,0.0,1597.7433333323897,906.6666666672099,0.0,0.0,0.0,906.6666666672099,56.6666666666666,0.0,0.0,0.0
2023-05-29 08:00:00,0.0625,16.0,0.0,0.4256040432887136,52.284781479623454,0.2064284616454034,0.0,15949.143333332102,0.0,1597.7433333323897,1000.0,0.0,0.0,0.0,1000.0,62.5,0.0,0.0,0.0
2023-05-29 09:00:00,0.0573333333333333,16.5,0.0,0.5885561506942917,50.97263257304906,0.3165162397857405,0.0,15949.143333332102,0.0,1597.7433333323897,945.9999999994398,0.0,0.0,0.0,945.9999999994398,57.3333333333333,0.0,0.0,0.0
2023-05-29 10:00:00,0.0641666666666666,17.25,0.0,0.7140197943113402,49.84448185152637,0.4153533342149522,0.0,15949.143333332102,0.0,1597.7433333323897,1106.8750000005857,0.0,0.0,0.0,1106.8750000005857,64.1666666666666,0.0,0.0,0.0
2023-05-29 11:00:00,0.0593333333333333,17.25,0.0,0.7937372851975351,48.291660905080704,0.4870383766369943,0.0,15949.143333332102,0.0,1597.7433333323897,1023.4999999994143,0.0,0.0,0.0,1023.4999999994143,59.3333333333333,0.0,0.0,0.0
2023-05-29 12:00:00,0.0613333333333333,16.5,0.0,0.8244824636388931,47.66707064867845,0.5210510240864551,0.0,15949.143333332102,0.0,1597.7433333323897,1011.9999999994398,0.0,0.0,0.0,1011.9999999994398,61.3333333333333,0.0,0.0,0.0
2023-05-29 13:00:00,0.0638333333333333,16.75,0.0,0.8053914238417775,46.15451381805761,0.553952904725686,0.0,15949.143333332102,0.0,1597.7433333323897,1069.2083333327646,0.0,0.0,0.0,1069.2083333327646,63.8333333333333,0.0,0.0,0.0
2023-05-29 14:00:00,0.0593333333333333,17.0,0.0,0.7369907226888442,48.51800176413265,0.5383416252462272,0.0,15949.143333332102,0.0,1597.7433333323897,1008.6666666660894,0.0,0.0,0.0,1008.6666666660894,59.3333333333333,0.0,0.0,0.0
2023-05-29 15:00:00,0.0636666666666666,17.25,0.0,0.6217989952465407,50.80493594112419,0.514573590205266,0.0,15949.143333332102,0.0,1597.7433333323897,1098.2500000005857,0.0,0.0,0.0,1098.2500000005857,63.66666666666659,0.0,0.0,0.0
2023-05-29 16:00:00,0.0583333333333333,17.5,0.0,0.4665640165288541,51.847896560545465,0.3118358114845733,0.0,15949.143333332102,0.0,1597.7433333323897,1020.8333333327391,0.0,0.0,0.0,1020.8333333327391,58.3333333333333,0.0,0.0,0.0
2023-05-29 17:00:00,0.0633333333333333,16.75,0.0,0.286696138639174,50.17538603182844,0.056955640703185,0.0,15949.143333332102,0.0,1597.7433333323897,1060.8333333327646,0.0,0.0,0.0,1060.8333333327646,63.3333333333333,0.0,0.0,0.0
2023-05-29 18:00:00,0.059,17.5,0.0,0.1153026163935472,52.23534388292077,0.0097521367287024,0.0,15949.143333332102,0.0,1597.7433333323897,1032.5,0.0,0.0,0.0,1032.5,59.0,0.0,0.0,0.0
2023-05-29 19:00:00,0.06,17.0,0.0,0.0204657028971309,51.97098913725182,0.0039944444405726,0.0,15949.143333332102,0.0,1597.7433333323897,1020.0,0.0,0.0,0.0,1020.0,60.0,0.0,0.0,0.0
2023-05-29 20:00:00,0.0646666666666666,17.0,0.0,6.383499622808303e-05,53.1743703662602,0.0068571794848156,0.0,15949.143333332102,0.0,1597.7433333323897,1099.3333333354533,0.0,0.0,0.0,1099.3333333354533,64.6666666666666,0.0,0.0,0.0
2023-05-29 21:00:00,0.0595,17.0,0.0,0.0,52.73556895351672,0.0003934188016379,0.0,15949.143333332102,0.0,1597.7433333323897,1011.5,0.0,0.0,0.0,1011.5,59.5,0.0,0.0,0.0
2023-05-29 22:00:00,0.0631666666666666,16.5,0.0,0.0,51.7927954831995,0.0,0.0,15949.143333332102,0.0,1597.7433333323897,1042.25000000055,0.0,0.0,0.0,1042.25000000055,63.16666666666659,0.0,0.0,0.0
2023-05-29 23:00:00,0.0574999999999999,16.0,0.0,0.0,51.85777091594858,0.0,0.0,15949.143333332102,0.0,1597.7433333323897,920.0,0.0,0.0,0.0,920.0,57.4999999999999,0.0,0.0,0.0
2023-05-30 00:00:00,0.0645,17.0,0.0,0.0,51.771186578537126,0.0,0.0,15949.143333332102,0.0,1597.7433333323897,1096.5,0.0,0.0,0.0,1096.5,64.5,0.0,0.0,0.0
2023-05-30 01:00:00,0.0595,17.0,0.0,0.0,53.81124804544831,0.0,0.0,15949.143333332102,0.0,1597.7433333323897,1011.5,0.0,0.0,0.0,1011.5,59.5,0.0,0.0,0.0
2023-05-30 02:00:00,0.0583333333333333,17.25,0.0,0.0,53.22770066733885,0.0,0.0,15949.143333332102,0.0,1597.7433333323897,1006.249999999425,0.0,0.0,0.0,1006.249999999425,58.3333333333333,0.0,0.0,0.0
2023-05-30 03:00:00,0.062,17.25,0.0,0.0,53.359753621140655,0.0,0.0,15949.143333332102,0.0,1597.7433333323897,1069.5,0.0,0.0,0.0,1069.5,62.0,0.0,0.0,0.0
2023-05-30 04:00:00,0.0573333333333333,17.25,0.0,0.0,51.119381656921256,0.0,0.0,15949.143333332102,0.0,1597.7433333323897,988.999999999425,0.0,0.0,0.0,988.999999999425,57.3333333333333,0.0,0.0,0.0
2023-05-30 05:00:00,0.0621666666666666,18.25,0.0,0.0113915372188535,49.922878327881946,0.0,0.0,15949.143333332102,0.0,1597.7433333323897,1134.5416666672863,0.0,0.0,0.0,1134.5416666672863,62.1666666666666,0.0,0.0,0.0
2023-05-30 06:00:00,0.0569999999999999,19.0,0.0,0.0836685816741062,48.1584883035227,0.0165725641754957,0.0,15949.143333332102,0.0,1597.7433333323897,1083.0,0.0,0.0,0.0,1083.0,56.9999999999999,0.0,0.0,0.0
2023-05-30 07:00:00,0.0548333333333333,22.5,0.0,0.2441843510345563,46.53937488698404,0.076674615297562,0.0,15949.143333332102,0.0,1597.7433333323897,1233.749999999236,0.0,0.0,0.0,1233.749999999236,54.8333333333333,0.0,0.0,0.0
2023-05-30 08:00:00,0.0605,28.0,0.0,0.4259386044603994,44.78181293524113,0.2039420512598804,0.0,15949.143333332102,0.0,1597.7433333323897,1694.0,0.0,0.0,0.0,1694.0,60.5,0.0,0.0,0.0
2023-05-30 09:00:00,6.3725,22.5,0.0,0.5887207328812254,46.96044322998959,0.3954385467268463,0.0,15949.143333332102,0.0,1597.7433333323897,143381.25,0.0,0.0,0.0,143381.25,6372.5,0.0,0.0,0.0
2023-05-30 10:00:00,8.32,19.25,0.0,0.7140881886695963,47.45610919076151,0.5375156409108743,0.0,15949.143333332102,0.0,1597.7433333323897,160160.0,0.0,0.0,0.0,160160.0,8320.0,0.0,0.0,0.0
2023-05-30 11:00:00,6.886666666666667,19.0,0.0,0.7937916850752212,46.03716161029331,0.5653151265983908,0.0,15949.143333332102,0.0,1597.7433333323897,130846.66666673007,0.0,0.0,0.0,130846.66666673007,6886.666666666667,0.0,0.0,0.0
2023-05-30 12:00:00,7.713333333333334,18.0,0.0,0.8246016299149566,47.33221417306943,0.6005208542000535,0.0,15949.143333332102,0.0,1597.7433333323897,138839.99999993993,0.0,0.0,0.0,138839.99999993993,7713.333333333334,0.0,0.0,0.0
2023-05-30 13:00:00,9.078833333333334,16.25,0.0,0.8056501569125389,47.68483292444651,0.7009821371746882,0.0,15949.143333332102,0.0,1597.7433333323897,147531.04166661244,0.0,0.0,0.0,147531.04166661244,9078.833333333334,0.0,0.0,0.0
2023-05-30 14:00:00,9.756666666666666,16.25,0.0,0.7374604005557083,50.4235961174511,0.6997997446956795,0.0,15949.143333332102,0.0,1597.7433333323897,158545.83333338756,0.0,0.0,0.0,158545.83333338756,9756.666666666666,0.0,0.0,0.0
2023-05-30 15:00:00,7.239999999999999,16.5,0.0,0.6225417957636381,51.805176938901305,0.6755243585048581,0.0,15949.143333332102,0.0,1597.7433333323897,119460.0,0.0,0.0,0.0,119460.0,7239.999999999999,0.0,0.0,0.0
2023-05-30 16:00:00,7.175,17.0,0.0,0.4676111254592368,50.56388436694891,0.5895191453460953,0.0,15949.143333332102,0.0,1597.7433333323897,121975.0,0.0,0.0,0.0,121975.0,7175.0,0.0,0.0,0.0
2023-05-30 17:00:00,7.033666666666666,17.0,0.0,0.2879864594793171,49.17354032933711,0.4696339305649455,0.0,15949.143333332102,0.0,1597.7433333323897,119572.33333339007,0.0,0.0,0.0,119572.33333339007,7033.666666666666,0.0,0.0,0.0
2023-05-30 18:00:00,4.099666666666667,17.0,0.0,0.1165110663386329,49.95447355146935,0.3485765809279222,0.0,15949.143333332102,0.0,1597.7433333323897,69694.33333339007,0.0,0.0,0.0,69694.33333339007,4099.666666666667,0.0,0.0,0.0
2023-05-30 19:00:00,0.608,16.75,0.0,0.0210677609222266,48.4092575735479,0.1326203414721367,0.0,15949.143333332102,0.0,1597.7433333323897,10184.0,0.0,0.0,0.0,10184.0,608.0,0.0,0.0,0.0
2023-05-30 20:00:00,12.731,17.25,0.0,8.0609154140309e-05,47.17356345005142,0.0303694018033834,0.0,15949.143333332102,0.0,1597.7433333323897,219609.75000000195,0.0,0.0,0.0,219609.75000000195,12731.0,0.0,0.0,0.0
2023-05-30 21:00:00,15.674166666666666,17.25,0.0,0.0,49.54339419263915,0.0010082906041628,0.0,15949.143333332102,0.0,1597.7433333323897,270379.37500057503,0.0,0.0,0.0,270379.37500057503,15674.166666666666,0.0,0.0,0.0
2023-05-30 22:00:00,2.6628333333333334,17.0,0.0,0.0,50.88670012320175,0.0,0.0,15949.143333332102,0.0,1597.7433333323897,45268.166666610006,0.0,0.0,0.0,45268.166666610006,2662.8333333333335,0.0,0.0,0.0
2023-05-30 23:00:00,0.1043333333333333,17.0,0.0,0.0,52.90709095656899,0.0,0.0,15949.143333332102,0.0,1597.7433333323897,1773.666666661,0.0,0.0,0.0,1773.666666661,104.3333333333333,0.0,0.0,0.0
2023-05-31 00:00:00,0.0673333333333333,17.0,0.0,0.0,54.85000429212268,0.0,0.0,15949.143333332102,0.0,1597.7433333323897,1144.6666666661001,0.0,0.0,0.0,1144.6666666661001,67.3333333333333,0.0,0.0,0.0
2023-05-31 01:00:00,0.0625,17.0,0.0,0.0,56.61315813634915,0.0,0.0,15949.143333332102,0.0,1597.7433333323897,1062.5,0.0,0.0,0.0,1062.5,62.5,0.0,0.0,0.0
2023-05-31 02:00:00,0.0656666666666666,17.0,0.0,0.0,58.02599359914102,0.0,0.0,15949.143333332102,55.8166666667,1597.7433333323897,1116.3333333338999,0.0,139.54166666675002,0.0,1255.8750000006498,65.6666666666666,0.0,0.0,0.0
2023-05-31 03:00:00,0.061,18.5,0.0,0.0,58.29259501633366,0.0,0.0,15949.143333332102,0.0,1653.5599999990898,1128.5,0.0,0.0,0.0,1128.5,61.0,0.0,0.0,0.0
2023-05-31 04:00:00,0.0598333333333333,19.75,0.0,0.0,55.5371286076517,0.0,0.0,15949.143333332102,0.0,1653.5599999990898,1181.708333332675,0.0,0.0,0.0,1181.708333332675,59.8333333333333,0.0,0.0,0.0
2023-05-31 05:00:00,0.0638333333333333,20.0,0.0,0.011697909261109,54.143433955932245,0.0,0.0,15949.143333332102,0.0,1653.5599999990898,1276.6666666659876,0.0,0.0,0.0,1276.6666666659876,63.8333333333333,0.0,0.0,0.0
2023-05-31 06:00:00,0.0586666666666666,19.75,0.0,0.0841468677007907,54.97682042971565,0.016338119606177,0.0,15949.143333332102,0.0,1653.5599999990898,1158.6666666673373,0.0,0.0,0.0,1158.6666666673373,58.6666666666666,0.0,0.0,0.0
2023-05-31 07:00:00,0.0621666666666666,19.25,0.0,0.2446467919109164,55.169821651745664,0.1210599999957614,0.0,15949.143333332102,0.0,1653.5599999990898,1196.708333333987,0.0,0.0,0.0,1196.708333333987,62.1666666666666,0.0,0.0,0.0
2023-05-31 08:00:00,0.0568333333333333,21.5,0.0,0.426222333450455,55.96719661030752,0.1569856412186582,0.0,15949.143333332102,0.0,1653.5599999990898,1221.9166666659366,0.0,0.0,0.0,1221.9166666659366,56.8333333333333,0.0,0.0,0.0
2023-05-31 09:00:00,0.0596666666666666,21.75,0.0,0.5888476795321688,55.04586764533332,0.1581187181391267,0.0,15949.143333332102,0.0,1653.5599999990898,1297.7500000007385,0.0,0.0,0.0,1297.7500000007385,59.6666666666666,0.0,0.0,0.0
2023-05-31 10:00:00,0.0671666666666666,21.75,0.0,0.7141312475015728,56.69837118725755,0.2197068372547117,0.0,15949.143333332102,0.0,1653.5599999990898,1460.8750000007385,0.0,0.0,0.0,1460.8750000007385,67.1666666666666,0.0,0.0,0.0
2023-05-31 11:00:00,0.0613333333333333,17.75,0.0,0.7938306878406339,54.10871428056368,0.3181263250367254,0.0,15949.143333332102,0.0,1653.5599999990898,1088.666666666064,0.0,0.0,0.0,1088.666666666064,61.3333333333333,0.0,0.0,0.0
2023-05-31 12:00:00,0.0626666666666666,16.25,0.0,0.824712570462269,53.74540403329471,0.3427854681422568,0.0,15949.143333332102,0.0,1653.5599999990898,1018.3333333338851,0.0,0.0,0.0,1018.3333333338851,62.66666666666661,0.0,0.0,0.0
2023-05-31 13:00:00,0.0584999999999999,15.75,0.0,0.8059049281085806,55.10471171414498,0.4442059808714777,0.0,15949.143333332102,0.0,1653.5599999990898,921.375,0.0,0.0,0.0,921.375,58.4999999999999,0.0,0.0,0.0
2023-05-31 14:00:00,0.0643333333333333,14.0,0.0,0.737927274355111,55.46072834470722,0.4991464112762715,0.0,15949.143333332102,0.0,1653.5599999990898,900.6666666661913,0.0,0.0,0.0,900.6666666661913,64.3333333333333,0.0,0.0,0.0
2023-05-31 15:00:00,0.0593333333333333,14.0,0.0,0.6232795481847261,53.50775458451491,0.3913195732312324,0.0,15949.143333332102,0.0,1653.5599999990898,830.6666666661913,0.0,0.0,0.0,830.6666666661913,59.3333333333333,0.0,0.0,0.0
2023-05-31 16:00:00,0.0745,14.75,0.0,0.4686474990347385,51.44356738891014,0.4477537592048318,0.0,15949.143333332102,0.0,1653.5599999990898,1098.875,0.0,0.0,0.0,1098.875,74.5,0.0,0.0,0.0
2023-05-31 17:00:00,0.2166666666666666,14.75,0.0,0.2892585055261915,50.09820130780199,0.1881863253340761,0.0,15949.143333332102,0.0,1653.5599999990898,3195.8333333383416,0.0,0.0,0.0,3195.8333333383416,216.6666666666666,0.0,0.0,0.0
2023-05-31 18:00:00,0.0626666666666666,19.5,0.0,0.1176998824411223,49.77244014551482,0.027385726484478,0.0,15949.143333332102,0.0,1653.5599999990898,1222.000000000662,0.0,0.0,0.0,1222.000000000662,62.66666666666661,0.0,0.0,0.0
2023-05-31 19:00:00,0.1316666666666666,22.0,0.0,0.0216589178567542,50.56195968544252,0.049137607069097,0.0,15949.143333332102,0.0,1653.5599999990898,2896.6666666741366,0.0,0.0,0.0,2896.6666666741366,131.6666666666666,0.0,0.0,0.0
2023-05-31 20:00:00,0.1676666666666666,23.0,0.0,9.99107282092064e-05,52.44150882537159,0.0067479487463959,0.0,15949.143333332102,0.0,1653.5599999990898,3856.3333333442883,0.0,0.0,0.0,3856.3333333442883,167.6666666666666,0.0,0.0,0.0
2023-05-31 21:00:00,0.968,23.25,0.0,0.0,50.47454926778396,0.00051641025672,0.0,15949.143333332102,0.0,1653.5599999990898,22506.0,0.0,0.0,0.0,22506.0,968.0,0.0,0.0,0.0
2023-05-31 22:00:00,2.853666666666667,23.25,0.0,0.0,51.69839839463829,0.0,0.0,15949.143333332102,0.0,1653.5599999990898,66347.75000007749,0.0,0.0,0.0,66347.75000007749,2853.666666666667,0.0,0.0,0.0
2023-05-31 23:00:00,6.196333333333333,26.25,0.0,0.0,51.45117134742874,0.0,0.0,15949.143333332102,0.0,1653.5599999990898,162653.74999991248,0.0,0.0,0.0,162653.74999991248,6196.333333333333,0.0,0.0,0.0
2023-06-01 00:00:00,11.239,25.75,0.0,0.0,48.76999999999999,0.0,0.0,15949.143333332102,0.0,1653.5599999990898,289404.25,0.0,0.0,0.0,289404.25,11239.0,0.0,0.0,0.0
2023-06-01 01:00:00,9.2995,24.0,0.0,0.0,46.7301536945854,0.0,0.0,15949.143333332102,0.0,1653.5599999990898,223188.0,0.0,0.0,0.0,223188.0,9299.5,0.0,0.0,0.0
2023-06-01 02:00:00,0.0665,23.0,0.0,0.0,46.64776906412882,0.0,0.0,15949.143333332102,0.0,1653.5599999990898,1529.5,0.0,0.0,0.0,1529.5,66.5,0.0,0.0,0.0
2023-06-01 03:00:00,0.0596666666666666,22.0,0.0,0.0,44.72431129587659,0.0,0.0,15949.143333332102,0.0,1653.5599999990898,1312.6666666674,0.0,0.0,0.0,1312.6666666674,59.6666666666666,0.0,0.0,0.0
2023-06-01 04:00:00,0.0595,24.5,0.0,0.0,46.788864918188736,0.0,0.0,15949.143333332102,0.0,1653.5599999990898,1457.75,0.0,0.0,0.0,1457.75,59.5,0.0,0.0,0.0
2023-06-01 05:00:00,0.0643333333333333,27.0,0.0,0.0119882370316113,45.055042108871056,8.641025576836017e-05,0.0,15949.143333332102,0.0,1653.5599999990898,1736.9999999990832,0.0,0.0,0.0,1736.9999999990832,64.3333333333333,0.0,0.0,0.0
2023-06-01 06:00:00,0.0581666666666666,26.0,0.0,0.0845759869728982,46.2887304869589,0.0210595726100807,0.0,15949.143333332102,0.0,1653.5599999990898,1512.3333333342161,0.0,0.0,0.0,1512.3333333342161,58.1666666666666,0.0,0.0,0.0
2023-06-01 07:00:00,0.0624999999999999,24.0,0.0,0.2450501315174549,47.40684306513173,0.1049061534751174,0.0,15949.143333332102,0.0,1653.5599999990898,1500.0,0.0,0.0,0.0,1500.0,62.4999999999999,0.0,0.0,0.0
2023-06-01 08:00:00,0.0564999999999999,25.0,0.0,0.4264564483845346,48.60874174173478,0.2852488904121594,0.0,15949.143333332102,0.0,1653.5599999990898,1412.5,0.0,0.0,0.0,1412.5,56.4999999999999,0.0,0.0,0.0
2023-06-01 09:00:00,0.0593333333333332,21.0,0.0,0.5889382311315838,47.84381132145132,0.4318772666474693,0.0,15949.143333332102,0.0,1653.5599999990898,1245.999999999287,0.0,0.0,0.0,1245.999999999287,59.3333333333332,0.0,0.0,0.0
2023-06-01 10:00:00,0.0604999999999999,18.0,0.0,0.7141501451768643,47.19812143281004,0.5557029913225747,0.0,15949.143333332102,0.0,1653.5599999990898,1089.0,0.0,0.0,0.0,1089.0,60.4999999999999,0.0,0.0,0.0
2023-06-01 11:00:00,0.0574999999999999,16.5,0.0,0.7938553441440882,46.30783594831376,0.6370745295337126,0.0,15949.143333332102,0.0,1653.5599999990898,948.75,0.0,0.0,0.0,948.75,57.4999999999999,0.0,0.0,0.0
2023-06-01 12:00:00,0.0628333333333333,16.0,0.0,0.8248161693040674,47.52346348087167,0.6620488892253651,0.0,15949.143333332102,0.0,1653.5599999990898,1005.3333333327901,0.0,0.0,0.0,1005.3333333327901,62.8333333333333,0.0,0.0,0.0
2023-06-01 13:00:00,0.0571666666666666,16.75,0.0,0.8061564193494789,45.70598958760738,0.5109134171966814,0.0,15949.143333332102,0.0,1653.5599999990898,957.5416666672354,0.0,0.0,0.0,957.5416666672354,57.1666666666666,0.0,0.0,0.0
2023-06-01 14:00:00,0.0621666666666666,17.0,0.0,0.7383917941926569,46.207804176763005,0.6105337583101712,0.0,15949.143333332102,0.0,1653.5599999990898,1056.8333333339106,0.0,0.0,0.0,1056.8333333339106,62.1666666666666,0.0,0.0,0.0
2023-06-01 15:00:00,1.5008333333333337,16.75,0.0,0.6240124518569067,45.31790747643579,0.7205959802611266,0.0,15949.143333332102,0.0,1653.5599999990898,25138.958333277435,0.0,0.0,0.0,25138.958333277435,1500.8333333333337,0.0,0.0,0.0
2023-06-01 16:00:00,4.618666666666667,17.0,0.0,0.4696730886867219,47.741724369677286,0.5959014533931374,0.0,15949.143333332102,0.0,1653.5599999990898,78517.33333339007,0.0,0.0,0.0,78517.33333339007,4618.666666666667,0.0,0.0,0.0
2023-06-01 17:00:00,2.5531666666666664,17.0,0.0,0.2905120065884045,47.03676386962349,0.4945140176756764,0.0,15949.143333332102,0.0,1653.5599999990898,43403.83333339007,0.0,0.0,0.0,43403.83333339007,2553.1666666666665,0.0,0.0,0.0
2023-06-01 18:00:00,3.558666666666667,21.25,0.0,0.1188685369548796,45.5075602111547,0.3245713688777043,0.0,15949.143333332102,0.0,1653.5599999990898,75621.66666673758,0.0,0.0,0.0,75621.66666673758,3558.666666666667,0.0,0.0,0.0
2023-06-01 19:00:00,0.0639999999999999,23.0,0.0,0.0222579894338901,46.4461666824383,0.1581090610862797,0.0,15949.143333332102,0.0,1653.5599999990898,1472.0,0.0,0.0,0.0,1472.0,63.99999999999991,0.0,0.0,0.0
2023-06-01 20:00:00,0.0581666666666665,23.0,0.0,0.0001218047701308,45.03582324664444,0.0427400858993204,0.0,15949.143333332102,0.0,1653.5599999990898,1337.8333333381106,0.0,0.0,0.0,1337.8333333381106,58.1666666666665,0.0,0.0,0.0
2023-06-01 21:00:00,0.0645,23.0,0.0,0.0,45.12000718200252,0.0020961538320168,0.0,15949.143333332102,0.0,1653.5599999990898,1483.5,0.0,0.0,0.0,1483.5,64.5,0.0,0.0,0.0
2023-06-01 22:00:00,0.0591666666666666,21.0,0.0,0.0,46.89659419137141,0.0,0.0,15949.143333332102,0.0,1653.5599999990898,1242.5000000007,0.0,0.0,0.0,1242.5000000007,59.16666666666659,0.0,0.0,0.0
2023-06-01 23:00:00,0.0593333333333333,22.5,0.0,0.0,45.95086746039991,0.0,0.0,15949.143333332102,0.0,1653.5599999990898,1334.99999999925,0.0,0.0,0.0,1334.99999999925,59.3333333333333,0.0,0.0,0.0
2023-06-02 00:00:00,0.0643333333333333,22.25,0.0,0.0,48.17999847898038,0.0,0.0,15949.143333332102,0.0,1653.5599999990898,1431.416666665925,0.0,0.0,0.0,1431.416666665925,64.3333333333333,0.0,0.0,0.0
2023-06-02 01:00:00,0.0591666666666666,21.5,0.0,0.0,46.45016476766638,0.0,0.0,15949.143333332102,0.0,1653.5599999990898,1272.0833333340502,0.0,0.0,0.0,1272.0833333340502,59.16666666666659,0.0,0.0,0.0
2023-06-02 02:00:00,0.0645,25.25,0.0,0.0,45.55597152632095,0.0,0.0,15949.143333332102,0.0,1653.5599999990898,1628.625,0.0,0.0,0.0,1628.625,64.5,0.0,0.0,0.0
2023-06-02 03:00:00,0.0593333333333333,28.0,0.0,0.0,46.05658677623656,0.0,0.0,15949.143333332102,0.0,1653.5599999990898,1661.3333333324,0.0,0.0,0.0,1661.3333333324,59.3333333333333,0.0,0.0,0.0
2023-06-02 04:00:00,0.0601666666666666,28.0,0.0,9.000735254774665e-08,47.28379211211856,0.0,0.0,15949.143333332102,0.0,1653.5599999990898,1684.6666666676,0.0,0.0,0.0,1684.6666666676,60.1666666666666,0.0,0.0,0.0
2023-06-02 05:00:00,0.0625,27.5,0.0,0.0122617317566814,47.00929804599002,1.1794871499395811e-05,0.0,15949.143333332102,0.0,1653.5599999990898,1718.75,0.0,0.0,0.0,1718.75,62.5,0.0,0.0,0.0
2023-06-02 06:00:00,0.0588333333333333,26.25,0.0,0.0849564024479789,47.83341604722382,0.0193590597477224,0.0,15949.143333332102,0.0,1653.5599999990898,1544.3749999991087,0.0,0.0,0.0,1544.3749999991087,58.8333333333333,0.0,0.0,0.0
2023-06-02 07:00:00,0.0628333333333333,27.5,0.0,0.2453953744552726,48.54204511172825,0.0977941870485615,0.0,15949.143333332102,0.0,1653.5599999990898,1727.916666665733,0.0,0.0,0.0,1727.916666665733,62.8333333333333,0.0,0.0,0.0
2023-06-02 08:00:00,0.0563333333333333,29.0,0.0,0.4266421375335268,50.21159503887185,0.2709282909295497,0.0,15949.143333332102,0.0,1653.5599999990898,1633.666666665682,0.0,0.0,0.0,1633.666666665682,56.3333333333333,0.0,0.0,0.0
2023-06-02 09:00:00,0.0618333333333333,29.0,0.0,0.5889935934269274,50.37866724617663,0.4072766674074352,0.0,15949.143333332102,0.0,1653.5599999990898,1793.166666665682,0.0,0.0,0.0,1793.166666665682,61.8333333333333,0.0,0.0,0.0
2023-06-02 10:00:00,0.0579999999999999,24.0,0.0,0.714146020530393,49.97020876412413,0.5284852978306956,0.0,15949.143333332102,0.0,1653.5599999990898,1392.0,0.0,0.0,0.0,1392.0,57.9999999999999,0.0,0.0,0.0
2023-06-02 11:00:00,0.1743333333333333,16.75,0.0,0.793866670947172,48.5503242081244,0.6325337590926733,0.0,15949.143333332102,0.0,1653.5599999990898,2920.083333327646,0.0,0.0,0.0,2920.083333327646,174.33333333333331,0.0,0.0,0.0
2023-06-02 12:00:00,3.206833333333333,15.25,0.0,0.8249132807154497,49.58947203200041,0.7077803404718384,0.0,15949.143333332102,0.0,1653.5599999990898,48904.20833328244,0.0,0.0,0.0,48904.20833328244,3206.833333333333,0.0,0.0,0.0
2023-06-02 13:00:00,6.237666666666667,15.75,0.0,0.8064052887669938,49.888445163133895,0.7265870027460607,0.0,15949.143333332102,0.0,1653.5599999990898,98243.25000005256,0.0,0.0,0.0,98243.25000005256,6237.666666666667,0.0,0.0,0.0
2023-06-02 14:00:00,0.1416666666666666,16.0,0.0,0.7388543944013622,50.251240863390215,0.6218532474224385,0.0,15949.143333332102,0.0,1653.5599999990898,2266.6666666720994,0.0,0.0,0.0,2266.6666666720994,141.6666666666666,0.0,0.0,0.0
2023-06-02 15:00:00,0.0588333333333333,16.0,0.0,0.6247407001251628,48.91323723448704,0.6889815384302383,0.0,15949.143333332102,0.0,1653.5599999990898,941.3333333327901,0.0,0.0,0.0,941.3333333327901,58.8333333333333,0.0,0.0,0.0
2023-06-02 16:00:00,0.0641666666666666,16.0,0.0,0.4706878501297404,48.1944447922509,0.1057769227639222,0.0,15949.143333332102,0.0,1653.5599999990898,1026.66666666721,0.0,0.0,0.0,1026.66666666721,64.1666666666666,0.0,0.0,0.0
2023-06-02 17:00:00,0.0591666666666666,20.25,0.0,0.2917467046745209,48.57750229207536,0.0216219658525581,0.0,15949.143333332102,0.0,1653.5599999990898,1198.1250000006876,0.0,0.0,0.0,1198.1250000006876,59.16666666666659,0.0,0.0,0.0
2023-06-02 18:00:00,0.0579999999999999,27.0,0.0,0.1200165172125289,48.65747507765646,0.0222688888688372,0.0,15949.143333332102,0.0,1653.5599999990898,1566.0,0.0,0.0,0.0,1566.0,57.9999999999999,0.0,0.0,0.0
2023-06-02 19:00:00,0.0631666666666666,29.0,0.0,0.0228489213441563,46.61645092973127,0.0059727350717935,0.0,15949.143333332102,0.0,1653.5599999990898,1831.833333334318,0.0,0.0,0.0,1831.833333334318,63.16666666666659,0.0,0.0,0.0
2023-06-02 20:00:00,0.0653333333333333,30.75,0.0,0.0001464383927641,45.868935651467375,0.0026548718064864,0.0,15949.143333332102,0.0,1653.5599999990898,2009.0000000054215,0.0,0.0,0.0,2009.0000000054215,65.3333333333333,0.0,0.0,0.0
2023-06-02 21:00:00,0.1126666666666666,30.5,0.0,0.0,47.74167488080065,0.0,0.0,15949.143333332102,0.0,1653.5599999990898,3436.3333333435,0.0,0.0,0.0,3436.3333333435,112.6666666666666,0.0,0.0,0.0
2023-06-02 22:00:00,0.9136666666666664,30.0,0.0,0.0,46.22687768890327,0.0,0.0,15949.143333332102,0.0,1653.5599999990898,27410.000000009997,0.0,0.0,0.0,27410.000000009997,913.6666666666664,0.0,0.0,0.0
2023-06-02 23:00:00,9.251,30.25,0.0,0.0,46.22257059206935,0.0,0.0,15949.143333332102,0.0,1653.5599999990898,279842.75,0.0,0.0,0.0,279842.75,9251.0,0.0,0.0,0.0
2023-06-03 00:00:00,7.825666666666667,29.75,0.0,0.0,44.46934858867774,0.0,0.0,15949.143333332102,0.0,1653.5599999990898,232813.5833334325,0.0,0.0,0.0,232813.5833334325,7825.666666666667,0.0,0.0,0.0
2023-06-03 01:00:00,2.374,30.0,0.0,0.0,45.30683155739395,0.0,0.0,15949.143333332102,0.0,1653.5599999990898,71220.0,0.0,0.0,0.0,71220.0,2374.0,0.0,0.0,0.0
2023-06-03 02:00:00,0.0653333333333333,29.0,0.0,0.0,43.75253360301316,0.0,0.0,15949.143333332102,0.0,1653.5599999990898,1894.6666666657002,0.0,0.0,0.0,1894.6666666657002,65.3333333333333,0.0,0.0,0.0
2023-06-03 03:00:00,0.0596666666666666,25.0,0.0,0.0,44.3233504690628,0.0,0.0,15949.143333332102,0.0,1653.5599999990898,1491.6666666675,0.0,0.0,0.0,1491.6666666675,59.6666666666666,0.0,0.0,0.0
2023-06-03 04:00:00,0.0648333333333333,22.0,0.0,2.472339548594538e-07,45.617540992638425,0.0,0.0,15949.143333332102,0.0,1653.5599999990898,1426.3333333326,0.0,0.0,0.0,1426.3333333326,64.8333333333333,0.0,0.0,0.0
2023-06-03 05:00:00,0.0584999999999999,21.5,0.0,0.0125176705185921,45.14195020278382,6.717948672863159e-05,0.0,15949.143333332102,0.0,1653.5599999990898,1257.75,0.0,0.0,0.0,1257.75,58.4999999999999,0.0,0.0,0.0
2023-06-03 06:00:00,0.0586666666666666,21.75,0.0,0.0852885952957365,44.66603535223325,0.0205133333216365,0.0,15949.143333332102,0.0,1653.5599999990898,1276.0000000007385,0.0,0.0,0.0,1276.0000000007385,58.6666666666666,0.0,0.0,0.0
2023-06-03 07:00:00,0.0626666666666666,20.0,0.0,0.2456835093149013,43.70637164250158,0.0957297436803834,0.0,15949.143333332102,0.0,1653.5599999990898,1253.3333333340124,0.0,0.0,0.0,1253.3333333340124,62.66666666666661,0.0,0.0,0.0
2023-06-03 08:00:00,0.0568333333333333,18.0,0.0,0.4267805590356393,44.20013916854817,0.2480198281443017,0.0,15949.143333332102,0.0,1653.5599999990898,1022.9999999993888,0.0,0.0,0.0,1022.9999999993888,56.8333333333333,0.0,0.0,0.0
2023-06-03 09:00:00,0.0629999999999999,18.0,0.0,0.5890149373117987,46.560884532666456,0.3537283768613116,0.0,15949.143333332102,0.0,1653.5599999990898,1134.0,0.0,0.0,0.0,1134.0,62.9999999999999,0.0,0.0,0.0
2023-06-03 10:00:00,0.0581666666666666,15.75,0.0,0.7141199766382357,47.8831213146442,0.5070696607410398,0.0,15949.143333332102,0.0,1653.5599999990898,916.1250000005348,0.0,0.0,0.0,916.1250000005348,58.1666666666666,0.0,0.0,0.0
2023-06-03 11:00:00,0.0611666666666666,15.0,0.0,0.7938656508655867,48.79029348920106,0.642793761033278,0.0,15949.143333332102,0.0,1653.5599999990898,917.5000000005093,0.0,0.0,0.0,917.5000000005093,61.1666666666666,0.0,0.0,0.0
2023-06-03 12:00:00,0.0606666666666666,15.5,0.0,0.8250047279168923,49.30750588092601,0.6676998281886434,0.0,15949.143333332102,0.0,1653.5599999990898,940.3333333338596,0.0,0.0,0.0,940.3333333338596,60.6666666666666,0.0,0.0,0.0
2023-06-03 13:00:00,0.059,16.0,0.0,0.8066521685125304,51.09734723994491,0.3839975210336538,0.0,15949.143333332102,0.0,1653.5599999990898,944.0,0.0,0.0,0.0,944.0,59.0,0.0,0.0,0.0
2023-06-03 14:00:00,0.065,17.0,0.0,0.7393154901975708,49.532512624290106,0.4994145287407767,0.0,15949.143333332102,0.0,1653.5599999990898,1105.0,0.0,0.0,0.0,1105.0,65.0,0.0,0.0,0.0
2023-06-03 15:00:00,0.0596666666666666,16.5,0.0,0.6254644756388419,50.82971016318686,0.7222962390867053,0.0,15949.143333332102,0.0,1653.5599999990898,984.5000000005602,0.0,0.0,0.0,984.5000000005602,59.6666666666666,0.0,0.0,0.0
2023-06-03 16:00:00,0.0643333333333333,15.25,0.0,0.4716917372146549,51.87225081513521,0.4690007697211373,0.0,15949.143333332102,0.0,1653.5599999990898,981.0833333328155,0.0,0.0,0.0,981.0833333328155,64.3333333333333,0.0,0.0,0.0
2023-06-03 17:00:00,0.0588333333333333,15.0,0.0,0.2929623468711049,49.40909673181312,0.1566276070195385,0.0,15949.143333332102,0.0,1653.5599999990898,882.4999999994907,0.0,0.0,0.0,882.4999999994907,58.8333333333333,0.0,0.0,0.0
2023-06-03 18:00:00,0.0593333333333333,17.75,0.0,0.121143319427828,51.04883771033832,0.0342941879207252,0.0,15949.143333332102,0.0,1653.5599999990898,1053.166666666064,0.0,0.0,0.0,1053.166666666064,59.3333333333333,0.0,0.0,0.0
2023-06-03 19:00:00,0.0758333333333333,23.5,0.0,0.0234262962095347,51.85558190156595,0.0058159828695476,0.0,15949.143333332102,0.0,1653.5599999990898,1782.0833333325354,0.0,0.0,0.0,1782.0833333325354,75.8333333333333,0.0,0.0,0.0
2023-06-03 20:00:00,0.1748333333333332,25.25,0.0,0.000173655367202,53.55927638295411,0.0016390598246143,0.0,15949.143333332102,0.0,1653.5599999990898,4414.541666664527,0.0,0.0,0.0,4414.541666664527,174.8333333333332,0.0,0.0,0.0
2023-06-03 21:00:00,0.4933333333333333,25.25,0.0,0.0,52.92246090867067,0.0,0.0,15949.143333332102,0.0,1653.5599999990898,12456.66666665825,0.0,0.0,0.0,12456.66666665825,493.3333333333333,0.0,0.0,0.0
2023-06-03 22:00:00,0.5491666666666667,23.75,0.0,0.0,53.28634888818157,0.0,0.0,15949.143333332102,0.0,1653.5599999990898,13042.708333341248,0.0,0.0,0.0,13042.708333341248,549.1666666666667,0.0,0.0,0.0
2023-06-03 23:00:00,1.825,23.25,0.0,0.0,52.34453763789661,0.0,0.0,15949.143333332102,0.0,1653.5599999990898,42431.25,0.0,0.0,0.0,42431.25,1825.0,0.0,0.0,0.0
2023-06-04 00:00:00,0.0876666666666666,23.5,0.0,0.0,51.60999162197359,0.0,0.0,15949.143333332102,0.0,1653.5599999990898,2060.16666666745,0.0,0.0,0.0,2060.16666666745,87.6666666666666,0.0,0.0,0.0
2023-06-04 01:00:00,0.0606666666666666,24.5,0.0,0.0,52.3341484386069,0.0,0.0,15949.143333332102,0.0,1653.5599999990898,1486.33333333415,0.0,0.0,0.0,1486.33333333415,60.6666666666666,0.0,0.0,0.0
2023-06-04 02:00:00,0.0658333333333333,25.5,0.0,0.0,53.44300751045488,0.0,0.0,15949.143333332102,0.0,1653.5599999990898,1678.74999999915,0.0,0.0,0.0,1678.74999999915,65.8333333333333,0.0,0.0,0.0
2023-06-04 03:00:00,0.0588333333333333,22.5,0.0,0.0,51.28163954723241,0.0,0.0,15949.143333332102,0.0,1653.5599999990898,1323.74999999925,0.0,0.0,0.0,1323.74999999925,58.8333333333333,0.0,0.0,0.0
2023-06-04 04:00:00,0.0643333333333333,21.5,0.0,4.399182095212039e-07,49.606181998619824,0.0,0.0,15949.143333332102,0.0,1653.5599999990898,1383.16666666595,0.0,0.0,0.0,1383.16666666595,64.3333333333333,0.0,0.0,0.0
2023-06-04 05:00:00,0.0586666666666666,20.0,0.0,0.01275539567682,49.47061936871042,0.0,0.0,15949.143333332102,0.0,1653.5599999990898,1173.3333333340124,0.0,0.0,0.0,1173.3333333340124,58.6666666666666,0.0,0.0,0.0
2023-06-04 06:00:00,0.0595,19.0,0.0,0.0855730626750081,47.29809831841689,0.0179342735183035,0.0,15949.143333332102,0.0,1653.5599999990898,1130.5,0.0,0.0,0.0,1130.5,59.5,0.0,0.0,0.0
2023-06-04 07:00:00,0.0635,19.0,0.0,0.2459155091093927,48.10933102011119,0.0683860684256268,0.0,15949.143333332102,0.0,1653.5599999990898,1206.5,0.0,0.0,0.0,1206.5,63.5,0.0,0.0,0.0
2023-06-04 08:00:00,0.0583333333333333,19.0,0.0,0.4268728426304608,48.20555545066091,0.2393288889501848,0.0,15949.143333332102,0.0,1653.5599999990898,1108.3333333326882,0.0,0.0,0.0,1108.3333333326882,58.3333333333333,0.0,0.0,0.0
2023-06-04 09:00:00,0.0631666666666666,16.5,0.0,0.5890034007571652,46.54488138044421,0.2878007689908019,0.0,15949.143333332102,0.0,1653.5599999990898,1042.2500000005602,0.0,0.0,0.0,1042.2500000005602,63.16666666666659,0.0,0.0,0.0
2023-06-04 10:00:00,0.0874999999999999,16.25,0.0,0.7140730821909606,48.83406260104145,0.4055723108796992,0.0,15949.143333332102,0.0,1653.5599999990898,1421.875,0.0,0.0,0.0,1421.875,87.4999999999999,0.0,0.0,0.0
2023-06-04 11:00:00,3.563,16.0,0.0,0.793853232425583,49.00458260043656,0.5696764954134951,0.0,15949.143333332102,0.0,1653.5599999990898,57008.0,0.0,0.0,0.0,57008.0,3563.0,0.0,0.0,0.0
2023-06-04 12:00:00,7.184833333333334,16.0,0.0,0.825091301722003,49.09042091881332,0.7072030783107142,0.0,15949.143333332102,0.0,1653.5599999990898,114957.33333327994,0.0,0.0,0.0,114957.33333327994,7184.833333333334,0.0,0.0,0.0
2023-06-04 13:00:00,8.1775,16.0,0.0,0.8068976613340558,50.7558024435148,0.7346364939110914,0.0,15949.143333332102,0.0,1653.5599999990898,130840.0,0.0,0.0,0.0,130840.0,8177.5,0.0,0.0,0.0
2023-06-04 14:00:00,11.520833333333334,17.0,0.0,0.7397754717589512,51.97824179400166,0.748727264404297,0.0,15949.143333332102,0.0,1653.5599999990898,195854.1666661001,0.0,0.0,0.0,195854.1666661001,11520.833333333334,0.0,0.0,0.0
2023-06-04 15:00:00,0.0643333333333333,17.0,0.0,0.6261839415689104,52.271944566236144,0.6319994018424269,0.0,15949.143333332102,0.0,1653.5599999990898,1093.6666666660894,0.0,0.0,0.0,1093.6666666660894,64.3333333333333,0.0,0.0,0.0
2023-06-04 16:00:00,0.0686666666666666,16.0,0.0,0.4726846902929494,51.13002187122394,0.5874002587082042,0.0,15949.143333332102,0.0,1653.5599999990898,1098.66666666721,0.0,0.0,0.0,1098.66666666721,68.6666666666666,0.0,0.0,0.0
2023-06-04 17:00:00,0.0628333333333333,15.75,0.0,0.2941586716578581,51.61572479783251,0.2846501704158946,0.0,15949.143333332102,0.0,1653.5599999990898,989.6249999994652,0.0,0.0,0.0,989.6249999994652,62.8333333333333,0.0,0.0,0.0
2023-06-04 18:00:00,0.0625,21.25,0.0,0.1222484363696186,52.389853655538346,0.1468832480601775,0.0,15949.143333332102,0.0,1653.5599999990898,1328.125,0.0,0.0,0.0,1328.125,62.5,0.0,0.0,0.0
2023-06-04 19:00:00,0.0648333333333333,27.25,0.0,0.0239890988145129,50.067413959224325,0.0090651282782738,0.0,15949.143333332102,0.0,1653.5599999990898,1766.708333332408,0.0,0.0,0.0,1766.708333332408,64.8333333333333,0.0,0.0,0.0
2023-06-04 20:00:00,0.0584999999999999,30.0,0.0,0.0002033590818555,48.520748798986986,0.0003052136736611,0.0,15949.143333332102,0.0,1653.5599999990898,1755.000000008735,0.0,0.0,0.0,1755.000000008735,58.4999999999999,0.0,0.0,0.0
2023-06-04 21:00:00,0.3391666666666666,31.0,0.0,0.0,50.0096784893003,0.0,0.0,15949.143333332102,0.0,1653.5599999990898,10514.166666677,0.0,0.0,0.0,10514.166666677,339.16666666666663,0.0,0.0,0.0
2023-06-04 22:00:00,0.0741666666666666,30.5,0.0,0.0,50.141979186741295,0.0,0.0,15949.143333332102,0.0,1653.5599999990898,2262.08333333435,0.0,0.0,0.0,2262.08333333435,74.1666666666666,0.0,0.0,0.0
2023-06-04 23:00:00,0.0636666666666666,30.5,0.0,0.0,48.83004283220393,0.0,0.0,15949.143333332102,0.0,1653.5599999990898,1941.83333333435,0.0,0.0,0.0,1941.83333333435,63.66666666666659,0.0,0.0,0.0
2023-06-05 00:00:00,0.0626666666666666,31.25,0.0,0.0,50.64016259794887,0.0,0.0,15949.143333332102,0.0,1653.5599999990898,1958.333333334375,0.0,0.0,0.0,1958.333333334375,62.66666666666661,0.0,0.0,0.0
2023-06-05 01:00:00,0.0611666666666666,30.75,0.0,0.0,51.55463076004897,0.0,0.0,15949.143333332102,0.0,1653.5599999990898,1880.875000001025,0.0,0.0,0.0,1880.875000001025,61.1666666666666,0.0,0.0,0.0
2023-06-05 02:00:00,0.0651666666666666,30.0,0.0,0.0,51.30950160473336,0.0,0.0,15949.143333332102,0.0,1653.5599999990898,1955.000000001,0.0,0.0,0.0,1955.000000001,65.1666666666666,0.0,0.0,0.0
2023-06-05 03:00:00,0.0598333333333333,31.5,0.0,0.0,49.24240203329362,0.0,0.0,15949.143333332102,0.0,1653.5599999990898,1884.74999999895,0.0,0.0,0.0,1884.74999999895,59.8333333333333,0.0,0.0,0.0
2023-06-05 04:00:00,0.0656666666666666,29.75,0.0,6.647623246120527e-07,49.84472987837747,0.0,0.0,15949.143333332102,0.0,1653.5599999990898,1953.5833333343248,0.0,0.0,0.0,1953.5833333343248,65.6666666666666,0.0,0.0,0.0
2023-06-05 05:00:00,0.0593333333333333,29.75,0.0,0.0129743134036803,51.19741273322381,0.0,0.0,15949.143333332102,0.0,1653.5599999990898,1765.1666666656565,0.0,0.0,0.0,1765.1666666656565,59.3333333333333,0.0,0.0,0.0
2023-06-05 06:00:00,0.0594999999999999,33.0,0.0,0.0858103157716066,50.34711356353744,0.013317777715687,0.0,15949.143333332102,0.0,1653.5599999990898,1963.5,0.0,0.0,0.0,1963.5,59.4999999999999,0.0,0.0,0.0
2023-06-05 07:00:00,0.0624999999999999,37.5,0.0,0.246092332683417,51.48213938815306,0.0592688886935894,0.0,15949.143333332102,0.0,1653.5599999990898,2343.75,0.0,0.0,0.0,2343.75,62.4999999999999,0.0,0.0,0.0
2023-06-05 08:00:00,0.0561666666666666,37.75,0.0,0.4269200927856286,49.89929572060127,0.2266036737882174,0.0,15949.143333332102,0.0,1653.5599999990898,2120.2916666679484,0.0,0.0,0.0,2120.2916666679484,56.1666666666666,0.0,0.0,0.0
2023-06-05 09:00:00,0.0623333333333333,35.25,0.0,0.5889600922835347,49.18033013920656,0.4414424778864934,0.0,15949.143333332102,0.0,1653.5599999990898,2197.249999998803,0.0,0.0,0.0,2197.249999998803,62.3333333333333,0.0,0.0,0.0
2023-06-05 10:00:00,0.0574999999999999,31.0,0.0,0.714006374191189,48.829569111152914,0.5575218774518397,0.0,15949.143333332102,0.0,1653.5599999990898,1782.5,0.0,0.0,0.0,1782.5,57.4999999999999,0.0,0.0,0.0
2023-06-05 11:00:00,0.1151666666666666,31.0,0.0,0.7938303311680968,50.17620844699648,0.6418061535175031,0.0,15949.143333332102,0.0,1653.5599999990898,3570.1666666771926,0.0,0.0,0.0,3570.1666666771926,115.1666666666666,0.0,0.0,0.0
2023-06-05 12:00:00,0.0598333333333333,28.5,0.0,0.8251737593673174,49.25966292576615,0.7135244437975765,0.0,15949.143333332102,0.0,1653.5599999990898,1705.2499999990323,0.0,0.0,0.0,1705.2499999990323,59.8333333333333,0.0,0.0,0.0
2023-06-05 13:00:00,0.0591666666666666,26.25,0.0,0.8071423365649912,47.98016710119409,0.6260179438142696,0.0,15949.143333332102,0.0,1653.5599999990898,1553.1250000008913,0.0,0.0,0.0,1553.1250000008913,59.16666666666659,0.0,0.0,0.0
2023-06-05 14:00:00,0.0658333333333333,27.5,0.0,0.7402346968642362,48.23495752484582,0.6964668355436409,0.0,15949.143333332102,0.0,1653.5599999990898,1810.416666665733,0.0,0.0,0.0,1810.416666665733,65.8333333333333,0.0,0.0,0.0
2023-06-05 15:00:00,0.06,29.0,0.0,0.6268992304839524,49.88308598205909,0.6897392351199422,0.0,15949.143333332102,0.0,1653.5599999990898,1740.0,0.0,0.0,0.0,1740.0,60.0,0.0,0.0,0.0
2023-06-05 16:00:00,2.6121666666666665,32.25,0.0,0.473666621366531,47.80202580919779,0.6350717117439989,0.0,15949.143333332102,0.0,1653.5599999990898,84242.37500010763,0.0,0.0,0.0,84242.37500010763,2612.1666666666665,0.0,0.0,0.0
2023-06-05 17:00:00,2.77,32.25,0.0,0.2953353915431434,47.49893462823523,0.5048735890836797,0.0,15949.143333332102,0.0,1653.5599999990898,89332.5,0.0,0.0,0.0,89332.5,2770.0,0.0,0.0,0.0
2023-06-05 18:00:00,2.769666666666667,30.25,0.0,0.1233313415550654,46.96731664142695,0.3446782928858048,0.0,15949.143333332102,0.0,1653.5599999990898,83782.41666676762,0.0,0.0,0.0,83782.41666676762,2769.666666666667,0.0,0.0,0.0
2023-06-05 19:00:00,4.9015,30.25,0.0,0.0245363739906502,45.25651066921207,0.1686876062246469,0.0,15949.143333332102,0.0,1653.5599999990898,148270.37500106273,0.0,0.0,0.0,148270.37500106273,4901.5,0.0,0.0,0.0
2023-06-05 20:00:00,10.724833333333336,31.25,0.0,0.0002354052476251,45.82152622007303,0.0391585469449687,0.0,15949.143333332102,0.0,1653.5599999990898,335151.04166563536,0.0,0.0,0.0,335151.04166563536,10724.833333333336,0.0,0.0,0.0
2023-06-05 21:00:00,10.725166666666668,32.25,0.0,0.0,44.725205167651495,0.0020522222197495,0.0,15949.143333332102,0.0,1653.5599999990898,345886.62500107504,0.0,0.0,0.0,345886.62500107504,10725.166666666668,0.0,0.0,0.0
2023-06-05 22:00:00,10.714999999999998,32.0,0.0,0.0,43.69459218220474,0.0,0.0,15949.143333332102,0.0,1653.5599999990898,342880.0,0.0,0.0,0.0,342880.0,10714.999999999998,0.0,0.0,0.0
2023-06-05 23:00:00,3.547833333333333,32.0,0.0,0.0,43.84503074734075,0.0,0.0,15949.143333332102,0.0,1653.5599999990898,113530.66666656,0.0,0.0,0.0,113530.66666656,3547.833333333333,0.0,0.0,0.0
2023-06-06 00:00:00,1.7403333333333333,32.0,0.0,0.0,43.01736620613977,0.0,0.0,15949.143333332102,0.0,1653.5599999990898,55690.66666656,0.0,0.0,0.0,55690.66666656,1740.3333333333333,0.0,0.0,0.0
2023-06-06 01:00:00,6.288166666666666,34.25,0.0,0.0,42.52682806092271,0.0,0.0,15949.143333332102,0.0,1653.5599999990898,215369.70833344752,0.0,0.0,0.0,215369.70833344752,6288.166666666666,0.0,0.0,0.0
2023-06-06 02:00:00,0.0625,30.75,0.0,0.0,44.56561833482857,0.0,0.0,15949.143333332102,0.0,1653.5599999990898,1921.875,0.0,0.0,0.0,1921.875,62.5,0.0,0.0,0.0
2023-06-06 03:00:00,0.0658333333333333,28.5,0.0,0.0,46.710317291025646,0.0,0.0,15949.143333332102,0.0,1653.5599999990898,1876.24999999905,0.0,0.0,0.0,1876.24999999905,65.8333333333333,0.0,0.0,0.0
2023-06-06 04:00:00,0.0606666666666666,28.0,0.0,9.1626994229758e-07,45.08357696390393,0.0,0.0,15949.143333332102,0.0,1653.5599999990898,1698.6666666676,0.0,0.0,0.0,1698.6666666676,60.6666666666666,0.0,0.0,0.0
2023-06-06 05:00:00,0.0651666666666666,28.25,0.0,0.0131738922009626,45.186063345411,0.0001040170933955,0.0,15949.143333332102,0.0,1653.5599999990898,1840.9583333342925,0.0,0.0,0.0,1840.9583333342925,65.1666666666666,0.0,0.0,0.0
2023-06-06 06:00:00,0.0593333333333333,33.25,0.0,0.0860008793779791,44.652933249800505,0.0201913675640383,0.0,15949.143333332102,0.0,1653.5599999990898,1972.8333333322043,0.0,0.0,0.0,1972.8333333322043,59.3333333333333,0.0,0.0,0.0
2023-06-06 07:00:00,0.0579999999999999,34.25,0.0,0.2462149282181258,45.80540850924118,0.1065133340134579,0.0,15949.143333332102,0.0,1653.5599999990898,1986.5,0.0,0.0,0.0,1986.5,57.9999999999999,0.0,0.0,0.0
2023-06-06 08:00:00,0.0625,34.5,0.0,0.4269233939058582,47.713504444093566,0.2776617086035574,0.0,15949.143333332102,0.0,1653.5599999990898,2156.25,0.0,0.0,0.0,2156.25,62.5,0.0,0.0,0.0
2023-06-06 09:00:00,0.0574999999999999,34.5,0.0,0.5888860961980741,46.79773265372256,0.433438971103766,0.0,15949.143333332102,0.0,1653.5599999990898,1983.75,0.0,0.0,0.0,1983.75,57.4999999999999,0.0,0.0,0.0
2023-06-06 10:00:00,0.0624999999999999,35.25,0.0,0.7139208620046249,48.78477633364533,0.5421282887255024,0.0,15949.143333332102,0.0,1653.5599999990898,2203.125,0.0,0.0,0.0,2203.125,62.4999999999999,0.0,0.0,0.0
2023-06-06 11:00:00,0.0573333333333333,34.25,0.0,0.7937978316413276,48.66610387986124,0.6408972663553355,0.0,15949.143333332102,0.0,1653.5599999990898,1963.6666666655037,0.0,0.0,0.0,1963.6666666655037,57.3333333333333,0.0,0.0,0.0
2023-06-06 12:00:00,0.0571666666666666,32.25,0.0,0.8252528238301982,47.38176810420405,0.7019739265115851,0.0,15949.143333332102,0.0,1653.5599999990898,1843.625000001095,0.0,0.0,0.0,1843.625000001095,57.1666666666666,0.0,0.0,0.0
2023-06-06 13:00:00,0.0623333333333333,30.25,0.0,0.8073867262592831,47.264207913223565,0.7431901758960177,0.0,15949.143333332102,0.0,1653.5599999990898,1885.5833333323062,0.0,0.0,0.0,1885.5833333323062,62.3333333333333,0.0,0.0,0.0
2023-06-06 14:00:00,0.0568333333333333,31.25,0.0,0.7406934834284007,48.267724350774856,0.6858396637745396,0.0,15949.143333332102,0.0,1653.5599999990898,1776.0416666656056,0.0,0.0,0.0,1776.0416666656056,56.8333333333333,0.0,0.0,0.0
2023-06-06 15:00:00,0.0598333333333333,31.75,0.0,0.6276104331304265,50.19656386574625,0.6656884648249705,0.0,15949.143333332102,0.0,1653.5599999990898,1899.7083333322553,0.0,0.0,0.0,1899.7083333322553,59.8333333333333,0.0,0.0,0.0
2023-06-06 16:00:00,0.0605,33.0,0.0,0.4746373993101984,51.54372174662321,0.5897506003094536,0.0,15949.143333332102,0.0,1653.5599999990898,1996.5,0.0,0.0,0.0,1996.5,60.5,0.0,0.0,0.0
2023-06-06 17:00:00,0.0573333333333333,34.0,0.0,0.2964921760830187,50.63413321499964,0.4163988028632271,0.0,15949.143333332102,0.0,1653.5599999990898,1949.3333333321789,0.0,0.0,0.0,1949.3333333321789,57.3333333333333,0.0,0.0,0.0
2023-06-06 18:00:00,0.0623333333333333,34.5,0.0,0.1243914739412072,49.92335086834375,0.2149685476580236,0.0,15949.143333332102,0.0,1653.5599999990898,2150.4999999988286,0.0,0.0,0.0,2150.4999999988286,62.3333333333333,0.0,0.0,0.0
2023-06-06 19:00:00,0.0565,36.0,0.0,0.0250672188668875,48.43549151214928,0.1364302564278627,0.0,15949.143333332102,0.0,1653.5599999990898,2034.0,0.0,0.0,0.0,2034.0,56.5,0.0,0.0,0.0
2023-06-06 20:00:00,0.0605,36.0,0.0,0.0002696041382202,48.80401680776519,0.0527281192021492,0.0,15949.143333332102,0.0,1653.5599999990898,2178.000000013897,0.0,0.0,0.0,2178.000000013897,60.5,0.0,0.0,0.0
2023-06-06 21:00:00,0.0586666666666666,36.0,0.0,0.0,47.07807083579464,0.0037800854956333,0.0,15949.143333332102,0.0,1653.5599999990898,2112.0000000012,0.0,0.0,0.0,2112.0000000012,58.6666666666666,0.0,0.0,0.0
2023-06-06 22:00:00,0.0565,35.75,0.0,0.0,48.09344227657421,0.0,0.0,15949.143333332102,0.0,1653.5599999990898,2019.875,0.0,0.0,0.0,2019.875,56.5,0.0,0.0,0.0
2023-06-06 23:00:00,0.0626666666666666,36.25,0.0,0.0,46.5486196856827,0.0,0.0,15949.143333332102,0.0,1653.5599999990898,2271.6666666678752,0.0,0.0,0.0,2271.6666666678752,62.66666666666661,0.0,0.0,0.0
2023-06-07 00:00:00,0.0578333333333333,34.75,0.0,0.0,44.99727379393325,0.0,0.0,15949.143333332102,0.0,1653.5599999990898,2009.7083333321748,0.0,0.0,0.0,2009.7083333321748,57.8333333333333,0.0,0.0,0.0
2023-06-07 01:00:00,0.059,33.25,0.0,0.0,45.65157023484496,0.0,0.0,15949.143333332102,0.0,1653.5599999990898,1961.75,0.0,0.0,0.0,1961.75,59.0,0.0,0.0,0.0
2023-06-07 02:00:00,0.0655,35.5,0.0,0.0,45.24897134624009,0.0,0.0,15949.143333332102,0.0,1653.5599999990898,2325.25,0.0,0.0,0.0,2325.25,65.5,0.0,0.0,0.0
2023-06-07 03:00:00,0.059,38.75,0.0,0.0,46.347751357981885,0.0,0.0,15949.143333332102,0.0,1653.5599999990898,2286.25,0.0,0.0,0.0,2286.25,59.0,0.0,0.0,0.0
2023-06-07 04:00:00,0.0643333333333333,38.75,0.0,1.1869894962679185e-06,44.54376491269111,0.0,0.0,15949.143333332102,0.0,1653.5599999990898,2492.91666666544,0.0,0.0,0.0,2492.91666666544,64.3333333333333,0.0,0.0,0.0
2023-06-07 05:00:00,0.0584999999999999,38.5,0.0,0.0133536627665491,44.77804094609497,1.0769230942440855e-05,0.0,15949.143333332102,0.0,1653.5599999990898,2252.25,0.0,0.0,0.0,2252.25,58.4999999999999,0.0,0.0,0.0
2023-06-07 06:00:00,0.0583333333333333,38.25,0.0,0.0861452952102947,46.49305173384368,0.0225408546486471,0.0,15949.143333332102,0.0,1653.5599999990898,2231.2499999987012,0.0,0.0,0.0,2231.2499999987012,58.3333333333333,0.0,0.0,0.0
2023-06-07 07:00:00,0.0625,39.25,0.0,0.2462842410364683,47.47460649704404,0.1044882052168887,0.0,15949.143333332102,0.0,1653.5599999990898,2453.125,0.0,0.0,0.0,2453.125,62.5,0.0,0.0,0.0
2023-06-07 08:00:00,0.0486666666666666,38.5,0.0,0.4268838191837154,49.343565348058966,0.2697372654971913,0.0,15949.143333332102,0.0,1653.5599999990898,1873.666666667974,0.0,0.0,0.0,1873.666666667974,48.6666666666666,0.0,0.0,0.0
2023-06-07 09:00:00,0.0285,36.5,0.0,0.5887824804799678,47.57123977203835,0.4256899131057609,0.0,15949.143333332102,0.0,1653.5599999990898,1040.25,0.0,0.0,0.0,1040.25,28.5,0.0,0.0,0.0
2023-06-07 10:00:00,0.037,34.0,0.0,0.7138175331841868,48.865300219350175,0.570834870297685,0.0,15949.143333332102,0.0,1653.5599999990898,1258.0,0.0,0.0,0.0,1258.0,37.0,0.0,0.0,0.0
2023-06-07 11:00:00,0.1061666666666666,31.25,0.0,0.7937565905063039,47.993262800209294,0.6638778588710684,0.0,15949.143333332102,0.0,1653.5599999990898,3317.708333343944,0.0,0.0,0.0,3317.708333343944,106.1666666666666,0.0,0.0,0.0
2023-06-07 12:00:00,0.0986666666666666,30.0,0.0,0.8253291838466712,49.3912478765933,0.7261740151429791,0.0,15949.143333332102,0.0,1653.5599999990898,2960.0000000010186,0.0,0.0,0.0,2960.0000000010186,98.6666666666666,0.0,0.0,0.0
2023-06-07 13:00:00,0.0984999999999999,29.0,0.0,0.8076313219037831,50.614793434673096,0.6887861502883781,0.0,15949.143333332102,0.0,1653.5599999990898,2856.5,0.0,0.0,0.0,2856.5,98.49999999999989,0.0,0.0,0.0
2023-06-07 14:00:00,0.6076666666666667,28.5,0.0,0.7411521028231153,50.59103601904229,0.657310683095557,0.0,15949.143333332102,0.0,1653.5599999990898,17318.500000009677,0.0,0.0,0.0,17318.500000009677,607.6666666666667,0.0,0.0,0.0
2023-06-07 15:00:00,0.7805000000000001,27.0,0.0,0.6283175884566704,49.981882923729216,0.7098937623113649,0.0,15949.143333332102,0.0,1653.5599999990898,21073.5,0.0,0.0,0.0,21073.5,780.5000000000001,0.0,0.0,0.0
2023-06-07 16:00:00,2.5391666666666666,28.0,0.0,0.475596837213784,49.93161156584878,0.5957881210196734,0.0,15949.143333332102,0.0,1653.5599999990898,71096.66666676011,0.0,0.0,0.0,71096.66666676011,2539.1666666666665,0.0,0.0,0.0
2023-06-07 17:00:00,7.144166666666666,29.0,0.0,0.2976286379652433,51.87379311419982,0.3176245324224488,0.0,15949.143333332102,0.0,1653.5599999990898,207180.8333334301,0.0,0.0,0.0,207180.8333334301,7144.166666666666,0.0,0.0,0.0
2023-06-07 18:00:00,8.026166666666667,29.75,0.0,0.1254282260627022,50.10435961457454,0.0834211963262313,0.0,15949.143333332102,0.0,1653.5599999990898,238778.45833343262,0.0,0.0,0.0,238778.45833343262,8026.166666666667,0.0,0.0,0.0
2023-06-07 19:00:00,9.197166666666666,34.5,0.0,0.0255807767175553,50.3720325491574,0.1474426505096957,0.0,15949.143333332102,0.0,1653.5599999990898,317302.2500013786,0.0,0.0,0.0,317302.2500013786,9197.166666666666,0.0,0.0,0.0
2023-06-07 20:00:00,0.1393333333333333,35.0,0.0,0.0003057237283319,51.78146701892272,0.0446694016456604,0.0,15949.143333332102,0.0,1653.5599999990898,4876.666666670319,0.0,0.0,0.0,4876.666666670319,139.33333333333331,0.0,0.0,0.0
2023-06-07 21:00:00,0.421,35.75,0.0,0.0,50.735840693369866,0.0017685470124308,0.0,15949.143333332102,0.0,1653.5599999990898,15050.75,0.0,0.0,0.0,15050.75,421.0,0.0,0.0,0.0
2023-06-07 22:00:00,0.395,36.0,0.0,0.0,49.23838787023322,0.0,0.0,15949.143333332102,0.0,1653.5599999990898,14220.0,0.0,0.0,0.0,14220.0,395.0,0.0,0.0,0.0
2023-06-07 23:00:00,0.0613333333333333,35.75,0.0,0.0,47.6816387259392,0.0,0.0,15949.143333332102,0.0,1653.5599999990898,2192.666666665475,0.0,0.0,0.0,2192.666666665475,61.3333333333333,0.0,0.0,0.0
2023-06-08 00:00:00,0.0368333333333333,36.75,0.0,0.0,46.572855818401024,0.0,0.0,15949.143333332102,0.0,1653.5599999990898,1353.624999998775,0.0,0.0,0.0,1353.624999998775,36.8333333333333,0.0,0.0,0.0
2023-06-08 01:00:00,0.0363333333333333,38.0,0.0,0.0,46.26102314400943,0.0,0.0,15949.143333332102,0.0,1653.5599999990898,1380.6666666653998,0.0,0.0,0.0,1380.6666666653998,36.3333333333333,0.0,0.0,0.0
2023-06-08 02:00:00,0.0376666666666666,40.5,0.0,0.0,45.93006513645571,0.0,0.0,15949.143333332102,0.0,1653.5599999990898,1525.5000000013501,0.0,0.0,0.0,1525.5000000013501,37.6666666666666,0.0,0.0,0.0
2023-06-08 03:00:00,0.0371666666666666,39.25,0.0,0.0,44.91026111266401,0.0,0.0,15949.143333332102,0.0,1653.5599999990898,1458.791666667975,0.0,0.0,0.0,1458.791666667975,37.1666666666666,0.0,0.0,0.0
2023-06-08 04:00:00,0.037,36.0,0.0,1.4678972704556669e-06,46.47388133392327,0.0,0.0,15949.143333332102,0.0,1653.5599999990898,1332.0000000000757,0.0,0.0,0.0,1332.0000000000757,37.0,0.0,0.0,0.0
2023-06-08 05:00:00,0.0375,36.0,0.0,0.01351322024899,47.82121413197625,4.564102643575419e-05,0.0,15949.143333332102,0.0,1653.5599999990898,1350.0,0.0,0.0,0.0,1350.0,37.5,0.0,0.0,0.0
2023-06-08 06:00:00,0.0361666666666666,31.5,0.0,0.0862441305163222,46.61274686162307,0.0164954700072606,0.0,15949.143333332102,0.0,1653.5599999990898,1139.2500000010696,0.0,0.0,0.0,1139.2500000010696,36.1666666666666,0.0,0.0,0.0
2023-06-08 07:00:00,0.0346666666666666,30.75,0.0,0.2463012272835946,45.20616964064332,0.0953538456533709,0.0,15949.143333332102,0.0,1653.5599999990898,1066.000000001044,0.0,0.0,0.0,1066.000000001044,34.6666666666666,0.0,0.0,0.0
2023-06-08 08:00:00,0.0343333333333333,31.5,0.0,0.4268024440787384,46.38322996222383,0.2335531625992212,0.0,15949.143333332102,0.0,1653.5599999990898,1081.4999999989304,0.0,0.0,0.0,1081.4999999989304,34.3333333333333,0.0,0.0,0.0
2023-06-08 09:00:00,0.1965,30.5,0.0,0.5886503079196737,45.85886126546957,0.4284536795330863,0.0,15949.143333332102,0.0,1653.5599999990898,5993.25,0.0,0.0,0.0,5993.25,196.5,0.0,0.0,0.0
2023-06-08 10:00:00,0.223,22.25,0.0,0.713697361343279,45.75423649937346,0.5577489751832101,0.0,15949.143333332102,0.0,1653.5599999990898,4961.75,0.0,0.0,0.0,4961.75,223.0,0.0,0.0,0.0
2023-06-08 11:00:00,0.1328333333333333,17.5,0.0,0.7937074408242513,45.47709851471699,0.6684124788463625,0.0,15949.143333332102,0.0,1653.5599999990898,2324.5833333273913,0.0,0.0,0.0,2324.5833333273913,132.83333333333331,0.0,0.0,0.0
2023-06-08 12:00:00,0.1381666666666666,19.0,0.0,0.825403494582054,45.11602760202335,0.486118634215787,0.0,15949.143333332102,0.0,1653.5599999990898,2625.166666673118,0.0,0.0,0.0,2625.166666673118,138.1666666666666,0.0,0.0,0.0
2023-06-08 13:00:00,0.1335,20.75,0.0,0.807876571627507,46.58265543105121,0.6581741926405169,0.0,15949.143333332102,0.0,1653.5599999990898,2770.125,0.0,0.0,0.0,2770.125,133.5,0.0,0.0,0.0
2023-06-08 14:00:00,1.691,16.75,0.0,0.7416107739277761,47.71378496044727,0.6437319695236335,0.0,15949.143333332102,0.0,1653.5599999990898,28324.25,0.0,0.0,0.0,28324.25,1691.0,0.0,0.0,0.0
2023-06-08 15:00:00,9.276166666666668,17.25,0.0,0.6290206750085116,46.12417355175023,0.4129145266867092,0.0,15949.143333332102,0.0,1653.5599999990898,160013.87500005757,0.0,0.0,0.0,160013.87500005757,9276.166666666668,0.0,0.0,0.0
2023-06-08 16:00:00,9.031333333333334,18.25,0.0,0.4765446820631467,47.78403238499144,0.5378741024702027,0.0,15949.143333332102,0.0,1653.5599999990898,164821.83333327243,0.0,0.0,0.0,164821.83333327243,9031.333333333334,0.0,0.0,0.0
2023-06-08 17:00:00,7.609166666666667,23.75,0.0,0.2987443225815764,48.03067165654732,0.372801282181699,0.0,15949.143333332102,0.0,1653.5599999990898,180717.7083334126,0.0,0.0,0.0,180717.7083334126,7609.166666666667,0.0,0.0,0.0
2023-06-08 18:00:00,6.9415,30.0,0.0,0.1264409358943796,48.683338678965214,0.2417780339819753,0.0,15949.143333332102,0.0,1653.5599999990898,208245.0,0.0,0.0,0.0,208245.0,6941.5,0.0,0.0,0.0
2023-06-08 19:00:00,13.839333333333334,31.75,0.0,0.0260762329425173,50.304074322144174,0.1206471792041745,0.0,15949.143333332102,0.0,1653.5599999990898,439398.8333334602,0.0,0.0,0.0,439398.8333334602,13839.333333333334,0.0,0.0,0.0
2023-06-08 20:00:00,13.728666666666667,35.75,0.0,0.0003436109395617,50.28885335530719,0.0350395726342486,0.0,15949.143333332102,0.0,1653.5599999990898,490799.8333345424,0.0,0.0,0.0,490799.8333345424,13728.666666666668,0.0,0.0,0.0
2023-06-08 21:00:00,1.8706666666666667,38.5,0.0,0.0,52.015205612991885,0.0009629914693486,0.0,15949.143333332102,0.0,1653.5599999990898,72020.666666795,0.0,0.0,0.0,72020.666666795,1870.6666666666667,0.0,0.0,0.0
2023-06-08 22:00:00,0.2788333333333333,34.5,0.0,0.0,52.5202076398278,0.0,0.0,15949.143333332102,0.0,1653.5599999990898,9619.7499999885,0.0,0.0,0.0,9619.7499999885,278.8333333333333,0.0,0.0,0.0
2023-06-08 23:00:00,0.2394999999999999,35.25,0.0,0.0,52.48101758433417,0.0,0.0,15949.143333332102,0.0,1653.5599999990898,8442.375,0.0,0.0,0.0,8442.375,239.49999999999991,0.0,0.0,0.0
2023-06-09 00:00:00,0.2625,40.75,0.0,0.0,53.61708040779943,0.0,0.0,15949.143333332102,0.0,1653.5599999990898,10696.875,0.0,0.0,0.0,10696.875,262.5,0.0,0.0,0.0
2023-06-09 01:00:00,0.2575,34.0,0.0,0.0,53.19457957619143,0.0,0.0,15949.143333332102,0.0,1653.5599999990898,8755.0,0.0,0.0,0.0,8755.0,257.5,0.0,0.0,0.0
2023-06-09 02:00:00,0.2621666666666666,34.5,0.0,0.0,51.02222863968972,0.0,0.0,15949.143333332102,0.0,1653.5599999990898,9044.7500000115,0.0,0.0,0.0,9044.7500000115,262.16666666666663,0.0,0.0,0.0
2023-06-09 03:00:00,0.2565,35.0,0.0,0.0,48.94969579174396,0.0,0.0,15949.143333332102,0.0,1653.5599999990898,8977.5,0.0,0.0,0.0,8977.5,256.5,0.0,0.0,0.0
2023-06-09 04:00:00,0.2613333333333333,35.75,0.0,1.7488892559522429e-06,49.643579802488986,0.0,0.0,15949.143333332102,0.0,1653.5599999990898,9342.666666654837,0.0,0.0,0.0,9342.666666654837,261.3333333333333,0.0,0.0,0.0
2023-06-09 05:00:00,0.257,36.0,0.0,0.0136522287468217,50.169052674879936,0.0002145299111676,0.0,15949.143333332102,0.0,1653.5599999990898,9252.0,0.0,0.0,0.0,9252.0,257.0,0.0,0.0,0.0
2023-06-09 06:00:00,0.256,35.25,0.0,0.0862979912652864,50.566809658317474,0.0306364955504735,0.0,15949.143333332102,0.0,1653.5599999990898,9024.0,0.0,0.0,0.0,9024.0,256.0,0.0,0.0,0.0
2023-06-09 07:00:00,0.2588333333333333,34.25,0.0,0.2462668727556487,49.19568395859884,0.0679120516980815,0.0,15949.143333332102,0.0,1653.5599999990898,8865.041666655037,0.0,0.0,0.0,8865.041666655037,258.8333333333333,0.0,0.0,0.0
2023-06-09 08:00:00,0.2523333333333333,33.5,0.0,0.4266803638469864,50.62452218763349,0.0754634188790606,0.0,15949.143333332102,0.0,1653.5599999990898,8453.166666655292,0.0,0.0,0.0,8453.166666655292,252.3333333333333,0.0,0.0,0.0
2023-06-09 09:00:00,0.5896666666666667,33.5,0.0,0.5884906499992298,51.21112007901628,0.1177788031814444,0.0,15949.143333332102,0.0,1653.5599999990898,19753.833333344708,0.0,0.0,0.0,19753.833333344708,589.6666666666666,0.0,0.0,0.0
2023-06-09 10:00:00,1.2673333333333332,33.25,0.0,0.7135613156265294,51.737971158954544,0.1859442730439015,0.0,15949.143333332102,0.0,1653.5599999990898,42138.83333322237,0.0,0.0,0.0,42138.83333322237,1267.3333333333333,0.0,0.0,0.0
2023-06-09 11:00:00,1.6865,33.0,0.0,0.7936511971480166,51.53843557819498,0.1645145303775103,0.0,15949.143333332102,0.0,1653.5599999990898,55654.5,0.0,0.0,0.0,55654.5,1686.5,0.0,0.0,0.0
2023-06-09 12:00:00,0.3111666666666666,30.75,0.0,0.8254763786523475,52.04476136484351,0.1777617961524898,0.0,15949.143333332102,0.0,1653.5599999990898,9568.375000010441,0.0,0.0,0.0,9568.375000010441,311.1666666666666,0.0,0.0,0.0
2023-06-09 13:00:00,1.7028333333333334,27.75,0.0,0.8081228775880237,52.430074291082015,0.149851196484688,0.0,15949.143333332102,0.0,1653.5599999990898,47253.62499990739,0.0,0.0,0.0,47253.62499990739,1702.8333333333335,0.0,0.0,0.0
2023-06-09 14:00:00,1.4383333333333337,21.0,0.0,0.7420696574434026,51.57295991164732,0.130434016855354,0.0,15949.143333332102,0.0,1653.5599999990898,30204.999999929918,0.0,0.0,0.0,30204.999999929918,1438.3333333333337,0.0,0.0,0.0
2023-06-09 15:00:00,3.3375000000000004,20.75,0.0,0.6297196030117796,52.14224010666606,0.1484465814248109,0.0,15949.143333332102,0.0,1653.5599999990898,69253.125,0.0,0.0,0.0,69253.125,3337.5000000000005,0.0,0.0,0.0
2023-06-09 16:00:00,0.0616666666666666,22.25,0.0,0.4774806057085809,49.78803809759636,0.1448193160489074,0.0,15949.143333332102,0.0,1653.5599999990898,1372.0833333340888,0.0,0.0,0.0,1372.0833333340888,61.6666666666666,0.0,0.0,0.0
2023-06-09 17:00:00,0.0619999999999999,26.75,0.0,0.2998386995996854,50.82976697938075,0.1287355551760421,0.0,15949.143333332102,0.0,1653.5599999990898,1658.5,0.0,0.0,0.0,1658.5,61.9999999999999,0.0,0.0,0.0
2023-06-09 18:00:00,0.0604999999999999,32.0,0.0,0.1274288809940121,52.17857776530942,0.1203327347682072,0.0,15949.143333332102,0.0,1653.5599999990898,1936.0,0.0,0.0,0.0,1936.0,60.4999999999999,0.0,0.0,0.0
2023-06-09 19:00:00,0.0601666666666666,32.0,0.0,0.0265528123496888,53.55152420201762,0.0565000852356609,0.0,15949.143333332102,0.0,1653.5599999990898,1925.3333333344199,0.0,0.0,0.0,1925.3333333344199,60.1666666666666,0.0,0.0,0.0
2023-06-09 20:00:00,0.0603333333333333,32.25,0.0,0.000382951357957,50.88532840634336,0.0143425639827027,0.0,15949.143333332102,0.0,1653.5599999990898,1945.750000016608,0.0,0.0,0.0,1945.750000016608,60.3333333333333,0.0,0.0,0.0
2023-06-09 21:00:00,0.0614999999999999,30.5,0.0,0.0,50.04560931783648,8.803418813607642e-06,0.0,15949.143333332102,0.0,1653.5599999990898,1875.75,0.0,0.0,0.0,1875.75,61.4999999999999,0.0,0.0,0.0
2023-06-09 22:00:00,0.0609999999999999,30.5,0.0,0.0,50.41300049880861,0.0,0.0,15949.143333332102,0.0,1653.5599999990898,1860.5,0.0,0.0,0.0,1860.5,60.9999999999999,0.0,0.0,0.0
2023-06-09 23:00:00,2.146,31.75,0.0,0.0,50.643929876739065,0.0,0.0,15949.143333332102,0.0,1653.5599999990898,68135.5,0.0,0.0,0.0,68135.5,2146.0,0.0,0.0,0.0
2023-06-10 00:00:00,0.1738333333333332,30.75,0.0,0.0,48.66837531805957,0.0,0.0,15949.143333332102,0.0,1653.5599999990898,5345.37499998975,0.0,0.0,0.0,5345.37499998975,173.8333333333332,0.0,0.0,0.0
2023-06-10 01:00:00,0.0624999999999999,30.0,0.0,0.0,46.98383838071364,0.0,0.0,15949.143333332102,0.0,1653.5599999990898,1875.0,0.0,0.0,0.0,1875.0,62.4999999999999,0.0,0.0,0.0
2023-06-10 02:00:00,0.0624999999999999,20.0,0.0,0.0,47.38261816500715,0.0,0.0,15949.143333332102,0.0,1653.5599999990898,1250.0,0.0,0.0,0.0,1250.0,62.4999999999999,0.0,0.0,0.0
2023-06-10 03:00:00,0.0613333333333333,17.25,0.0,0.0,47.32500497473652,0.0,0.0,15949.143333332102,0.0,1653.5599999990898,1057.999999999425,0.0,0.0,0.0,1057.999999999425,61.3333333333333,0.0,0.0,0.0
2023-06-10 04:00:00,0.0614999999999999,17.5,0.0,2.019343804619774e-06,49.47407782805762,0.0,0.0,15949.143333332102,0.0,1653.5599999990898,1076.2500000000502,0.0,0.0,0.0,1076.2500000000502,61.4999999999999,0.0,0.0,0.0
2023-06-10 05:00:00,0.0613333333333332,18.0,0.0,0.0137704267415929,47.90814252025295,0.0,0.0,15949.143333332102,0.0,1653.5599999990898,1103.9999999993888,0.0,0.0,0.0,1103.9999999993888,61.3333333333332,0.0,0.0,0.0
2023-06-10 06:00:00,0.0605,18.0,0.0,0.0863118339951697,46.58131407647019,0.0186111965508033,0.0,15949.143333332102,0.0,1653.5599999990898,1089.0,0.0,0.0,0.0,1089.0,60.5,0.0,0.0,0.0
2023-06-10 07:00:00,0.0603333333333333,17.25,0.0,0.2461822133186546,48.67259016377308,0.053540085605067,0.0,15949.143333332102,0.0,1653.5599999990898,1040.7499999994143,0.0,0.0,0.0,1040.7499999994143,60.3333333333333,0.0,0.0,0.0
2023-06-10 08:00:00,0.0601666666666666,17.0,0.0,0.4265187121465527,47.38800744240436,0.1601899143773266,0.0,15949.143333332102,0.0,1653.5599999990898,1022.8333333339106,0.0,0.0,0.0,1022.8333333339106,60.1666666666666,0.0,0.0,0.0
2023-06-10 09:00:00,0.0606666666666666,16.25,0.0,0.5883046012914334,48.22846034198722,0.2777672655154497,0.0,15949.143333332102,0.0,1653.5599999990898,985.8333333338851,0.0,0.0,0.0,985.8333333338851,60.6666666666666,0.0,0.0,0.0
2023-06-10 10:00:00,1.2768333333333333,14.0,0.0,0.7134103704139676,50.114338772057735,0.5269906844440689,0.0,15949.143333332102,0.0,1653.5599999990898,17875.666666619945,0.0,0.0,0.0,17875.666666619945,1276.8333333333333,0.0,0.0,0.0
2023-06-10 11:00:00,7.543833333333333,13.0,0.0,0.7935886606407396,50.86987346030296,0.6242470941788111,0.0,15949.143333332102,0.0,1653.5599999990898,98069.83333328995,0.0,0.0,0.0,98069.83333328995,7543.833333333333,0.0,0.0,0.0
2023-06-10 12:00:00,3.3556666666666666,12.75,0.0,0.8255484271227954,49.0226162096877,0.7283461533244859,0.0,15949.143333332102,0.0,1653.5599999990898,42784.75000004255,0.0,0.0,0.0,42784.75000004255,3355.6666666666665,0.0,0.0,0.0
2023-06-10 13:00:00,4.022166666666666,13.0,0.0,0.8083705934343492,47.04242968806263,0.6273906016553569,0.0,15949.143333332102,0.0,1653.5599999990898,52288.16666671005,0.0,0.0,0.0,52288.16666671005,4022.166666666666,0.0,0.0,0.0
2023-06-10 14:00:00,7.3405,13.75,0.0,0.7425288504940526,48.26203934762204,0.5126362414237781,0.0,15949.143333332102,0.0,1653.5599999990898,100931.875,0.0,0.0,0.0,100931.875,7340.5,0.0,0.0,0.0
2023-06-10 15:00:00,6.746166666666666,14.0,0.0,0.6304142069283492,46.91943279860543,0.7278612766102849,0.0,15949.143333332102,0.0,1653.5599999990898,94446.33333338005,0.0,0.0,0.0,94446.33333338005,6746.166666666666,0.0,0.0,0.0
2023-06-10 16:00:00,1.5646666666666669,13.5,0.0,0.4784041965812513,45.66698262684123,0.6749220536712908,0.0,15949.143333332102,0.0,1653.5599999990898,21123.000000045053,0.0,0.0,0.0,21123.000000045053,1564.666666666667,0.0,0.0,0.0
2023-06-10 17:00:00,0.5518333333333333,13.25,0.0,0.3009111553803466,46.42372952828154,0.4983152125431943,0.0,15949.143333332102,0.0,1653.5599999990898,7311.791666662168,0.0,0.0,0.0,7311.791666662168,551.8333333333333,0.0,0.0,0.0
2023-06-10 18:00:00,1.5833333333333333,16.5,0.0,0.1283912734443757,45.66595249984697,0.1795982055990105,0.0,15949.143333332102,0.0,1653.5599999990898,26124.999999944936,0.0,0.0,0.0,26124.999999944936,1583.3333333333333,0.0,0.0,0.0
2023-06-10 19:00:00,1.1973333333333334,23.0,0.0,0.0270097765664105,47.26255856356844,0.0708764960623195,0.0,15949.143333332102,0.0,1653.5599999990898,27538.66666658991,0.0,0.0,0.0,27538.66666658991,1197.3333333333333,0.0,0.0,0.0
2023-06-10 20:00:00,6.200500000000001,24.25,0.0,0.0004233811364299,47.88565177096615,0.0477120513793749,0.0,15949.143333332102,0.0,1653.5599999990898,150362.1250000147,0.0,0.0,0.0,150362.1250000147,6200.500000000001,0.0,0.0,0.0
2023-06-10 21:00:00,0.4661666666666667,25.0,0.0,0.0,47.114938531039165,0.0036260683723112,0.0,15949.143333332102,0.0,1653.5599999990898,11654.166666675,0.0,0.0,0.0,11654.166666675,466.1666666666667,0.0,0.0,0.0
2023-06-10 22:00:00,0.7071666666666667,24.25,0.0,0.0,49.32026360972386,0.0,0.0,15949.143333332102,0.0,1653.5599999990898,17148.791666674748,0.0,0.0,0.0,17148.791666674748,707.1666666666667,0.0,0.0,0.0
2023-06-10 23:00:00,0.3721666666666666,24.0,0.0,0.0,50.104092825542445,0.0,0.0,15949.143333332102,0.0,1653.5599999990898,8932.000000008,0.0,0.0,0.0,8932.000000008,372.1666666666666,0.0,0.0,0.0
2023-06-11 00:00:00,0.0636666666666666,24.25,0.0,0.0,50.24901184119808,0.0,0.0,15949.143333332102,0.0,1653.5599999990898,1543.916666667475,0.0,0.0,0.0,1543.916666667475,63.66666666666659,0.0,0.0,0.0
2023-06-11 01:00:00,0.0638333333333332,17.5,0.0,0.0,51.07758527614973,0.0,0.0,15949.143333332102,0.0,1653.5599999990898,1117.08333333275,0.0,0.0,0.0,1117.08333333275,63.8333333333332,0.0,0.0,0.0
2023-06-11 02:00:00,0.0631666666666665,15.75,0.0,0.0,52.92749629041132,0.0,0.0,15949.143333332102,0.0,1653.5599999990898,994.875000000525,0.0,0.0,0.0,994.875000000525,63.166666666666494,0.0,0.0,0.0
2023-06-11 03:00:00,0.0621666666666666,13.25,0.0,0.0,50.755917962468246,0.0,0.0,15949.143333332102,0.0,1653.5599999990898,823.708333333775,0.0,0.0,0.0,823.708333333775,62.1666666666666,0.0,0.0,0.0
2023-06-11 04:00:00,0.0614999999999999,13.75,0.0,2.268712361899029e-06,50.587876976467165,0.0,0.0,15949.143333332102,0.0,1653.5599999990898,845.6250000000443,0.0,0.0,0.0,845.6250000000443,61.4999999999999,0.0,0.0,0.0
2023-06-11 05:00:00,0.0634999999999999,14.0,0.0,0.013867631671305,49.84498653094025,0.0002932478665796,0.0,15949.143333332102,0.0,1653.5599999990898,889.0,0.0,0.0,0.0,889.0,63.4999999999999,0.0,0.0,0.0
2023-06-11 06:00:00,0.0649999999999999,14.0,0.0,0.0862861759464725,48.25647032237634,0.0245688034734155,0.0,15949.143333332102,0.0,1653.5599999990898,910.0,0.0,0.0,0.0,910.0,64.9999999999999,0.0,0.0,0.0
2023-06-11 07:00:00,0.0614999999999999,13.75,0.0,0.2460483521654901,47.4373283399659,0.0942029057201157,0.0,15949.143333332102,0.0,1653.5599999990898,845.625,0.0,0.0,0.0,845.625,61.4999999999999,0.0,0.0,0.0
2023-06-11 08:00:00,0.0611666666666666,13.0,0.0,0.4263186765774089,46.37506100495412,0.1883528197524894,0.0,15949.143333332102,0.0,1653.5599999990898,795.1666666671081,0.0,0.0,0.0,795.1666666671081,61.1666666666666,0.0,0.0,0.0
2023-06-11 09:00:00,0.0618333333333332,13.0,0.0,0.5880932913552157,48.50589065603309,0.259012819273859,0.0,15949.143333332102,0.0,1653.5599999990898,803.8333333328919,0.0,0.0,0.0,803.8333333328919,61.8333333333332,0.0,0.0,0.0
2023-06-11 10:00:00,1.0423333333333331,13.0,0.0,0.7132455131636178,48.55315720264797,0.5666720541929589,0.0,15949.143333332102,0.0,1653.5599999990898,13550.33333328995,0.0,0.0,0.0,13550.33333328995,1042.333333333333,0.0,0.0,0.0
2023-06-11 11:00:00,3.5018333333333334,13.0,0.0,0.793520623114834,46.4591589631181,0.5759676061124883,0.0,15949.143333332102,0.0,1653.5599999990898,45523.83333328995,0.0,0.0,0.0,45523.83333328995,3501.8333333333335,0.0,0.0,0.0
2023-06-11 12:00:00,5.914000000000001,12.25,0.0,0.8256202001799106,48.19692981868257,0.6879176069732408,0.0,15949.143333332102,0.0,1653.5599999990898,72446.5,0.0,0.0,0.0,72446.5,5914.000000000001,0.0,0.0,0.0
2023-06-11 13:00:00,2.5196666666666667,12.5,0.0,0.808620022142363,46.08603407741199,0.7522129039275339,0.0,15949.143333332102,0.0,1653.5599999990898,31495.83333337505,0.0,0.0,0.0,31495.83333337505,2519.6666666666665,0.0,0.0,0.0
2023-06-11 14:00:00,0.1348333333333332,13.0,0.0,0.7429883822272889,44.91677997241649,0.7488228183322484,0.0,15949.143333332102,0.0,1653.5599999990898,1752.8333333289193,0.0,0.0,0.0,1752.8333333289193,134.8333333333332,0.0,0.0,0.0
2023-06-11 15:00:00,0.0636666666666666,13.5,0.0,0.6311042395337642,45.53130174507812,0.6822709414490272,0.0,15949.143333332102,0.0,1653.5599999990898,859.5000000004584,0.0,0.0,0.0,859.5000000004584,63.66666666666659,0.0,0.0,0.0
2023-06-11 16:00:00,0.0656666666666666,13.75,0.0,0.4793149531650702,46.85642620037021,0.5286966643374194,0.0,15949.143333332102,0.0,1653.5599999990898,902.9166666671335,0.0,0.0,0.0,902.9166666671335,65.6666666666666,0.0,0.0,0.0
2023-06-11 17:00:00,0.0636666666666666,12.75,0.0,0.3019609869979863,48.29279491349761,0.1201180336618016,0.0,15949.143333332102,0.0,1653.5599999990898,811.7500000004329,0.0,0.0,0.0,811.7500000004329,63.66666666666659,0.0,0.0,0.0
2023-06-11 18:00:00,0.0618333333333332,16.0,0.0,0.1293272556761668,46.53857506548405,0.0240576067948952,0.0,15949.143333332102,0.0,1653.5599999990898,989.3333333327901,0.0,0.0,0.0,989.3333333327901,61.8333333333332,0.0,0.0,0.0
2023-06-11 19:00:00,0.0633333333333332,24.25,0.0,0.027446421094297,45.76005538176804,0.0673989743452805,0.0,15949.143333332102,0.0,1653.5599999990898,1535.83333333251,0.0,0.0,0.0,1535.83333333251,63.3333333333332,0.0,0.0,0.0
2023-06-11 20:00:00,0.0614999999999999,28.25,0.0,0.0004645506786755,46.43854438430069,0.0908350426519019,0.0,15949.143333332102,0.0,1653.5599999990898,1737.3750000187908,0.0,0.0,0.0,1737.3750000187908,61.4999999999999,0.0,0.0,0.0
2023-06-11 21:00:00,0.0626666666666665,30.5,0.0,0.0,48.497988493174056,0.0032897435778226,0.0,15949.143333332102,0.0,1653.5599999990898,1911.33333333435,0.0,0.0,0.0,1911.33333333435,62.666666666666494,0.0,0.0,0.0
2023-06-11 22:00:00,0.0624999999999999,30.0,0.0,0.0,48.63481973650924,0.0,0.0,15949.143333332102,0.0,1653.5599999990898,1875.0,0.0,0.0,0.0,1875.0,62.4999999999999,0.0,0.0,0.0
2023-06-11 23:00:00,0.0621666666666666,29.75,0.0,0.0,49.72916925128839,0.0,0.0,15949.143333332102,0.0,1653.5599999990898,1849.458333334325,0.0,0.0,0.0,1849.458333334325,62.1666666666666,0.0,0.0,0.0
2023-06-12 00:00:00,0.0623333333333332,30.25,0.0,0.0,49.33087284835747,0.0,0.0,15949.143333332102,0.0,1653.5599999990898,1885.5833333323249,0.0,0.0,0.0,1885.5833333323249,62.3333333333332,0.0,0.0,0.0
2023-06-12 01:00:00,0.0638333333333332,28.25,0.0,0.0,48.76905989173919,0.0,0.0,15949.143333332102,0.0,1653.5599999990898,1803.291666665725,0.0,0.0,0.0,1803.291666665725,63.8333333333332,0.0,0.0,0.0
2023-06-12 02:00:00,0.0648333333333333,28.25,0.0,0.0,47.18815769045855,0.0,0.0,15949.143333332102,0.0,1653.5599999990898,1831.5416666657252,0.0,0.0,0.0,1831.5416666657252,64.8333333333333,0.0,0.0,0.0
2023-06-12 03:00:00,0.0639999999999999,28.75,0.0,0.0,49.21111835586972,0.0,0.0,15949.143333332102,0.0,1653.5599999990898,1840.0,0.0,0.0,0.0,1840.0,63.99999999999991,0.0,0.0,0.0
2023-06-12 04:00:00,0.0649999999999999,29.0,0.0,2.4870951041478275e-06,50.97394216038249,0.0,0.0,15949.143333332102,0.0,1653.5599999990898,1885.000000000103,0.0,0.0,0.0,1885.000000000103,64.9999999999999,0.0,0.0,0.0
2023-06-12 05:00:00,0.062,29.5,0.0,0.0139437422280313,51.78863742744264,0.0,0.0,15949.143333332102,0.0,1653.5599999990898,1829.0,0.0,0.0,0.0,1829.0,62.0,0.0,0.0,0.0
2023-06-12 06:00:00,0.0589999999999999,30.0,0.0,0.0862187930132954,49.5623296147695,0.0251124786439105,0.0,15949.143333332102,0.0,1653.5599999990898,1770.0,0.0,0.0,0.0,1770.0,58.9999999999999,0.0,0.0,0.0
2023-06-12 07:00:00,0.0586666666666666,29.0,0.0,0.2458664697629579,49.64067806938506,0.0901925639617137,0.0,15949.143333332102,0.0,1653.5599999990898,1701.333333334318,0.0,0.0,0.0,1701.333333334318,58.6666666666666,0.0,0.0,0.0
2023-06-12 08:00:00,0.0843333333333333,28.0,0.0,0.4260815075006576,48.30327275404455,0.1934565804962419,0.0,15949.143333332102,0.0,1653.5599999990898,2361.3333333323826,0.0,0.0,0.0,2361.3333333323826,84.3333333333333,0.0,0.0,0.0
2023-06-12 09:00:00,0.1608333333333333,27.25,0.0,0.5878578913158367,49.24601107883364,0.4719477739904681,0.0,15949.143333332102,0.0,1653.5599999990898,4382.708333324081,0.0,0.0,0.0,4382.708333324081,160.83333333333331,0.0,0.0,0.0
2023-06-12 10:00:00,0.1948333333333333,23.75,0.0,0.7130677485657292,49.74839990585276,0.5579951261862733,0.0,15949.143333332102,0.0,1653.5599999990898,4627.2916666586025,0.0,0.0,0.0,4627.2916666586025,194.83333333333331,0.0,0.0,0.0
2023-06-12 11:00:00,0.5496666666666666,20.5,0.0,0.7934478690317235,48.625488129546845,0.6417320492736296,0.0,15949.143333332102,0.0,1653.5599999990898,11268.166666673627,0.0,0.0,0.0,11268.166666673627,549.6666666666666,0.0,0.0,0.0
2023-06-12 12:00:00,1.2385,16.0,0.0,0.8256922273464559,48.26325142126357,0.6938670929476749,0.0,15949.143333332102,0.0,1653.5599999990898,19816.0,0.0,0.0,0.0,19816.0,1238.5,0.0,0.0,0.0
2023-06-12 13:00:00,1.6093333333333335,13.5,0.0,0.8088714148455275,47.08510898223976,0.7351947021484376,0.0,15949.143333332102,0.0,1653.5599999990898,21725.999999954947,0.0,0.0,0.0,21725.999999954947,1609.3333333333335,0.0,0.0,0.0
2023-06-12 14:00:00,0.508,14.25,0.0,0.7434482116601919,45.24948098923697,0.267612991333008,0.0,15949.143333332102,0.0,1653.5599999990898,7239.0,0.0,0.0,0.0,7239.0,508.0,0.0,0.0,0.0
2023-06-12 15:00:00,0.282,13.25,0.0,0.6317893692077049,43.77725232936142,0.2227578634278387,0.0,15949.143333332102,0.0,1653.5599999990898,3736.5,0.0,0.0,0.0,3736.5,282.0,0.0,0.0,0.0
2023-06-12 16:00:00,4.378,14.0,0.0,0.4802122811596554,46.13715060322648,0.2599511963281876,0.0,15949.143333332102,0.0,1653.5599999990898,61292.0,0.0,0.0,0.0,61292.0,4378.0,0.0,0.0,0.0
2023-06-12 17:00:00,6.932333333333333,19.0,0.0,0.302987399832605,47.49103327541183,0.2954232455522586,0.0,15949.143333332102,0.0,1653.5599999990898,131714.33333326993,0.0,0.0,0.0,131714.33333326993,6932.333333333333,0.0,0.0,0.0
2023-06-12 18:00:00,1.606333333333333,27.0,0.0,0.1302358988736703,46.48578181416535,0.1387719664614425,0.0,15949.143333332102,0.0,1653.5599999990898,43370.999999909895,0.0,0.0,0.0,43370.999999909895,1606.333333333333,0.0,0.0,0.0
2023-06-12 19:00:00,0.265,36.25,0.0,0.0278620724276534,48.27356598845122,0.0290256408748463,0.0,15949.143333332102,0.0,1653.5599999990898,9606.25,0.0,0.0,0.0,9606.25,265.0,0.0,0.0,0.0
2023-06-12 20:00:00,0.2598333333333333,37.75,0.0,0.0005060897300995,46.33758749401134,0.0030458119664038,0.0,15949.143333332102,0.0,1653.5599999990898,9808.708333348099,0.0,0.0,0.0,9808.708333348099,259.8333333333333,0.0,0.0,0.0
2023-06-12 21:00:00,1.4218333333333335,39.25,0.0,0.0,45.74412682889788,0.0,0.0,15949.143333332102,0.0,1653.5599999990898,55806.9583332025,0.0,0.0,0.0,55806.9583332025,1421.8333333333335,0.0,0.0,0.0
2023-06-12 22:00:00,14.9375,35.0,0.0,0.0,47.42713099469562,0.0,0.0,15949.143333332102,0.0,1653.5599999990898,522812.5,0.0,0.0,0.0,522812.5,14937.5,0.0,0.0,0.0
2023-06-12 23:00:00,9.871333333333334,37.0,0.0,0.0,48.45923609715066,0.0,0.0,15949.143333332102,0.0,1653.5599999990898,365239.33333321,0.0,0.0,0.0,365239.33333321,9871.333333333334,0.0,0.0,0.0
2023-06-13 00:00:00,5.8555,41.5,0.0,0.0,48.94230116755848,0.0,0.0,15949.143333332102,0.0,1653.5599999990898,243003.25,0.0,0.0,0.0,243003.25,5855.5,0.0,0.0,0.0
2023-06-13 01:00:00,0.5323333333333333,42.75,0.0,0.0,50.19987554495414,0.0,0.0,15949.143333332102,0.0,1653.5599999990898,22757.24999998575,0.0,0.0,0.0,22757.24999998575,532.3333333333334,0.0,0.0,0.0
2023-06-13 02:00:00,0.2676666666666666,42.25,0.0,0.0,48.77689807357726,0.0,0.0,15949.143333332102,0.0,1653.5599999990898,11308.91666668075,0.0,0.0,0.0,11308.91666668075,267.66666666666663,0.0,0.0,0.0
2023-06-13 03:00:00,0.2675,33.0,0.0,0.0,50.1041695093678,0.0,0.0,15949.143333332102,0.0,1653.5599999990898,8827.5,0.0,0.0,0.0,8827.5,267.5,0.0,0.0,0.0
2023-06-13 04:00:00,0.261,32.5,0.0,2.665763063902543e-06,50.75053910609758,0.0,0.0,15949.143333332102,0.0,1653.5599999990898,8482.500000000122,0.0,0.0,0.0,8482.500000000122,261.0,0.0,0.0,0.0
2023-06-13 05:00:00,0.2671666666666666,32.75,0.0,0.0139987378322043,50.238749923965706,0.0,0.0,15949.143333332102,0.0,1653.5599999990898,8749.708333344453,0.0,0.0,0.0,8749.708333344453,267.16666666666663,0.0,0.0,0.0
2023-06-13 06:00:00,0.2671666666666666,32.0,0.0,0.0861105275002546,50.05720127534468,0.010114444418468,0.0,15949.143333332102,0.0,1653.5599999990898,8549.333333344199,0.0,0.0,0.0,8549.333333344199,267.16666666666663,0.0,0.0,0.0
2023-06-13 07:00:00,0.2621666666666666,34.5,0.0,0.2456378244038951,47.88303959023324,0.0491870938610826,0.0,15949.143333332102,0.0,1653.5599999990898,9044.750000011714,0.0,0.0,0.0,9044.750000011714,262.16666666666663,0.0,0.0,0.0
2023-06-13 08:00:00,0.2645,35.75,0.0,0.425808518247795,46.11475610855405,0.2186984609946227,0.0,15949.143333332102,0.0,1653.5599999990898,9455.875,0.0,0.0,0.0,9455.875,264.5,0.0,0.0,0.0
2023-06-13 09:00:00,0.2661666666666666,34.5,0.0,0.5875996135840581,47.601975227364576,0.2379442736633822,0.0,15949.143333332102,0.0,1653.5599999990898,9182.750000011714,0.0,0.0,0.0,9182.750000011714,266.16666666666663,0.0,0.0,0.0
2023-06-13 10:00:00,0.3434999999999999,33.0,0.0,0.7128780980455766,48.68535503811599,0.1497769231877775,0.0,15949.143333332102,0.0,1653.5599999990898,11335.5,0.0,0.0,0.0,11335.5,343.49999999999994,0.0,0.0,0.0
2023-06-13 11:00:00,7.880166666666667,26.25,0.0,0.793371174987712,49.31868723793025,0.4743156387459519,0.0,15949.143333332102,0.0,1653.5599999990898,206854.3750000876,0.0,0.0,0.0,206854.3750000876,7880.166666666667,0.0,0.0,0.0
2023-06-13 12:00:00,2.6163333333333334,17.25,0.0,0.825765007244699,48.14886372911696,0.4502946165688017,0.0,15949.143333332102,0.0,1653.5599999990898,45131.74999994243,0.0,0.0,0.0,45131.74999994243,2616.3333333333335,0.0,0.0,0.0
2023-06-13 13:00:00,4.210833333333333,17.0,0.0,0.8091249711253813,50.15005166868691,0.5782996596637955,0.0,15949.143333332102,0.0,1653.5599999990898,71584.16666660993,0.0,0.0,0.0,71584.16666660993,4210.833333333333,0.0,0.0,0.0
2023-06-13 14:00:00,6.429833333333334,17.0,0.0,0.7439082286849117,50.6340140537752,0.6956960661798461,0.0,15949.143333332102,0.0,1653.5599999990898,109307.16666660993,0.0,0.0,0.0,109307.16666660993,6429.833333333334,0.0,0.0,0.0
2023-06-13 15:00:00,5.344666666666666,17.75,0.0,0.6324691817647333,50.68211234391524,0.3498971795628213,0.0,15949.143333332102,0.0,1653.5599999990898,94867.83333339257,0.0,0.0,0.0,94867.83333339257,5344.666666666666,0.0,0.0,0.0
2023-06-13 16:00:00,11.014833333333334,26.5,0.0,0.481095496089033,51.871964400237474,0.4017176919920834,0.0,15949.143333332102,0.0,1653.5599999990898,291893.0833324501,0.0,0.0,0.0,291893.0833324501,11014.833333333334,0.0,0.0,0.0
2023-06-13 17:00:00,2.5931666666666664,39.75,0.0,0.3039895105892733,53.35923238551739,0.1725169219318618,0.0,15949.143333332102,0.0,1653.5599999990898,103078.37500013266,0.0,0.0,0.0,103078.37500013266,2593.1666666666665,0.0,0.0,0.0
2023-06-13 18:00:00,0.0721666666666666,43.25,0.0,0.1311162055615241,52.20562396602593,0.022810085390368,0.0,15949.143333332102,0.0,1653.5599999990898,3121.208333334802,0.0,0.0,0.0,3121.208333334802,72.1666666666666,0.0,0.0,0.0
2023-06-13 19:00:00,0.0708333333333333,35.25,0.0,0.0282560859314864,50.61175866863616,0.009232222259554,0.0,15949.143333332102,0.0,1653.5599999990898,2496.874999998803,0.0,0.0,0.0,2496.874999998803,70.8333333333333,0.0,0.0,0.0
2023-06-13 20:00:00,1.3113333333333337,35.5,0.0,0.0005476124461796,50.08368707016759,0.0050799999924169,0.0,15949.143333332102,0.0,1653.5599999990898,46552.33333324282,0.0,0.0,0.0,46552.33333324282,1311.3333333333337,0.0,0.0,0.0
2023-06-13 21:00:00,1.896,36.0,0.0,0.0,52.0404181452926,1.40170940858686e-05,0.0,15949.143333332102,0.0,1653.5599999990898,68256.0,0.0,0.0,0.0,68256.0,1896.0,0.0,0.0,0.0
2023-06-13 22:00:00,3.8995,35.75,0.0,0.0,50.03040296468327,0.0,0.0,15949.143333332102,0.0,1653.5599999990898,139407.125,0.0,0.0,0.0,139407.125,3899.5,0.0,0.0,0.0
2023-06-13 23:00:00,0.3943333333333333,33.75,0.0,0.0,51.06844663414069,0.0,0.0,15949.143333332102,0.0,1653.5599999990898,13308.74999998875,0.0,0.0,0.0,13308.74999998875,394.3333333333333,0.0,0.0,0.0
2023-06-14 00:00:00,0.0738333333333333,34.5,0.0,0.0,51.28415113229309,0.0,0.0,15949.143333332102,0.0,1653.5599999990898,2547.24999999885,0.0,0.0,0.0,2547.24999999885,73.8333333333333,0.0,0.0,0.0
2023-06-14 01:00:00,0.0671666666666666,36.25,0.0,0.0,49.561112873665536,0.0,0.0,15949.143333332102,0.0,1653.5599999990898,2434.791666667875,0.0,0.0,0.0,2434.791666667875,67.1666666666666,0.0,0.0,0.0
2023-06-14 02:00:00,0.0676666666666666,39.75,0.0,0.0,49.65313392934921,0.0,0.0,15949.143333332102,0.0,1653.5599999990898,2689.7500000013247,0.0,0.0,0.0,2689.7500000013247,67.6666666666666,0.0,0.0,0.0
2023-06-14 03:00:00,0.0715,40.75,0.0,0.0,49.29203982870626,0.0,0.0,15949.143333332102,0.0,1653.5599999990898,2913.625,0.0,0.0,0.0,2913.625,71.5,0.0,0.0,0.0
2023-06-14 04:00:00,0.0673333333333333,38.0,0.0,2.797596712683958e-06,49.54652646994831,0.0,0.0,15949.143333332102,0.0,1653.5599999990898,2558.6666666655524,0.0,0.0,0.0,2558.6666666655524,67.3333333333333,0.0,0.0,0.0
2023-06-14 05:00:00,0.0699999999999999,36.5,0.0,0.0140326754826099,51.13372389639004,0.000164102565529,0.0,15949.143333332102,0.0,1653.5599999990898,2555.0,0.0,0.0,0.0,2555.0,69.9999999999999,0.0,0.0,0.0
2023-06-14 06:00:00,0.0689999999999999,34.5,0.0,0.0859622825745397,48.8618626904271,0.0172272650044188,0.0,15949.143333332102,0.0,1653.5599999990898,2380.5,0.0,0.0,0.0,2380.5,68.9999999999999,0.0,0.0,0.0
2023-06-14 07:00:00,0.0651666666666666,35.0,0.0,0.2453637439005224,49.37727626381688,0.034912222267216,0.0,15949.143333332102,0.0,1653.5599999990898,2280.8333333345217,0.0,0.0,0.0,2280.8333333345217,65.1666666666666,0.0,0.0,0.0
2023-06-14 08:00:00,0.0705,37.25,0.0,0.4255010771458449,50.90523079483389,0.1207046997037708,0.0,15949.143333332102,0.0,1653.5599999990898,2626.125,0.0,0.0,0.0,2626.125,70.5,0.0,0.0,0.0
2023-06-14 09:00:00,0.06,37.75,0.0,0.5873197050936351,50.38278623290025,0.2338687172914162,0.0,15949.143333332102,0.0,1653.5599999990898,2265.0,0.0,0.0,0.0,2265.0,60.0,0.0,0.0,0.0
2023-06-14 10:00:00,0.0453333333333333,35.75,0.0,0.7126775947331302,50.25848050746179,0.5877067520272021,0.0,15949.143333332102,0.0,1653.5599999990898,1620.6666666654528,0.0,0.0,0.0,1620.6666666654528,45.3333333333333,0.0,0.0,0.0
2023-06-14 11:00:00,0.0548333333333333,33.0,0.0,0.7932913067998771,48.35167244542446,0.6446558106251251,0.0,15949.143333332102,0.0,1653.5599999990898,1809.4999999988795,0.0,0.0,0.0,1809.4999999988795,54.8333333333333,0.0,0.0,0.0
2023-06-14 12:00:00,0.045,32.25,0.0,0.8258390069822804,50.05106289775815,0.6973690600272937,0.0,15949.143333332102,0.0,1653.5599999990898,1451.25,0.0,0.0,0.0,1451.25,45.0,0.0,0.0,0.0
2023-06-14 13:00:00,0.0476666666666666,32.5,0.0,0.8093808408003157,50.29364593317404,0.7544032489744007,0.0,15949.143333332102,0.0,1653.5599999990898,1549.1666666677702,0.0,0.0,0.0,1549.1666666677702,47.6666666666666,0.0,0.0,0.0
2023-06-14 14:00:00,0.0498333333333333,33.0,0.0,0.7443682582742115,48.36114962858112,0.7506051257532886,0.0,15949.143333332102,0.0,1653.5599999990898,1644.4999999988795,0.0,0.0,0.0,1644.4999999988795,49.8333333333333,0.0,0.0,0.0
2023-06-14 15:00:00,0.0436666666666666,32.75,0.0,0.6331431868857895,48.80729408603975,0.6906318821051182,0.0,15949.143333332102,0.0,1653.5599999990898,1430.0833333344453,0.0,0.0,0.0,1430.0833333344453,43.66666666666659,0.0,0.0,0.0
2023-06-14 16:00:00,7.328166666666667,33.25,0.0,0.4819638314606285,50.53832750067569,0.5563193202222517,0.0,15949.143333332102,0.0,1653.5599999990898,243661.54166677763,0.0,0.0,0.0,243661.54166677763,7328.166666666667,0.0,0.0,0.0
2023-06-14 17:00:00,12.725166666666668,34.0,0.0,0.304966356042156,49.76604316813198,0.4976940174591845,0.0,15949.143333332102,0.0,1653.5599999990898,432655.6666677998,0.0,0.0,0.0,432655.6666677998,12725.166666666668,0.0,0.0,0.0
2023-06-14 18:00:00,0.2298333333333333,35.25,0.0,0.1319671168244625,49.783338107751966,0.3367010243733724,0.0,15949.143333332102,0.0,1653.5599999990898,8101.624999988031,0.0,0.0,0.0,8101.624999988031,229.83333333333331,0.0,0.0,0.0
2023-06-14 19:00:00,1.059,36.75,0.0,0.0286278449074051,51.82484000999992,0.1669771793561104,0.0,15949.143333332102,0.0,1653.5599999990898,38918.25,0.0,0.0,0.0,38918.25,1059.0,0.0,0.0,0.0
2023-06-14 20:00:00,3.197,37.75,0.0,0.0005887226356257,53.64646871875126,0.0297789743211534,0.0,15949.143333332102,0.0,1653.5599999990898,120686.75000003183,0.0,0.0,0.0,120686.75000003183,3197.0,0.0,0.0,0.0
2023-06-14 21:00:00,6.826666666666667,38.5,0.0,0.0,54.49934613920819,0.0025190598203633,0.0,15949.143333332102,0.0,1653.5599999990898,262826.66666679503,0.0,0.0,0.0,262826.66666679503,6826.666666666667,0.0,0.0,0.0
2023-06-14 22:00:00,12.82,46.0,0.0,0.0,53.15076129505114,0.0,0.0,15949.143333332102,0.0,1653.5599999990898,589720.0,0.0,0.0,0.0,589720.0,12820.0,0.0,0.0,0.0
2023-06-14 23:00:00,3.671333333333333,41.75,0.0,0.0,51.94165861644412,0.0,0.0,15949.143333332102,0.0,1653.5599999990898,153278.1666665275,0.0,0.0,0.0,153278.1666665275,3671.333333333333,0.0,0.0,0.0
2023-06-15 00:00:00,0.0645,32.0,0.0,0.0,49.49225510704297,0.0,0.0,15949.143333332102,0.0,1653.5599999990898,2064.0,0.0,0.0,0.0,2064.0,64.5,0.0,0.0,0.0
2023-06-15 01:00:00,0.0668333333333333,35.25,0.0,0.0,49.99477579424381,0.0,0.0,15949.143333332102,0.0,1653.5599999990898,2355.874999998825,0.0,0.0,0.0,2355.874999998825,66.8333333333333,0.0,0.0,0.0
2023-06-15 02:00:00,0.0738333333333333,40.25,0.0,0.0,50.46782501485988,0.0,0.0,15949.143333332102,0.0,1653.5599999990898,2971.791666665325,0.0,0.0,0.0,2971.791666665325,73.8333333333333,0.0,0.0,0.0
2023-06-15 03:00:00,0.0664999999999999,41.0,0.0,0.0,50.62057315104368,0.0,0.0,15949.143333332102,0.0,1653.5599999990898,2726.5,0.0,0.0,0.0,2726.5,66.4999999999999,0.0,0.0,0.0
2023-06-15 04:00:00,0.0661666666666666,41.25,0.0,2.87742079511359e-06,50.821172034927045,0.0,0.0,15949.143333332102,0.0,1653.5599999990898,2729.375000001545,0.0,0.0,0.0,2729.375000001545,66.1666666666666,0.0,0.0,0.0
2023-06-15 05:00:00,0.0725,40.5,0.0,0.0140456846834529,48.78686767530531,0.0002621367535529,0.0,15949.143333332102,0.0,1653.5599999990898,2936.25,0.0,0.0,0.0,2936.25,72.5,0.0,0.0,0.0
2023-06-15 06:00:00,0.0663333333333333,40.5,0.0,0.0857750113188494,46.678033555086,0.0201637605978892,0.0,15949.143333332102,0.0,1653.5599999990898,2686.499999998625,0.0,0.0,0.0,2686.499999998625,66.3333333333333,0.0,0.0,0.0
2023-06-15 07:00:00,0.0636666666666666,38.25,0.0,0.2450456105685997,45.19161013395907,0.1112010259302253,0.0,15949.143333332102,0.0,1653.5599999990898,2435.2500000012988,0.0,0.0,0.0,2435.2500000012988,63.66666666666659,0.0,0.0,0.0
2023-06-15 08:00:00,0.1078333333333333,37.5,0.0,0.425160593278598,44.001030563411696,0.2894374374650483,0.0,15949.143333332102,0.0,1653.5599999990898,4043.749999987267,0.0,0.0,0.0,4043.749999987267,107.8333333333333,0.0,0.0,0.0
2023-06-15 09:00:00,2.1525,35.75,0.0,0.587019435588318,46.50167115377418,0.4218230780577048,0.0,15949.143333332102,0.0,1653.5599999990898,76951.875,0.0,0.0,0.0,76951.875,2152.5,0.0,0.0,0.0
2023-06-15 10:00:00,13.322666666666668,33.75,0.0,0.7124672750777674,45.57172592725539,0.5513568363026679,0.0,15949.143333332102,0.0,1653.5599999990898,449640.00000112486,0.0,0.0,0.0,449640.00000112486,13322.666666666668,0.0,0.0,0.0
2023-06-15 11:00:00,12.094,32.0,0.0,0.7932090148187768,48.07512589779451,0.6442919661041003,0.0,15949.143333332102,0.0,1653.5599999990898,387008.0,0.0,0.0,0.0,387008.0,12094.0,0.0,0.0,0.0
2023-06-15 12:00:00,11.505833333333332,31.75,0.0,0.8259146612881766,46.46911830922809,0.732081962650658,0.0,15949.143333332102,0.0,1653.5599999990898,365310.20833227516,0.0,0.0,0.0,365310.20833227516,11505.833333333332,0.0,0.0,0.0
2023-06-15 13:00:00,12.607833333333332,32.0,0.0,0.8096391268925283,47.15075421819285,0.5841321355053503,0.0,15949.143333332102,0.0,1653.5599999990898,403450.66666560015,0.0,0.0,0.0,403450.66666560015,12607.833333333332,0.0,0.0,0.0
2023-06-15 14:00:00,20.238333333333333,31.75,0.0,0.7448280671414361,47.2532639745936,0.6989910340920474,0.0,15949.143333332102,0.0,1653.5599999990898,642567.0833322752,0.0,0.0,0.0,642567.0833322752,20238.333333333332,0.0,0.0,0.0
2023-06-15 15:00:00,17.182333333333332,32.0,0.0,0.6338108280525224,47.925358500541655,0.7277587998219027,0.0,15949.143333332102,0.0,1653.5599999990898,549834.6666656001,0.0,0.0,0.0,549834.6666656001,17182.333333333332,0.0,0.0,0.0
2023-06-15 16:00:00,16.429333333333332,32.25,0.0,0.4828164511133652,49.35703478502784,0.6245911094469904,0.0,15949.143333332102,0.0,1653.5599999990898,529845.9999989251,0.0,0.0,0.0,529845.9999989251,16429.333333333332,0.0,0.0,0.0
2023-06-15 17:00:00,2.4051666666666667,33.5,0.0,0.305916906195337,49.452383186831575,0.4424018802805843,0.0,15949.143333332102,0.0,1653.5599999990898,80573.08333344513,0.0,0.0,0.0,80573.08333344513,2405.1666666666665,0.0,0.0,0.0
2023-06-15 18:00:00,1.147,34.0,0.0,0.1327875232292787,47.24122981734862,0.2583568380632971,0.0,15949.143333332102,0.0,1653.5599999990898,38998.0,0.0,0.0,0.0,38998.0,1147.0,0.0,0.0,0.0
2023-06-15 19:00:00,3.1605000000000003,35.0,0.0,0.0289767607412728,45.30283418648203,0.1532234182928363,0.0,15949.143333332102,0.0,1653.5599999990898,110617.5,0.0,0.0,0.0,110617.5,3160.5000000000005,0.0,0.0,0.0
2023-06-15 20:00:00,6.677333333333333,35.5,0.0,0.0006290191220047,44.589860634549375,0.0524776070138328,0.0,15949.143333332102,0.0,1653.5599999990898,237045.33333324696,0.0,0.0,0.0,237045.33333324696,6677.333333333333,0.0,0.0,0.0
2023-06-15 21:00:00,12.3975,35.75,0.0,0.0,44.02244537378225,0.0038499999867799,0.0,15949.143333332102,0.0,1653.5599999990898,443210.625,0.0,0.0,0.0,443210.625,12397.5,0.0,0.0,0.0
2023-06-15 22:00:00,5.201333333333333,36.75,0.0,0.0,45.27073433900147,0.0,0.0,15949.143333332102,0.0,1653.5599999990898,191148.9999998775,0.0,0.0,0.0,191148.9999998775,5201.333333333333,0.0,0.0,0.0
2023-06-15 23:00:00,0.2596666666666666,37.25,0.0,0.0,46.93433056702119,0.0,0.0,15949.143333332102,0.0,1653.5599999990898,9672.58333334575,0.0,0.0,0.0,9672.58333334575,259.66666666666663,0.0,0.0,0.0
2023-06-16 00:00:00,0.266,37.25,0.0,0.0,47.11808403241041,0.0,0.0,15949.143333332102,0.0,1653.5599999990898,9908.5,0.0,0.0,0.0,9908.5,266.0,0.0,0.0,0.0
2023-06-16 01:00:00,0.2648333333333333,35.0,0.0,0.0,46.82792743514735,0.0,0.0,15949.143333332102,0.0,1653.5599999990898,9269.166666654999,0.0,0.0,0.0,9269.166666654999,264.8333333333333,0.0,0.0,0.0
2023-06-16 02:00:00,0.265,39.25,0.0,0.0,48.97737198831308,0.0,0.0,15949.143333332102,0.0,1653.5599999990898,10401.25,0.0,0.0,0.0,10401.25,265.0,0.0,0.0,0.0
2023-06-16 03:00:00,0.2598333333333333,40.75,0.0,0.0,50.28763993053092,0.0,0.0,15949.143333332102,0.0,1653.5599999990898,10588.20833331975,0.0,0.0,0.0,10588.20833331975,259.8333333333333,0.0,0.0,0.0
2023-06-16 04:00:00,0.265,41.75,0.0,2.91355940024103e-06,48.6098975356184,0.0,0.0,15949.143333332102,0.0,1653.5599999990898,11063.750000000171,0.0,0.0,0.0,11063.750000000171,265.0,0.0,0.0,0.0
2023-06-16 05:00:00,0.2648333333333333,39.75,0.0,0.0140427407610385,50.49492617731468,0.0008370085531829,0.0,15949.143333332102,0.0,1653.5599999990898,10527.124999986503,0.0,0.0,0.0,10527.124999986503,264.8333333333333,0.0,0.0,0.0
2023-06-16 06:00:00,0.262,40.75,0.0,0.0855559150486417,51.15588201698681,0.0291270084870167,0.0,15949.143333332102,0.0,1653.5599999990898,10676.5,0.0,0.0,0.0,10676.5,262.0,0.0,0.0,0.0
2023-06-16 07:00:00,0.2588333333333333,39.25,0.0,0.2447360536293266,52.719303842831,0.1105490602998651,0.0,15949.143333332102,0.0,1653.5599999990898,10159.208333320006,0.0,0.0,0.0,10159.208333320006,258.8333333333333,0.0,0.0,0.0
2023-06-16 08:00:00,0.2625,38.75,0.0,0.4248706047174637,53.07054109192379,0.2663880340054504,0.0,15949.143333332102,0.0,1653.5599999990898,10171.875,0.0,0.0,0.0,10171.875,262.5,0.0,0.0,0.0
2023-06-16 09:00:00,12.982,36.25,0.0,0.5867985676181157,50.52855769172565,0.4118458954900758,0.0,15949.143333332102,0.0,1653.5599999990898,470597.5,0.0,0.0,0.0,470597.5,12982.0,0.0,0.0,0.0
2023-06-16 10:00:00,18.1525,31.0,0.0,0.7123543977129715,49.89757649743045,0.5357112812792135,0.0,15949.143333332102,0.0,1653.5599999990898,562727.5,0.0,0.0,0.0,562727.5,18152.5,0.0,0.0,0.0
2023-06-16 11:00:00,17.922,24.0,0.0,0.7932344542670561,51.036262167109385,0.6390480341463007,0.0,15949.143333332102,0.0,1653.5599999990898,430128.0,0.0,0.0,0.0,430128.0,17922.0,0.0,0.0,0.0
2023-06-16 12:00:00,18.666,20.0,0.0,0.8261027432932938,51.38621652858294,0.706954958663028,0.0,15949.143333332102,0.0,1653.5599999990898,373320.0,0.0,0.0,0.0,373320.0,18666.0,0.0,0.0,0.0
2023-06-16 13:00:00,20.4985,21.5,0.0,0.8100098185714107,49.98922483713255,0.7301946173773877,0.0,15949.143333332102,0.0,1653.5599999990898,440717.75,0.0,0.0,0.0,440717.75,20498.5,0.0,0.0,0.0
2023-06-16 14:00:00,20.1435,20.25,0.0,0.7453950523758747,48.948742039563065,0.7195740137344752,0.0,15949.143333332102,0.0,1653.5599999990898,407905.875,0.0,0.0,0.0,407905.875,20143.5,0.0,0.0,0.0
2023-06-16 15:00:00,19.55366666666667,20.0,0.0,0.6345733470220296,48.06264849555655,0.6862288059332431,0.0,15949.143333332102,0.0,1653.5599999990898,391073.3333339999,0.0,0.0,0.0,391073.3333339999,19553.666666666668,0.0,0.0,0.0
2023-06-16 16:00:00,20.471833333333333,20.75,0.0,0.4837414840356007,46.38483819289067,0.6075862395457732,0.0,15949.143333332102,0.0,1653.5599999990898,424790.5416659751,0.0,0.0,0.0,424790.5416659751,20471.833333333332,0.0,0.0,0.0
2023-06-16 17:00:00,8.493666666666666,30.5,0.0,0.3069038880485976,44.97606064856631,0.4883754697620359,0.0,15949.143333332102,0.0,1653.5599999990898,259056.83333343512,0.0,0.0,0.0,259056.83333343512,8493.666666666666,0.0,0.0,0.0
2023-06-16 18:00:00,0.3951666666666666,38.25,0.0,0.1335975544561404,43.29968082106234,0.3193365817599826,0.0,15949.143333332102,0.0,1653.5599999990898,15115.125000012988,0.0,0.0,0.0,15115.125000012988,395.16666666666663,0.0,0.0,0.0
2023-06-16 19:00:00,1.645333333333333,39.5,0.0,0.029303785013772,44.29833868060301,0.1645152993487496,0.0,15949.143333332102,0.0,1653.5599999990898,64990.666666534846,0.0,0.0,0.0,64990.666666534846,1645.333333333333,0.0,0.0,0.0
2023-06-16 20:00:00,4.2700000000000005,40.25,0.0,0.0006692081490344,46.45853966158638,0.0477347012055225,0.0,15949.143333332102,0.0,1653.5599999990898,171867.50000003853,0.0,0.0,0.0,171867.50000003853,4270.000000000001,0.0,0.0,0.0
2023-06-16 21:00:00,8.5305,41.0,0.0,0.0,47.27045537583995,0.0027073504348707,0.0,15949.143333332102,0.0,1653.5599999990898,349750.5,0.0,0.0,0.0,349750.5,8530.5,0.0,0.0,0.0
2023-06-16 22:00:00,12.879833333333332,40.5,0.0,0.0,46.86906690328241,0.0,0.0,15949.143333332102,0.0,1653.5599999990898,521633.24999865,0.0,0.0,0.0,521633.24999865,12879.833333333332,0.0,0.0,0.0
2023-06-16 23:00:00,0.0693333333333333,40.5,0.0,0.0,48.508328177545344,0.0,0.0,15949.143333332102,0.0,1653.5599999990898,2807.9999999986503,0.0,0.0,0.0,2807.9999999986503,69.3333333333333,0.0,0.0,0.0
2023-06-17 00:00:00,0.0745,41.25,0.0,0.0,49.41063576784342,0.0,0.0,15949.143333332102,0.0,1653.5599999990898,3073.125,0.0,0.0,0.0,3073.125,74.5,0.0,0.0,0.0
2023-06-17 01:00:00,0.0694999999999999,41.75,0.0,0.0,49.51985568088202,0.0,0.0,15949.143333332102,0.0,1653.5599999990898,2901.625,0.0,0.0,0.0,2901.625,69.4999999999999,0.0,0.0,0.0
2023-06-17 02:00:00,0.0686666666666666,43.25,0.0,0.0,51.60319289055227,0.0,0.0,15949.143333332102,0.0,1653.5599999990898,2969.833333334775,0.0,0.0,0.0,2969.833333334775,68.6666666666666,0.0,0.0,0.0
2023-06-17 03:00:00,0.0708333333333333,44.25,0.0,0.0,49.656601298007125,0.0,0.0,15949.143333332102,0.0,1653.5599999990898,3134.3749999985253,0.0,0.0,0.0,3134.3749999985253,70.8333333333333,0.0,0.0,0.0
2023-06-17 04:00:00,0.0706666666666666,44.25,0.0,2.8937714831007128e-06,51.62767863581356,0.0,0.0,15949.143333332102,0.0,1653.5599999990898,3127.000000001658,0.0,0.0,0.0,3127.000000001658,70.6666666666666,0.0,0.0,0.0
2023-06-17 05:00:00,0.0678333333333333,43.5,0.0,0.0140192565725375,49.764717044885806,0.0001382051287298,0.0,15949.143333332102,0.0,1653.5599999990898,2950.749999998523,0.0,0.0,0.0,2950.749999998523,67.8333333333333,0.0,0.0,0.0
2023-06-17 06:00:00,0.0671666666666666,42.75,0.0,0.0852993109165222,50.5328789817526,0.0267298291636328,0.0,15949.143333332102,0.0,1653.5599999990898,2871.3750000014516,0.0,0.0,0.0,2871.3750000014516,67.1666666666666,0.0,0.0,0.0
2023-06-17 07:00:00,0.0718333333333333,38.75,0.0,0.2443849073977803,48.569837534473066,0.1062176931006276,0.0,15949.143333332102,0.0,1653.5599999990898,2783.541666665351,0.0,0.0,0.0,2783.541666665351,71.8333333333333,0.0,0.0,0.0
2023-06-17 08:00:00,0.065,36.0,0.0,0.42455020674047,47.266741696673456,0.262252564715524,0.0,15949.143333332102,0.0,1653.5599999990898,2340.0,0.0,0.0,0.0,2340.0,65.0,0.0,0.0,0.0
2023-06-17 09:00:00,0.1478333333333333,26.75,0.0,0.5865597399945947,46.61444042843711,0.4112314540504391,0.0,15949.143333332102,0.0,1653.5599999990898,3954.541666657584,0.0,0.0,0.0,3954.541666657584,147.8333333333333,0.0,0.0,0.0
2023-06-17 10:00:00,0.1733333333333332,18.25,0.0,0.7122336453623662,48.40526106018824,0.5194701678936295,0.0,15949.143333332102,0.0,1653.5599999990898,3163.3333333271366,0.0,0.0,0.0,3163.3333333271366,173.3333333333332,0.0,0.0,0.0
2023-06-17 11:00:00,0.2903333333333333,16.0,0.0,0.793258826267893,46.46352941551792,0.6167569237081417,0.0,15949.143333332102,0.0,1653.5599999990898,4645.333333327901,0.0,0.0,0.0,4645.333333327901,290.33333333333326,0.0,0.0,0.0
2023-06-17 12:00:00,1.2813333333333332,16.0,0.0,0.8262931863020185,48.14302935586858,0.6703611135890343,0.0,15949.143333332102,0.0,1653.5599999990898,20501.333333279938,0.0,0.0,0.0,20501.333333279938,1281.3333333333333,0.0,0.0,0.0
2023-06-17 13:00:00,3.6135,16.0,0.0,0.8103829556082845,47.3814435492629,0.6794506027352097,0.0,15949.143333332102,0.0,1653.5599999990898,57816.0,0.0,0.0,0.0,57816.0,3613.5,0.0,0.0,0.0
2023-06-17 14:00:00,7.508666666666667,16.25,0.0,0.7459611740239374,47.196967856636896,0.6710653856065539,0.0,15949.143333332102,0.0,1653.5599999990898,122015.83333338756,0.0,0.0,0.0,122015.83333338756,7508.666666666667,0.0,0.0,0.0
2023-06-17 15:00:00,14.0725,16.25,0.0,0.6353282403632617,47.86814240104511,0.6473880330925315,0.0,15949.143333332102,0.0,1653.5599999990898,228678.125,0.0,0.0,0.0,228678.125,14072.5,0.0,0.0,0.0
2023-06-17 16:00:00,1.1078333333333332,16.75,0.0,0.4846490478511568,48.80286605056038,0.5591717098920772,0.0,15949.143333332102,0.0,1653.5599999990898,18556.208333277435,0.0,0.0,0.0,18556.208333277435,1107.8333333333333,0.0,0.0,0.0
2023-06-17 17:00:00,0.1718333333333332,21.75,0.0,0.307862545381406,50.19325820637944,0.4180322219979049,0.0,15949.143333332102,0.0,1653.5599999990898,3737.374999992615,0.0,0.0,0.0,3737.374999992615,171.8333333333332,0.0,0.0,0.0
2023-06-17 18:00:00,0.1734999999999999,34.0,0.0,0.1343749593711319,50.91527127640976,0.3027258975689227,0.0,15949.143333332102,0.0,1653.5599999990898,5899.0,0.0,0.0,0.0,5899.0,173.49999999999991,0.0,0.0,0.0
2023-06-17 19:00:00,0.501,37.5,0.0,0.0296079405900801,49.30232365877121,0.1570331617502066,0.0,15949.143333332102,0.0,1653.5599999990898,18787.5,0.0,0.0,0.0,18787.5,501.0,0.0,0.0,0.0
2023-06-17 20:00:00,1.9351666666666667,42.5,0.0,0.0007078999008208,51.37969723801311,0.0498142735367147,0.0,15949.143333332102,0.0,1653.5599999990898,82244.58333351807,0.0,0.0,0.0,82244.58333351807,1935.1666666666667,0.0,0.0,0.0
2023-06-17 21:00:00,4.766500000000001,43.75,0.0,0.0,51.67308859085801,0.0031427350598904,0.0,15949.143333332102,0.0,1653.5599999990898,208534.375,0.0,0.0,0.0,208534.375,4766.500000000001,0.0,0.0,0.0
2023-06-17 22:00:00,9.313833333333331,39.25,0.0,0.0,50.71504021922966,0.0,0.0,15949.143333332102,0.0,1653.5599999990898,365567.95833320246,0.0,0.0,0.0,365567.95833320246,9313.833333333332,0.0,0.0,0.0
2023-06-17 23:00:00,11.213,39.75,0.0,0.0,51.50970987347223,0.0,0.0,15949.143333332102,0.0,1653.5599999990898,445716.75,0.0,0.0,0.0,445716.75,11213.0,0.0,0.0,0.0
2023-06-18 00:00:00,0.0658333333333333,36.5,0.0,0.0,52.25293162512528,0.0,0.0,15949.143333332102,0.0,1653.5599999990898,2402.91666666545,0.0,0.0,0.0,2402.91666666545,65.8333333333333,0.0,0.0,0.0
2023-06-18 01:00:00,0.0653333333333333,35.0,0.0,0.0,51.82202548223816,0.0,0.0,15949.143333332102,0.0,1653.5599999990898,2286.6666666655,0.0,0.0,0.0,2286.6666666655,65.3333333333333,0.0,0.0,0.0
2023-06-18 02:00:00,0.0654999999999999,33.5,0.0,0.0,51.44668063875137,0.0,0.0,15949.143333332102,0.0,1653.5599999990898,2194.25,0.0,0.0,0.0,2194.25,65.4999999999999,0.0,0.0,0.0
2023-06-18 03:00:00,0.0725,32.75,0.0,0.0,52.56534253680688,0.0,0.0,15949.143333332102,0.0,1653.5599999990898,2374.375,0.0,0.0,0.0,2374.375,72.5,0.0,0.0,0.0
2023-06-18 04:00:00,0.0666666666666666,34.25,0.0,2.818994361132945e-06,51.8788015235379,0.0,0.0,15949.143333332102,0.0,1653.5599999990898,2283.333333334613,0.0,0.0,0.0,2283.333333334613,66.6666666666666,0.0,0.0,0.0
2023-06-18 05:00:00,0.0664999999999999,34.75,0.0,0.0139755439929606,53.20435917785528,5.076922922052889e-05,0.0,15949.143333332102,0.0,1653.5599999990898,2310.875,0.0,0.0,0.0,2310.875,66.4999999999999,0.0,0.0,0.0
2023-06-18 06:00:00,0.0648333333333333,35.5,0.0,0.0850062412148206,52.78592125946979,0.0152989742873061,0.0,15949.143333332102,0.0,1653.5599999990898,2301.583333332128,0.0,0.0,0.0,2301.583333332128,64.8333333333333,0.0,0.0,0.0
2023-06-18 07:00:00,0.0698333333333333,34.0,0.0,0.2439936284165861,51.39871298109114,0.112482307833484,0.0,15949.143333332102,0.0,1653.5599999990898,2374.333333332179,0.0,0.0,0.0,2374.333333332179,69.8333333333333,0.0,0.0,0.0
2023-06-18 08:00:00,0.0645,26.25,0.0,0.4242008593429042,50.4071998014207,0.2904165810805101,0.0,15949.143333332102,0.0,1653.5599999990898,1693.125,0.0,0.0,0.0,1693.125,64.5,0.0,0.0,0.0
2023-06-18 09:00:00,10.1435,22.0,0.0,0.5863042416873941,48.46461259502479,0.4275556394788954,0.0,15949.143333332102,0.0,1653.5599999990898,223157.0,0.0,0.0,0.0,223157.0,10143.5,0.0,0.0,0.0
2023-06-18 10:00:00,16.4145,21.25,0.0,0.7121060398375502,47.59296081869421,0.3117039316943568,0.0,15949.143333332102,0.0,1653.5599999990898,348808.125,0.0,0.0,0.0,348808.125,16414.5,0.0,0.0,0.0
2023-06-18 11:00:00,15.748666666666669,18.0,0.0,0.7932828363843253,46.2244705825767,0.2187338470393776,0.0,15949.143333332102,0.0,1653.5599999990898,283476.0000005999,0.0,0.0,0.0,283476.0000005999,15748.666666666668,0.0,0.0,0.0
2023-06-18 12:00:00,16.483833333333333,14.25,0.0,0.8264863569014146,45.921686243370765,0.2300129908374232,0.0,15949.143333332102,0.0,1653.5599999990898,234894.62499952505,0.0,0.0,0.0,234894.62499952505,16483.833333333332,0.0,0.0,0.0
2023-06-18 13:00:00,15.682166666666667,14.0,0.0,0.8107585576508504,45.80190493348046,0.2745841021415516,0.0,15949.143333332102,0.0,1653.5599999990898,219550.33333379994,0.0,0.0,0.0,219550.33333379994,15682.166666666668,0.0,0.0,0.0
2023-06-18 14:00:00,14.795666666666667,14.0,0.0,0.7465261086712051,44.08621218990957,0.5984293137248765,0.0,15949.143333332102,0.0,1653.5599999990898,207139.33333379994,0.0,0.0,0.0,207139.33333379994,14795.666666666668,0.0,0.0,0.0
2023-06-18 15:00:00,16.9475,14.0,0.0,0.6360748626078297,46.11078768413222,0.3698530767717932,0.0,15949.143333332102,0.0,1653.5599999990898,237265.0,0.0,0.0,0.0,237265.0,16947.5,0.0,0.0,0.0
2023-06-18 16:00:00,18.856333333333332,15.0,0.0,0.4855382244279036,45.90149208841429,0.4368986344948791,0.0,15949.143333332102,0.0,1653.5599999990898,282844.99999950005,0.0,0.0,0.0,282844.99999950005,18856.333333333332,0.0,0.0,0.0
2023-06-18 17:00:00,20.51633333333333,25.5,0.0,0.3087917757065758,46.03014201693153,0.4167224771548541,0.0,15949.143333332102,0.0,1653.5599999990898,523166.4999991501,0.0,0.0,0.0,523166.4999991501,20516.33333333333,0.0,0.0,0.0
2023-06-18 18:00:00,20.53983333333333,36.75,0.0,0.1351185796252497,47.681689264407815,0.3108234189514421,0.0,15949.143333332102,0.0,1653.5599999990898,754838.8750058848,0.0,0.0,0.0,754838.8750058848,20539.833333333332,0.0,0.0,0.0
2023-06-18 19:00:00,16.216833333333334,38.5,0.0,0.0299069082514511,45.96978301423228,0.1128298294034778,0.0,15949.143333332102,0.0,1653.5599999990898,624348.0833336982,0.0,0.0,0.0,624348.0833336982,16216.833333333334,0.0,0.0,0.0
2023-06-18 20:00:00,19.792333333333332,38.5,0.0,0.0007447506806244,45.09613699453983,0.0210930769463889,0.0,15949.143333332102,0.0,1653.5599999990898,762004.833332091,0.0,0.0,0.0,762004.833332091,19792.333333333332,0.0,0.0,0.0
2023-06-18 21:00:00,14.937333333333331,37.0,0.0,0.0,45.40981566491407,0.0012803418663704,0.0,15949.143333332102,0.0,1653.5599999990898,552681.3333321,0.0,0.0,0.0,552681.3333321,14937.333333333332,0.0,0.0,0.0
2023-06-18 22:00:00,14.543833333333334,44.0,0.0,0.0,46.39070478846804,0.0,0.0,15949.143333332102,0.0,1653.5599999990898,639928.6666651999,0.0,0.0,0.0,639928.6666651999,14543.833333333334,0.0,0.0,0.0
2023-06-18 23:00:00,2.9251666666666662,48.0,0.0,0.0,47.5473271511923,0.0,0.0,15949.143333332102,0.0,1653.5599999990898,140408.00000015998,0.0,0.0,0.0,140408.00000015998,2925.166666666666,0.0,0.0,0.0
2023-06-19 00:00:00,0.0688333333333333,38.25,0.0,0.0,47.59586166911117,0.0,0.0,15949.143333332102,0.0,1653.5599999990898,2632.8749999987253,0.0,0.0,0.0,2632.8749999987253,68.8333333333333,0.0,0.0,0.0
2023-06-19 01:00:00,0.0684999999999999,32.0,0.0,0.0,47.89175114913417,0.0,0.0,15949.143333332102,0.0,1653.5599999990898,2192.0,0.0,0.0,0.0,2192.0,68.4999999999999,0.0,0.0,0.0
2023-06-19 02:00:00,0.0685,33.75,0.0,0.0,48.56160483517615,0.0,0.0,15949.143333332102,0.0,1653.5599999990898,2311.875,0.0,0.0,0.0,2311.875,68.5,0.0,0.0,0.0
2023-06-19 03:00:00,0.0741666666666666,34.75,0.0,0.0,50.3230530565482,0.0,0.0,15949.143333332102,0.0,1653.5599999990898,2577.2916666678248,0.0,0.0,0.0,2577.2916666678248,74.1666666666666,0.0,0.0,0.0
2023-06-19 04:00:00,0.0678333333333333,34.5,0.0,2.69234682767638e-06,49.15894109980794,0.0,0.0,15949.143333332102,0.0,1653.5599999990898,2340.2499999989836,0.0,0.0,0.0,2340.2499999989836,67.8333333333333,0.0,0.0,0.0
2023-06-19 05:00:00,0.0665,34.25,0.0,0.0139119649504206,48.49274987977317,0.0,0.0,15949.143333332102,0.0,1653.5599999990898,2277.625,0.0,0.0,0.0,2277.625,66.5,0.0,0.0,0.0
2023-06-19 06:00:00,0.065,34.75,0.0,0.0846777494598215,47.31279867201658,0.0140286324778173,0.0,15949.143333332102,0.0,1653.5599999990898,2258.75,0.0,0.0,0.0,2258.75,65.0,0.0,0.0,0.0
2023-06-19 07:00:00,0.0708333333333333,35.0,0.0,0.2435636596203504,46.19637095499579,0.0593120509335118,0.0,15949.143333332102,0.0,1653.5599999990898,2479.1666666654783,0.0,0.0,0.0,2479.1666666654783,70.8333333333333,0.0,0.0,0.0
2023-06-19 08:00:00,0.1113333333333333,34.25,0.0,0.4238239986117635,47.8455228848959,0.0983842734801463,0.0,15949.143333332102,0.0,1653.5599999990898,3813.1666666550373,0.0,0.0,0.0,3813.1666666550373,111.3333333333333,0.0,0.0,0.0
2023-06-19 09:00:00,0.6136666666666667,33.0,0.0,0.5860333313204905,46.63864182758351,0.1451574360611092,0.0,15949.143333332102,0.0,1653.5599999990898,20251.000000011205,0.0,0.0,0.0,20251.000000011205,613.6666666666667,0.0,0.0,0.0
2023-06-19 10:00:00,4.320333333333333,32.0,0.0,0.7119725684584011,47.88517937049605,0.1642897434723683,0.0,15949.143333332102,0.0,1653.5599999990898,138250.66666655988,0.0,0.0,0.0,138250.66666655988,4320.333333333333,0.0,0.0,0.0
2023-06-19 11:00:00,9.7155,31.5,0.0,0.7933071538079189,48.55636677997688,0.3480620513003096,0.0,15949.143333332102,0.0,1653.5599999990898,306038.25,0.0,0.0,0.0,306038.25,9715.5,0.0,0.0,0.0
2023-06-19 12:00:00,0.5133333333333333,30.0,0.0,0.8266825857008501,47.132391967259615,0.5515123934623524,0.0,15949.143333332102,0.0,1653.5599999990898,15399.999999989814,0.0,0.0,0.0,15399.999999989814,513.3333333333333,0.0,0.0,0.0
2023-06-19 13:00:00,1.7578333333333334,30.0,0.0,0.8111366109990895,46.69846904221528,0.7068685476188988,0.0,15949.143333332102,0.0,1653.5599999990898,52734.99999989988,0.0,0.0,0.0,52734.99999989988,1757.8333333333333,0.0,0.0,0.0
2023-06-19 14:00:00,4.353833333333333,29.0,0.0,0.7470895043054305,46.83828547650941,0.7196938434829059,0.0,15949.143333332102,0.0,1653.5599999990898,126261.16666656989,0.0,0.0,0.0,126261.16666656989,4353.833333333333,0.0,0.0,0.0
2023-06-19 15:00:00,4.122833333333333,28.75,0.0,0.6368125462193712,46.78448385579934,0.4996087150899774,0.0,15949.143333332102,0.0,1653.5599999990898,118531.45833323739,0.0,0.0,0.0,118531.45833323739,4122.833333333333,0.0,0.0,0.0
2023-06-19 16:00:00,14.197666666666668,29.5,0.0,0.4864080809337354,48.34346521304498,0.566892477508284,0.0,15949.143333332102,0.0,1653.5599999990898,418831.1666676499,0.0,0.0,0.0,418831.1666676499,14197.666666666668,0.0,0.0,0.0
2023-06-19 17:00:00,15.678833333333335,32.25,0.0,0.3096904688482053,49.72950270452466,0.4422322235759509,0.0,15949.143333332102,0.0,1653.5599999990898,505642.37499892514,0.0,0.0,0.0,505642.37499892514,15678.833333333336,0.0,0.0,0.0
2023-06-19 18:00:00,17.136,32.25,0.0,0.135827257162756,49.123132068359936,0.2457538464538053,0.0,15949.143333332102,0.0,1653.5599999990898,552636.0,0.0,0.0,0.0,552636.0,17136.0,0.0,0.0,0.0
2023-06-19 19:00:00,18.413833333333333,36.25,0.0,0.030180325158531,51.19649844122571,0.0775643591187958,0.0,15949.143333332102,0.0,1653.5599999990898,667501.4583336911,0.0,0.0,0.0,667501.4583336911,18413.833333333332,0.0,0.0,0.0
2023-06-19 20:00:00,19.987666666666662,36.75,0.0,0.0007793187309664,50.20146243171758,0.0181447008124783,0.0,15949.143333332102,0.0,1653.5599999990898,734546.7500012659,0.0,0.0,0.0,734546.7500012659,19987.66666666666,0.0,0.0,0.0
2023-06-19 21:00:00,21.1335,37.0,0.0,0.0,49.8334968093494,0.0002705982897,0.0,15949.143333332102,0.0,1653.5599999990898,781939.5,0.0,0.0,0.0,781939.5,21133.5,0.0,0.0,0.0
2023-06-19 22:00:00,19.81833333333333,36.25,0.0,0.0,48.63171036693885,0.0,0.0,15949.143333332102,0.0,1653.5599999990898,718414.583332125,0.0,0.0,0.0,718414.583332125,19818.333333333332,0.0,0.0,0.0
2023-06-19 23:00:00,13.973999999999998,35.75,0.0,0.0,46.89771593609886,0.0,0.0,15949.143333332102,0.0,1653.5599999990898,499570.5,0.0,0.0,0.0,499570.5,13973.999999999998,0.0,0.0,0.0
