datetime,Electricity_Consumption[MW],Taux de Co2,Heat_demand[MW],cciag_co2,pv,electricity_price[€/kWh],elec_export_price[€/kWh],district_heating_price[€/kWh]
2023-01-01 00:00:00,0.0216666666666666,31.0,0.0,91,0.0,0.05735,0.0,0.06956999999999999
2023-01-01 01:00:00,0.015,33.5,0.0,91,0.0,0.05735,-0.0001,0.06956999999999999
2023-01-01 02:00:00,0.0166666666666666,35.0,0.0,91,0.0,0.05735,-0.00133,0.06956999999999999
2023-01-01 03:00:00,0.02,36.0,0.0,91,0.0,0.05735,-0.00408,0.06956999999999999
2023-01-01 04:00:00,0.0183333333333333,38.0,0.0,91,0.0,0.05735,-0.0041600000000000005,0.06956999999999999
2023-01-01 05:00:00,0.0183333333333333,39.0,0.0,91,0.0,0.05735,-0.0035800000000000003,0.06956999999999999
2023-01-01 06:00:00,0.0166666666666666,40.0,0.0,91,0.0,0.22622,-0.00437,0.06956999999999999
2023-01-01 07:00:00,0.015,40.0,0.0,91,0.0,0.22622,-0.00011999999999999999,0.06956999999999999
2023-01-01 08:00:00,0.0166666666666666,40.0,0.0,91,0.0100194871858653,0.22622,-5.9999999999999995e-05,0.06956999999999999
2023-01-01 09:00:00,0.02,40.0,0.0,91,0.0952105987581432,0.22622,0.0,0.06956999999999999
2023-01-01 10:00:00,0.02,38.0,0.0,91,0.1571888038439628,0.22622,0.0,0.06956999999999999
2023-01-01 11:00:00,0.0183333333333333,37.0,0.0,91,0.1634482914362198,0.22622,0.0,0.06956999999999999
2023-01-01 12:00:00,0.0183333333333333,38.0,0.0,91,0.1652483762431348,0.22622,0.0,0.06956999999999999
2023-01-01 13:00:00,0.0183333333333333,37.0,0.0,91,0.1617552993643997,0.22622,0.0001,0.06956999999999999
2023-01-01 14:00:00,0.02,35.5,0.0,91,0.1370174358237502,0.22622,0.0015,0.06956999999999999
2023-01-01 15:00:00,0.0183333333333333,34.5,0.0,91,0.0576104274162879,0.22622,0.0235,0.06956999999999999
2023-01-01 16:00:00,0.02,33.5,0.0,91,0.01573401712709,0.22622,0.036539999999999996,0.06956999999999999
2023-01-01 17:00:00,0.0133333333333333,31.0,0.0,91,7.042735233966623e-05,0.22622,0.04603,0.06956999999999999
2023-01-01 18:00:00,0.02,28.0,0.0,91,0.0,0.22622,0.04443,0.06956999999999999
2023-01-01 19:00:00,0.02,26.5,0.0,91,0.0,0.22622,0.054950000000000006,0.06956999999999999
2023-01-01 20:00:00,0.0166666666666666,27.5,0.0,91,0.0,0.22622,0.047380000000000005,0.06956999999999999
2023-01-01 21:00:00,0.0216666666666666,28.0,0.0,91,0.0,0.22622,0.040240000000000005,0.06956999999999999
2023-01-01 22:00:00,0.0133333333333333,28.0,0.0,91,0.0,0.05735,0.04596,0.06956999999999999
2023-01-01 23:00:00,0.0216666666666666,28.0,0.0,91,0.0,0.05735,0.035,0.06956999999999999
2023-01-02 00:00:00,0.02,29.0,0.0,91,0.0,0.05735,0.061380000000000004,0.06956999999999999
2023-01-02 01:00:00,0.0183333333333333,30.5,0.0,91,0.0,0.05735,0.05268,0.06956999999999999
2023-01-02 02:00:00,0.02,32.5,0.0,91,0.0,0.05735,0.05293,0.06956999999999999
2023-01-02 03:00:00,0.015,33.5,0.2836499999999999,91,0.0,0.05735,0.04275,0.06956999999999999
2023-01-02 04:00:00,0.015,34.0,0.4056049999999999,91,0.0,0.05735,0.05008,0.06956999999999999
2023-01-02 05:00:00,0.0183333333333333,32.5,0.496125,91,0.0,0.05735,0.06791,0.06956999999999999
2023-01-02 06:00:00,0.02,31.5,0.524635,91,0.0,0.22622,0.10507999999999999,0.06956999999999999
2023-01-02 07:00:00,0.0183333333333333,29.5,0.43655,91,0.0,0.22622,0.14064,0.06956999999999999
2023-01-02 08:00:00,0.02,30.5,0.480465,91,0.0080483760767512,0.22622,0.14980000000000002,0.06956999999999999
2023-01-02 09:00:00,0.0183333333333333,31.0,0.381255,91,0.0490558117271488,0.22622,0.15466,0.06956999999999999
2023-01-02 10:00:00,0.015,31.5,0.6567,91,0.0829894016950558,0.22622,0.14561000000000002,0.06956999999999999
2023-01-02 11:00:00,0.02,32.0,0.763745,91,0.1375441880511422,0.22622,0.14335,0.06956999999999999
2023-01-02 12:00:00,0.02,32.0,0.5656150000000001,91,0.0877715383024297,0.22622,0.14438,0.06956999999999999
2023-01-02 13:00:00,0.0183333333333333,31.5,0.544275,91,0.076851709398449,0.22622,0.14376,0.06956999999999999
2023-01-02 14:00:00,0.02,31.0,0.53653,91,0.0552230768122224,0.22622,0.1482,0.06956999999999999
2023-01-02 15:00:00,0.0166666666666666,33.0,0.32776,91,0.0203604273307017,0.22622,0.15534,0.06956999999999999
2023-01-02 16:00:00,0.02,33.5,0.064535,91,0.0059633333462441,0.22622,0.16316999999999998,0.06956999999999999
2023-01-02 17:00:00,0.0183333333333333,33.5,0.0008249999999999,91,0.0,0.22622,0.1738,0.06956999999999999
2023-01-02 18:00:00,0.02,33.0,0.0001,91,0.0,0.22622,0.17474,0.06956999999999999
2023-01-02 19:00:00,0.02,32.5,0.0,91,0.0,0.22622,0.16576,0.06956999999999999
2023-01-02 20:00:00,0.02,32.0,0.0,91,0.0,0.22622,0.153,0.06956999999999999
2023-01-02 21:00:00,0.02,32.5,0.0,91,0.0,0.22622,0.14167,0.06956999999999999
2023-01-02 22:00:00,0.0158333333333333,33.0,0.0,91,0.0,0.05735,0.13491,0.06956999999999999
2023-01-02 23:00:00,0.02,33.0,0.0,91,0.0,0.05735,0.12422,0.06956999999999999
2023-01-03 00:00:00,0.0183333333333333,33.5,0.0,91,0.0,0.05735,0.13001,0.06956999999999999
2023-01-03 01:00:00,0.02,33.5,0.0,91,0.0,0.05735,0.12,0.06956999999999999
2023-01-03 02:00:00,0.0183333333333333,35.0,0.0,91,0.0,0.05735,0.11876,0.06956999999999999
2023-01-03 03:00:00,0.0183333333333333,36.0,0.0,91,0.0,0.05735,0.115,0.06956999999999999
2023-01-03 04:00:00,0.0183333333333333,36.0,0.3390199999999999,91,0.0,0.05735,0.11363,0.06956999999999999
2023-01-03 05:00:00,0.0183333333333333,37.5,0.724885,91,0.0,0.05735,0.11627,0.06956999999999999
2023-01-03 06:00:00,0.02,37.5,0.93333,91,0.0,0.22622,0.13892,0.06956999999999999
2023-01-03 07:00:00,0.0183333333333333,39.0,1.03487,91,0.0,0.22622,0.15991999999999998,0.06956999999999999
2023-01-03 08:00:00,0.02,42.5,0.909105,91,5.128205013580812e-06,0.22622,0.16917,0.06956999999999999
2023-01-03 09:00:00,0.0216666666666666,43.5,0.8224,91,0.0041058119835379,0.22622,0.17118,0.06956999999999999
2023-01-03 10:00:00,0.0249999999999999,43.0,0.7847750000000001,91,0.0325652991197048,0.22622,0.16857,0.06956999999999999
2023-01-03 11:00:00,0.0216666666666666,42.5,0.735885,91,0.062127093902001,0.22622,0.16949,0.06956999999999999
2023-01-03 12:00:00,0.0233333333333333,42.5,0.6911999999999999,91,0.0949043586926582,0.22622,0.1645,0.06956999999999999
2023-01-03 13:00:00,0.02,41.5,0.6207699999999999,91,0.1418580340524005,0.22622,0.16091,0.06956999999999999
2023-01-03 14:00:00,0.0166666666666666,42.5,0.555785,91,0.132900342533731,0.22622,0.16306,0.06956999999999999
2023-01-03 15:00:00,0.0183333333333333,43.0,0.54097,91,0.0672527347466884,0.22622,0.16646,0.06956999999999999
2023-01-03 16:00:00,0.0183333333333333,43.0,0.5854199999999999,91,0.0222278633579993,0.22622,0.16688,0.06956999999999999
2023-01-03 17:00:00,0.0183333333333333,43.0,0.636165,91,1.2222222474395718e-05,0.22622,0.17123,0.06956999999999999
2023-01-03 18:00:00,0.0216666666666666,42.0,0.5350699999999999,91,0.0,0.22622,0.16901,0.06956999999999999
2023-01-03 19:00:00,0.02,41.5,0.2700299999999999,91,0.0,0.22622,0.16099000000000002,0.06956999999999999
2023-01-03 20:00:00,0.0183333333333333,38.5,0.0905199999999999,91,0.0,0.22622,0.14962,0.06956999999999999
2023-01-03 21:00:00,0.0183333333333333,31.5,0.03929,91,0.0,0.22622,0.1315,0.06956999999999999
2023-01-03 22:00:00,0.0166666666666666,27.5,0.0171249999999999,91,0.0,0.05735,0.1151,0.06956999999999999
2023-01-03 23:00:00,0.0183333333333333,27.5,0.078815,91,0.0,0.05735,0.09502,0.06956999999999999
2023-01-04 00:00:00,0.02,28.0,0.11102,91,0.0,0.05735,0.08203,0.06956999999999999
2023-01-04 01:00:00,0.0166666666666666,28.0,0.1004649999999999,91,0.0,0.05735,0.07221999999999999,0.06956999999999999
2023-01-04 02:00:00,0.02,28.5,0.110695,91,0.0,0.05735,0.04391,0.06956999999999999
2023-01-04 03:00:00,0.0166666666666666,29.5,0.12211,91,0.0,0.05735,0.016280000000000003,0.06956999999999999
2023-01-04 04:00:00,0.0133333333333333,29.5,0.23197,91,0.0,0.05735,0.00856,0.06956999999999999
2023-01-04 05:00:00,0.02,29.5,0.441905,91,0.0,0.05735,0.020980000000000002,0.06956999999999999
2023-01-04 06:00:00,0.0166666666666666,28.5,0.686945,91,0.0,0.22622,0.07245,0.06956999999999999
2023-01-04 07:00:00,0.02,27.0,0.93713,91,0.0,0.22622,0.1051,0.06956999999999999
2023-01-04 08:00:00,0.02,25.5,0.94491,91,0.0046282051643754,0.22622,0.13416,0.06956999999999999
2023-01-04 09:00:00,0.02,25.0,0.845065,91,0.0589599146598424,0.22622,0.1293,0.06956999999999999
2023-01-04 10:00:00,0.0183333333333333,24.0,0.7691849999999999,91,0.1566163250523754,0.22622,0.1207,0.06956999999999999
2023-01-04 11:00:00,0.0166666666666666,24.0,0.638495,91,0.2680076061150966,0.22622,0.09677,0.06956999999999999
2023-01-04 12:00:00,0.0083333333333333,24.0,0.553285,91,0.2985776930588942,0.22622,0.10503,0.06956999999999999
2023-01-04 13:00:00,0.0033333333333333,23.5,0.42968,91,0.2482017106276292,0.22622,0.106,0.06956999999999999
2023-01-04 14:00:00,0.0066666666666666,24.5,0.38396,91,0.1699702561207306,0.22622,0.10507,0.06956999999999999
2023-01-04 15:00:00,0.0066666666666666,25.0,0.430235,91,0.1075714530292739,0.22622,0.1039,0.06956999999999999
2023-01-04 16:00:00,0.0066666666666666,25.0,0.4818499999999999,91,0.0255823930970623,0.22622,0.10798,0.06956999999999999
2023-01-04 17:00:00,0.0041666666666666,25.0,0.59309,91,0.0002938461534551,0.22622,0.12982,0.06956999999999999
2023-01-04 18:00:00,0.0041666666666666,25.0,0.5429499999999999,91,0.0,0.22622,0.16729,0.06956999999999999
2023-01-04 19:00:00,0.005,25.5,0.273845,91,0.0,0.22622,0.1606,0.06956999999999999
2023-01-04 20:00:00,0.0083333333333333,26.5,0.0918249999999999,91,0.0,0.22622,0.1321,0.06956999999999999
2023-01-04 21:00:00,0.0066666666666666,28.0,0.0349299999999999,91,0.0,0.22622,0.11081999999999999,0.06956999999999999
2023-01-04 22:00:00,0.0025,28.0,0.039085,91,0.0,0.05735,0.10989,0.06956999999999999
2023-01-04 23:00:00,0.005,28.5,0.09525,91,0.0,0.05735,0.10475,0.06956999999999999
2023-01-05 00:00:00,0.005,29.0,0.113045,91,0.0,0.05735,0.06489,0.06956999999999999
2023-01-05 01:00:00,0.0008333333333333,30.0,0.11551,91,0.0,0.05735,0.05857,0.06956999999999999
2023-01-05 02:00:00,0.0041666666666666,31.5,0.15424,91,0.0,0.05735,0.06806999999999999,0.06956999999999999
2023-01-05 03:00:00,0.0041666666666666,31.5,0.16656,91,0.0,0.05735,0.02768,0.06956999999999999
2023-01-05 04:00:00,0.0066666666666666,32.0,0.15355,91,0.0,0.05735,0.037329999999999995,0.06956999999999999
2023-01-05 05:00:00,0.0066666666666666,32.0,0.4436549999999999,91,0.0,0.05735,0.06509999999999999,0.06956999999999999
2023-01-05 06:00:00,0.0033333333333333,30.5,0.94449,91,0.0,0.22622,0.09505,0.06956999999999999
2023-01-05 07:00:00,0.0066666666666666,30.0,1.09879,91,0.0,0.22622,0.13796,0.06956999999999999
2023-01-05 08:00:00,0.0066666666666666,34.0,0.97756,91,0.0094150427563322,0.22622,0.13799,0.06956999999999999
2023-01-05 09:00:00,0.005,38.0,0.8574799999999999,91,0.0559094869988596,0.22622,0.14299,0.06956999999999999
2023-01-05 10:00:00,0.0033333333333333,40.0,0.7729550000000001,91,0.0766676924778864,0.22622,0.1457,0.06956999999999999
2023-01-05 11:00:00,0.0066666666666666,40.0,0.725585,91,0.141753675020658,0.22622,0.1458,0.06956999999999999
2023-01-05 12:00:00,0.0066666666666666,40.0,0.58387,91,0.1476451280381945,0.22622,0.14235,0.06956999999999999
2023-01-05 13:00:00,0.0066666666666666,41.0,0.490155,91,0.0267377774735801,0.22622,0.14332,0.06956999999999999
2023-01-05 14:00:00,0.0116666666666666,41.5,0.4487799999999999,91,0.1129298289209349,0.22622,0.15103,0.06956999999999999
2023-01-05 15:00:00,0.0233333333333333,44.5,0.4048299999999998,91,0.0653392309205145,0.22622,0.15947999999999998,0.06956999999999999
2023-01-05 16:00:00,0.0249999999999999,46.0,0.4390449999999999,91,0.0252064102480554,0.22622,0.17273,0.06956999999999999
2023-01-05 17:00:00,0.0249999999999999,46.0,0.4718499999999999,91,0.0004822222195947,0.22622,0.1839,0.06956999999999999
2023-01-05 18:00:00,0.0249999999999999,45.5,0.4007699999999999,91,0.0,0.22622,0.19466999999999998,0.06956999999999999
2023-01-05 19:00:00,0.0249999999999999,45.5,0.1948649999999999,91,0.0,0.22622,0.17798,0.06956999999999999
2023-01-05 20:00:00,0.0249999999999999,45.0,0.0719549999999999,91,0.0,0.22622,0.16399,0.06956999999999999
2023-01-05 21:00:00,0.0233333333333333,44.5,0.0347499999999999,91,0.0,0.22622,0.152,0.06956999999999999
2023-01-05 22:00:00,0.0249999999999999,41.0,0.00128,91,0.0,0.05735,0.14464,0.06956999999999999
2023-01-05 23:00:00,0.0233333333333333,39.0,0.0359549999999999,91,0.0,0.05735,0.127,0.06956999999999999
2023-01-06 00:00:00,0.0249999999999999,35.0,0.0663899999999999,91,0.0,0.05735,0.10721,0.06956999999999999
2023-01-06 01:00:00,0.0249999999999999,30.5,0.081885,91,0.0,0.05735,0.1011,0.06956999999999999
2023-01-06 02:00:00,0.0249999999999999,30.5,0.0971999999999999,91,0.0,0.05735,0.09673000000000001,0.06956999999999999
2023-01-06 03:00:00,0.0233333333333333,32.0,0.1237799999999998,91,0.0,0.05735,0.08137,0.06956999999999999
2023-01-06 04:00:00,0.0249999999999999,31.5,0.1571699999999999,91,0.0,0.05735,0.07575,0.06956999999999999
2023-01-06 05:00:00,0.0233333333333333,31.0,0.409265,91,0.0,0.05735,0.081,0.06956999999999999
2023-01-06 06:00:00,0.0249999999999999,32.0,0.7449499999999999,91,0.0,0.22622,0.09745000000000001,0.06956999999999999
2023-01-06 07:00:00,0.0249999999999999,32.0,0.925885,91,0.0,0.22622,0.10782,0.06956999999999999
2023-01-06 08:00:00,0.0249999999999999,32.5,0.916085,91,0.0043282051037392,0.22622,0.12279999999999999,0.06956999999999999
2023-01-06 09:00:00,0.0266666666666666,31.5,0.769215,91,0.0372248718473646,0.22622,0.13827,0.06956999999999999
2023-01-06 10:00:00,0.0233333333333333,31.0,0.70031,91,0.1110211113986806,0.22622,0.13997,0.06956999999999999
2023-01-06 11:00:00,0.0266666666666666,30.0,0.6636650000000001,91,0.1674782902970273,0.22622,0.13172,0.06956999999999999
2023-01-06 12:00:00,0.0249999999999999,30.5,0.60983,91,0.279109143640241,0.22622,0.12222,0.06956999999999999
2023-01-06 13:00:00,0.0233333333333333,30.5,0.4564999999999999,91,0.2935393172044021,0.22622,0.11609,0.06956999999999999
2023-01-06 14:00:00,0.0249999999999999,32.5,0.2944,91,0.279481709146092,0.22622,0.12922,0.06956999999999999
2023-01-06 15:00:00,0.0249999999999999,36.0,0.121535,91,0.1109625637021839,0.22622,0.1372,0.06956999999999999
2023-01-06 16:00:00,0.0266666666666666,40.0,0.0014,91,0.0177160684318624,0.22622,0.14075,0.06956999999999999
2023-01-06 17:00:00,0.0249999999999999,41.0,0.00031,91,0.0006419658072643,0.22622,0.15593,0.06956999999999999
2023-01-06 18:00:00,0.0216666666666666,41.0,0.0,91,0.0,0.22622,0.1635,0.06956999999999999
2023-01-06 19:00:00,0.0266666666666666,40.0,0.0,91,0.0,0.22622,0.14674,0.06956999999999999
2023-01-06 20:00:00,0.0233333333333333,39.5,0.0,91,0.0,0.22622,0.1394,0.06956999999999999
2023-01-06 21:00:00,0.0233333333333333,32.0,0.0,91,0.0,0.22622,0.132,0.06956999999999999
2023-01-06 22:00:00,0.0249999999999999,27.5,0.0,91,0.0,0.05735,0.12994,0.06956999999999999
2023-01-06 23:00:00,0.0249999999999999,27.5,0.0,91,0.0,0.05735,0.12138,0.06956999999999999
2023-01-07 00:00:00,0.0249999999999999,27.5,0.0,91,0.0,0.05735,0.09753,0.06956999999999999
2023-01-07 01:00:00,0.0233333333333333,30.0,0.0,91,0.0,0.05735,0.09819,0.06956999999999999
2023-01-07 02:00:00,0.0233333333333333,30.0,0.0,91,0.0,0.05735,0.09491,0.06956999999999999
2023-01-07 03:00:00,0.0249999999999999,31.0,0.0,91,0.0,0.05735,0.07804000000000001,0.06956999999999999
2023-01-07 04:00:00,0.0249999999999999,31.0,0.0,91,0.0,0.05735,0.07446,0.06956999999999999
2023-01-07 05:00:00,0.0233333333333333,31.0,0.0,91,0.0,0.05735,0.06513,0.06956999999999999
2023-01-07 06:00:00,0.0249999999999999,30.5,0.0,91,0.0,0.22622,0.07175,0.06956999999999999
2023-01-07 07:00:00,0.0249999999999999,30.0,0.0,91,0.0,0.22622,0.08937,0.06956999999999999
2023-01-07 08:00:00,0.0266666666666666,29.0,0.0,91,0.0114876923869308,0.22622,0.11090000000000001,0.06956999999999999
2023-01-07 09:00:00,0.0233333333333333,27.0,0.0,91,0.0788430767385368,0.22622,0.11395999999999999,0.06956999999999999
2023-01-07 10:00:00,0.0249999999999999,25.0,0.0,91,0.1724184618240747,0.22622,0.1,0.06956999999999999
2023-01-07 11:00:00,0.0266666666666666,24.0,0.0,91,0.2048140191624307,0.22622,0.08832,0.06956999999999999
2023-01-07 12:00:00,0.0249999999999999,23.5,0.0,91,0.1955762383876702,0.22622,0.0879,0.06956999999999999
2023-01-07 13:00:00,0.0249999999999999,25.0,0.0,91,0.190105128166003,0.22622,0.06884,0.06956999999999999
2023-01-07 14:00:00,0.0249999999999999,26.0,0.0,91,0.1631074357644105,0.22622,0.09121,0.06956999999999999
2023-01-07 15:00:00,0.0249999999999999,25.5,0.0,91,0.0994095724872034,0.22622,0.08295999999999999,0.06956999999999999
2023-01-07 16:00:00,0.0266666666666666,25.5,0.0,91,0.0284362393821406,0.22622,0.08506999999999999,0.06956999999999999
2023-01-07 17:00:00,0.0249999999999999,25.5,0.0,91,0.0004305982902948,0.22622,0.10048,0.06956999999999999
2023-01-07 18:00:00,0.0233333333333333,25.0,0.0,91,0.0,0.22622,0.10382,0.06956999999999999
2023-01-07 19:00:00,0.0233333333333333,25.5,0.0,91,0.0,0.22622,0.09893,0.06956999999999999
2023-01-07 20:00:00,0.0249999999999999,26.5,0.0,91,0.0,0.22622,0.09098,0.06956999999999999
2023-01-07 21:00:00,0.0249999999999999,27.0,0.0,91,0.0,0.22622,0.06488,0.06956999999999999
2023-01-07 22:00:00,0.0249999999999999,28.5,0.0,91,0.0,0.05735,0.053270000000000005,0.06956999999999999
2023-01-07 23:00:00,0.0233333333333333,29.0,0.0,91,0.0,0.05735,0.04025,0.06956999999999999
2023-01-08 00:00:00,0.0249999999999999,31.0,0.0,91,0.0,0.05735,0.013210000000000001,0.06956999999999999
2023-01-08 01:00:00,0.0233333333333333,32.0,0.0,91,0.0,0.05735,0.01044,0.06956999999999999
2023-01-08 02:00:00,0.0249999999999999,32.5,0.0,91,0.0,0.05735,0.01026,0.06956999999999999
2023-01-08 03:00:00,0.0249999999999999,33.5,0.0,91,0.0,0.05735,0.0041600000000000005,0.06956999999999999
2023-01-08 04:00:00,0.0233333333333333,33.5,0.0,91,0.0,0.05735,0.0041600000000000005,0.06956999999999999
2023-01-08 05:00:00,0.0233333333333333,33.5,0.0,91,0.0,0.05735,0.0041600000000000005,0.06956999999999999
2023-01-08 06:00:00,0.0266666666666666,34.5,0.0,91,0.0,0.22622,0.01063,0.06956999999999999
2023-01-08 07:00:00,0.0233333333333333,32.0,0.0,91,0.0,0.22622,0.01647,0.06956999999999999
2023-01-08 08:00:00,0.0249999999999999,30.0,0.0,91,0.0004354700879154,0.22622,0.05104,0.06956999999999999
2023-01-08 09:00:00,0.0249999999999999,28.5,0.0,91,0.0133614529911269,0.22622,0.08331000000000001,0.06956999999999999
2023-01-08 10:00:00,0.0249999999999999,27.5,0.0,91,0.0293593162960476,0.22622,0.09398999999999999,0.06956999999999999
2023-01-08 11:00:00,0.0233333333333333,27.0,0.0,91,0.0893193155272394,0.22622,0.10387,0.06956999999999999
2023-01-08 12:00:00,0.0249999999999999,26.0,0.0,91,0.0595183757635263,0.22622,0.10169,0.06956999999999999
2023-01-08 13:00:00,0.0249999999999999,26.5,0.0,91,0.0708068376524835,0.22622,0.099,0.06956999999999999
2023-01-08 14:00:00,0.0249999999999999,27.0,0.0,91,0.0880030772217318,0.22622,0.10429000000000001,0.06956999999999999
2023-01-08 15:00:00,0.0249999999999999,27.0,0.0,91,0.0413283759508377,0.22622,0.09789,0.06956999999999999
2023-01-08 16:00:00,0.0249999999999999,27.0,0.0,91,0.0110611111231339,0.22622,0.09620000000000001,0.06956999999999999
2023-01-08 17:00:00,0.0249999999999999,26.5,0.0,91,0.0001114529920503,0.22622,0.11564,0.06956999999999999
2023-01-08 18:00:00,0.0249999999999999,25.5,0.0,91,0.0,0.22622,0.12261,0.06956999999999999
2023-01-08 19:00:00,0.0233333333333333,24.5,0.0,91,0.0,0.22622,0.10966,0.06956999999999999
2023-01-08 20:00:00,0.0249999999999999,25.0,0.0,91,0.0,0.22622,0.10468000000000001,0.06956999999999999
2023-01-08 21:00:00,0.0249999999999999,26.0,0.0,91,0.0,0.22622,0.09887,0.06956999999999999
2023-01-08 22:00:00,0.0249999999999999,25.5,0.0,91,0.0,0.05735,0.09935,0.06956999999999999
2023-01-08 23:00:00,0.0249999999999999,25.0,0.0,91,0.0,0.05735,0.08127,0.06956999999999999
2023-01-09 00:00:00,0.0233333333333333,26.5,0.0,91,0.0,0.05735,0.07513,0.06956999999999999
2023-01-09 01:00:00,0.0233333333333333,27.0,0.0,91,0.0,0.05735,0.06437999999999999,0.06956999999999999
2023-01-09 02:00:00,0.0233333333333333,28.0,0.0,91,0.0,0.05735,0.06028,0.06956999999999999
2023-01-09 03:00:00,0.0249999999999999,28.5,0.36511,91,0.0,0.05735,0.039409999999999994,0.06956999999999999
2023-01-09 04:00:00,0.0233333333333333,28.5,0.999955,91,0.0,0.05735,0.03594,0.06956999999999999
2023-01-09 05:00:00,0.0249999999999999,27.5,1.23872,91,0.0,0.05735,0.04399,0.06956999999999999
2023-01-09 06:00:00,0.0249999999999999,27.5,1.030475,91,0.0,0.22622,0.08526,0.06956999999999999
2023-01-09 07:00:00,0.0266666666666666,28.5,0.98007,91,0.0,0.22622,0.16032,0.06956999999999999
2023-01-09 08:00:00,0.0216666666666666,30.5,1.0746,91,0.0117772649594733,0.22622,0.18,0.06956999999999999
2023-01-09 09:00:00,0.0249999999999999,31.0,1.00376,91,0.0836294874370607,0.22622,0.17727,0.06956999999999999
2023-01-09 10:00:00,0.0249999999999999,31.0,0.92544,91,0.0487505127018333,0.22622,0.15956,0.06956999999999999
2023-01-09 11:00:00,0.0233333333333333,31.0,0.85426,91,0.0964810251578306,0.22622,0.16121000000000002,0.06956999999999999
2023-01-09 12:00:00,0.0249999999999999,30.5,0.80525,91,0.0922508546226044,0.22622,0.14056,0.06956999999999999
2023-01-09 13:00:00,0.0249999999999999,28.5,0.795435,91,0.1024973502525916,0.22622,0.13587,0.06956999999999999
2023-01-09 14:00:00,0.0216666666666666,31.5,0.7504049999999999,91,0.0879475212912273,0.22622,0.13658,0.06956999999999999
2023-01-09 15:00:00,0.02,32.0,0.7779799999999999,91,0.0308948717361841,0.22622,0.1485,0.06956999999999999
2023-01-09 16:00:00,0.0116666666666666,34.0,0.962985,91,0.0163752990438897,0.22622,0.16121000000000002,0.06956999999999999
2023-01-09 17:00:00,0.0116666666666666,34.5,0.999995,91,0.0001083760675138,0.22622,0.17389,0.06956999999999999
2023-01-09 18:00:00,0.0133333333333333,34.0,0.7660450000000001,91,0.0,0.22622,0.18218,0.06956999999999999
2023-01-09 19:00:00,0.0116666666666666,34.0,0.3848,91,0.0,0.22622,0.17162,0.06956999999999999
2023-01-09 20:00:00,0.0116666666666666,34.0,0.13946,91,0.0,0.22622,0.16121000000000002,0.06956999999999999
2023-01-09 21:00:00,0.0133333333333333,32.0,0.068215,91,0.0,0.22622,0.13916,0.06956999999999999
2023-01-09 22:00:00,0.0116666666666666,26.0,0.0966899999999999,91,0.0,0.05735,0.132,0.06956999999999999
2023-01-09 23:00:00,0.0116666666666666,26.0,0.1726499999999999,91,0.0,0.05735,0.10831,0.06956999999999999
2023-01-10 00:00:00,0.0116666666666666,27.0,0.2631149999999999,91,0.0,0.05735,0.10598,0.06956999999999999
2023-01-10 01:00:00,0.0133333333333333,28.0,0.291555,91,0.0,0.05735,0.09679,0.06956999999999999
2023-01-10 02:00:00,0.0116666666666666,28.0,0.24421,91,0.0,0.05735,0.09531,0.06956999999999999
2023-01-10 03:00:00,0.0116666666666666,29.0,0.2479899999999999,91,0.0,0.05735,0.09018999999999999,0.06956999999999999
2023-01-10 04:00:00,0.0116666666666666,29.0,0.2674799999999999,91,0.0,0.05735,0.09559999999999999,0.06956999999999999
2023-01-10 05:00:00,0.0116666666666666,28.0,0.65693,91,0.0,0.05735,0.10859999999999999,0.06956999999999999
2023-01-10 06:00:00,0.01,28.5,1.189315,91,0.0,0.22622,0.13884,0.06956999999999999
2023-01-10 07:00:00,0.0116666666666666,35.0,1.30408,91,0.0,0.22622,0.15719999999999998,0.06956999999999999
2023-01-10 08:00:00,0.01,36.0,1.1830550000000002,91,0.0087913675548938,0.22622,0.18167,0.06956999999999999
2023-01-10 09:00:00,0.0,35.5,1.1209749999999998,91,0.0904571794037125,0.22622,0.17794,0.06956999999999999
2023-01-10 10:00:00,0.0,34.5,1.04286,91,0.1923117098033938,0.22622,0.15858,0.06956999999999999
2023-01-10 11:00:00,0.0,35.0,0.877865,91,0.2753381207457974,0.22622,0.14851,0.06956999999999999
2023-01-10 12:00:00,0.0,33.0,0.8081450000000001,91,0.3179229922172351,0.22622,0.14313,0.06956999999999999
2023-01-10 13:00:00,0.0,26.5,0.757005,91,0.2990039313552726,0.22622,0.14363,0.06956999999999999
2023-01-10 14:00:00,0.0,26.0,0.7054650000000001,91,0.2352852990892198,0.22622,0.14648,0.06956999999999999
2023-01-10 15:00:00,0.0,27.0,0.65329,91,0.1342078629518166,0.22622,0.1475,0.06956999999999999
2023-01-10 16:00:00,0.0,27.0,0.64969,91,0.0249029059084052,0.22622,0.14316,0.06956999999999999
2023-01-10 17:00:00,0.0,27.0,0.737445,91,0.0009238461601651,0.22622,0.14902,0.06956999999999999
2023-01-10 18:00:00,0.0,27.0,0.617845,91,0.0,0.22622,0.14474,0.06956999999999999
2023-01-10 19:00:00,0.0,27.0,0.3084849999999999,91,0.0,0.22622,0.14107,0.06956999999999999
2023-01-10 20:00:00,0.0,26.0,0.1174349999999999,91,0.0,0.22622,0.12484,0.06956999999999999
2023-01-10 21:00:00,0.0,25.0,0.0442399999999999,91,0.0,0.22622,0.1019,0.06956999999999999
2023-01-10 22:00:00,0.0,25.5,0.03442,91,0.0,0.05735,0.08585,0.06956999999999999
2023-01-10 23:00:00,0.0,25.5,0.0714249999999999,91,0.0,0.05735,0.047369999999999995,0.06956999999999999
2023-01-11 00:00:00,0.0,27.0,0.1111249999999999,91,0.0,0.05735,0.00741,0.06956999999999999
2023-01-11 01:00:00,0.0,27.0,0.17195,91,0.0,0.05735,0.0008900000000000001,0.06956999999999999
2023-01-11 02:00:00,0.0,26.5,0.183065,91,0.0,0.05735,0.00115,0.06956999999999999
2023-01-11 03:00:00,0.0,27.5,0.22575,91,0.0,0.05735,8e-05,0.06956999999999999
2023-01-11 04:00:00,0.0,27.5,0.27082,91,0.0,0.05735,8e-05,0.06956999999999999
2023-01-11 05:00:00,0.0,27.0,0.60095,91,0.0,0.05735,0.00553,0.06956999999999999
2023-01-11 06:00:00,0.0,27.0,1.26615,91,0.0,0.22622,0.06437000000000001,0.06956999999999999
2023-01-11 07:00:00,0.0,26.5,1.421315,91,0.0,0.22622,0.09999,0.06956999999999999
2023-01-11 08:00:00,0.0,26.5,1.23617,91,0.0108818802313926,0.22622,0.14235,0.06956999999999999
2023-01-11 09:00:00,0.0,26.0,1.16953,91,0.0710099143655891,0.22622,0.14572,0.06956999999999999
2023-01-11 10:00:00,0.0133333333333333,25.5,1.073535,91,0.1228349569923857,0.22622,0.13546,0.06956999999999999
2023-01-11 11:00:00,0.0249999999999999,26.0,0.954485,91,0.1561178624731862,0.22622,0.13259,0.06956999999999999
2023-01-11 12:00:00,0.0266666666666666,25.0,0.8019050000000001,91,0.1024444449661124,0.22622,0.12171,0.06956999999999999
2023-01-11 13:00:00,0.0249999999999999,24.0,0.7768799999999999,91,0.0454341880276671,0.22622,0.11117,0.06956999999999999
2023-01-11 14:00:00,0.0333333333333333,24.5,0.8750849999999999,91,0.0347045298111744,0.22622,0.11681,0.06956999999999999
2023-01-11 15:00:00,0.0249999999999999,26.5,0.90257,91,0.01275880340837,0.22622,0.11892,0.06956999999999999
2023-01-11 16:00:00,0.0249999999999999,26.0,0.901345,91,0.0052641880219308,0.22622,0.12249,0.06956999999999999
2023-01-11 17:00:00,0.02,25.0,0.60349,91,6.75213678031523e-05,0.22622,0.13519,0.06956999999999999
2023-01-11 18:00:00,0.0166666666666666,23.5,0.2908399999999999,91,0.0,0.22622,0.13495,0.06956999999999999
2023-01-11 19:00:00,0.0166666666666666,23.0,0.4654449999999999,91,0.0,0.22622,0.13196000000000002,0.06956999999999999
2023-01-11 20:00:00,0.0166666666666666,23.0,0.3258149999999999,91,0.0,0.22622,0.11926,0.06956999999999999
2023-01-11 21:00:00,0.0133333333333333,23.5,0.01413,91,0.0,0.22622,0.09653,0.06956999999999999
2023-01-11 22:00:00,0.0083333333333333,24.5,0.09441,91,0.0,0.05735,0.09422,0.06956999999999999
2023-01-11 23:00:00,0.0016666666666666,24.5,0.1529149999999999,91,0.0,0.05735,0.07075,0.06956999999999999
2023-01-12 00:00:00,0.0,25.5,0.1863849999999999,91,0.0,0.05735,0.03779,0.06956999999999999
2023-01-12 01:00:00,0.0,26.5,0.274815,91,0.0,0.05735,0.01319,0.06956999999999999
2023-01-12 02:00:00,0.0,27.0,0.2994349999999999,91,0.0,0.05735,0.01,0.06956999999999999
2023-01-12 03:00:00,0.0,27.0,0.28362,91,0.0,0.05735,0.0062699999999999995,0.06956999999999999
2023-01-12 04:00:00,0.0,27.0,0.270165,91,0.0,0.05735,0.0076,0.06956999999999999
2023-01-12 05:00:00,0.0,27.0,0.56903,91,0.0,0.05735,0.030019999999999998,0.06956999999999999
2023-01-12 06:00:00,0.0,26.5,1.14553,91,0.0,0.22622,0.09112,0.06956999999999999
2023-01-12 07:00:00,0.0,24.0,1.305125,91,0.0,0.22622,0.11891,0.06956999999999999
2023-01-12 08:00:00,0.0,23.0,1.166275,91,0.0036152991365927,0.22622,0.12099,0.06956999999999999
2023-01-12 09:00:00,0.0,22.0,1.1342100000000002,91,0.0399676066789871,0.22622,0.12,0.06956999999999999
2023-01-12 10:00:00,0.0,22.0,1.069865,91,0.0957204272604396,0.22622,0.10284,0.06956999999999999
2023-01-12 11:00:00,0.0,23.0,0.99039,91,0.1873823088866014,0.22622,0.10091,0.06956999999999999
2023-01-12 12:00:00,0.0,23.0,0.883215,91,0.2819588028671395,0.22622,0.09128,0.06956999999999999
2023-01-12 13:00:00,0.0,24.5,0.710725,91,0.1908029905139891,0.22622,0.09240000000000001,0.06956999999999999
2023-01-12 14:00:00,0.0,25.0,0.6252350000000001,91,0.115144615336361,0.22622,0.10068,0.06956999999999999
2023-01-12 15:00:00,0.0,24.5,0.6818750000000001,91,0.0666920514392038,0.22622,0.10243000000000001,0.06956999999999999
2023-01-12 16:00:00,0.0,24.5,0.7603,91,0.0260486323914976,0.22622,0.1023,0.06956999999999999
2023-01-12 17:00:00,0.0,24.5,0.82217,91,0.0012172649601378,0.22622,0.12063,0.06956999999999999
2023-01-12 18:00:00,0.0,23.0,0.7236549999999999,91,0.0,0.22622,0.13288999999999998,0.06956999999999999
2023-01-12 19:00:00,0.0,23.0,0.35901,91,0.0,0.22622,0.11734,0.06956999999999999
2023-01-12 20:00:00,0.0,23.5,0.109315,91,0.0,0.22622,0.11571,0.06956999999999999
2023-01-12 21:00:00,0.0,24.5,0.0423449999999999,91,0.0,0.22622,0.08909,0.06956999999999999
2023-01-12 22:00:00,0.0,25.5,0.0433399999999999,91,0.0,0.05735,0.0768,0.06956999999999999
2023-01-12 23:00:00,0.0,26.0,0.07826,91,0.0,0.05735,0.04689,0.06956999999999999
2023-01-13 00:00:00,0.0,26.5,0.104785,91,0.0,0.05735,0.03658,0.06956999999999999
2023-01-13 01:00:00,0.0,27.0,0.15733,91,0.0,0.05735,0.02221,0.06956999999999999
2023-01-13 02:00:00,0.0,27.0,0.180215,91,0.0,0.05735,0.015390000000000001,0.06956999999999999
2023-01-13 03:00:00,0.0,28.0,0.273495,91,0.0,0.05735,0.005030000000000001,0.06956999999999999
2023-01-13 04:00:00,0.0,28.0,0.336805,91,0.0,0.05735,0.00598,0.06956999999999999
2023-01-13 05:00:00,0.0,27.5,0.568745,91,0.0,0.05735,0.02891,0.06956999999999999
2023-01-13 06:00:00,0.005,26.0,1.09914,91,0.0,0.22622,0.05892,0.06956999999999999
2023-01-13 07:00:00,0.0083333333333333,26.0,1.243945,91,0.0,0.22622,0.09258,0.06956999999999999
2023-01-13 08:00:00,0.01,25.0,1.08173,91,0.0012081196541205,0.22622,0.11133,0.06956999999999999
2023-01-13 09:00:00,0.0,24.5,1.0373949999999998,91,0.0071659828811629,0.22622,0.10603,0.06956999999999999
2023-01-13 10:00:00,0.0,25.0,1.01029,91,0.0423317095153351,0.22622,0.09874,0.06956999999999999
2023-01-13 11:00:00,0.0,25.0,0.934495,91,0.175387349903074,0.22622,0.09117,0.06956999999999999
2023-01-13 12:00:00,0.0,24.5,0.8016200000000001,91,0.2496135895883935,0.22622,0.08289,0.06956999999999999
2023-01-13 13:00:00,0.0,24.0,0.6914250000000001,91,0.268433333828918,0.22622,0.07614,0.06956999999999999
2023-01-13 14:00:00,0.0,24.5,0.51454,91,0.1290320521949702,0.22622,0.07795999999999999,0.06956999999999999
2023-01-13 15:00:00,0.0,25.0,0.187715,91,0.0572181199147151,0.22622,0.08433,0.06956999999999999
2023-01-13 16:00:00,0.0,27.0,0.00176,91,0.0213663247507861,0.22622,0.09014,0.06956999999999999
2023-01-13 17:00:00,0.0083333333333333,28.0,0.000395,91,0.0017875213646847,0.22622,0.11313,0.06956999999999999
2023-01-13 18:00:00,0.01,27.0,0.0,91,0.0,0.22622,0.12808,0.06956999999999999
2023-01-13 19:00:00,0.0083333333333333,27.5,0.0,91,0.0,0.22622,0.12504,0.06956999999999999
2023-01-13 20:00:00,0.0083333333333333,28.0,0.0,91,0.0,0.22622,0.11907,0.06956999999999999
2023-01-13 21:00:00,0.01,28.5,0.0,91,0.0,0.22622,0.10751000000000001,0.06956999999999999
2023-01-13 22:00:00,0.01,29.0,0.0,91,0.0,0.05735,0.11037000000000001,0.06956999999999999
2023-01-13 23:00:00,0.01,29.5,0.0,91,0.0,0.05735,0.10394,0.06956999999999999
2023-01-14 00:00:00,0.0083333333333333,28.0,0.0,91,0.0,0.05735,0.08,0.06956999999999999
2023-01-14 01:00:00,0.01,27.5,0.0,91,0.0,0.05735,0.0735,0.06956999999999999
2023-01-14 02:00:00,0.0066666666666666,27.5,0.0,91,0.0,0.05735,0.06591,0.06956999999999999
2023-01-14 03:00:00,0.0,28.0,0.0,91,0.0,0.05735,0.04995,0.06956999999999999
2023-01-14 04:00:00,0.0,28.0,0.0,91,0.0,0.05735,0.04537,0.06956999999999999
2023-01-14 05:00:00,0.0,27.5,0.0,91,0.0,0.05735,0.045,0.06956999999999999
2023-01-14 06:00:00,0.0,26.5,0.0,91,0.0,0.22622,0.048229999999999995,0.06956999999999999
2023-01-14 07:00:00,0.0,25.5,0.0,91,0.0,0.22622,0.05939,0.06956999999999999
2023-01-14 08:00:00,0.0,24.5,0.0,91,0.006974273567271,0.22622,0.060649999999999996,0.06956999999999999
2023-01-14 09:00:00,0.0,24.0,0.34979,91,0.0583706835600046,0.22622,0.06871,0.06956999999999999
2023-01-14 10:00:00,0.0,23.0,0.6958799999999999,91,0.1173871794317522,0.22622,0.06399,0.06956999999999999
2023-01-14 11:00:00,0.0,23.0,0.4220649999999999,91,0.1616258981492784,0.22622,0.06955,0.06956999999999999
2023-01-14 12:00:00,0.0,23.0,0.12572,91,0.1845416235312437,0.22622,0.06764,0.06956999999999999
2023-01-14 13:00:00,0.0,23.5,0.1100849999999999,91,0.2184185481275248,0.22622,0.0469,0.06956999999999999
2023-01-14 14:00:00,0.0,24.5,0.13384,91,0.1539022214188535,0.22622,0.047130000000000005,0.06956999999999999
2023-01-14 15:00:00,0.0,25.5,0.11324,91,0.1038503420251047,0.22622,0.03786,0.06956999999999999
2023-01-14 16:00:00,0.0,26.5,0.09018,91,0.0297523932273571,0.22622,0.04297,0.06956999999999999
2023-01-14 17:00:00,0.0,26.5,0.10365,91,0.0005276923091349,0.22622,0.05646,0.06956999999999999
2023-01-14 18:00:00,0.0,25.5,0.089415,91,0.0,0.22622,0.0645,0.06956999999999999
2023-01-14 19:00:00,0.0,25.5,0.07008,91,0.0,0.22622,0.06978,0.06956999999999999
2023-01-14 20:00:00,0.0,25.5,0.055215,91,0.0,0.22622,0.054520000000000006,0.06956999999999999
2023-01-14 21:00:00,0.0,27.5,0.065345,91,0.0,0.22622,0.045,0.06956999999999999
2023-01-14 22:00:00,0.0,28.0,0.10515,91,0.0,0.05735,0.0442,0.06956999999999999
2023-01-14 23:00:00,0.0,28.5,0.091835,91,0.0,0.05735,0.035,0.06956999999999999
2023-01-15 00:00:00,0.0,29.0,0.098705,91,0.0,0.05735,0.025,0.06956999999999999
2023-01-15 01:00:00,0.0,31.0,0.1365849999999999,91,0.0,0.05735,0.017079999999999998,0.06956999999999999
2023-01-15 02:00:00,0.0,32.0,0.1243799999999999,91,0.0,0.05735,0.01394,0.06956999999999999
2023-01-15 03:00:00,0.0,32.0,0.112775,91,0.0,0.05735,0.0041600000000000005,0.06956999999999999
2023-01-15 04:00:00,0.0,33.0,0.12543,91,0.0,0.05735,0.0031,0.06956999999999999
2023-01-15 05:00:00,0.0,32.5,0.261665,91,0.0,0.05735,0.0041600000000000005,0.06956999999999999
2023-01-15 06:00:00,0.0,32.0,0.2069949999999999,91,0.0,0.22622,0.0041600000000000005,0.06956999999999999
2023-01-15 07:00:00,0.0,30.5,0.1014649999999999,91,0.0,0.22622,0.005,0.06956999999999999
2023-01-15 08:00:00,0.0,30.0,0.15118,91,0.0090942734823777,0.22622,0.01618,0.06956999999999999
2023-01-15 09:00:00,0.0,28.5,0.1231749999999999,91,0.0587356410882411,0.22622,0.02673,0.06956999999999999
2023-01-15 10:00:00,0.0,26.0,0.1129749999999999,91,0.0747676921502138,0.22622,0.03149,0.06956999999999999
2023-01-15 11:00:00,0.0,25.0,0.129385,91,0.0493984616108429,0.22622,0.03977,0.06956999999999999
2023-01-15 12:00:00,0.0,25.0,0.18554,91,0.0241734187827151,0.22622,0.039409999999999994,0.06956999999999999
2023-01-15 13:00:00,0.0,25.0,0.234975,91,0.0176741025590489,0.22622,0.02863,0.06956999999999999
2023-01-15 14:00:00,0.0,26.0,0.27835,91,0.0276800853778154,0.22622,0.03402,0.06956999999999999
2023-01-15 15:00:00,0.0,27.0,0.2757499999999999,91,0.0475046154576489,0.22622,0.03696,0.06956999999999999
2023-01-15 16:00:00,0.0,27.0,0.2409949999999999,91,0.0345941880014207,0.22622,0.02291,0.06956999999999999
2023-01-15 17:00:00,0.0,27.5,0.24225,91,0.0030755555253619,0.22622,0.05393,0.06956999999999999
2023-01-15 18:00:00,0.0,26.0,0.278125,91,0.0,0.22622,0.07791,0.06956999999999999
2023-01-15 19:00:00,0.0,24.0,0.311795,91,0.0,0.22622,0.08009999999999999,0.06956999999999999
2023-01-15 20:00:00,0.0,25.0,0.251115,91,0.0,0.22622,0.06982,0.06956999999999999
2023-01-15 21:00:00,0.0,26.5,0.281865,91,0.0,0.22622,0.06326,0.06956999999999999
2023-01-15 22:00:00,0.0,27.0,0.3917299999999999,91,0.0,0.05735,0.07312,0.06956999999999999
2023-01-15 23:00:00,0.0,25.0,0.3716649999999999,91,0.0,0.05735,0.06633,0.06956999999999999
2023-01-16 00:00:00,0.0,25.0,0.363345,91,0.0,0.05735,0.06001,0.06956999999999999
2023-01-16 01:00:00,0.0,26.0,0.40141,91,0.0,0.05735,0.06001,0.06956999999999999
2023-01-16 02:00:00,0.0,25.5,0.437435,91,0.0,0.05735,0.06272,0.06956999999999999
2023-01-16 03:00:00,0.0,26.5,0.95914,91,0.0,0.05735,0.056100000000000004,0.06956999999999999
2023-01-16 04:00:00,0.0,26.0,1.2876,91,0.0,0.05735,0.0633,0.06956999999999999
2023-01-16 05:00:00,0.0,27.0,1.27195,91,0.0,0.05735,0.087,0.06956999999999999
2023-01-16 06:00:00,0.0,28.0,1.4697450000000003,91,0.0,0.22622,0.15463,0.06956999999999999
2023-01-16 07:00:00,0.0,28.5,1.4957250000000002,91,0.0,0.22622,0.17511000000000002,0.06956999999999999
2023-01-16 08:00:00,0.0,32.5,1.48307,91,0.0015682906141647,0.22622,0.18599000000000002,0.06956999999999999
2023-01-16 09:00:00,0.0,34.0,1.329155,91,0.0256681197423201,0.22622,0.17,0.06956999999999999
2023-01-16 10:00:00,0.0,34.0,1.182735,91,0.0768104272826104,0.22622,0.16629,0.06956999999999999
2023-01-16 11:00:00,0.0,35.0,1.112355,91,0.1390541021232931,0.22622,0.15599000000000002,0.06956999999999999
2023-01-16 12:00:00,0.0,36.0,0.987075,91,0.1852496583237607,0.22622,0.14798,0.06956999999999999
2023-01-16 13:00:00,0.0,36.0,0.8185250000000001,91,0.213083077292157,0.22622,0.14288,0.06956999999999999
2023-01-16 14:00:00,0.0,36.5,0.7674150000000001,91,0.0629757266166883,0.22622,0.14332,0.06956999999999999
2023-01-16 15:00:00,0.0,37.0,0.8592650000000001,91,0.0162054700525397,0.22622,0.14683000000000002,0.06956999999999999
2023-01-16 16:00:00,0.0,38.0,0.949585,91,0.0114170085619657,0.22622,0.15156999999999998,0.06956999999999999
2023-01-16 17:00:00,0.0,38.5,0.98175,91,9.606837840257294e-05,0.22622,0.16679,0.06956999999999999
2023-01-16 18:00:00,0.0,40.0,0.8167249999999999,91,0.0,0.22622,0.17371999999999999,0.06956999999999999
2023-01-16 19:00:00,0.0,42.0,0.427565,91,0.0,0.22622,0.17578,0.06956999999999999
2023-01-16 20:00:00,0.0,44.0,0.12971,91,0.0,0.22622,0.15863,0.06956999999999999
2023-01-16 21:00:00,0.0,43.5,0.0544399999999999,91,0.0,0.22622,0.13297,0.06956999999999999
2023-01-16 22:00:00,0.0,44.5,0.1185399999999999,91,0.0,0.05735,0.15086000000000002,0.06956999999999999
2023-01-16 23:00:00,0.0,45.5,0.200925,91,0.0,0.05735,0.14435,0.06956999999999999
2023-01-17 00:00:00,0.0,48.5,0.2489299999999999,91,0.0,0.05735,0.13996,0.06956999999999999
2023-01-17 01:00:00,0.0,52.5,0.3204349999999999,91,0.0,0.05735,0.15081,0.06956999999999999
2023-01-17 02:00:00,0.0,56.0,0.29928,91,0.0,0.05735,0.15697999999999998,0.06956999999999999
2023-01-17 03:00:00,0.0,58.5,0.27514,91,0.0,0.05735,0.1415,0.06956999999999999
2023-01-17 04:00:00,0.0,59.5,0.2936199999999999,91,0.0,0.05735,0.141,0.06956999999999999
2023-01-17 05:00:00,0.0,57.5,0.7962899999999999,91,0.0,0.05735,0.1504,0.06956999999999999
2023-01-17 06:00:00,0.0,55.0,1.30297,91,0.0,0.22622,0.17306,0.06956999999999999
2023-01-17 07:00:00,0.0,55.5,1.329375,91,0.0,0.22622,0.19501,0.06956999999999999
2023-01-17 08:00:00,0.0,53.5,1.333835,91,0.0028011965700703,0.22622,0.25502,0.06956999999999999
2023-01-17 09:00:00,0.0,52.5,1.318545,91,0.0526464096501342,0.22622,0.2314,0.06956999999999999
2023-01-17 10:00:00,0.0,51.5,1.228395,91,0.0719727351930406,0.22622,0.21955000000000002,0.06956999999999999
2023-01-17 11:00:00,0.0,51.0,1.1798300000000002,91,0.1357093163840791,0.22622,0.20404,0.06956999999999999
2023-01-17 12:00:00,0.0,50.0,1.074425,91,0.1200629919818323,0.22622,0.1871,0.06956999999999999
2023-01-17 13:00:00,0.0,51.5,0.907915,91,0.2513444442422981,0.22622,0.177,0.06956999999999999
2023-01-17 14:00:00,0.0033333333333333,48.5,0.73352,91,0.2153245290935548,0.22622,0.17015,0.06956999999999999
2023-01-17 15:00:00,0.0166666666666666,48.5,0.6906349999999999,91,0.0877236754262549,0.22622,0.17875,0.06956999999999999
2023-01-17 16:00:00,0.015,47.0,0.8415499999999999,91,0.0160585470561288,0.22622,0.18706,0.06956999999999999
2023-01-17 17:00:00,0.0183333333333333,48.0,0.8701099999999999,91,0.0007210256459796,0.22622,0.19386,0.06956999999999999
2023-01-17 18:00:00,0.015,47.5,0.7666050000000001,91,0.0,0.22622,0.21051,0.06956999999999999
2023-01-17 19:00:00,0.0166666666666666,46.5,0.44058,91,0.0,0.22622,0.19458,0.06956999999999999
2023-01-17 20:00:00,0.0183333333333333,48.0,0.139555,91,0.0,0.22622,0.17712999999999998,0.06956999999999999
2023-01-17 21:00:00,0.015,49.5,0.04707,91,0.0,0.22622,0.15749000000000002,0.06956999999999999
2023-01-17 22:00:00,0.0166666666666666,50.0,0.07764,91,0.0,0.05735,0.15962,0.06956999999999999
2023-01-17 23:00:00,0.0166666666666666,50.5,0.17687,91,0.0,0.05735,0.13608,0.06956999999999999
2023-01-18 00:00:00,0.0166666666666666,50.5,0.178825,91,0.0,0.05735,0.1353,0.06956999999999999
2023-01-18 01:00:00,0.01,52.5,0.174165,91,0.0,0.05735,0.13627,0.06956999999999999
2023-01-18 02:00:00,0.0083333333333333,52.5,0.194095,91,0.0,0.05735,0.13275,0.06956999999999999
2023-01-18 03:00:00,0.01,53.5,0.3455499999999999,91,0.0,0.05735,0.12777,0.06956999999999999
2023-01-18 04:00:00,0.0083333333333333,55.5,0.33873,91,0.0,0.05735,0.12354000000000001,0.06956999999999999
2023-01-18 05:00:00,0.0016666666666666,55.0,0.636695,91,0.0,0.05735,0.134,0.06956999999999999
2023-01-18 06:00:00,0.0,51.5,1.192125,91,0.0,0.22622,0.1527,0.06956999999999999
2023-01-18 07:00:00,0.0,49.5,1.304805,91,0.0,0.22622,0.17214,0.06956999999999999
2023-01-18 08:00:00,0.0,48.5,1.307205,91,0.0097269231081008,0.22622,0.19538999999999998,0.06956999999999999
2023-01-18 09:00:00,0.0,47.0,1.286265,91,0.0575748715849003,0.22622,0.18891999999999998,0.06956999999999999
2023-01-18 10:00:00,0.0,47.5,1.12277,91,0.205223590573694,0.22622,0.17995,0.06956999999999999
2023-01-18 11:00:00,0.0,48.0,1.01011,91,0.0554423930094792,0.22622,0.17712,0.06956999999999999
2023-01-18 12:00:00,0.0,48.5,1.1001800000000002,91,0.042571794976536,0.22622,0.1615,0.06956999999999999
2023-01-18 13:00:00,0.0,48.5,0.983245,91,0.0380644441873599,0.22622,0.15186000000000002,0.06956999999999999
2023-01-18 14:00:00,0.0,50.0,0.63717,91,0.0234414529596638,0.22622,0.15356999999999998,0.06956999999999999
2023-01-18 15:00:00,0.0033333333333333,48.0,0.9686,91,0.022145555651086,0.22622,0.15869,0.06956999999999999
2023-01-18 16:00:00,0.0366666666666666,48.0,1.61631,91,0.0270431623703394,0.22622,0.15719999999999998,0.06956999999999999
2023-01-18 17:00:00,0.0366666666666666,49.5,1.503185,91,0.0023311111023331,0.22622,0.1683,0.06956999999999999
2023-01-18 18:00:00,0.0349999999999999,47.0,1.033405,91,0.0,0.22622,0.186,0.06956999999999999
2023-01-18 19:00:00,0.0366666666666666,43.5,0.536175,91,0.0,0.22622,0.1819,0.06956999999999999
2023-01-18 20:00:00,0.0366666666666666,42.5,0.21306,91,0.0,0.22622,0.15606,0.06956999999999999
2023-01-18 21:00:00,0.0366666666666666,41.0,0.23084,91,0.0,0.22622,0.14592,0.06956999999999999
2023-01-18 22:00:00,0.0366666666666666,41.0,0.286595,91,0.0,0.05735,0.14615999999999998,0.06956999999999999
2023-01-18 23:00:00,0.0349999999999999,45.5,0.3246599999999999,91,0.0,0.05735,0.1477,0.06956999999999999
2023-01-19 00:00:00,0.0366666666666666,48.0,0.3740349999999999,91,0.0,0.05735,0.1574,0.06956999999999999
2023-01-19 01:00:00,0.0366666666666666,46.0,0.3972499999999999,91,0.0,0.05735,0.15372999999999998,0.06956999999999999
2023-01-19 02:00:00,0.0366666666666666,47.0,0.398325,91,0.0,0.05735,0.14978,0.06956999999999999
2023-01-19 03:00:00,0.0333333333333333,48.5,0.40826,91,0.0,0.05735,0.14509,0.06956999999999999
2023-01-19 04:00:00,0.0383333333333333,52.0,0.436475,91,0.0,0.05735,0.14806,0.06956999999999999
2023-01-19 05:00:00,0.0366666666666666,51.0,0.99026,91,0.0,0.05735,0.15109999999999998,0.06956999999999999
2023-01-19 06:00:00,0.0349999999999999,50.5,1.56363,91,0.0,0.22622,0.1725,0.06956999999999999
2023-01-19 07:00:00,0.0383333333333333,51.5,1.5742,91,0.0,0.22622,0.19,0.06956999999999999
2023-01-19 08:00:00,0.0333333333333333,51.0,1.58126,91,0.0126947863396798,0.22622,0.20538,0.06956999999999999
2023-01-19 09:00:00,0.0366666666666666,50.5,1.5190399999999995,91,0.1122958122155605,0.22622,0.22079,0.06956999999999999
2023-01-19 10:00:00,0.0366666666666666,50.0,1.4018500000000005,91,0.2787616243933001,0.22622,0.206,0.06956999999999999
2023-01-19 11:00:00,0.0349999999999999,49.5,1.318635,91,0.1902321368812496,0.22622,0.21693,0.06956999999999999
2023-01-19 12:00:00,0.0366666666666666,52.0,1.282415,91,0.1943307694003113,0.22622,0.1819,0.06956999999999999
2023-01-19 13:00:00,0.0349999999999999,57.5,1.2172349999999998,91,0.2608325648511577,0.22622,0.17652,0.06956999999999999
2023-01-19 14:00:00,0.0383333333333333,62.0,1.12177,91,0.2712056412656083,0.22622,0.18121,0.06956999999999999
2023-01-19 15:00:00,0.0349999999999999,65.0,1.08386,91,0.1847898299062354,0.22622,0.18219,0.06956999999999999
2023-01-19 16:00:00,0.0366666666666666,69.5,1.077325,91,0.0337100853471674,0.22622,0.19513,0.06956999999999999
2023-01-19 17:00:00,0.0366666666666666,70.0,1.149425,91,0.0030476922702649,0.22622,0.21325999999999998,0.06956999999999999
2023-01-19 18:00:00,0.0366666666666666,68.0,1.03366,91,0.0,0.22622,0.22947,0.06956999999999999
2023-01-19 19:00:00,0.0366666666666666,67.5,0.556755,91,0.0,0.22622,0.22187,0.06956999999999999
2023-01-19 20:00:00,0.0366666666666666,66.5,0.209745,91,0.0,0.22622,0.20649,0.06956999999999999
2023-01-19 21:00:00,0.0366666666666666,65.5,0.274555,91,0.0,0.22622,0.1774,0.06956999999999999
2023-01-19 22:00:00,0.04,57.0,0.345935,91,0.0,0.05735,0.179,0.06956999999999999
2023-01-19 23:00:00,0.0366666666666666,59.5,0.36418,91,0.0,0.05735,0.17137,0.06956999999999999
2023-01-20 00:00:00,0.0383333333333333,61.0,0.425445,91,0.0,0.05735,0.15913999999999998,0.06956999999999999
2023-01-20 01:00:00,0.0383333333333333,63.0,0.45534,91,0.0,0.05735,0.15847,0.06956999999999999
2023-01-20 02:00:00,0.0383333333333333,62.0,0.49115,91,0.0,0.05735,0.15625,0.06956999999999999
2023-01-20 03:00:00,0.0133333333333333,62.5,0.482485,91,0.0,0.05735,0.15309,0.06956999999999999
2023-01-20 04:00:00,0.015,63.5,0.479705,91,0.0,0.05735,0.15409,0.06956999999999999
2023-01-20 05:00:00,0.0116666666666666,65.5,1.050355,91,0.0,0.05735,0.15863999999999998,0.06956999999999999
2023-01-20 06:00:00,0.0133333333333333,63.0,1.632485,91,0.0,0.22622,0.18225999999999998,0.06956999999999999
2023-01-20 07:00:00,0.0133333333333333,63.0,1.67293,91,0.0,0.22622,0.20807,0.06956999999999999
2023-01-20 08:00:00,0.0116666666666666,61.5,1.676395,91,0.0109436752596217,0.22622,0.23506,0.06956999999999999
2023-01-20 09:00:00,0.0133333333333333,63.5,1.632515,91,0.116923419104682,0.22622,0.22958,0.06956999999999999
2023-01-20 10:00:00,0.0116666666666666,67.0,1.595175,91,0.2067534181806776,0.22622,0.21064,0.06956999999999999
2023-01-20 11:00:00,0.0116666666666666,66.0,1.4738449999999998,91,0.1422840181171384,0.22622,0.20346,0.06956999999999999
2023-01-20 12:00:00,0.0133333333333333,63.5,1.3205600000000002,91,0.2068612825768626,0.22622,0.19121000000000002,0.06956999999999999
2023-01-20 13:00:00,0.0116666666666666,61.0,1.17106,91,0.2269611960190993,0.22622,0.18162999999999999,0.06956999999999999
2023-01-20 14:00:00,0.015,61.0,1.087685,91,0.2786085482540293,0.22622,0.18342,0.06956999999999999
2023-01-20 15:00:00,0.0333333333333333,62.5,1.14441,91,0.1055382047147832,0.22622,0.192,0.06956999999999999
2023-01-20 16:00:00,0.04,63.5,1.18383,91,0.0457835898440108,0.22622,0.2,0.06956999999999999
2023-01-20 17:00:00,0.0366666666666666,65.0,1.254775,91,0.0053400000095622,0.22622,0.20822,0.06956999999999999
2023-01-20 18:00:00,0.0349999999999999,62.5,1.12236,91,0.0,0.22622,0.21045,0.06956999999999999
2023-01-20 19:00:00,0.0349999999999999,62.0,0.60387,91,0.0,0.22622,0.2078,0.06956999999999999
2023-01-20 20:00:00,0.0383333333333333,62.5,0.211855,91,0.0,0.22622,0.19795,0.06956999999999999
2023-01-20 21:00:00,0.0349999999999999,64.5,0.20238,91,0.0,0.22622,0.17589,0.06956999999999999
2023-01-20 22:00:00,0.0366666666666666,64.5,0.264175,91,0.0,0.05735,0.16936,0.06956999999999999
2023-01-20 23:00:00,0.0349999999999999,65.5,0.272265,91,0.0,0.05735,0.15525,0.06956999999999999
2023-01-21 00:00:00,0.0383333333333333,65.5,0.2918949999999999,91,0.0,0.05735,0.1618,0.06956999999999999
2023-01-21 01:00:00,0.0349999999999999,67.0,0.28909,91,0.0,0.05735,0.1569,0.06956999999999999
2023-01-21 02:00:00,0.0349999999999999,67.0,0.293465,91,0.0,0.05735,0.14488,0.06956999999999999
2023-01-21 03:00:00,0.0366666666666666,63.0,0.33296,91,0.0,0.05735,0.13844,0.06956999999999999
2023-01-21 04:00:00,0.0366666666666666,62.0,0.3412699999999999,91,0.0,0.05735,0.13606000000000001,0.06956999999999999
2023-01-21 05:00:00,0.0349999999999999,61.0,0.473825,91,0.0,0.05735,0.13935,0.06956999999999999
2023-01-21 06:00:00,0.0349999999999999,63.0,0.47069,91,0.0,0.22622,0.13468,0.06956999999999999
2023-01-21 07:00:00,0.0366666666666666,63.0,0.3831149999999999,91,0.0,0.22622,0.14347,0.06956999999999999
2023-01-21 08:00:00,0.0349999999999999,63.0,0.42135,91,0.0151417093934156,0.22622,0.16,0.06956999999999999
2023-01-21 09:00:00,0.0366666666666666,61.0,0.399835,91,0.109707692382682,0.22622,0.17333,0.06956999999999999
2023-01-21 10:00:00,0.0349999999999999,59.5,0.359475,91,0.2217361528445512,0.22622,0.17239,0.06956999999999999
2023-01-21 11:00:00,0.0383333333333333,58.0,0.297475,91,0.255992308722602,0.22622,0.16274,0.06956999999999999
2023-01-21 12:00:00,0.0349999999999999,59.0,0.270805,91,0.1509345299973447,0.22622,0.15419,0.06956999999999999
2023-01-21 13:00:00,0.0366666666666666,58.5,0.280175,91,0.1536411102816589,0.22622,0.14819,0.06956999999999999
2023-01-21 14:00:00,0.0333333333333333,60.5,0.258655,91,0.2468630769517686,0.22622,0.14201,0.06956999999999999
2023-01-21 15:00:00,0.0366666666666666,61.0,0.252435,91,0.1151186318682809,0.22622,0.1359,0.06956999999999999
2023-01-21 16:00:00,0.0366666666666666,61.0,0.297855,91,0.0408282905562311,0.22622,0.14422,0.06956999999999999
2023-01-21 17:00:00,0.0366666666666666,61.0,0.320125,91,0.0033444444377086,0.22622,0.17392,0.06956999999999999
2023-01-21 18:00:00,0.0366666666666666,61.0,0.310665,91,0.0,0.22622,0.17942,0.06956999999999999
2023-01-21 19:00:00,0.0349999999999999,60.5,0.3026999999999999,91,0.0,0.22622,0.18217,0.06956999999999999
2023-01-21 20:00:00,0.0366666666666666,61.5,0.2400299999999999,91,0.0,0.22622,0.16751,0.06956999999999999
2023-01-21 21:00:00,0.0366666666666666,61.5,0.2304749999999999,91,0.0,0.22622,0.16576,0.06956999999999999
2023-01-21 22:00:00,0.0366666666666666,62.0,0.31294,91,0.0,0.05735,0.16271000000000002,0.06956999999999999
2023-01-21 23:00:00,0.0366666666666666,63.0,0.36084,91,0.0,0.05735,0.15744,0.06956999999999999
2023-01-22 00:00:00,0.0366666666666666,63.5,0.35566,91,0.0,0.05735,0.16743,0.06956999999999999
2023-01-22 01:00:00,0.0366666666666666,62.5,0.3686149999999999,91,0.0,0.05735,0.15969999999999998,0.06956999999999999
2023-01-22 02:00:00,0.0349999999999999,61.5,0.3907749999999999,91,0.0,0.05735,0.16276,0.06956999999999999
2023-01-22 03:00:00,0.0383333333333333,61.0,0.37341,91,0.0,0.05735,0.15153999999999998,0.06956999999999999
2023-01-22 04:00:00,0.0366666666666666,63.0,0.406605,91,0.0,0.05735,0.14076,0.06956999999999999
2023-01-22 05:00:00,0.0349999999999999,64.0,0.55558,91,0.0,0.05735,0.13904,0.06956999999999999
2023-01-22 06:00:00,0.0366666666666666,63.0,0.507685,91,0.0,0.22622,0.15118,0.06956999999999999
2023-01-22 07:00:00,0.0349999999999999,63.0,0.384875,91,0.0,0.22622,0.1437,0.06956999999999999
2023-01-22 08:00:00,0.0366666666666666,63.0,0.435745,91,3.897435963153837e-05,0.22622,0.14806,0.06956999999999999
2023-01-22 09:00:00,0.0366666666666666,63.5,0.4697949999999999,91,0.0126339315960549,0.22622,0.15930000000000002,0.06956999999999999
2023-01-22 10:00:00,0.0366666666666666,61.5,0.4723599999999999,91,0.0272071796400934,0.22622,0.17615,0.06956999999999999
2023-01-22 11:00:00,0.0349999999999999,60.0,0.4335499999999999,91,0.0369518804957724,0.22622,0.17241,0.06956999999999999
2023-01-22 12:00:00,0.0383333333333333,59.0,0.4555799999999999,91,0.0498329059894268,0.22622,0.17574,0.06956999999999999
2023-01-22 13:00:00,0.0333333333333333,58.5,0.52124,91,0.063986581003564,0.22622,0.15672,0.06956999999999999
2023-01-22 14:00:00,0.0366666666666666,60.0,0.51564,91,0.0568070086862286,0.22622,0.15938,0.06956999999999999
2023-01-22 15:00:00,0.0366666666666666,62.0,0.4864449999999999,91,0.0332670940904535,0.22622,0.16075,0.06956999999999999
2023-01-22 16:00:00,0.0366666666666666,62.0,0.49352,91,0.0139700000663088,0.22622,0.17103,0.06956999999999999
2023-01-22 17:00:00,0.0366666666666666,63.5,0.51221,91,0.0004514529950455,0.22622,0.19199000000000002,0.06956999999999999
2023-01-22 18:00:00,0.0383333333333333,62.5,0.544765,91,0.0,0.22622,0.20915999999999998,0.06956999999999999
2023-01-22 19:00:00,0.0349999999999999,63.0,0.5525,91,0.0,0.22622,0.20632,0.06956999999999999
2023-01-22 20:00:00,0.0349999999999999,64.0,0.410985,91,0.0,0.22622,0.19327,0.06956999999999999
2023-01-22 21:00:00,0.0383333333333333,65.0,0.414585,91,0.0,0.22622,0.18211000000000002,0.06956999999999999
2023-01-22 22:00:00,0.0366666666666666,68.0,0.5249800000000001,91,0.0,0.05735,0.17657,0.06956999999999999
2023-01-22 23:00:00,0.0366666666666666,65.0,0.507185,91,0.0,0.05735,0.16715,0.06956999999999999
2023-01-23 00:00:00,0.0383333333333333,66.0,0.5128149999999999,91,0.0,0.05735,0.15181,0.06956999999999999
2023-01-23 01:00:00,0.0366666666666666,65.5,0.510115,91,0.0,0.05735,0.1648,0.06956999999999999
2023-01-23 02:00:00,0.0366666666666666,66.0,0.958515,91,0.0,0.05735,0.1662,0.06956999999999999
2023-01-23 03:00:00,0.0349999999999999,66.5,1.272035,91,0.0,0.05735,0.1545,0.06956999999999999
2023-01-23 04:00:00,0.0366666666666666,67.5,1.1979,91,0.0,0.05735,0.15012,0.06956999999999999
2023-01-23 05:00:00,0.0349999999999999,67.5,1.3636349999999997,91,0.0,0.05735,0.15268,0.06956999999999999
2023-01-23 06:00:00,0.0366666666666666,66.5,1.537735,91,0.0,0.22622,0.1899,0.06956999999999999
2023-01-23 07:00:00,0.0366666666666666,66.0,1.5461350000000005,91,0.0,0.22622,0.22654,0.06956999999999999
2023-01-23 08:00:00,0.0366666666666666,68.0,1.47954,91,0.0036317094052449,0.22622,0.25787,0.06956999999999999
2023-01-23 09:00:00,0.0383333333333333,70.5,1.5006050000000002,91,0.0302145299340924,0.22622,0.27,0.06956999999999999
2023-01-23 10:00:00,0.04,70.5,1.57079,91,0.0604964101416432,0.22622,0.2496,0.06956999999999999
2023-01-23 11:00:00,0.0383333333333333,73.0,1.6344900000000002,91,0.0907487180497911,0.22622,0.23001,0.06956999999999999
2023-01-23 12:00:00,0.0433333333333333,74.0,1.643505,91,0.1049715376307821,0.22622,0.22077000000000002,0.06956999999999999
2023-01-23 13:00:00,0.0416666666666666,71.0,1.5905950000000002,91,0.0985804278218848,0.22622,0.21899000000000002,0.06956999999999999
2023-01-23 14:00:00,0.0316666666666666,67.0,1.486175,91,0.0729160683786767,0.22622,0.21953,0.06956999999999999
2023-01-23 15:00:00,0.0416666666666666,67.0,1.41931,91,0.0361810257903531,0.22622,0.21899000000000002,0.06956999999999999
2023-01-23 16:00:00,0.0416666666666666,68.0,1.409715,91,0.0126649572197188,0.22622,0.22458,0.06956999999999999
2023-01-23 17:00:00,0.045,66.5,1.4089900000000002,91,0.0003288034186499,0.22622,0.2489,0.06956999999999999
2023-01-23 18:00:00,0.045,67.5,1.184955,91,0.0,0.22622,0.24806999999999998,0.06956999999999999
2023-01-23 19:00:00,0.04,71.5,0.6753399999999999,91,0.0,0.22622,0.22319,0.06956999999999999
2023-01-23 20:00:00,0.045,75.5,0.29706,91,0.0,0.22622,0.205,0.06956999999999999
2023-01-23 21:00:00,0.045,81.0,0.198515,91,0.0,0.22622,0.18389,0.06956999999999999
2023-01-23 22:00:00,0.0416666666666666,82.5,0.29709,91,0.0,0.05735,0.17547,0.06956999999999999
2023-01-23 23:00:00,0.045,74.0,0.3843749999999999,91,0.0,0.05735,0.16681,0.06956999999999999
2023-01-24 00:00:00,0.0433333333333333,72.5,0.380005,91,0.0,0.05735,0.16485,0.06956999999999999
2023-01-24 01:00:00,0.0416666666666666,77.5,0.410085,91,0.0,0.05735,0.16003,0.06956999999999999
2023-01-24 02:00:00,0.0433333333333333,78.5,0.452785,91,0.0,0.05735,0.15972,0.06956999999999999
2023-01-24 03:00:00,0.0416666666666666,77.0,0.4679199999999999,91,0.0,0.05735,0.15250999999999998,0.06956999999999999
2023-01-24 04:00:00,0.0433333333333333,78.5,0.788425,91,0.0,0.05735,0.1536,0.06956999999999999
2023-01-24 05:00:00,0.0433333333333333,78.0,1.336735,91,0.0,0.05735,0.16696,0.06956999999999999
2023-01-24 06:00:00,0.0433333333333333,75.0,1.580445,91,0.0,0.22622,0.18361000000000002,0.06956999999999999
2023-01-24 07:00:00,0.0433333333333333,71.5,1.593265,91,0.0,0.22622,0.21,0.06956999999999999
2023-01-24 08:00:00,0.0366666666666666,69.5,1.649925,91,0.0146070086083605,0.22622,0.2511,0.06956999999999999
2023-01-24 09:00:00,0.0283333333333333,68.0,1.71229,91,0.099709572506766,0.22622,0.25643,0.06956999999999999
2023-01-24 10:00:00,0.0249999999999999,67.5,1.691685,91,0.2150842730204264,0.22622,0.23861000000000002,0.06956999999999999
2023-01-24 11:00:00,0.0266666666666666,67.5,1.5332549999999998,91,0.3092747001973992,0.22622,0.22996,0.06956999999999999
2023-01-24 12:00:00,0.0283333333333333,75.0,1.31674,91,0.3510121363452357,0.22622,0.21775,0.06956999999999999
2023-01-24 13:00:00,0.0266666666666666,78.5,1.196395,91,0.3389216225778954,0.22622,0.20586000000000002,0.06956999999999999
2023-01-24 14:00:00,0.0283333333333333,76.0,1.1017,91,0.2755194013546675,0.22622,0.21527000000000002,0.06956999999999999
2023-01-24 15:00:00,0.0266666666666666,76.5,1.044555,91,0.1798417102781116,0.22622,0.21797,0.06956999999999999
2023-01-24 16:00:00,0.0283333333333333,77.5,1.02691,91,0.0578141024581387,0.22622,0.22458,0.06956999999999999
2023-01-24 17:00:00,0.0266666666666666,78.5,1.11665,91,0.0061062393130129,0.22622,0.25,0.06956999999999999
2023-01-24 18:00:00,0.0283333333333333,83.5,1.056485,91,0.0,0.22622,0.25,0.06956999999999999
2023-01-24 19:00:00,0.0266666666666666,82.0,0.605865,91,0.0,0.22622,0.23115,0.06956999999999999
2023-01-24 20:00:00,0.0283333333333333,83.5,0.24938,91,0.0,0.22622,0.21808000000000002,0.06956999999999999
2023-01-24 21:00:00,0.0266666666666666,76.5,0.251195,91,0.0,0.22622,0.19053,0.06956999999999999
2023-01-24 22:00:00,0.0266666666666666,77.5,0.3283,91,0.0,0.05735,0.18569999999999998,0.06956999999999999
2023-01-24 23:00:00,0.0283333333333333,79.0,0.342895,91,0.0,0.05735,0.17367,0.06956999999999999
2023-01-25 00:00:00,0.0283333333333333,80.5,0.36684,91,0.0,0.05735,0.15752000000000002,0.06956999999999999
2023-01-25 01:00:00,0.0266666666666666,80.5,0.367855,91,0.0,0.05735,0.15531,0.06956999999999999
2023-01-25 02:00:00,0.0266666666666666,82.0,0.35507,91,0.0,0.05735,0.15425999999999998,0.06956999999999999
2023-01-25 03:00:00,0.0266666666666666,81.0,0.378505,91,0.0,0.05735,0.14842,0.06956999999999999
2023-01-25 04:00:00,0.0266666666666666,82.0,0.476205,91,0.0,0.05735,0.14702,0.06956999999999999
2023-01-25 05:00:00,0.0283333333333333,82.5,1.05205,91,0.0,0.05735,0.15103,0.06956999999999999
2023-01-25 06:00:00,0.0266666666666666,80.0,1.535425,91,0.0,0.22622,0.17665,0.06956999999999999
2023-01-25 07:00:00,0.0249999999999999,75.5,1.5022000000000002,91,0.0,0.22622,0.20329,0.06956999999999999
2023-01-25 08:00:00,0.0033333333333333,70.5,1.4774649999999998,91,0.0056433333147667,0.22622,0.22504,0.06956999999999999
2023-01-25 09:00:00,0.0,70.5,1.42727,91,0.047740598050957,0.22622,0.225,0.06956999999999999
2023-01-25 10:00:00,0.015,76.5,1.3387199999999997,91,0.0772865810557308,0.22622,0.21242,0.06956999999999999
2023-01-25 11:00:00,0.0433333333333333,77.5,1.29506,91,0.0717999144089527,0.22622,0.20098,0.06956999999999999
2023-01-25 12:00:00,0.0433333333333333,88.0,1.3108350000000002,91,0.1380123934786544,0.22622,0.19319999999999998,0.06956999999999999
2023-01-25 13:00:00,0.0433333333333333,91.5,1.214405,91,0.1333737609732864,0.22622,0.18519999999999998,0.06956999999999999
2023-01-25 14:00:00,0.0416666666666666,92.0,1.14154,91,0.0999434191548926,0.22622,0.19251,0.06956999999999999
2023-01-25 15:00:00,0.0283333333333333,93.5,1.18917,91,0.0508646153181027,0.22622,0.1973,0.06956999999999999
2023-01-25 16:00:00,0.03,93.0,1.16606,91,0.0218103419002304,0.22622,0.19919,0.06956999999999999
2023-01-25 17:00:00,0.0333333333333333,92.0,1.156235,91,0.0014517093954098,0.22622,0.20642,0.06956999999999999
2023-01-25 18:00:00,0.0366666666666666,91.5,0.960915,91,0.0,0.22622,0.21519,0.06956999999999999
2023-01-25 19:00:00,0.04,90.5,0.530775,91,0.0,0.22622,0.21034,0.06956999999999999
2023-01-25 20:00:00,0.0416666666666666,93.0,0.24683,91,0.0,0.22622,0.19228,0.06956999999999999
2023-01-25 21:00:00,0.0416666666666666,84.0,0.224945,91,0.0,0.22622,0.18006999999999998,0.06956999999999999
2023-01-25 22:00:00,0.04,81.5,0.288495,91,0.0,0.05735,0.17561000000000002,0.06956999999999999
2023-01-25 23:00:00,0.0416666666666666,82.5,0.30698,91,0.0,0.05735,0.167,0.06956999999999999
2023-01-26 00:00:00,0.04,81.5,0.3211599999999999,91,0.0,0.05735,0.15,0.06956999999999999
2023-01-26 01:00:00,0.0416666666666666,83.0,0.3324499999999999,91,0.0,0.05735,0.14856999999999998,0.06956999999999999
2023-01-26 02:00:00,0.04,83.0,0.340175,91,0.0,0.05735,0.14318999999999998,0.06956999999999999
2023-01-26 03:00:00,0.04,81.0,0.3438049999999999,91,0.0,0.05735,0.13998,0.06956999999999999
2023-01-26 04:00:00,0.04,82.5,0.36716,91,0.0,0.05735,0.13585,0.06956999999999999
2023-01-26 05:00:00,0.0416666666666666,86.0,0.950635,91,0.0,0.05735,0.14382,0.06956999999999999
2023-01-26 06:00:00,0.04,81.5,1.51601,91,0.0,0.22622,0.16538,0.06956999999999999
2023-01-26 07:00:00,0.0416666666666666,78.5,1.51152,91,0.0,0.22622,0.18683000000000002,0.06956999999999999
2023-01-26 08:00:00,0.04,72.5,1.476165,91,0.002222649584978,0.22622,0.19895,0.06956999999999999
2023-01-26 09:00:00,0.04,72.5,1.4067999999999998,91,0.0178165810943668,0.22622,0.20551,0.06956999999999999
2023-01-26 10:00:00,0.04,71.0,1.27531,91,0.0300134186051849,0.22622,0.19875,0.06956999999999999
2023-01-26 11:00:00,0.0066666666666666,71.0,1.195705,91,0.0378098288560525,0.22622,0.20543,0.06956999999999999
2023-01-26 12:00:00,0.0,76.5,1.20847,91,0.0367214529738466,0.22622,0.18493,0.06956999999999999
2023-01-26 13:00:00,0.0,80.5,1.22511,91,0.0329757265351776,0.22622,0.17683000000000001,0.06956999999999999
2023-01-26 14:00:00,0.0,80.0,1.21159,91,0.0316946153559236,0.22622,0.1776,0.06956999999999999
2023-01-26 15:00:00,0.0,73.0,1.167135,91,0.0265187177291283,0.22622,0.17358,0.06956999999999999
2023-01-26 16:00:00,0.015,75.0,1.16205,91,0.0120300855137344,0.22622,0.17236,0.06956999999999999
2023-01-26 17:00:00,0.0416666666666666,76.0,1.17117,91,0.0004046153871772,0.22622,0.18619999999999998,0.06956999999999999
2023-01-26 18:00:00,0.0416666666666666,73.5,0.988775,91,0.0,0.22622,0.19796,0.06956999999999999
2023-01-26 19:00:00,0.04,73.0,0.5281999999999999,91,0.0,0.22622,0.19369999999999998,0.06956999999999999
2023-01-26 20:00:00,0.0416666666666666,72.5,0.1891699999999999,91,0.0,0.22622,0.17836000000000002,0.06956999999999999
2023-01-26 21:00:00,0.0433333333333333,73.5,0.12572,91,0.0,0.22622,0.15725,0.06956999999999999
2023-01-26 22:00:00,0.0416666666666666,73.5,0.1897599999999999,91,0.0,0.05735,0.15199000000000001,0.06956999999999999
2023-01-26 23:00:00,0.04,74.0,0.2494899999999999,91,0.0,0.05735,0.1387,0.06956999999999999
2023-01-27 00:00:00,0.04,73.0,0.227295,91,0.0,0.05735,0.14255,0.06956999999999999
2023-01-27 01:00:00,0.04,74.0,0.3864399999999999,91,0.0,0.05735,0.14378,0.06956999999999999
2023-01-27 02:00:00,0.04,73.0,0.4687099999999999,91,0.0,0.05735,0.137,0.06956999999999999
2023-01-27 03:00:00,0.04,74.0,0.379715,91,0.0,0.05735,0.13113999999999998,0.06956999999999999
2023-01-27 04:00:00,0.0416666666666666,76.0,0.381295,91,0.0,0.05735,0.13055,0.06956999999999999
2023-01-27 05:00:00,0.0383333333333333,73.5,0.8764449999999999,91,0.0,0.05735,0.13745,0.06956999999999999
2023-01-27 06:00:00,0.04,74.0,1.414565,91,0.0,0.22622,0.1514,0.06956999999999999
2023-01-27 07:00:00,0.04,74.5,1.448835,91,0.0,0.22622,0.1761,0.06956999999999999
2023-01-27 08:00:00,0.04,70.5,1.440785,91,0.0015847863346083,0.22622,0.195,0.06956999999999999
2023-01-27 09:00:00,0.0683333333333333,71.0,1.42918,91,0.0199870940355154,0.22622,0.19919,0.06956999999999999
2023-01-27 10:00:00,0.04,69.5,1.3822900000000002,91,0.0471134187828781,0.22622,0.195,0.06956999999999999
2023-01-27 11:00:00,0.045,69.5,1.38603,91,0.060974017086192,0.22622,0.19,0.06956999999999999
2023-01-27 12:00:00,0.0499999999999999,70.5,1.3998400000000002,91,0.0565764958634335,0.22622,0.18306,0.06956999999999999
2023-01-27 13:00:00,0.0533333333333333,71.5,1.3978000000000002,91,0.0482020513420431,0.22622,0.18,0.06956999999999999
2023-01-27 14:00:00,0.0499999999999999,72.0,1.381495,91,0.0329158976139166,0.22622,0.1815,0.06956999999999999
2023-01-27 15:00:00,0.0999999999999999,73.0,1.299255,91,0.0181208547975263,0.22622,0.185,0.06956999999999999
2023-01-27 16:00:00,0.1233333333333333,73.5,1.269795,91,0.0081105128032529,0.22622,0.188,0.06956999999999999
2023-01-27 17:00:00,0.0666666666666666,73.0,1.294335,91,0.0001557264947053,0.22622,0.19805,0.06956999999999999
2023-01-27 18:00:00,0.0416666666666666,71.5,1.199385,91,0.0,0.22622,0.2007,0.06956999999999999
2023-01-27 19:00:00,0.0433333333333333,70.5,0.6467299999999999,91,0.0,0.22622,0.19369999999999998,0.06956999999999999
2023-01-27 20:00:00,0.0416666666666666,70.0,0.1500399999999999,91,0.0,0.22622,0.18209,0.06956999999999999
2023-01-27 21:00:00,0.0433333333333333,71.5,0.1212999999999999,91,0.0,0.22622,0.17007,0.06956999999999999
2023-01-27 22:00:00,0.0433333333333333,72.0,0.183455,91,0.0,0.05735,0.16083,0.06956999999999999
2023-01-27 23:00:00,0.0416666666666666,74.0,0.231475,91,0.0,0.05735,0.15425,0.06956999999999999
2023-01-28 00:00:00,0.0433333333333333,74.0,0.25173,91,0.0,0.05735,0.1399,0.06956999999999999
2023-01-28 01:00:00,0.0416666666666666,75.5,0.311725,91,0.0,0.05735,0.13476,0.06956999999999999
2023-01-28 02:00:00,0.0433333333333333,73.0,0.34157,91,0.0,0.05735,0.13307,0.06956999999999999
2023-01-28 03:00:00,0.04,68.0,0.310975,91,0.0,0.05735,0.12879,0.06956999999999999
2023-01-28 04:00:00,0.0416666666666666,62.5,0.287055,91,0.0,0.05735,0.12503,0.06956999999999999
2023-01-28 05:00:00,0.0416666666666666,62.5,0.461015,91,0.0,0.05735,0.12275,0.06956999999999999
2023-01-28 06:00:00,0.0416666666666666,62.0,0.461855,91,0.0,0.22622,0.12822999999999998,0.06956999999999999
2023-01-28 07:00:00,0.0433333333333333,65.5,0.31073,91,0.0,0.22622,0.13613,0.06956999999999999
2023-01-28 08:00:00,0.0433333333333333,65.5,0.3458,91,0.0011908547051696,0.22622,0.14543,0.06956999999999999
2023-01-28 09:00:00,0.0433333333333333,65.5,0.383235,91,0.0142021367183098,0.22622,0.16011,0.06956999999999999
2023-01-28 10:00:00,0.0416666666666666,63.5,0.36627,91,0.0393158971346341,0.22622,0.16152,0.06956999999999999
2023-01-28 11:00:00,0.0433333333333333,63.0,0.3237049999999999,91,0.0550621367723513,0.22622,0.15974000000000002,0.06956999999999999
2023-01-28 12:00:00,0.0416666666666666,61.5,0.3478999999999999,91,0.0730557266463581,0.22622,0.15365,0.06956999999999999
2023-01-28 13:00:00,0.0433333333333333,58.0,0.333255,91,0.0781777778853718,0.22622,0.13474,0.06956999999999999
2023-01-28 14:00:00,0.0416666666666666,56.5,0.2906249999999999,91,0.080641367333567,0.22622,0.13753,0.06956999999999999
2023-01-28 15:00:00,0.045,56.5,0.28338,91,0.0636066667442648,0.22622,0.14986000000000002,0.06956999999999999
2023-01-28 16:00:00,0.0433333333333333,57.0,0.33976,91,0.0228525641025641,0.22622,0.15427000000000002,0.06956999999999999
2023-01-28 17:00:00,0.045,56.5,0.362135,91,0.0017323076988482,0.22622,0.16493,0.06956999999999999
2023-01-28 18:00:00,0.0416666666666666,56.0,0.30709,91,0.0,0.22622,0.17855000000000001,0.06956999999999999
2023-01-28 19:00:00,0.0433333333333333,55.5,0.2879699999999999,91,0.0,0.22622,0.17401,0.06956999999999999
2023-01-28 20:00:00,0.045,56.5,0.2159199999999999,91,0.0,0.22622,0.15715,0.06956999999999999
2023-01-28 21:00:00,0.045,58.5,0.2231749999999999,91,0.0,0.22622,0.14759999999999998,0.06956999999999999
2023-01-28 22:00:00,0.0416666666666666,60.0,0.335375,91,0.0,0.05735,0.14385,0.06956999999999999
2023-01-28 23:00:00,0.045,59.0,0.37358,91,0.0,0.05735,0.1495,0.06956999999999999
2023-01-29 00:00:00,0.045,60.0,0.3359499999999999,91,0.0,0.05735,0.16201,0.06956999999999999
2023-01-29 01:00:00,0.0433333333333333,61.0,0.2905399999999999,91,0.0,0.05735,0.15134,0.06956999999999999
2023-01-29 02:00:00,0.0433333333333333,60.0,0.30096,91,0.0,0.05735,0.14944,0.06956999999999999
2023-01-29 03:00:00,0.0433333333333333,60.0,0.337285,91,0.0,0.05735,0.12818000000000002,0.06956999999999999
2023-01-29 04:00:00,0.045,60.0,0.36154,91,0.0,0.05735,0.12372,0.06956999999999999
2023-01-29 05:00:00,0.0433333333333333,60.0,0.503705,91,0.0,0.05735,0.12398,0.06956999999999999
2023-01-29 06:00:00,0.045,61.0,0.4512349999999999,91,0.0,0.22622,0.13031,0.06956999999999999
2023-01-29 07:00:00,0.045,60.0,0.294355,91,0.0,0.22622,0.1331,0.06956999999999999
2023-01-29 08:00:00,0.0433333333333333,60.0,0.3335749999999999,91,0.0040531623917512,0.22622,0.1489,0.06956999999999999
2023-01-29 09:00:00,0.0433333333333333,60.0,0.4128199999999999,91,0.0317506837641072,0.22622,0.15966,0.06956999999999999
2023-01-29 10:00:00,0.0433333333333333,57.5,0.434285,91,0.0931769238985502,0.22622,0.1575,0.06956999999999999
2023-01-29 11:00:00,0.0416666666666666,56.0,0.31386,91,0.1562382047604291,0.22622,0.15458000000000002,0.06956999999999999
2023-01-29 12:00:00,0.0416666666666666,55.5,0.28014,91,0.1687219650725014,0.22622,0.1402,0.06956999999999999
2023-01-29 13:00:00,0.0433333333333333,53.0,0.331465,91,0.1521177772782806,0.22622,0.1165,0.06956999999999999
2023-01-29 14:00:00,0.0416666666666666,52.0,0.36429,91,0.1324791451804658,0.22622,0.12156,0.06956999999999999
2023-01-29 15:00:00,0.0416666666666666,56.0,0.3339049999999999,91,0.1402304277664575,0.22622,0.12596,0.06956999999999999
2023-01-29 16:00:00,0.0433333333333333,59.0,0.30172,91,0.0734395724484044,0.22622,0.13113,0.06956999999999999
2023-01-29 17:00:00,0.0416666666666666,60.5,0.35381,91,0.0149092308191471,0.22622,0.15750999999999998,0.06956999999999999
2023-01-29 18:00:00,0.045,59.5,0.422885,91,0.0,0.22622,0.17731,0.06956999999999999
2023-01-29 19:00:00,0.0416666666666666,57.0,0.46735,91,0.0,0.22622,0.17858000000000002,0.06956999999999999
2023-01-29 20:00:00,0.045,57.0,0.37957,91,0.0,0.22622,0.17251,0.06956999999999999
2023-01-29 21:00:00,0.045,57.5,0.380415,91,0.0,0.22622,0.16232,0.06956999999999999
2023-01-29 22:00:00,0.0433333333333333,59.5,0.465765,91,0.0,0.05735,0.1414,0.06956999999999999
2023-01-29 23:00:00,0.0433333333333333,59.5,0.4567799999999999,91,0.0,0.05735,0.12259,0.06956999999999999
2023-01-30 00:00:00,0.0416666666666666,55.0,0.46771,91,0.0,0.05735,0.11705,0.06956999999999999
2023-01-30 01:00:00,0.045,47.0,0.45615,91,0.0,0.05735,0.13549,0.06956999999999999
2023-01-30 02:00:00,0.0416666666666666,46.0,0.8242649999999999,91,0.0,0.05735,0.12586,0.06956999999999999
2023-01-30 03:00:00,0.045,46.5,1.158955,91,0.0,0.05735,0.11033,0.06956999999999999
2023-01-30 04:00:00,0.0433333333333333,46.5,1.1278,91,0.0,0.05735,0.09,0.06956999999999999
2023-01-30 05:00:00,0.0416666666666666,46.5,1.27113,91,0.0,0.05735,0.11842,0.06956999999999999
2023-01-30 06:00:00,0.0433333333333333,47.5,1.461925,91,0.0,0.22622,0.12804,0.06956999999999999
2023-01-30 07:00:00,0.0416666666666666,52.5,1.553445,91,0.0,0.22622,0.16798,0.06956999999999999
2023-01-30 08:00:00,0.0433333333333333,56.0,1.575605,91,0.0064907692907712,0.22622,0.17648,0.06956999999999999
2023-01-30 09:00:00,0.13,55.0,1.5536900000000002,91,0.0366572650375529,0.22622,0.18101,0.06956999999999999
2023-01-30 10:00:00,0.155,54.0,1.5190450000000002,91,0.0720894010657937,0.22622,0.18164,0.06956999999999999
2023-01-30 11:00:00,0.1233333333333333,54.5,1.47394,91,0.1351641883198012,0.22622,0.18142,0.06956999999999999
2023-01-30 12:00:00,0.1216666666666666,53.0,1.468585,91,0.2710202569227952,0.22622,0.16813,0.06956999999999999
2023-01-30 13:00:00,0.125,48.0,1.423565,91,0.3718331605960161,0.22622,0.16255,0.06956999999999999
2023-01-30 14:00:00,0.105,48.5,1.3081950000000002,91,0.3160710238595294,0.22622,0.17073,0.06956999999999999
2023-01-30 15:00:00,0.0416666666666666,49.5,1.26179,91,0.2037617952395708,0.22622,0.17424,0.06956999999999999
2023-01-30 16:00:00,0.33,53.0,1.247545,91,0.0692104279485523,0.22622,0.1755,0.06956999999999999
2023-01-30 17:00:00,0.045,55.0,1.297545,91,0.0063797435442654,0.22622,0.19294999999999998,0.06956999999999999
2023-01-30 18:00:00,0.0416666666666666,55.5,1.107085,91,0.0,0.22622,0.22438999999999998,0.06956999999999999
2023-01-30 19:00:00,0.0433333333333333,53.0,0.61446,91,0.0,0.22622,0.22,0.06956999999999999
2023-01-30 20:00:00,0.0416666666666666,55.5,0.30556,91,0.0,0.22622,0.18784,0.06956999999999999
2023-01-30 21:00:00,0.0433333333333333,56.0,0.27901,91,0.0,0.22622,0.17285,0.06956999999999999
2023-01-30 22:00:00,0.0416666666666666,50.0,0.32326,91,0.0,0.05735,0.16911,0.06956999999999999
2023-01-30 23:00:00,0.0433333333333333,50.0,0.359265,91,0.0,0.05735,0.15909,0.06956999999999999
2023-01-31 00:00:00,0.0433333333333333,51.0,0.3706899999999999,91,0.0,0.05735,0.16022,0.06956999999999999
2023-01-31 01:00:00,0.0416666666666666,46.0,0.34091,91,0.0,0.05735,0.15281999999999998,0.06956999999999999
2023-01-31 02:00:00,0.0433333333333333,50.0,0.3513,91,0.0,0.05735,0.14834,0.06956999999999999
2023-01-31 03:00:00,0.0416666666666666,51.0,0.389295,91,0.0,0.05735,0.13496,0.06956999999999999
2023-01-31 04:00:00,0.0416666666666666,52.0,0.64988,91,0.0,0.05735,0.12087,0.06956999999999999
2023-01-31 05:00:00,0.0433333333333333,52.0,1.1251,91,0.0,0.05735,0.1364,0.06956999999999999
2023-01-31 06:00:00,0.0416666666666666,49.5,1.39736,91,0.0,0.22622,0.16106,0.06956999999999999
2023-01-31 07:00:00,0.0433333333333333,45.5,1.466835,91,0.0,0.22622,0.17732,0.06956999999999999
2023-01-31 08:00:00,0.0416666666666666,43.5,1.52794,91,0.015764273456656,0.22622,0.18691999999999998,0.06956999999999999
2023-01-31 09:00:00,0.0416666666666666,43.0,1.492875,91,0.0547637610150198,0.22622,0.1881,0.06956999999999999
2023-01-31 10:00:00,0.0433333333333333,41.5,1.445055,91,0.0991820511451134,0.22622,0.17690999999999998,0.06956999999999999
2023-01-31 11:00:00,0.0433333333333333,40.0,1.376125,91,0.2575058981088492,0.22622,0.16699,0.06956999999999999
2023-01-31 12:00:00,0.04,37.5,1.209405,91,0.3054969220283704,0.22622,0.15289,0.06956999999999999
2023-01-31 13:00:00,0.0466666666666666,35.0,1.05128,91,0.3708800839155148,0.22622,0.14048,0.06956999999999999
2023-01-31 14:00:00,0.0499999999999999,36.5,0.91998,91,0.3083059826060238,0.22622,0.15091,0.06956999999999999
2023-01-31 15:00:00,0.0866666666666666,42.0,0.839585,91,0.2274125637152256,0.22622,0.14072,0.06956999999999999
2023-01-31 16:00:00,0.0983333333333333,43.0,0.7820300000000001,91,0.1095905127077021,0.22622,0.14289,0.06956999999999999
2023-01-31 17:00:00,0.0433333333333333,44.5,0.90256,91,0.0124682050686265,0.22622,0.16637000000000002,0.06956999999999999
2023-01-31 18:00:00,0.0416666666666666,43.5,0.910385,91,0.0,0.22622,0.18389,0.06956999999999999
2023-01-31 19:00:00,0.0433333333333333,42.0,0.4743099999999999,91,0.0,0.22622,0.18736000000000003,0.06956999999999999
2023-01-31 20:00:00,0.0416666666666666,39.0,0.16412,91,0.0,0.22622,0.17648,0.06956999999999999
2023-01-31 21:00:00,0.0433333333333333,40.0,0.12494,91,0.0,0.22622,0.16441999999999998,0.06956999999999999
2023-01-31 22:00:00,0.0416666666666666,40.5,0.1512,91,0.0,0.05735,0.16418000000000002,0.06956999999999999
2023-01-31 23:00:00,0.0416666666666666,41.0,0.2240849999999999,91,0.0,0.05735,0.15630000000000002,0.06956999999999999
2023-02-01 00:00:00,0.0433333333333333,43.75,0.36354,91,0.0,0.05735,0.13749,0.06693
2023-02-01 01:00:00,0.0433333333333333,40.75,0.41792,91,0.0,0.05735,0.13528,0.06693
2023-02-01 02:00:00,0.0416666666666666,40.25,0.365845,91,0.0,0.05735,0.13144999999999998,0.06693
2023-02-01 03:00:00,0.0433333333333333,39.75,0.3464799999999999,91,0.0,0.05735,0.10379000000000001,0.06693
2023-02-01 04:00:00,0.0416666666666666,39.75,0.439895,91,0.0,0.05735,0.11094,0.06693
2023-02-01 05:00:00,0.0416666666666666,41.25,0.945465,91,0.0,0.05735,0.13340000000000002,0.06693
2023-02-01 06:00:00,0.0433333333333333,54.25,1.359095,91,0.0,0.22622,0.14936000000000002,0.06693
2023-02-01 07:00:00,0.0416666666666666,59.25,1.41199,91,0.0,0.22622,0.17403,0.06693
2023-02-01 08:00:00,0.04,58.5,1.4550150000000002,91,0.0212804273070178,0.22622,0.18062999999999999,0.06693
2023-02-01 09:00:00,0.08,56.75,1.4719,91,0.1361464106730925,0.22622,0.1807,0.06693
2023-02-01 10:00:00,3.295,55.25,1.35943,91,0.2637613682054047,0.22622,0.16799,0.06693
2023-02-01 11:00:00,0.7533333333333334,50.75,1.1592,91,0.3353580303681202,0.22622,0.15753,0.06693
2023-02-01 12:00:00,0.0383333333333333,48.5,0.982585,91,0.3891001719287318,0.22622,0.14124,0.06693
2023-02-01 13:00:00,0.0366666666666666,50.25,0.83371,91,0.3874704269670014,0.22622,0.12856,0.06693
2023-02-01 14:00:00,0.6516666666666667,52.5,0.71481,91,0.2240842726291754,0.22622,0.1313,0.06693
2023-02-01 15:00:00,0.9633333333333334,52.5,0.6849500000000001,91,0.2591931639777289,0.22622,0.13657,0.06693
2023-02-01 16:00:00,0.7083333333333334,54.25,0.6786499999999999,91,0.1246586318708892,0.22622,0.13269999999999998,0.06693
2023-02-01 17:00:00,0.6366666666666667,55.0,0.8348999999999999,91,0.0113383761423631,0.22622,0.16762,0.06693
2023-02-01 18:00:00,0.05,56.25,0.83848,91,0.0,0.22622,0.18224,0.06693
2023-02-01 19:00:00,0.0483333333333333,56.0,0.41087,91,0.0,0.22622,0.18974000000000002,0.06693
2023-02-01 20:00:00,0.0499999999999999,58.0,0.14036,91,0.0,0.22622,0.17502,0.06693
2023-02-01 21:00:00,0.05,57.5,0.05382,91,0.0,0.22622,0.16,0.06693
2023-02-01 22:00:00,0.05,57.75,0.09178,91,0.0,0.05735,0.16109,0.06693
2023-02-01 23:00:00,0.0466666666666666,55.5,0.19007,91,0.0,0.05735,0.15230000000000002,0.06693
2023-02-02 00:00:00,0.05,49.75,0.194575,91,0.0,0.05735,0.1487,0.06693
2023-02-02 01:00:00,0.0483333333333333,49.0,0.250475,91,0.0,0.05735,0.14,0.06693
2023-02-02 02:00:00,0.0483333333333333,51.25,0.344805,91,0.0,0.05735,0.14006,0.06693
2023-02-02 03:00:00,0.0483333333333333,49.5,0.369045,91,0.0,0.05735,0.1222,0.06693
2023-02-02 04:00:00,0.0483333333333333,49.5,0.3659699999999999,91,0.0,0.05735,0.11374,0.06693
2023-02-02 05:00:00,0.0466666666666666,52.0,0.854355,91,0.0,0.05735,0.12729000000000001,0.06693
2023-02-02 06:00:00,0.0499999999999999,59.75,1.422645,91,0.0,0.22622,0.1415,0.06693
2023-02-02 07:00:00,0.0466666666666666,64.0,1.487325,91,0.0,0.22622,0.17002,0.06693
2023-02-02 08:00:00,0.0483333333333333,64.0,1.43495,91,0.0279813676079114,0.22622,0.18193,0.06693
2023-02-02 09:00:00,0.0283333333333333,63.0,1.30182,91,0.1376394017537435,0.22622,0.1782,0.06693
2023-02-02 10:00:00,0.0216666666666666,62.0,1.05812,91,0.2552464969341572,0.22622,0.17009,0.06693
2023-02-02 11:00:00,0.0249999999999999,58.5,0.87394,91,0.3438077760354066,0.22622,0.16721,0.06693
2023-02-02 12:00:00,0.0749999999999999,55.5,0.7892250000000001,91,0.3895835896027393,0.22622,0.15686000000000003,0.06693
2023-02-02 13:00:00,0.0233333333333333,56.75,0.682855,91,0.491927521534455,0.22622,0.15274000000000001,0.06693
2023-02-02 14:00:00,0.0333333333333333,58.0,0.5671050000000001,91,0.4071225657014766,0.22622,0.16144,0.06693
2023-02-02 15:00:00,1.0016666666666667,59.0,0.5526300000000001,91,0.2769282058976655,0.22622,0.16338999999999998,0.06693
2023-02-02 16:00:00,1.13,59.75,0.573665,91,0.1079076065161289,0.22622,0.16728,0.06693
2023-02-02 17:00:00,0.0433333333333333,60.75,0.7217699999999999,91,0.0089276923930161,0.22622,0.17817,0.06693
2023-02-02 18:00:00,0.0333333333333333,60.0,0.703665,91,0.0,0.22622,0.18312,0.06693
2023-02-02 19:00:00,0.03,60.0,0.36929,91,0.0,0.22622,0.17533,0.06693
2023-02-02 20:00:00,0.0349999999999999,60.75,0.16124,91,0.0,0.22622,0.1635,0.06693
2023-02-02 21:00:00,0.03,61.0,0.0537999999999999,91,0.0,0.22622,0.15297,0.06693
2023-02-02 22:00:00,0.0316666666666666,61.5,0.09174,91,0.0,0.05735,0.14366,0.06693
2023-02-02 23:00:00,0.0316666666666666,61.25,0.15882,91,0.0,0.05735,0.13465,0.06693
2023-02-03 00:00:00,0.0316666666666666,48.75,0.170205,91,0.0,0.05735,0.12586,0.06693
2023-02-03 01:00:00,0.03,41.0,0.22274,91,0.0,0.05735,0.12448000000000001,0.06693
2023-02-03 02:00:00,0.0316666666666666,39.75,0.38683,91,0.0,0.05735,0.12001,0.06693
2023-02-03 03:00:00,0.0316666666666666,41.5,0.460415,91,0.0,0.05735,0.10786,0.06693
2023-02-03 04:00:00,0.03,41.75,0.40212,91,0.0,0.05735,0.09564,0.06693
2023-02-03 05:00:00,0.0316666666666666,41.0,0.8541250000000001,91,0.0,0.05735,0.10986,0.06693
2023-02-03 06:00:00,0.03,40.75,1.429375,91,0.0,0.22622,0.12959,0.06693
2023-02-03 07:00:00,0.0316666666666666,49.25,1.547665,91,0.0,0.22622,0.1497,0.06693
2023-02-03 08:00:00,0.0316666666666666,55.75,1.5011649999999996,91,0.0273176069010017,0.22622,0.16513999999999998,0.06693
2023-02-03 09:00:00,0.0316666666666666,55.75,1.3753149999999998,91,0.0964172642455141,0.22622,0.15841,0.06693
2023-02-03 10:00:00,0.03,52.75,1.249005,91,0.2647064114432049,0.22622,0.16455,0.06693
2023-02-03 11:00:00,0.0316666666666666,51.25,1.138985,91,0.3546129911373823,0.22622,0.14313,0.06693
2023-02-03 12:00:00,0.0316666666666666,51.0,0.958735,91,0.3976322206676516,0.22622,0.1328,0.06693
2023-02-03 13:00:00,0.03,51.5,0.7676050000000001,91,0.3778024774535089,0.22622,0.12994999999999998,0.06693
2023-02-03 14:00:00,0.0316666666666666,53.0,0.71213,91,0.3282119659684662,0.22622,0.13413999999999998,0.06693
2023-02-03 15:00:00,0.0316666666666666,55.0,0.6049,91,0.2354561533479609,0.22622,0.1395,0.06693
2023-02-03 16:00:00,0.03,54.75,0.2318499999999999,91,0.0988330771372868,0.22622,0.13465,0.06693
2023-02-03 17:00:00,0.0316666666666666,57.25,0.0020749999999999,91,0.0114616238924427,0.22622,0.14199,0.06693
2023-02-03 18:00:00,0.03,58.75,0.0004199999999999,91,7.521367918413419e-06,0.22622,0.15869999999999998,0.06693
2023-02-03 19:00:00,0.0316666666666666,57.5,0.0,91,0.0,0.22622,0.18513,0.06693
2023-02-03 20:00:00,0.0316666666666666,58.25,0.0,91,0.0,0.22622,0.17306,0.06693
2023-02-03 21:00:00,0.0316666666666666,58.5,0.0,91,0.0,0.22622,0.15215,0.06693
2023-02-03 22:00:00,0.0316666666666666,58.25,0.0,91,0.0,0.05735,0.15098,0.06693
2023-02-03 23:00:00,0.03,59.0,0.0,91,0.0,0.05735,0.14658000000000002,0.06693
2023-02-04 00:00:00,0.0333333333333333,59.5,0.0,91,0.0,0.05735,0.15809,0.06693
2023-02-04 01:00:00,0.03,61.25,0.0,91,0.0,0.05735,0.15525999999999998,0.06693
2023-02-04 02:00:00,0.0316666666666666,63.25,0.0,91,0.0,0.05735,0.14749,0.06693
2023-02-04 03:00:00,0.03,63.25,0.0,91,0.0,0.05735,0.12912,0.06693
2023-02-04 04:00:00,0.03,60.75,0.0,91,0.0,0.05735,0.12955,0.06693
2023-02-04 05:00:00,0.0316666666666666,65.5,0.0,91,0.0,0.05735,0.1358,0.06693
2023-02-04 06:00:00,0.0283333333333333,64.0,0.0,91,0.0,0.22622,0.14315,0.06693
2023-02-04 07:00:00,0.0333333333333333,62.75,0.0,91,0.0,0.22622,0.15637,0.06693
2023-02-04 08:00:00,0.03,64.5,0.0,91,0.0070029059179827,0.22622,0.16419,0.06693
2023-02-04 09:00:00,0.0316666666666666,62.0,0.0,91,0.0392337606910966,0.22622,0.16983,0.06693
2023-02-04 10:00:00,0.0333333333333333,58.75,0.49128,91,0.0922913672781398,0.22622,0.16411,0.06693
2023-02-04 11:00:00,0.03,57.75,0.872525,91,0.1336737605037852,0.22622,0.15638999999999997,0.06693
2023-02-04 12:00:00,0.0316666666666666,58.0,0.52689,91,0.205017521687043,0.22622,0.14884,0.06693
2023-02-04 13:00:00,0.03,58.0,0.228195,91,0.212523076962202,0.22622,0.13337000000000002,0.06693
2023-02-04 14:00:00,0.03,57.5,0.110425,91,0.1883237604809622,0.22622,0.13409000000000001,0.06693
2023-02-04 15:00:00,0.0316666666666666,60.75,0.12065,91,0.209796239168216,0.22622,0.14161,0.06693
2023-02-04 16:00:00,0.0316666666666666,64.5,0.135345,91,0.0804840170216356,0.22622,0.15536000000000003,0.06693
2023-02-04 17:00:00,0.0316666666666666,65.25,0.146485,91,0.0065076922415158,0.22622,0.17029,0.06693
2023-02-04 18:00:00,0.03,62.25,0.1853399999999999,91,0.0,0.22622,0.18416,0.06693
2023-02-04 19:00:00,0.0316666666666666,62.25,0.170485,91,0.0,0.22622,0.17996,0.06693
2023-02-04 20:00:00,0.0316666666666666,63.75,0.13939,91,0.0,0.22622,0.16781000000000001,0.06693
2023-02-04 21:00:00,0.0316666666666666,63.5,0.079445,91,0.0,0.22622,0.1581,0.06693
2023-02-04 22:00:00,0.0316666666666666,65.25,0.09718,91,0.0,0.05735,0.15237,0.06693
2023-02-04 23:00:00,0.0316666666666666,65.0,0.1491249999999999,91,0.0,0.05735,0.13647,0.06693
2023-02-05 00:00:00,0.0316666666666666,56.25,0.164595,91,0.0,0.05735,0.14648,0.06693
2023-02-05 01:00:00,0.03,41.75,0.1899149999999999,91,0.0,0.05735,0.1451,0.06693
2023-02-05 02:00:00,0.0316666666666666,38.25,0.209995,91,0.0,0.05735,0.13883,0.06693
2023-02-05 03:00:00,0.03,37.75,0.203285,91,0.0,0.05735,0.13,0.06693
2023-02-05 04:00:00,0.03,35.75,0.19887,91,0.0,0.05735,0.11513,0.06693
2023-02-05 05:00:00,0.0316666666666666,35.75,0.3374949999999999,91,0.0,0.05735,0.11306999999999999,0.06693
2023-02-05 06:00:00,0.03,36.5,0.3582049999999999,91,0.0,0.22622,0.11381999999999999,0.06693
2023-02-05 07:00:00,0.0316666666666666,35.25,0.2564,91,1.0598290425080512e-05,0.22622,0.11543,0.06693
2023-02-05 08:00:00,0.0283333333333333,34.0,0.3066849999999999,91,0.015761965748846,0.22622,0.122,0.06693
2023-02-05 09:00:00,0.0316666666666666,31.75,0.3077149999999999,91,0.0813196577169956,0.22622,0.11859,0.06693
2023-02-05 10:00:00,0.03,32.5,0.269225,91,0.1882470077938503,0.22622,0.11883,0.06693
2023-02-05 11:00:00,0.03,31.5,0.213565,91,0.2732927348471096,0.22622,0.12284,0.06693
2023-02-05 12:00:00,0.0316666666666666,30.25,0.1942,91,0.2569094876346425,0.22622,0.11682,0.06693
2023-02-05 13:00:00,0.0283333333333333,30.0,0.183485,91,0.1731899998330662,0.22622,0.10733,0.06693
2023-02-05 14:00:00,0.0316666666666666,31.25,0.1594799999999999,91,0.1360041024949815,0.22622,0.11005,0.06693
2023-02-05 15:00:00,0.0316666666666666,33.25,0.1891199999999999,91,0.1013162396096775,0.22622,0.11637,0.06693
2023-02-05 16:00:00,0.03,34.5,0.2123549999999999,91,0.0498076922261817,0.22622,0.12635,0.06693
2023-02-05 17:00:00,0.0316666666666666,40.25,0.2291449999999999,91,0.0120504273706649,0.22622,0.14797,0.06693
2023-02-05 18:00:00,0.03,50.75,0.25236,91,0.0,0.22622,0.17138,0.06693
2023-02-05 19:00:00,0.0316666666666666,52.5,0.262115,91,0.0,0.22622,0.17654,0.06693
2023-02-05 20:00:00,0.0316666666666666,54.0,0.202635,91,0.0,0.22622,0.16821,0.06693
2023-02-05 21:00:00,0.0316666666666666,54.75,0.2043749999999999,91,0.0,0.22622,0.15366,0.06693
2023-02-05 22:00:00,0.0316666666666666,56.25,0.26635,91,0.0,0.05735,0.15574000000000002,0.06693
2023-02-05 23:00:00,0.0316666666666666,58.75,0.30159,91,0.0,0.05735,0.14418,0.06693
2023-02-06 00:00:00,0.0316666666666666,56.75,0.339485,91,0.0,0.05735,0.145,0.06693
2023-02-06 01:00:00,0.0316666666666666,55.25,0.36287,91,0.0,0.05735,0.14373,0.06693
2023-02-06 02:00:00,0.0316666666666666,56.0,0.3572249999999999,91,0.0,0.05735,0.14534,0.06693
2023-02-06 03:00:00,0.03,56.75,0.7464050000000001,91,0.0,0.05735,0.14206,0.06693
2023-02-06 04:00:00,0.0316666666666666,58.0,1.106855,91,0.0,0.05735,0.1401,0.06693
2023-02-06 05:00:00,0.0316666666666666,66.0,1.149265,91,0.0,0.05735,0.14893,0.06693
2023-02-06 06:00:00,0.0316666666666666,73.0,1.310755,91,0.0,0.22622,0.17564,0.06693
2023-02-06 07:00:00,0.03,75.25,1.355995,91,9.230769470206668e-06,0.22622,0.20065,0.06693
2023-02-06 08:00:00,0.0316666666666666,75.75,1.342805,91,0.0237035042646094,0.22622,0.21339,0.06693
2023-02-06 09:00:00,0.03,69.0,1.23901,91,0.0718305982279981,0.22622,0.20053,0.06693
2023-02-06 10:00:00,0.0316666666666666,70.75,1.12367,91,0.0948399146805461,0.22622,0.18508000000000002,0.06693
2023-02-06 11:00:00,0.0316666666666666,70.0,1.101555,91,0.1822874352870843,0.22622,0.17499,0.06693
2023-02-06 12:00:00,0.03,69.25,0.92702,91,0.3361008541400616,0.22622,0.15909,0.06693
2023-02-06 13:00:00,0.2766666666666666,68.0,0.783065,91,0.3128645288842355,0.22622,0.15391,0.06693
2023-02-06 14:00:00,3.0416666666666665,69.5,0.862175,91,0.1130859824938651,0.22622,0.15669999999999998,0.06693
2023-02-06 15:00:00,0.655,70.75,0.916285,91,0.0849601708925686,0.22622,0.16596,0.06693
2023-02-06 16:00:00,0.0349999999999999,74.0,0.91004,91,0.0400518803311209,0.22622,0.18180000000000002,0.06693
2023-02-06 17:00:00,0.03,74.0,0.955205,91,0.0120926495770024,0.22622,0.19894,0.06693
2023-02-06 18:00:00,0.0333333333333333,72.0,0.851735,91,0.0,0.22622,0.2135,0.06693
2023-02-06 19:00:00,0.0316666666666666,70.0,0.46703,91,0.0,0.22622,0.20538,0.06693
2023-02-06 20:00:00,0.0333333333333333,71.0,0.1663849999999999,91,0.0,0.22622,0.18621000000000001,0.06693
2023-02-06 21:00:00,0.0616666666666666,68.5,0.07297,91,0.0,0.22622,0.16646,0.06693
2023-02-06 22:00:00,10.603333333333332,63.75,0.13014,91,0.0,0.05735,0.15819,0.06693
2023-02-06 23:00:00,14.273333333333332,63.25,0.20345,91,0.0,0.05735,0.154,0.06693
2023-02-07 00:00:00,12.05,63.75,0.17398,91,0.0,0.05735,0.14549,0.06693
2023-02-07 01:00:00,12.533333333333331,65.25,0.2017449999999999,91,0.0,0.05735,0.14178,0.06693
2023-02-07 02:00:00,1.7866666666666664,64.0,0.358135,91,0.0,0.05735,0.1402,0.06693
2023-02-07 03:00:00,11.353333333333332,63.25,0.376905,91,0.0,0.05735,0.13907,0.06693
2023-02-07 04:00:00,12.166666666666666,65.0,0.3587,91,0.0,0.05735,0.1416,0.06693
2023-02-07 05:00:00,0.0516666666666666,65.0,0.851245,91,0.0,0.05735,0.14593,0.06693
2023-02-07 06:00:00,0.0333333333333333,64.0,1.325445,91,0.0,0.22622,0.17054,0.06693
2023-02-07 07:00:00,0.03,62.0,1.394525,91,0.000162649572405,0.22622,0.19804,0.06693
2023-02-07 08:00:00,0.0333333333333333,57.0,1.4013800000000003,91,0.0379354704139579,0.22622,0.21412,0.06693
2023-02-07 09:00:00,2.785,56.0,1.40474,91,0.1670594873998919,0.22622,0.1933,0.06693
2023-02-07 10:00:00,4.08,56.0,1.22747,91,0.2826437612680289,0.22622,0.17498,0.06693
2023-02-07 11:00:00,4.071666666666666,55.0,1.0818200000000002,91,0.3819103436592297,0.22622,0.15758000000000003,0.06693
2023-02-07 12:00:00,4.073333333333333,46.75,1.00479,91,0.4285822243975777,0.22622,0.15691,0.06693
2023-02-07 13:00:00,0.8216666666666667,49.5,0.8608199999999999,91,0.4203363284901675,0.22622,0.14513,0.06693
2023-02-07 14:00:00,0.0333333333333333,51.0,0.7729750000000001,91,0.3629731659196381,0.22622,0.15725,0.06693
2023-02-07 15:00:00,0.0316666666666666,57.75,0.71355,91,0.2562914536957048,0.22622,0.17187,0.06693
2023-02-07 16:00:00,0.17,58.25,0.6259100000000001,91,0.1185038463885967,0.22622,0.18997999999999998,0.06693
2023-02-07 17:00:00,12.678333333333333,58.0,0.76966,91,0.0114104273822954,0.22622,0.22225999999999999,0.06693
2023-02-07 18:00:00,7.196666666666666,56.5,0.8405,91,1.709401790593932e-06,0.22622,0.24559999999999998,0.06693
2023-02-07 19:00:00,1.88,56.0,0.460625,91,0.0,0.22622,0.229,0.06693
2023-02-07 20:00:00,5.09,55.25,0.17976,91,0.0,0.22622,0.19903,0.06693
2023-02-07 21:00:00,15.39,58.25,0.161545,91,0.0,0.22622,0.18818000000000001,0.06693
2023-02-07 22:00:00,8.078333333333333,60.0,0.2237,91,0.0,0.05735,0.17327,0.06693
2023-02-07 23:00:00,7.215,60.75,0.26025,91,0.0,0.05735,0.16302,0.06693
2023-02-08 00:00:00,6.621666666666667,62.25,0.294485,91,0.0,0.05735,0.16,0.06693
2023-02-08 01:00:00,6.763333333333333,63.0,0.348265,91,0.0,0.05735,0.15513,0.06693
2023-02-08 02:00:00,7.1066666666666665,62.25,0.39566,91,0.0,0.05735,0.15,0.06693
2023-02-08 03:00:00,7.266666666666667,63.25,0.392875,91,0.0,0.05735,0.14795,0.06693
2023-02-08 04:00:00,11.405,66.0,0.40101,91,0.0,0.05735,0.14597,0.06693
2023-02-08 05:00:00,2.963333333333333,66.0,0.9298,91,0.0,0.05735,0.14959999999999998,0.06693
2023-02-08 06:00:00,0.0333333333333333,66.25,1.50735,91,0.0,0.22622,0.17568999999999999,0.06693
2023-02-08 07:00:00,0.0316666666666666,66.75,1.55171,91,0.0003111111137092,0.22622,0.19663999999999998,0.06693
2023-02-08 08:00:00,0.0316666666666666,62.0,1.50585,91,0.0399243584810159,0.22622,0.2159,0.06693
2023-02-08 09:00:00,0.06,60.75,1.5131249999999998,91,0.1552464951409234,0.22622,0.18253999999999998,0.06693
2023-02-08 10:00:00,0.0883333333333333,58.75,1.423205,91,0.279595214322082,0.22622,0.17184,0.06693
2023-02-08 11:00:00,0.0316666666666666,53.25,1.29492,91,0.3759963245880909,0.22622,0.14862,0.06693
2023-02-08 12:00:00,0.0333333333333333,55.0,1.133035,91,0.4232894845294137,0.22622,0.14023,0.06693
2023-02-08 13:00:00,0.0316666666666666,54.75,0.963865,91,0.4092078647450504,0.22622,0.13513999999999998,0.06693
2023-02-08 14:00:00,0.0333333333333333,57.5,0.8386149999999999,91,0.3492642730321639,0.22622,0.13646,0.06693
2023-02-08 15:00:00,0.1433333333333333,59.25,0.7477899999999998,91,0.2505599140917134,0.22622,0.14474,0.06693
2023-02-08 16:00:00,0.8250000000000001,61.5,0.687865,91,0.1212005129838601,0.22622,0.15830000000000002,0.06693
2023-02-08 17:00:00,0.1583333333333333,63.25,0.8048799999999999,91,0.0126014529104925,0.22622,0.18399000000000001,0.06693
2023-02-08 18:00:00,0.0316666666666666,63.25,0.8669249999999998,91,1.3675213608349488e-05,0.22622,0.19244999999999998,0.06693
2023-02-08 19:00:00,0.0333333333333333,62.0,0.4874749999999999,91,0.0,0.22622,0.19303,0.06693
2023-02-08 20:00:00,0.0316666666666666,63.75,0.184835,91,0.0,0.22622,0.17629,0.06693
2023-02-08 21:00:00,0.0349999999999999,65.0,0.11297,91,0.0,0.22622,0.16284,0.06693
2023-02-08 22:00:00,0.03,67.25,0.12853,91,0.0,0.05735,0.16972,0.06693
2023-02-08 23:00:00,0.0349999999999999,67.0,0.32231,91,0.0,0.05735,0.16097,0.06693
2023-02-09 00:00:00,0.0316666666666666,64.75,0.39797,91,0.0,0.05735,0.16183,0.06693
2023-02-09 01:00:00,0.0333333333333333,66.25,0.36134,91,0.0,0.05735,0.15927000000000002,0.06693
2023-02-09 02:00:00,0.0333333333333333,70.75,0.3846,91,0.0,0.05735,0.15591,0.06693
2023-02-09 03:00:00,0.0316666666666666,73.25,0.390295,91,0.0,0.05735,0.14993,0.06693
2023-02-09 04:00:00,0.0316666666666666,75.25,0.431525,91,0.0,0.05735,0.14652,0.06693
2023-02-09 05:00:00,0.0333333333333333,74.0,0.91429,91,0.0,0.05735,0.15582,0.06693
2023-02-09 06:00:00,0.0316666666666666,72.75,1.54282,91,0.0,0.22622,0.17119,0.06693
2023-02-09 07:00:00,0.0333333333333333,69.0,1.6823750000000002,91,0.0004958119676408,0.22622,0.1866,0.06693
2023-02-09 08:00:00,0.0316666666666666,70.5,1.632325,91,0.0412755554354088,0.22622,0.23,0.06693
2023-02-09 09:00:00,0.0316666666666666,77.0,1.54959,91,0.1615149579496465,0.22622,0.25666,0.06693
2023-02-09 10:00:00,0.0316666666666666,75.5,1.345955,91,0.2953812842083793,0.22622,0.20336,0.06693
2023-02-09 11:00:00,0.0333333333333333,66.5,1.159445,91,0.4103088059384598,0.22622,0.1762,0.06693
2023-02-09 12:00:00,0.0316666666666666,66.0,0.997155,91,0.4444692301953959,0.22622,0.15785,0.06693
2023-02-09 13:00:00,0.0333333333333333,64.0,0.8460000000000001,91,0.382244017837394,0.22622,0.15506999999999999,0.06693
2023-02-09 14:00:00,0.03,62.5,0.785335,91,0.3529136771829719,0.22622,0.15940000000000001,0.06693
2023-02-09 15:00:00,2.645,66.75,0.70899,91,0.2760764955047868,0.22622,0.16399,0.06693
2023-02-09 16:00:00,3.42,73.25,0.695335,91,0.0980796575138711,0.22622,0.16573,0.06693
2023-02-09 17:00:00,0.0516666666666666,73.5,0.78057,91,0.0196205126350888,0.22622,0.17495,0.06693
2023-02-09 18:00:00,0.0333333333333333,70.75,0.75249,91,1.1965812335157009e-06,0.22622,0.225,0.06693
2023-02-09 19:00:00,0.0316666666666666,73.0,0.448855,91,0.0,0.22622,0.23759,0.06693
2023-02-09 20:00:00,0.0349999999999999,74.0,0.167685,91,0.0,0.22622,0.19803,0.06693
2023-02-09 21:00:00,0.03,77.5,0.09396,91,0.0,0.22622,0.17999,0.06693
2023-02-09 22:00:00,0.0349999999999999,78.75,0.13941,91,0.0,0.05735,0.17499,0.06693
2023-02-09 23:00:00,0.0683333333333333,80.0,0.20123,91,0.0,0.05735,0.16661,0.06693
2023-02-10 00:00:00,9.48,81.0,0.3559549999999999,91,0.0,0.05735,0.15558000000000002,0.06693
2023-02-10 01:00:00,4.343333333333333,81.5,0.4515699999999999,91,0.0,0.05735,0.15428,0.06693
2023-02-10 02:00:00,13.33,85.25,0.3963049999999999,91,0.0,0.05735,0.15,0.06693
2023-02-10 03:00:00,0.8116666666666666,87.0,0.418415,91,0.0,0.05735,0.139,0.06693
2023-02-10 04:00:00,13.801666666666668,88.25,0.456155,91,0.0,0.05735,0.138,0.06693
2023-02-10 05:00:00,0.7183333333333334,86.5,0.908325,91,0.0,0.05735,0.14459,0.06693
2023-02-10 06:00:00,13.208333333333334,86.75,1.459695,91,0.0,0.22622,0.16729,0.06693
2023-02-10 07:00:00,0.0416666666666666,82.25,1.599755,91,0.0005456410252895,0.22622,0.18630000000000002,0.06693
2023-02-10 08:00:00,0.0349999999999999,79.75,1.6084249999999998,91,0.04363931601883,0.22622,0.20271,0.06693
2023-02-10 09:00:00,0.0316666666666666,76.0,1.56864,91,0.1687996590443146,0.22622,0.18691,0.06693
2023-02-10 10:00:00,0.0333333333333333,76.75,1.37467,91,0.2942153001442933,0.22622,0.16829,0.06693
2023-02-10 11:00:00,0.0316666666666666,76.75,1.136215,91,0.3876714494493273,0.22622,0.15528999999999998,0.06693
2023-02-10 12:00:00,0.0333333333333333,71.75,0.99778,91,0.4246988032414363,0.22622,0.1357,0.06693
2023-02-10 13:00:00,0.0333333333333333,69.0,0.903385,91,0.4133596580048912,0.22622,0.1255,0.06693
2023-02-10 14:00:00,0.0333333333333333,69.25,0.844545,91,0.359134015466413,0.22622,0.12458,0.06693
2023-02-10 15:00:00,3.93,73.0,0.7780999999999999,91,0.2560149572649572,0.22622,0.13186,0.06693
2023-02-10 16:00:00,10.840000000000002,78.0,0.7063299999999999,91,0.1249996580629267,0.22622,0.15080000000000002,0.06693
2023-02-10 17:00:00,1.7383333333333333,81.0,0.831045,91,0.0163485469700943,0.22622,0.16169999999999998,0.06693
2023-02-10 18:00:00,0.0316666666666666,84.0,0.8729100000000001,91,6.769230613150653e-05,0.22622,0.17697,0.06693
2023-02-10 19:00:00,0.0333333333333333,85.0,0.489745,91,0.0,0.22622,0.18588,0.06693
2023-02-10 20:00:00,0.0316666666666666,85.5,0.179945,91,0.0,0.22622,0.17227,0.06693
2023-02-10 21:00:00,0.0333333333333333,85.0,0.1166799999999999,91,0.0,0.22622,0.16748,0.06693
2023-02-10 22:00:00,0.0316666666666666,84.75,0.13132,91,0.0,0.05735,0.16703,0.06693
2023-02-10 23:00:00,0.0316666666666666,86.5,0.1731599999999999,91,0.0,0.05735,0.16093000000000002,0.06693
2023-02-11 00:00:00,0.0316666666666666,86.5,0.179225,91,0.0,0.05735,0.15894999999999998,0.06693
2023-02-11 01:00:00,0.03,89.5,0.308605,91,0.0,0.05735,0.15450999999999998,0.06693
2023-02-11 02:00:00,0.0316666666666666,85.25,0.36039,91,0.0,0.05735,0.15003,0.06693
2023-02-11 03:00:00,0.0333333333333333,87.0,0.25855,91,0.0,0.05735,0.13348,0.06693
2023-02-11 04:00:00,0.03,92.0,0.301625,91,0.0,0.05735,0.13216,0.06693
2023-02-11 05:00:00,0.0316666666666666,89.5,0.54116,91,0.0,0.05735,0.15342,0.06693
2023-02-11 06:00:00,0.0316666666666666,87.25,0.5026,91,0.0,0.22622,0.15306999999999998,0.06693
2023-02-11 07:00:00,0.0333333333333333,88.25,0.313075,91,0.0005761538471421,0.22622,0.1623,0.06693
2023-02-11 08:00:00,0.03,86.0,0.37856,91,0.0436986324216565,0.22622,0.1464,0.06693
2023-02-11 09:00:00,0.0333333333333333,82.25,0.418265,91,0.1666217955564841,0.22622,0.16235,0.06693
2023-02-11 10:00:00,0.0316666666666666,78.5,0.339375,91,0.2625379480867305,0.22622,0.155,0.06693
2023-02-11 11:00:00,0.0333333333333333,74.0,0.2356399999999999,91,0.2543702559185843,0.22622,0.14991,0.06693
2023-02-11 12:00:00,0.0316666666666666,71.0,0.1613899999999999,91,0.2470956414377587,0.22622,0.1351,0.06693
2023-02-11 13:00:00,0.0333333333333333,71.75,0.1039049999999999,91,0.2623233325664814,0.22622,0.13016,0.06693
2023-02-11 14:00:00,0.03,75.0,0.0910199999999999,91,0.2654100000756418,0.22622,0.12709,0.06693
2023-02-11 15:00:00,0.0316666666666666,81.75,0.09035,91,0.2469350417047484,0.22622,0.12331,0.06693
2023-02-11 16:00:00,0.0316666666666666,84.0,0.07815,91,0.1314200851244804,0.22622,0.12789,0.06693
2023-02-11 17:00:00,0.0316666666666666,87.5,0.13136,91,0.0156511965903461,0.22622,0.15456999999999999,0.06693
2023-02-11 18:00:00,0.0316666666666666,88.5,0.1782949999999999,91,0.0001444444446386,0.22622,0.17412,0.06693
2023-02-11 19:00:00,0.0316666666666666,86.25,0.1583199999999999,91,0.0,0.22622,0.17796,0.06693
2023-02-11 20:00:00,0.0333333333333333,85.5,0.1160549999999999,91,0.0,0.22622,0.16257,0.06693
2023-02-11 21:00:00,0.03,81.75,0.1170899999999999,91,0.0,0.22622,0.15558000000000002,0.06693
2023-02-11 22:00:00,0.0333333333333333,79.0,0.1684,91,0.0,0.05735,0.15222999999999998,0.06693
2023-02-11 23:00:00,0.03,78.25,0.31695,91,0.0,0.05735,0.1477,0.06693
2023-02-12 00:00:00,0.0316666666666666,75.5,0.331945,91,0.0,0.05735,0.149,0.06693
2023-02-12 01:00:00,0.0333333333333333,76.0,0.2989699999999999,91,0.0,0.05735,0.13447,0.06693
2023-02-12 02:00:00,0.03,74.25,0.357815,91,0.0,0.05735,0.13247,0.06693
2023-02-12 03:00:00,0.0316666666666666,73.25,0.33157,91,0.0,0.05735,0.1281,0.06693
2023-02-12 04:00:00,0.03,74.0,0.3623,91,0.0,0.05735,0.129,0.06693
2023-02-12 05:00:00,0.0333333333333333,74.5,0.54464,91,0.0,0.05735,0.13013999999999998,0.06693
2023-02-12 06:00:00,0.03,75.75,0.5169549999999999,91,0.0,0.22622,0.13571,0.06693
2023-02-12 07:00:00,0.0316666666666666,70.25,0.38077,91,0.0010549572543201,0.22622,0.14479,0.06693
2023-02-12 08:00:00,0.03,62.75,0.42413,91,0.049019060175643,0.22622,0.1494,0.06693
2023-02-12 09:00:00,0.0333333333333333,58.75,0.4010599999999999,91,0.1775494865678314,0.22622,0.15033000000000002,0.06693
2023-02-12 10:00:00,4.64,52.25,0.3265499999999999,91,0.2666338459243123,0.22622,0.14556,0.06693
2023-02-12 11:00:00,9.02,50.5,0.23795,91,0.2613138462946965,0.22622,0.14007,0.06693
2023-02-12 12:00:00,5.431666666666668,49.75,0.224985,91,0.2465944445031321,0.22622,0.12988999999999998,0.06693
2023-02-12 13:00:00,9.81,50.0,0.202785,91,0.2533256406865568,0.22622,0.12,0.06693
2023-02-12 14:00:00,4.22,53.75,0.143715,91,0.2793926506368523,0.22622,0.12,0.06693
2023-02-12 15:00:00,9.45,56.0,0.120385,91,0.2496942732069227,0.22622,0.12462999999999999,0.06693
2023-02-12 16:00:00,0.505,57.0,0.095685,91,0.1348248729542789,0.22622,0.13516,0.06693
2023-02-12 17:00:00,14.051666666666668,63.0,0.14334,91,0.0151900853662409,0.22622,0.15854,0.06693
2023-02-12 18:00:00,0.2416666666666666,65.75,0.222365,91,0.0001245299147633,0.22622,0.1751,0.06693
2023-02-12 19:00:00,0.1116666666666666,64.0,0.21341,91,0.0,0.22622,0.17558,0.06693
2023-02-12 20:00:00,0.0333333333333333,64.75,0.150585,91,0.0,0.22622,0.17,0.06693
2023-02-12 21:00:00,0.0416666666666666,65.25,0.138585,91,0.0,0.22622,0.15706,0.06693
2023-02-12 22:00:00,10.421666666666669,64.75,0.197085,91,0.0,0.05735,0.15288,0.06693
2023-02-12 23:00:00,5.098333333333333,65.5,0.38081,91,0.0,0.05735,0.14465999999999998,0.06693
2023-02-13 00:00:00,0.0316666666666666,68.25,0.465705,91,0.0,0.05735,0.14009,0.06693
2023-02-13 01:00:00,0.0316666666666666,68.75,0.3815549999999999,91,0.0,0.05735,0.13876,0.06693
2023-02-13 02:00:00,0.0316666666666666,68.75,0.40745,91,0.0,0.05735,0.1358,0.06693
2023-02-13 03:00:00,0.03,68.5,0.917225,91,0.0,0.05735,0.12904,0.06693
2023-02-13 04:00:00,0.0316666666666666,69.25,1.18812,91,0.0,0.05735,0.131,0.06693
2023-02-13 05:00:00,0.0316666666666666,72.75,1.224,91,0.0,0.05735,0.13743,0.06693
2023-02-13 06:00:00,0.0316666666666666,76.25,0.8228362409845449,91,0.0,0.22622,0.16319,0.06693
2023-02-13 07:00:00,0.0316666666666666,78.5,0.4759512409845449,91,0.000999914528404,0.22622,0.19608,0.06693
2023-02-13 08:00:00,0.0316666666666666,76.75,1.15694,91,0.0496120515032711,0.22622,0.22999,0.06693
2023-02-13 09:00:00,0.0466666666666666,75.25,1.637785,91,0.1804786326742579,0.22622,0.19619999999999999,0.06693
2023-02-13 10:00:00,3.44,74.25,1.5232650000000003,91,0.2567689748910757,0.22622,0.17335,0.06693
2023-02-13 11:00:00,3.873333333333333,74.5,1.181005,91,0.2068664961594801,0.22622,0.15231,0.06693
2023-02-13 12:00:00,0.0333333333333333,72.75,0.96552,91,0.1987253850953192,0.22622,0.13594,0.06693
2023-02-13 13:00:00,0.0349999999999999,72.0,0.806185,91,0.18991333333855,0.22622,0.13291,0.06693
2023-02-13 14:00:00,0.0316666666666666,72.0,0.66729,91,0.1911199991927188,0.22622,0.13536,0.06693
2023-02-13 15:00:00,0.0333333333333333,71.25,0.5755450000000001,91,0.1999645296732584,0.22622,0.14845,0.06693
2023-02-13 16:00:00,0.0333333333333333,73.75,0.511525,91,0.1385627355331029,0.22622,0.16108,0.06693
2023-02-13 17:00:00,0.0333333333333333,76.75,0.59026,91,0.0154546152475552,0.22622,0.18806,0.06693
2023-02-13 18:00:00,0.0316666666666666,79.25,0.5563049999999999,91,0.0001461538469864,0.22622,0.22180000000000002,0.06693
2023-02-13 19:00:00,0.0349999999999999,76.0,0.31482,91,0.0,0.22622,0.20663,0.06693
2023-02-13 20:00:00,0.0316666666666666,76.0,0.1567849999999999,91,0.0,0.22622,0.18786000000000003,0.06693
2023-02-13 21:00:00,0.0316666666666666,78.75,0.0695549999999999,91,0.0,0.22622,0.16919,0.06693
2023-02-13 22:00:00,0.0333333333333333,81.5,0.130375,91,0.0,0.05735,0.16097,0.06693
2023-02-13 23:00:00,0.0333333333333333,82.75,0.195195,91,0.0,0.05735,0.15012,0.06693
2023-02-14 00:00:00,0.0316666666666666,81.75,0.18849,91,0.0,0.05735,0.13562000000000002,0.06693
2023-02-14 01:00:00,0.0333333333333333,73.0,0.20378,91,0.0,0.05735,0.13232,0.06693
2023-02-14 02:00:00,0.0333333333333333,76.5,0.281015,91,0.0,0.05735,0.13216,0.06693
2023-02-14 03:00:00,0.0316666666666666,79.5,0.39962,91,0.0,0.05735,0.13212000000000002,0.06693
2023-02-14 04:00:00,0.0333333333333333,80.0,0.449465,91,0.0,0.05735,0.13232,0.06693
2023-02-14 05:00:00,0.0316666666666666,80.0,0.922585,91,0.0,0.05735,0.14193,0.06693
2023-02-14 06:00:00,0.0333333333333333,79.75,1.44231,91,0.0,0.22622,0.16646,0.06693
2023-02-14 07:00:00,0.0316666666666666,76.25,1.4661099999999998,91,0.0010843589666307,0.22622,0.19999,0.06693
2023-02-14 08:00:00,0.0333333333333333,74.25,1.43851,91,0.0516801707051758,0.22622,0.20698,0.06693
2023-02-14 09:00:00,3.233333333333333,73.25,1.3324550000000002,91,0.1746913680052146,0.22622,0.18059999999999998,0.06693
2023-02-14 10:00:00,4.073333333333333,75.25,1.08291,91,0.2129647005521333,0.22622,0.16463,0.06693
2023-02-14 11:00:00,4.07,74.5,0.901965,91,0.2064311110667693,0.22622,0.14342,0.06693
2023-02-14 12:00:00,4.071666666666666,69.75,0.7608799999999999,91,0.1919100013146033,0.22622,0.13111,0.06693
2023-02-14 13:00:00,1.6083333333333334,67.5,0.6215149999999999,91,0.1953858120421059,0.22622,0.1286,0.06693
2023-02-14 14:00:00,0.095,67.25,0.52259,91,0.22972170968341,0.22622,0.1279,0.06693
2023-02-14 15:00:00,11.76,74.0,0.38369,91,0.2357825629731529,0.22622,0.13198,0.06693
2023-02-14 16:00:00,1.9383333333333328,72.25,0.20934,91,0.1417006832514053,0.22622,0.15205000000000002,0.06693
2023-02-14 17:00:00,11.646666666666668,79.0,0.058185,91,0.0163576921846112,0.22622,0.18083000000000002,0.06693
2023-02-14 18:00:00,1.7833333333333334,78.25,0.349855,91,0.0001649572637775,0.22622,0.19999,0.06693
2023-02-14 19:00:00,12.233333333333334,75.5,0.54654,91,0.0,0.22622,0.19297,0.06693
2023-02-14 20:00:00,1.445,78.75,0.28202,91,0.0,0.22622,0.17581,0.06693
2023-02-14 21:00:00,12.916666666666666,82.5,0.17193,91,0.0,0.22622,0.16009,0.06693
2023-02-14 22:00:00,1.1266666666666667,82.0,0.278255,91,0.0,0.05735,0.15103,0.06693
2023-02-14 23:00:00,0.2716666666666666,81.25,0.3553849999999999,91,0.0,0.05735,0.14173,0.06693
2023-02-15 00:00:00,0.3433333333333333,82.0,0.3717349999999999,91,0.0,0.05735,0.13503,0.06693
2023-02-15 01:00:00,0.2133333333333333,78.25,0.383605,91,0.0,0.05735,0.13094999999999998,0.06693
2023-02-15 02:00:00,13.266666666666666,79.0,0.3957599999999999,91,0.0,0.05735,0.13,0.06693
2023-02-15 03:00:00,0.3633333333333333,79.25,0.440415,91,0.0,0.05735,0.13001,0.06693
2023-02-15 04:00:00,0.0316666666666666,84.25,0.47234,91,0.0,0.05735,0.12728,0.06693
2023-02-15 05:00:00,0.0333333333333333,82.5,0.715665,91,0.0,0.05735,0.13643,0.06693
2023-02-15 06:00:00,0.0316666666666666,78.25,1.022095,91,0.0,0.22622,0.16869,0.06693
2023-02-15 07:00:00,0.0349999999999999,75.0,1.15756,91,0.0014185470059259,0.22622,0.185,0.06693
2023-02-15 08:00:00,0.0316666666666666,74.0,1.149015,91,0.0557081196043226,0.22622,0.18875999999999998,0.06693
2023-02-15 09:00:00,0.0366666666666666,73.75,1.0059,91,0.1884616243737375,0.22622,0.17122,0.06693
2023-02-15 10:00:00,0.0316666666666666,74.75,0.932725,91,0.2506048720922226,0.22622,0.15885,0.06693
2023-02-15 11:00:00,0.0333333333333333,74.0,0.93953,91,0.249107435829619,0.22622,0.14096,0.06693
2023-02-15 12:00:00,0.0316666666666666,71.25,0.808395,91,0.2348200858352531,0.22622,0.12569,0.06693
2023-02-15 13:00:00,0.0333333333333333,71.0,0.64999,91,0.2315326495048327,0.22622,0.12175,0.06693
2023-02-15 14:00:00,0.03,71.75,0.560755,91,0.1989080350826948,0.22622,0.1243,0.06693
2023-02-15 15:00:00,0.0916666666666666,77.5,0.5072150000000001,91,0.1823105115972013,0.22622,0.12935,0.06693
2023-02-15 16:00:00,0.0333333333333333,81.0,0.413025,91,0.1794407699454544,0.22622,0.14626,0.06693
2023-02-15 17:00:00,0.0316666666666666,83.0,0.336385,91,0.0377975213527679,0.22622,0.16072999999999998,0.06693
2023-02-15 18:00:00,0.0333333333333333,80.5,0.3986249999999999,91,0.0005477777782143,0.22622,0.1756,0.06693
2023-02-15 19:00:00,0.0333333333333333,87.75,0.3290149999999999,91,0.0,0.22622,0.175,0.06693
2023-02-15 20:00:00,0.0316666666666666,85.0,0.16182,91,0.0,0.22622,0.16907,0.06693
2023-02-15 21:00:00,0.0316666666666666,81.25,0.121695,91,0.0,0.22622,0.1512,0.06693
2023-02-15 22:00:00,0.0316666666666666,81.25,0.16146,91,0.0,0.05735,0.15241,0.06693
2023-02-15 23:00:00,0.0333333333333333,81.5,0.21092,91,0.0,0.05735,0.14405,0.06693
2023-02-16 00:00:00,0.0333333333333333,83.0,0.235175,91,0.0,0.05735,0.15087,0.06693
2023-02-16 01:00:00,0.0316666666666666,81.75,0.255185,91,0.0,0.05735,0.14595,0.06693
2023-02-16 02:00:00,0.0333333333333333,80.25,0.2968949999999999,91,0.0,0.05735,0.14490999999999998,0.06693
2023-02-16 03:00:00,0.03,75.5,0.36629,91,0.0,0.05735,0.13,0.06693
2023-02-16 04:00:00,0.0333333333333333,76.5,0.47307,91,0.0,0.05735,0.12649,0.06693
2023-02-16 05:00:00,0.0316666666666666,77.25,0.731525,91,0.0,0.05735,0.13266999999999998,0.06693
2023-02-16 06:00:00,0.0333333333333333,76.0,1.061685,91,0.0,0.22622,0.15247999999999998,0.06693
2023-02-16 07:00:00,0.0316666666666666,71.5,1.286515,91,0.0011896581334881,0.22622,0.16977,0.06693
2023-02-16 08:00:00,0.0333333333333333,69.0,1.2592299999999998,91,0.0384930765526926,0.22622,0.17590999999999998,0.06693
2023-02-16 09:00:00,2.8000000000000003,67.5,1.066765,91,0.1768005124931661,0.22622,0.17373,0.06693
2023-02-16 10:00:00,3.925,65.75,0.90567,91,0.1992688897939829,0.22622,0.16351,0.06693
2023-02-16 11:00:00,3.4966666666666666,64.0,0.748425,91,0.1953850428263346,0.22622,0.15833000000000003,0.06693
2023-02-16 12:00:00,2.0483333333333333,62.25,0.59033,91,0.1812457275390625,0.22622,0.14414,0.06693
2023-02-16 13:00:00,0.0616666666666666,60.25,0.445335,91,0.1751069233560154,0.22622,0.12557,0.06693
2023-02-16 14:00:00,0.0316666666666666,56.5,0.195175,91,0.1769547015785152,0.22622,0.13006,0.06693
2023-02-16 15:00:00,0.0333333333333333,57.5,0.002365,91,0.1866054714235485,0.22622,0.1369,0.06693
2023-02-16 16:00:00,5.483333333333333,62.5,0.000515,91,0.1482827351235935,0.22622,0.14203,0.06693
2023-02-16 17:00:00,8.766666666666666,66.75,0.0,91,0.0198539315991931,0.22622,0.16681,0.06693
2023-02-16 18:00:00,8.168333333333333,68.75,0.413025,91,0.0003599999953284,0.22622,0.17034,0.06693
2023-02-16 19:00:00,5.781666666666666,66.5,0.4398749999999999,91,0.0,0.22622,0.16771,0.06693
2023-02-16 20:00:00,2.7266666666666666,66.0,0.107,91,0.0,0.22622,0.15959,0.06693
2023-02-16 21:00:00,2.5866666666666664,63.0,0.096095,91,0.0,0.22622,0.146,0.06693
2023-02-16 22:00:00,11.466666666666669,59.0,0.11429,91,0.0,0.05735,0.13204,0.06693
2023-02-16 23:00:00,2.248333333333333,54.5,0.21934,91,0.0,0.05735,0.12390000000000001,0.06693
2023-02-17 00:00:00,11.921666666666669,48.5,0.22657,91,0.0,0.05735,0.12,0.06693
2023-02-17 01:00:00,0.155,46.0,0.2055749999999999,91,0.0,0.05735,0.1006,0.06693
2023-02-17 02:00:00,0.1616666666666666,38.75,0.230525,91,0.0,0.05735,0.09509999999999999,0.06693
2023-02-17 03:00:00,0.1566666666666666,38.75,0.261105,91,0.0,0.05735,0.08834,0.06693
2023-02-17 04:00:00,0.1583333333333333,37.0,0.4212849999999999,91,0.0,0.05735,0.084,0.06693
2023-02-17 05:00:00,2.858333333333333,37.0,0.74225,91,0.0,0.05735,0.09676,0.06693
2023-02-17 06:00:00,10.583333333333334,45.0,1.03066,91,0.0,0.22622,0.11722,0.06693
2023-02-17 07:00:00,0.0316666666666666,53.5,1.24602,91,0.0020311110953872,0.22622,0.152,0.06693
2023-02-17 08:00:00,0.0349999999999999,54.75,1.194605,91,0.053450255923801,0.22622,0.15859,0.06693
2023-02-17 09:00:00,0.0333333333333333,54.5,1.0091,91,0.1715899152837248,0.22622,0.15144,0.06693
2023-02-17 10:00:00,0.0333333333333333,52.75,0.814785,91,0.2086348725995447,0.22622,0.14934,0.06693
2023-02-17 11:00:00,0.0333333333333333,50.25,0.635975,91,0.2016679486657819,0.22622,0.13508,0.06693
2023-02-17 12:00:00,0.0333333333333333,45.75,0.560585,91,0.2024632471850794,0.22622,0.12378,0.06693
2023-02-17 13:00:00,0.0333333333333333,44.0,0.467085,91,0.2193655558529063,0.22622,0.12,0.06693
2023-02-17 14:00:00,0.0333333333333333,44.5,0.371975,91,0.2465808548886552,0.22622,0.13294,0.06693
2023-02-17 15:00:00,0.0316666666666666,45.75,0.1835999999999999,91,0.2560615376529531,0.22622,0.12233,0.06693
2023-02-17 16:00:00,0.0333333333333333,45.5,0.08326,91,0.148547436151749,0.22622,0.11835,0.06693
2023-02-17 17:00:00,0.0333333333333333,50.75,0.2162749999999999,91,0.0216835897651492,0.22622,0.14465999999999998,0.06693
2023-02-17 18:00:00,0.0333333333333333,56.75,0.3040399999999999,91,0.000211538460631,0.22622,0.15272,0.06693
2023-02-17 19:00:00,0.0333333333333333,57.25,0.16445,91,0.0,0.22622,0.1646,0.06693
2023-02-17 20:00:00,0.0316666666666666,58.0,0.0601,91,0.0,0.22622,0.15954,0.06693
2023-02-17 21:00:00,0.0333333333333333,58.5,0.046955,91,0.0,0.22622,0.15272,0.06693
2023-02-17 22:00:00,0.0316666666666666,60.0,0.002825,91,0.0,0.05735,0.15030000000000002,0.06693
2023-02-17 23:00:00,0.0333333333333333,60.75,0.0526149999999999,91,0.0,0.05735,0.15171,0.06693
2023-02-18 00:00:00,0.0333333333333333,61.75,0.098975,91,0.0,0.05735,0.14652,0.06693
2023-02-18 01:00:00,0.0316666666666666,53.75,0.0881449999999999,91,0.0,0.05735,0.13406,0.06693
2023-02-18 02:00:00,0.0316666666666666,46.5,0.0814599999999999,91,0.0,0.05735,0.12949000000000002,0.06693
2023-02-18 03:00:00,0.0316666666666666,40.75,0.0899999999999999,91,0.0,0.05735,0.09304000000000001,0.06693
2023-02-18 04:00:00,0.0316666666666666,39.25,0.0857049999999999,91,0.0,0.05735,0.08028,0.06693
2023-02-18 05:00:00,0.0333333333333333,39.5,0.2121849999999999,91,0.0,0.05735,0.07755,0.06693
2023-02-18 06:00:00,0.0316666666666666,40.25,0.19709,91,0.0,0.22622,0.08575,0.06693
2023-02-18 07:00:00,0.0316666666666666,38.5,0.10335,91,0.0017761538467473,0.22622,0.09431999999999999,0.06693
2023-02-18 08:00:00,0.0316666666666666,37.5,0.152605,91,0.0872416240537268,0.22622,0.11092,0.06693
2023-02-18 09:00:00,0.0333333333333333,36.0,0.13699,91,0.1668011955522064,0.22622,0.13,0.06693
2023-02-18 10:00:00,0.0316666666666666,34.0,0.0972899999999999,91,0.2168610264704777,0.22622,0.11095000000000001,0.06693
2023-02-18 11:00:00,0.0316666666666666,33.25,0.0720249999999999,91,0.2349668372390616,0.22622,0.10805,0.06693
2023-02-18 12:00:00,0.0316666666666666,33.0,0.0805949999999999,91,0.237464187980717,0.22622,0.1,0.06693
2023-02-18 13:00:00,0.0333333333333333,33.25,0.0498399999999999,91,0.2273854702354496,0.22622,0.08417,0.06693
2023-02-18 14:00:00,0.03,33.5,0.0114099999999999,91,0.2151688041034926,0.22622,0.08637,0.06693
2023-02-18 15:00:00,0.0316666666666666,34.25,0.00225,91,0.2337506830590403,0.22622,0.09759999999999999,0.06693
2023-02-18 16:00:00,0.0333333333333333,38.75,0.00044,91,0.1554496576032068,0.22622,0.11134000000000001,0.06693
2023-02-18 17:00:00,0.0316666666666666,44.5,0.08921,91,0.0229696581608209,0.22622,0.12958,0.06693
2023-02-18 18:00:00,0.0333333333333333,51.25,0.13442,91,0.0005685470124674,0.22622,0.14862999999999998,0.06693
2023-02-18 19:00:00,0.0333333333333333,52.0,0.09375,91,0.0,0.22622,0.15397999999999998,0.06693
2023-02-18 20:00:00,0.0316666666666666,51.5,0.0758149999999999,91,0.0,0.22622,0.13648,0.06693
2023-02-18 21:00:00,0.0333333333333333,52.75,0.0281999999999999,91,0.0,0.22622,0.12118999999999999,0.06693
2023-02-18 22:00:00,0.0316666666666666,51.0,0.0086449999999999,91,0.0,0.05735,0.11742,0.06693
2023-02-18 23:00:00,0.0316666666666666,51.0,0.0545099999999999,91,0.0,0.05735,0.11395000000000001,0.06693
2023-02-19 00:00:00,0.0333333333333333,45.5,0.091065,91,0.0,0.05735,0.11566,0.06693
2023-02-19 01:00:00,0.03,40.5,0.092415,91,0.0,0.05735,0.10940000000000001,0.06693
2023-02-19 02:00:00,0.0316666666666666,41.0,0.102895,91,0.0,0.05735,0.10502,0.06693
2023-02-19 03:00:00,0.0316666666666666,41.25,0.1075299999999999,91,0.0,0.05735,0.093,0.06693
2023-02-19 04:00:00,0.0333333333333333,41.25,0.1068399999999999,91,0.0,0.05735,0.09255,0.06693
2023-02-19 05:00:00,0.0316666666666666,41.75,0.2516299999999999,91,0.0,0.05735,0.09778,0.06693
2023-02-19 06:00:00,0.0316666666666666,43.25,0.409005,91,0.0,0.22622,0.11008,0.06693
2023-02-19 07:00:00,0.0316666666666666,44.0,0.3118249999999999,91,0.0019872649281452,0.22622,0.11687,0.06693
2023-02-19 08:00:00,0.0333333333333333,43.75,0.21821,91,0.072628632529169,0.22622,0.12,0.06693
2023-02-19 09:00:00,0.0316666666666666,42.5,0.19183,91,0.2225033331324911,0.22622,0.11904,0.06693
2023-02-19 10:00:00,0.5683333333333334,42.25,0.109355,91,0.2436461538331121,0.22622,0.11638,0.06693
2023-02-19 11:00:00,13.98,41.25,0.05842,91,0.234380684061947,0.22622,0.11416,0.06693
2023-02-19 12:00:00,5.376666666666666,39.75,0.04862,91,0.2290421368525578,0.22622,0.11090000000000001,0.06693
2023-02-19 13:00:00,11.785000000000002,38.0,0.04308,91,0.235759402870113,0.22622,0.107,0.06693
2023-02-19 14:00:00,7.181666666666666,39.5,0.029625,91,0.2480350429176265,0.22622,0.10441,0.06693
2023-02-19 15:00:00,7.78,41.25,0.046165,91,0.2491266667944753,0.22622,0.10783,0.06693
2023-02-19 16:00:00,14.078333333333331,47.75,0.05935,91,0.165210684751853,0.22622,0.12061,0.06693
2023-02-19 17:00:00,5.196666666666667,59.0,0.09756,91,0.0330088031954235,0.22622,0.14164,0.06693
2023-02-19 18:00:00,13.973333333333334,64.75,0.128735,91,0.0002851282061738,0.22622,0.15944,0.06693
2023-02-19 19:00:00,3.3816666666666664,65.75,0.189245,91,0.0,0.22622,0.15919999999999998,0.06693
2023-02-19 20:00:00,10.383333333333333,66.0,0.261705,91,0.0,0.22622,0.15381999999999998,0.06693
2023-02-19 21:00:00,0.1583333333333333,65.75,0.236735,91,0.0,0.22622,0.15003999999999998,0.06693
2023-02-19 22:00:00,0.1583333333333333,64.25,0.2225899999999999,91,0.0,0.05735,0.14492,0.06693
2023-02-19 23:00:00,0.045,63.75,0.229765,91,0.0,0.05735,0.13437000000000002,0.06693
2023-02-20 00:00:00,0.0316666666666666,55.0,0.22992,91,0.0,0.05735,0.10793000000000001,0.06693
2023-02-20 01:00:00,0.0333333333333333,45.5,0.233455,91,0.0,0.05735,0.1133,0.06693
2023-02-20 02:00:00,0.0316666666666666,45.25,0.24395,91,0.0,0.05735,0.11052,0.06693
2023-02-20 03:00:00,0.0333333333333333,43.75,0.2561,91,0.0,0.05735,0.10721,0.06693
2023-02-20 04:00:00,0.0316666666666666,46.0,0.49742,91,0.0,0.05735,0.10858,0.06693
2023-02-20 05:00:00,0.0316666666666666,53.75,0.822785,91,0.0,0.05735,0.1133,0.06693
2023-02-20 06:00:00,0.0333333333333333,69.25,0.80539,91,0.0,0.22622,0.12843000000000002,0.06693
2023-02-20 07:00:00,0.0316666666666666,72.25,0.8820600000000001,91,0.0029602564094413,0.22622,0.15674000000000002,0.06693
2023-02-20 08:00:00,0.0333333333333333,74.5,0.9949600000000002,91,0.0530693158329042,0.22622,0.16846,0.06693
2023-02-20 09:00:00,0.0333333333333333,71.0,0.853675,91,0.1792647845928486,0.22622,0.15812,0.06693
2023-02-20 10:00:00,0.0349999999999999,67.25,0.65945,91,0.3212636755266759,0.22622,0.14948,0.06693
2023-02-20 11:00:00,0.0333333333333333,66.5,0.53211,91,0.4122541880811381,0.22622,0.14108,0.06693
2023-02-20 12:00:00,0.0316666666666666,61.0,0.466455,91,0.4521605134621644,0.22622,0.1185,0.06693
2023-02-20 13:00:00,0.0316666666666666,59.75,0.355555,91,0.4501981197259365,0.22622,0.11754,0.06693
2023-02-20 14:00:00,0.0349999999999999,61.0,0.175755,91,0.4008360707861745,0.22622,0.1135,0.06693
2023-02-20 15:00:00,0.0316666666666666,59.5,0.02337,91,0.2986726496769832,0.22622,0.114,0.06693
2023-02-20 16:00:00,0.0333333333333333,61.5,0.0008649999999999,91,0.1654017953791169,0.22622,0.1185,0.06693
2023-02-20 17:00:00,0.0316666666666666,71.0,5.999999999994999e-05,91,0.0272705127031375,0.22622,0.14074,0.06693
2023-02-20 18:00:00,0.0333333333333333,77.25,0.0,91,0.0007892307743398,0.22622,0.15355000000000002,0.06693
2023-02-20 19:00:00,0.0333333333333333,75.5,0.0,91,0.0,0.22622,0.16872,0.06693
2023-02-20 20:00:00,0.0333333333333333,71.0,0.27904,91,0.0,0.22622,0.16256,0.06693
2023-02-20 21:00:00,0.0333333333333333,70.75,0.28016,91,0.0,0.22622,0.154,0.06693
2023-02-20 22:00:00,0.0316666666666666,71.75,0.0274799999999999,91,0.0,0.05735,0.14841,0.06693
2023-02-20 23:00:00,0.0333333333333333,72.0,0.0790549999999999,91,0.0,0.05735,0.14822,0.06693
2023-02-21 00:00:00,0.0333333333333333,70.0,0.2828099999999999,91,0.0,0.05735,0.14934999999999998,0.06693
2023-02-21 01:00:00,0.0333333333333333,68.75,0.28469,91,0.0,0.05735,0.14551,0.06693
2023-02-21 02:00:00,0.0316666666666666,70.25,0.16849,91,0.0,0.05735,0.14189,0.06693
2023-02-21 03:00:00,0.0333333333333333,75.0,0.2457049999999999,91,0.0,0.05735,0.13503,0.06693
2023-02-21 04:00:00,0.0316666666666666,76.5,0.27002,91,0.0,0.05735,0.13359000000000001,0.06693
2023-02-21 05:00:00,0.0333333333333333,77.0,0.5855699999999999,91,0.0,0.05735,0.14695,0.06693
2023-02-21 06:00:00,0.0333333333333333,76.0,0.97169,91,0.0,0.22622,0.15753999999999999,0.06693
2023-02-21 07:00:00,0.0316666666666666,73.75,1.0531,91,0.0032982906164267,0.22622,0.16221000000000002,0.06693
2023-02-21 08:00:00,0.0333333333333333,69.75,1.0301600000000002,91,0.0724474352445358,0.22622,0.17915999999999999,0.06693
2023-02-21 09:00:00,1.7916666666666667,67.75,0.87995,91,0.2060088030497233,0.22622,0.17734,0.06693
2023-02-21 10:00:00,3.418333333333333,68.75,0.67603,91,0.3399393153394389,0.22622,0.16159,0.06693
2023-02-21 11:00:00,3.42,67.25,0.542065,91,0.4085155542487771,0.22622,0.15715,0.06693
2023-02-21 12:00:00,2.2466666666666666,66.0,0.386285,91,0.4568252980810964,0.22622,0.14759,0.06693
2023-02-21 13:00:00,0.0366666666666666,68.0,0.143185,91,0.4341575198703342,0.22622,0.135,0.06693
2023-02-21 14:00:00,0.0333333333333333,68.5,0.001845,91,0.4089734186677852,0.22622,0.13852,0.06693
2023-02-21 15:00:00,0.0333333333333333,72.25,0.0003699999999999,91,0.2770445306892069,0.22622,0.13056,0.06693
2023-02-21 16:00:00,0.0316666666666666,70.25,0.0,91,0.1699036748185117,0.22622,0.14926,0.06693
2023-02-21 17:00:00,0.0333333333333333,70.5,0.0,91,0.0361025639680715,0.22622,0.16485,0.06693
2023-02-21 18:00:00,0.0333333333333333,70.25,0.0,91,0.0009571794856689,0.22622,0.17812999999999998,0.06693
2023-02-21 19:00:00,0.0316666666666666,67.25,0.307045,91,0.0,0.22622,0.1771,0.06693
2023-02-21 20:00:00,0.15,67.75,0.30825,91,0.0,0.22622,0.17,0.06693
2023-02-21 21:00:00,0.155,68.5,0.001525,91,0.0,0.22622,0.15880000000000002,0.06693
2023-02-21 22:00:00,0.4033333333333332,69.0,0.0560499999999999,91,0.0,0.05735,0.15319999999999998,0.06693
2023-02-21 23:00:00,1.225,69.75,0.1114699999999999,91,0.0,0.05735,0.14258,0.06693
2023-02-22 00:00:00,0.1583333333333333,71.0,0.1183599999999999,91,0.0,0.05735,0.1399,0.06693
2023-02-22 01:00:00,0.4066666666666667,71.5,0.1219399999999999,91,0.0,0.05735,0.128,0.06693
2023-02-22 02:00:00,0.6333333333333333,74.25,0.128545,91,0.0,0.05735,0.1253,0.06693
2023-02-22 03:00:00,1.085,74.75,0.166535,91,0.0,0.05735,0.12649,0.06693
2023-02-22 04:00:00,0.7799999999999999,74.0,0.1981049999999999,91,0.0,0.05735,0.12699,0.06693
2023-02-22 05:00:00,0.1583333333333333,74.0,0.4715549999999999,91,0.0,0.05735,0.13305,0.06693
2023-02-22 06:00:00,0.0833333333333333,70.0,0.854695,91,0.0,0.22622,0.15500999999999998,0.06693
2023-02-22 07:00:00,0.0333333333333333,67.75,1.19118,91,0.0042145298733415,0.22622,0.17313,0.06693
2023-02-22 08:00:00,0.015,67.75,1.126305,91,0.046079658218938,0.22622,0.17634,0.06693
2023-02-22 09:00:00,0.0249999999999999,68.0,0.77786,91,0.1041048719944097,0.22622,0.16455,0.06693
2023-02-22 10:00:00,0.03,68.5,0.705885,91,0.0888634186117058,0.22622,0.1549,0.06693
2023-02-22 11:00:00,0.0249999999999999,68.0,0.6730499999999999,91,0.0985823929615509,0.22622,0.15001,0.06693
2023-02-22 12:00:00,0.0266666666666666,66.75,0.6021899999999999,91,0.1015729912325867,0.22622,0.148,0.06693
2023-02-22 13:00:00,0.0283333333333333,66.75,0.5744699999999999,91,0.147132392785488,0.22622,0.13263999999999998,0.06693
2023-02-22 14:00:00,0.0266666666666666,69.25,0.5239349999999999,91,0.1501622226095607,0.22622,0.13641999999999999,0.06693
2023-02-22 15:00:00,0.0066666666666666,68.5,0.443035,91,0.1106749572101821,0.22622,0.15118,0.06693
2023-02-22 16:00:00,0.0283333333333333,82.0,0.43581,91,0.0846440166897243,0.22622,0.15713,0.06693
2023-02-22 17:00:00,0.15,86.25,0.4614899999999999,91,0.0091341025554216,0.22622,0.16501,0.06693
2023-02-22 18:00:00,3.458333333333333,85.75,0.38029,91,0.0002196581194845,0.22622,0.175,0.06693
2023-02-22 19:00:00,0.8366666666666668,81.75,0.19138,91,0.0,0.22622,0.17273,0.06693
2023-02-22 20:00:00,6.135000000000001,74.5,0.06732,91,0.0,0.22622,0.16206,0.06693
2023-02-22 21:00:00,1.3,72.5,0.0141699999999999,91,0.0,0.22622,0.15402000000000002,0.06693
2023-02-22 22:00:00,8.505,71.5,0.0257749999999999,91,0.0,0.05735,0.15316,0.06693
2023-02-22 23:00:00,7.666666666666667,72.25,0.0535849999999999,91,0.0,0.05735,0.135,0.06693
2023-02-23 00:00:00,12.123333333333331,71.75,0.056065,91,0.0,0.05735,0.13501,0.06693
2023-02-23 01:00:00,0.3899999999999999,74.0,0.06946,91,0.0,0.05735,0.13177,0.06693
2023-02-23 02:00:00,0.0316666666666666,76.0,0.098945,91,0.0,0.05735,0.12924000000000002,0.06693
2023-02-23 03:00:00,0.0316666666666666,72.5,0.12652,91,0.0,0.05735,0.12481,0.06693
2023-02-23 04:00:00,0.0316666666666666,73.5,0.13851,91,0.0,0.05735,0.1252,0.06693
2023-02-23 05:00:00,0.0333333333333333,72.75,0.40083,91,0.0,0.05735,0.13,0.06693
2023-02-23 06:00:00,0.0316666666666666,70.75,0.761785,91,0.0,0.22622,0.15397999999999998,0.06693
2023-02-23 07:00:00,0.0333333333333333,69.5,1.073015,91,0.0091489743110206,0.22622,0.17,0.06693
2023-02-23 08:00:00,0.0316666666666666,68.75,1.0621349999999998,91,0.0675241878297594,0.22622,0.17824,0.06693
2023-02-23 09:00:00,0.03,70.5,0.808865,91,0.1869776072053827,0.22622,0.17448,0.06693
2023-02-23 10:00:00,0.0349999999999999,71.0,0.6699449999999999,91,0.2750583753015241,0.22622,0.1661,0.06693
2023-02-23 11:00:00,0.03,70.75,0.47597,91,0.3846217098399105,0.22622,0.16486,0.06693
2023-02-23 12:00:00,0.0333333333333333,68.25,0.3668449999999999,91,0.2595054704715044,0.22622,0.15030000000000002,0.06693
2023-02-23 13:00:00,0.0316666666666666,69.5,0.2783199999999999,91,0.2852589749067257,0.22622,0.14648,0.06693
2023-02-23 14:00:00,0.0333333333333333,71.0,0.2744499999999999,91,0.14826111133282,0.22622,0.14128,0.06693
2023-02-23 15:00:00,0.0366666666666666,69.25,0.308895,91,0.2219396579775035,0.22622,0.13609000000000002,0.06693
2023-02-23 16:00:00,0.0366666666666666,67.25,0.2184749999999999,91,0.0921396573384602,0.22622,0.14044,0.06693
2023-02-23 17:00:00,0.0366666666666666,67.25,0.2462749999999999,91,0.0191026496173989,0.22622,0.15280000000000002,0.06693
2023-02-23 18:00:00,0.0349999999999999,65.75,0.26852,91,0.0004690598276977,0.22622,0.16522,0.06693
2023-02-23 19:00:00,0.0366666666666666,64.5,0.157645,91,0.0,0.22622,0.165,0.06693
2023-02-23 20:00:00,0.0349999999999999,64.75,0.070275,91,0.0,0.22622,0.16125,0.06693
2023-02-23 21:00:00,5.808333333333334,64.0,0.0122199999999999,91,0.0,0.22622,0.15114,0.06693
2023-02-23 22:00:00,3.015,65.0,0.0009999999999999,91,0.0,0.05735,0.148,0.06693
2023-02-23 23:00:00,2.245,67.25,0.04373,91,0.0,0.05735,0.13687,0.06693
2023-02-24 00:00:00,0.0833333333333333,65.5,0.078345,91,0.0,0.05735,0.13384000000000001,0.06693
2023-02-24 01:00:00,0.0366666666666666,62.75,0.104615,91,0.0,0.05735,0.12882,0.06693
2023-02-24 02:00:00,0.0366666666666666,66.25,0.175165,91,0.0,0.05735,0.1407,0.06693
2023-02-24 03:00:00,0.0366666666666666,70.0,0.21023,91,0.0,0.05735,0.12401999999999999,0.06693
2023-02-24 04:00:00,0.0349999999999999,69.25,0.20431,91,0.0,0.05735,0.11774,0.06693
2023-02-24 05:00:00,0.0333333333333333,71.25,0.4401599999999999,91,0.0,0.05735,0.13868,0.06693
2023-02-24 06:00:00,0.0383333333333333,68.75,0.79943,91,0.0,0.22622,0.15342,0.06693
2023-02-24 07:00:00,0.0349999999999999,68.25,0.91529,91,0.0036929914336173,0.22622,0.16068000000000002,0.06693
2023-02-24 08:00:00,0.0349999999999999,68.5,0.8660749999999999,91,0.0567551283347301,0.22622,0.16544999999999999,0.06693
2023-02-24 09:00:00,0.0383333333333333,67.25,0.76343,91,0.1412444454584366,0.22622,0.16172,0.06693
2023-02-24 10:00:00,0.0683333333333333,66.0,0.62381,91,0.325572993612697,0.22622,0.1601,0.06693
2023-02-24 11:00:00,0.0566666666666666,65.0,0.4348599999999999,91,0.4196711131038829,0.22622,0.16061,0.06693
2023-02-24 12:00:00,0.0366666666666666,64.25,0.27102,91,0.3752360674866244,0.22622,0.14681,0.06693
2023-02-24 13:00:00,0.0366666666666666,64.0,0.11135,91,0.2368042719262277,0.22622,0.14285,0.06693
2023-02-24 14:00:00,2.5166666666666666,64.75,0.0065299999999999,91,0.3299123923798912,0.22622,0.13954,0.06693
2023-02-24 15:00:00,0.6733333333333333,66.75,0.0015249999999999,91,0.1140995736407418,0.22622,0.128,0.06693
2023-02-24 16:00:00,0.58,67.0,0.000345,91,0.0396502561650724,0.22622,0.12574,0.06693
2023-02-24 17:00:00,0.5916666666666667,67.5,0.0,91,0.0193438461142727,0.22622,0.15066,0.06693
2023-02-24 18:00:00,5.098333333333334,69.25,0.0,91,0.0002941025640321,0.22622,0.1603,0.06693
2023-02-24 19:00:00,7.405,66.5,0.0,91,0.0,0.22622,0.17418,0.06693
2023-02-24 20:00:00,0.0366666666666666,65.25,0.2639649999999999,91,0.0,0.22622,0.1718,0.06693
2023-02-24 21:00:00,0.0366666666666666,67.5,0.2649599999999999,91,0.0,0.22622,0.16075,0.06693
2023-02-24 22:00:00,0.0366666666666666,69.5,0.001265,91,0.0,0.05735,0.15730000000000002,0.06693
2023-02-24 23:00:00,0.0416666666666666,71.5,0.00027,91,0.0,0.05735,0.15309999999999999,0.06693
2023-02-25 00:00:00,0.0366666666666666,71.25,0.0,91,0.0,0.05735,0.14984,0.06693
2023-02-25 01:00:00,0.0349999999999999,72.25,0.017785,91,0.0,0.05735,0.1453,0.06693
2023-02-25 02:00:00,0.0366666666666666,73.0,0.0578899999999999,91,0.0,0.05735,0.1419,0.06693
2023-02-25 03:00:00,0.0349999999999999,72.25,0.0921999999999999,91,0.0,0.05735,0.1318,0.06693
2023-02-25 04:00:00,0.0349999999999999,76.5,0.0794349999999999,91,0.0,0.05735,0.12982,0.06693
2023-02-25 05:00:00,0.0366666666666666,76.5,0.1738499999999999,91,0.0,0.05735,0.13086,0.06693
2023-02-25 06:00:00,0.0349999999999999,76.5,0.148625,91,0.0,0.22622,0.13504,0.06693
2023-02-25 07:00:00,0.0366666666666666,75.0,0.0746899999999999,91,0.0,0.22622,0.15043,0.06693
2023-02-25 08:00:00,0.0349999999999999,73.5,0.13799,91,0.0125241880354463,0.22622,0.15397999999999998,0.06693
2023-02-25 09:00:00,0.0366666666666666,70.5,0.1309049999999999,91,0.0624779488082624,0.22622,0.1575,0.06693
2023-02-25 10:00:00,0.0383333333333333,67.5,0.1219199999999999,91,0.1119785475119566,0.22622,0.15231999999999998,0.06693
2023-02-25 11:00:00,0.0366666666666666,66.75,0.1105599999999999,91,0.1966118791368272,0.22622,0.14696,0.06693
2023-02-25 12:00:00,0.0349999999999999,63.25,0.076805,91,0.1668961538005078,0.22622,0.14451,0.06693
2023-02-25 13:00:00,0.0349999999999999,55.5,0.0599349999999999,91,0.1388736750936915,0.22622,0.12999000000000002,0.06693
2023-02-25 14:00:00,0.0366666666666666,54.75,0.08315,91,0.0943186322236672,0.22622,0.12118000000000001,0.06693
2023-02-25 15:00:00,0.0333333333333333,53.25,0.07795,91,0.1345238455747947,0.22622,0.11793000000000001,0.06693
2023-02-25 16:00:00,0.0366666666666666,54.75,0.076305,91,0.0565263246878599,0.22622,0.11956,0.06693
2023-02-25 17:00:00,0.0333333333333333,57.25,0.08666,91,0.0172846154066232,0.22622,0.133,0.06693
2023-02-25 18:00:00,0.0383333333333333,64.25,0.0910749999999999,91,0.0005031623887932,0.22622,0.15392,0.06693
2023-02-25 19:00:00,0.0349999999999999,66.0,0.1083749999999999,91,0.0,0.22622,0.16334,0.06693
2023-02-25 20:00:00,0.0366666666666666,66.25,0.1876799999999999,91,0.0,0.22622,0.16022,0.06693
2023-02-25 21:00:00,0.0349999999999999,65.75,0.19507,91,0.0,0.22622,0.148,0.06693
2023-02-25 22:00:00,0.0416666666666666,66.25,0.1707999999999999,91,0.0,0.05735,0.14930000000000002,0.06693
2023-02-25 23:00:00,0.0366666666666666,69.0,0.218635,91,0.0,0.05735,0.14543999999999999,0.06693
2023-02-26 00:00:00,1.836666666666667,68.0,0.21602,91,0.0,0.05735,0.136,0.06693
2023-02-26 01:00:00,2.411666666666666,62.75,0.209245,91,0.0,0.05735,0.13,0.06693
2023-02-26 02:00:00,8.771666666666667,59.0,0.2378249999999999,91,0.0,0.05735,0.12079999999999999,0.06693
2023-02-26 03:00:00,9.75,49.25,0.24161,91,0.0,0.05735,0.11065000000000001,0.06693
2023-02-26 04:00:00,0.0333333333333333,43.75,0.23368,91,0.0,0.05735,0.107,0.06693
2023-02-26 05:00:00,0.0383333333333333,42.25,0.3802999999999999,91,0.0,0.05735,0.10679999999999999,0.06693
2023-02-26 06:00:00,0.0366666666666666,41.5,0.36457,91,0.0,0.22622,0.10704000000000001,0.06693
2023-02-26 07:00:00,0.0366666666666666,41.0,0.25154,91,0.0042818803524869,0.22622,0.10923000000000001,0.06693
2023-02-26 08:00:00,0.0349999999999999,39.75,0.31092,91,0.0320541881292294,0.22622,0.13082,0.06693
2023-02-26 09:00:00,0.0433333333333333,36.25,0.305585,91,0.066942392985026,0.22622,0.1341,0.06693
2023-02-26 10:00:00,0.0349999999999999,33.75,0.2861499999999999,91,0.0680058976523896,0.22622,0.09781999999999999,0.06693
2023-02-26 11:00:00,0.0349999999999999,33.0,0.2654749999999999,91,0.1548511107355101,0.22622,0.09362000000000001,0.06693
2023-02-26 12:00:00,0.0366666666666666,33.0,0.2449349999999999,91,0.1941348727951702,0.22622,0.08651,0.06693
2023-02-26 13:00:00,0.0366666666666666,33.25,0.25796,91,0.201370426895272,0.22622,0.05593,0.06693
2023-02-26 14:00:00,0.0349999999999999,32.75,0.27923,91,0.1709758122762044,0.22622,0.05584,0.06693
2023-02-26 15:00:00,0.06,35.25,0.2838099999999999,91,0.1332621365734654,0.22622,0.08473,0.06693
2023-02-26 16:00:00,2.2016666666666667,37.25,0.3072999999999999,91,0.0513284615166166,0.22622,0.09892000000000001,0.06693
2023-02-26 17:00:00,4.068333333333334,46.0,0.33722,91,0.0206725640582223,0.22622,0.12990000000000002,0.06693
2023-02-26 18:00:00,1.6450000000000002,55.75,0.359905,91,0.0034357265171268,0.22622,0.15369999999999998,0.06693
2023-02-26 19:00:00,0.495,58.75,0.367235,91,0.0,0.22622,0.15691,0.06693
2023-02-26 20:00:00,0.0433333333333333,60.0,0.2609649999999999,91,0.0,0.22622,0.15364,0.06693
2023-02-26 21:00:00,0.0383333333333333,61.25,0.264645,91,0.0,0.22622,0.14164,0.06693
2023-02-26 22:00:00,0.0349999999999999,61.5,0.32243,91,0.0,0.05735,0.13829,0.06693
2023-02-26 23:00:00,0.0366666666666666,61.25,0.327115,91,0.0,0.05735,0.13298,0.06693
2023-02-27 00:00:00,0.0366666666666666,63.75,0.376635,91,0.0,0.05735,0.12283,0.06693
2023-02-27 01:00:00,0.0349999999999999,66.25,0.40117,91,0.0,0.05735,0.13309,0.06693
2023-02-27 02:00:00,2.8816666666666664,68.25,0.4263999999999999,91,0.0,0.05735,0.13290000000000002,0.06693
2023-02-27 03:00:00,6.836666666666667,70.0,0.76347,91,0.0,0.05735,0.12503,0.06693
2023-02-27 04:00:00,0.04,73.75,1.111735,91,0.0,0.05735,0.12007,0.06693
2023-02-27 05:00:00,0.0366666666666666,75.25,1.170405,91,0.0,0.05735,0.13983,0.06693
2023-02-27 06:00:00,0.0383333333333333,76.5,1.3388099999999998,91,0.0,0.22622,0.16349,0.06693
2023-02-27 07:00:00,0.0416666666666666,73.0,1.426125,91,0.0062532478328953,0.22622,0.18666,0.06693
2023-02-27 08:00:00,0.0366666666666666,71.5,1.385045,91,0.0784626496551383,0.22622,0.19541999999999998,0.06693
2023-02-27 09:00:00,0.0366666666666666,70.25,1.333805,91,0.1159339319538866,0.22622,0.17715999999999998,0.06693
2023-02-27 10:00:00,0.0366666666666666,67.75,1.26222,91,0.1659499140682384,0.22622,0.18217,0.06693
2023-02-27 11:00:00,0.0366666666666666,69.0,1.15208,91,0.2098093150212214,0.22622,0.16374,0.06693
2023-02-27 12:00:00,0.0366666666666666,69.25,1.015175,91,0.2103291451217781,0.22622,0.14011,0.06693
2023-02-27 13:00:00,0.0366666666666666,69.25,0.9276,91,0.2291025634504791,0.22622,0.13407,0.06693
2023-02-27 14:00:00,0.0349999999999999,71.75,0.89418,91,0.3599623094868455,0.22622,0.13047,0.06693
2023-02-27 15:00:00,0.04,71.25,0.83448,91,0.3354505150949853,0.22622,0.13097,0.06693
2023-02-27 16:00:00,0.0349999999999999,72.0,0.78118,91,0.1516654691940698,0.22622,0.14644,0.06693
2023-02-27 17:00:00,0.0349999999999999,73.0,0.83001,91,0.0378047862827268,0.22622,0.168,0.06693
2023-02-27 18:00:00,0.0433333333333333,73.5,0.797565,91,0.0022022222104665,0.22622,0.18993000000000002,0.06693
2023-02-27 19:00:00,0.0366666666666666,72.0,0.46918,91,0.0,0.22622,0.19723,0.06693
2023-02-27 20:00:00,0.0366666666666666,73.75,0.14504,91,0.0,0.22622,0.17449,0.06693
2023-02-27 21:00:00,0.0366666666666666,75.75,0.0744399999999999,91,0.0,0.22622,0.1603,0.06693
2023-02-27 22:00:00,0.0366666666666666,74.75,0.14657,91,0.0,0.05735,0.15346,0.06693
2023-02-27 23:00:00,0.0349999999999999,75.75,0.21313,91,0.0,0.05735,0.14946,0.06693
2023-02-28 00:00:00,0.0366666666666666,76.5,0.319605,91,0.0,0.05735,0.134,0.06693
2023-02-28 01:00:00,0.0383333333333333,77.75,0.3634299999999999,91,0.0,0.05735,0.13701,0.06693
2023-02-28 02:00:00,2.235,80.25,0.2904049999999999,91,0.0,0.05735,0.14317,0.06693
2023-02-28 03:00:00,4.318333333333333,80.0,0.303605,91,0.0,0.05735,0.13823,0.06693
2023-02-28 04:00:00,2.7383333333333333,80.25,0.3374649999999999,91,0.0,0.05735,0.13823,0.06693
2023-02-28 05:00:00,7.54,83.5,0.85574,91,0.0,0.05735,0.13882,0.06693
2023-02-28 06:00:00,5.903333333333333,86.0,1.3677400000000002,91,0.0,0.22622,0.16244999999999998,0.06693
2023-02-28 07:00:00,0.0383333333333333,80.75,1.36965,91,0.007517606793051,0.22622,0.17790999999999998,0.06693
2023-02-28 08:00:00,0.0366666666666666,76.75,1.42071,91,0.0603546153989612,0.22622,0.19477,0.06693
2023-02-28 09:00:00,0.0366666666666666,75.75,1.3514,91,0.1360238468137562,0.22622,0.1948,0.06693
2023-02-28 10:00:00,0.0383333333333333,76.0,1.177535,91,0.1350205982240856,0.22622,0.1731,0.06693
2023-02-28 11:00:00,0.0349999999999999,74.5,1.08006,91,0.1513760684086726,0.22622,0.16121000000000002,0.06693
2023-02-28 12:00:00,0.0383333333333333,72.75,1.002135,91,0.1904524791750133,0.22622,0.14949,0.06693
2023-02-28 13:00:00,0.0366666666666666,77.5,1.00713,91,0.1604533332433456,0.22622,0.14753,0.06693
2023-02-28 14:00:00,0.0366666666666666,78.75,0.99638,91,0.1855264099642762,0.22622,0.15292,0.06693
2023-02-28 15:00:00,2.316666666666667,78.25,0.95154,91,0.1517054703704312,0.22622,0.15001,0.06693
2023-02-28 16:00:00,3.56,76.25,0.989255,91,0.0519140174246241,0.22622,0.15028,0.06693
2023-02-28 17:00:00,2.085,78.5,1.049325,91,0.0121261538654311,0.22622,0.17313,0.06693
2023-02-28 18:00:00,0.0366666666666666,83.25,0.89206,91,0.0002247008565876,0.22622,0.19387000000000001,0.06693
2023-02-28 19:00:00,0.0366666666666666,89.75,0.470485,91,0.0,0.22622,0.1958,0.06693
2023-02-28 20:00:00,0.0383333333333333,94.25,0.1618949999999999,91,0.0,0.22622,0.17617,0.06693
2023-02-28 21:00:00,0.0366666666666666,83.5,0.0969699999999999,91,0.0,0.22622,0.16501,0.06693
2023-02-28 22:00:00,0.0366666666666666,80.5,0.213025,91,0.0,0.05735,0.15841,0.06693
2023-02-28 23:00:00,0.0383333333333333,81.25,0.2983849999999999,91,0.0,0.05735,0.15209,0.06693
2023-03-01 00:00:00,0.0366666666666666,77.75,0.2696749999999999,91,0.0,0.05735,0.145,0.06683
2023-03-01 01:00:00,0.0366666666666666,78.25,0.2961,91,0.0,0.05735,0.14,0.06683
2023-03-01 02:00:00,0.0349999999999999,80.5,0.292045,91,0.0,0.05735,0.13964,0.06683
2023-03-01 03:00:00,0.0366666666666666,80.5,0.277795,91,0.0,0.05735,0.1358,0.06683
2023-03-01 04:00:00,0.0416666666666666,81.0,0.29039,91,0.0,0.05735,0.131,0.06683
2023-03-01 05:00:00,0.0349999999999999,82.75,0.7330350000000001,91,0.0,0.05735,0.14006,0.06683
2023-03-01 06:00:00,0.0366666666666666,81.5,1.27812,91,0.0,0.22622,0.16263,0.06683
2023-03-01 07:00:00,0.0366666666666666,79.0,1.389755,91,0.0006782051207672,0.22622,0.18474000000000002,0.06683
2023-03-01 08:00:00,0.0366666666666666,77.25,1.360205,91,0.008581367603734,0.22622,0.18603,0.06683
2023-03-01 09:00:00,0.0366666666666666,76.25,1.291995,91,0.0526552136535318,0.22622,0.16553,0.06683
2023-03-01 10:00:00,0.02,75.25,1.17031,91,0.1009958120492788,0.22622,0.15094,0.06683
2023-03-01 11:00:00,0.0183333333333333,69.25,1.03214,91,0.185290000622089,0.22622,0.14033,0.06683
2023-03-01 12:00:00,0.0166666666666666,69.0,0.93897,91,0.2026050433949527,0.22622,0.13258,0.06683
2023-03-01 13:00:00,0.0249999999999999,64.75,0.90653,91,0.2263952118311173,0.22622,0.13047,0.06683
2023-03-01 14:00:00,0.0283333333333333,69.75,0.88318,91,0.3087546151316064,0.22622,0.13026,0.06683
2023-03-01 15:00:00,0.0333333333333333,72.25,0.863435,91,0.2521142744406676,0.22622,0.12665,0.06683
2023-03-01 16:00:00,0.0233333333333333,75.5,0.89326,91,0.1801881195133567,0.22622,0.13693,0.06683
2023-03-01 17:00:00,0.695,78.5,0.975135,91,0.0615486327195778,0.22622,0.15903,0.06683
2023-03-01 18:00:00,0.2533333333333333,90.0,0.974595,91,0.0053958119005442,0.22622,0.18369,0.06683
2023-03-01 19:00:00,0.0233333333333333,86.0,0.5668350000000001,91,0.0,0.22622,0.19995,0.06683
2023-03-01 20:00:00,0.0249999999999999,81.0,0.1579599999999999,91,0.0,0.22622,0.17041,0.06683
2023-03-01 21:00:00,0.0516666666666666,76.5,0.0975599999999999,91,0.0,0.22622,0.16378,0.06683
2023-03-01 22:00:00,0.1516666666666666,74.5,0.11645,91,0.0,0.05735,0.15997,0.06683
2023-03-01 23:00:00,0.1416666666666666,77.75,0.1751399999999999,91,0.0,0.05735,0.15200999999999998,0.06683
2023-03-02 00:00:00,0.0423333333333333,80.5,0.2770149999999999,91,0.0,0.05735,0.14569,0.06683
2023-03-02 01:00:00,0.0421666666666666,82.75,0.311865,91,0.0,0.05735,0.14249,0.06683
2023-03-02 02:00:00,0.0474999999999999,83.0,0.25988,91,0.0,0.05735,0.1418,0.06683
2023-03-02 03:00:00,0.0421666666666666,84.0,0.2741149999999999,91,0.0,0.05735,0.14,0.06683
2023-03-02 04:00:00,0.0421666666666666,85.0,0.2936299999999999,91,0.0,0.05735,0.14,0.06683
2023-03-02 05:00:00,0.0425,87.5,0.593745,91,0.0,0.05735,0.14452,0.06683
2023-03-02 06:00:00,0.0411666666666666,88.25,1.18426,91,0.0,0.22622,0.16552,0.06683
2023-03-02 07:00:00,0.0401666666666666,87.75,1.43694,91,0.0049420512980248,0.22622,0.18641,0.06683
2023-03-02 08:00:00,0.0403333333333333,86.5,1.38436,91,0.0552105125606569,0.22622,0.22391999999999998,0.06683
2023-03-02 09:00:00,0.0406666666666666,82.75,1.184805,91,0.1223617948222364,0.22622,0.20705,0.06683
2023-03-02 10:00:00,0.0414999999999999,83.75,0.95052,91,0.1907272658388838,0.22622,0.19066999999999998,0.06683
2023-03-02 11:00:00,0.0421666666666666,84.25,0.8516050000000001,91,0.3873165805523212,0.22622,0.16499,0.06683
2023-03-02 12:00:00,0.0428333333333333,80.25,0.81756,91,0.4829735043517544,0.22622,0.14841,0.06683
2023-03-02 13:00:00,0.0479999999999999,76.75,0.754655,91,0.4832716252253606,0.22622,0.14513,0.06683
2023-03-02 14:00:00,0.0426666666666666,78.75,0.62739,91,0.4293722240741436,0.22622,0.15456,0.06683
2023-03-02 15:00:00,1.8086666666666664,82.0,0.565705,91,0.32303649674114,0.22622,0.14801,0.06683
2023-03-02 16:00:00,2.0381666666666667,85.5,0.286715,91,0.1990047870538173,0.22622,0.14609,0.06683
2023-03-02 17:00:00,0.0643333333333333,87.75,0.0,91,0.0601860681558266,0.22622,0.16691999999999999,0.06683
2023-03-02 18:00:00,0.0864999999999999,101.0,0.0,91,0.0040677777522554,0.22622,0.18837,0.06683
2023-03-02 19:00:00,0.0508333333333333,94.75,0.0,91,0.0,0.22622,0.22928,0.06683
2023-03-02 20:00:00,0.2279999999999999,91.0,0.0,91,0.0,0.22622,0.185,0.06683
2023-03-02 21:00:00,1.1295,91.5,0.0,91,0.0,0.22622,0.16682,0.06683
2023-03-02 22:00:00,3.315333333333333,90.5,0.0,91,0.0,0.05735,0.16,0.06683
2023-03-02 23:00:00,6.791666666666667,90.25,0.0,91,0.0,0.05735,0.15369,0.06683
2023-03-03 00:00:00,0.0756666666666666,91.75,0.0,91,0.0,0.05735,0.14756,0.06683
2023-03-03 01:00:00,0.0544999999999999,92.5,0.0,91,0.0,0.05735,0.14579,0.06683
2023-03-03 02:00:00,0.0538333333333332,92.75,0.0,91,0.0,0.05735,0.14354,0.06683
2023-03-03 03:00:00,0.0534999999999999,95.25,0.0,91,0.0,0.05735,0.14311000000000001,0.06683
2023-03-03 04:00:00,0.0538333333333332,96.25,0.0,91,0.0,0.05735,0.14362,0.06683
2023-03-03 05:00:00,0.0541666666666666,94.0,0.0,91,0.0,0.05735,0.14637,0.06683
2023-03-03 06:00:00,0.0526666666666666,89.0,0.0,91,0.0,0.22622,0.16219,0.06683
2023-03-03 07:00:00,0.0506666666666666,84.5,0.0,91,0.0029845299240615,0.22622,0.18703,0.06683
2023-03-03 08:00:00,0.0506666666666666,81.5,0.0,91,0.0339910256760752,0.22622,0.22,0.06683
2023-03-03 09:00:00,0.0508333333333333,79.25,0.0,91,0.0869762388865152,0.22622,0.20074,0.06683
2023-03-03 10:00:00,0.1161666666666666,79.0,0.0,91,0.1273341884776058,0.22622,0.19104,0.06683
2023-03-03 11:00:00,2.919333333333333,81.0,0.0,91,0.1633251283107659,0.22622,0.15803999999999999,0.06683
2023-03-03 12:00:00,5.669499999999999,78.75,0.0,91,0.201349743900136,0.22622,0.14637,0.06683
2023-03-03 13:00:00,10.717333333333334,79.5,0.0,91,0.2311922223343808,0.22622,0.14347,0.06683
2023-03-03 14:00:00,14.731,83.25,0.0,91,0.1615348724626068,0.22622,0.1451,0.06683
2023-03-03 15:00:00,4.815,91.0,0.0,91,0.1769430765331301,0.22622,0.14564,0.06683
2023-03-03 16:00:00,0.2731666666666666,94.25,0.0,91,0.0931676929832523,0.22622,0.14241,0.06683
2023-03-03 17:00:00,1.2533333333333334,92.5,0.0,91,0.0275631624613052,0.22622,0.15659,0.06683
2023-03-03 18:00:00,3.5461666666666667,90.75,0.0,91,0.0006652136739645,0.22622,0.165,0.06683
2023-03-03 19:00:00,6.240333333333333,87.5,0.0,91,0.0,0.22622,0.19113999999999998,0.06683
2023-03-03 20:00:00,0.0613333333333332,91.0,0.0,91,0.0,0.22622,0.18685,0.06683
2023-03-03 21:00:00,0.0543333333333332,91.5,0.0,91,0.0,0.22622,0.163,0.06683
2023-03-03 22:00:00,0.0529999999999999,90.75,0.0,91,0.0,0.05735,0.15802000000000002,0.06683
2023-03-03 23:00:00,0.0591666666666666,88.75,0.0,91,0.0,0.05735,0.15575999999999998,0.06683
2023-03-04 00:00:00,0.0544999999999999,83.5,0.0,91,0.0,0.05735,0.14224,0.06683
2023-03-04 01:00:00,0.0546666666666666,79.0,0.0,91,0.0,0.05735,0.13733,0.06683
2023-03-04 02:00:00,0.0543333333333332,79.5,0.0,91,0.0,0.05735,0.1421,0.06683
2023-03-04 03:00:00,0.0549999999999999,78.75,0.0,91,0.0,0.05735,0.13752,0.06683
2023-03-04 04:00:00,0.0551666666666665,79.5,0.0,91,0.0,0.05735,0.1364,0.06683
2023-03-04 05:00:00,0.0551666666666665,80.5,0.0,91,0.0,0.05735,0.136,0.06683
2023-03-04 06:00:00,0.0546666666666666,80.0,0.0,91,0.0,0.22622,0.13499,0.06683
2023-03-04 07:00:00,0.0543333333333332,79.0,0.0,91,0.0020916239176996,0.22622,0.14539,0.06683
2023-03-04 08:00:00,0.0543333333333332,78.0,0.0,91,0.0214390597791753,0.22622,0.15,0.06683
2023-03-04 09:00:00,0.0538333333333332,74.0,0.0,91,0.0465984615912804,0.22622,0.15199000000000001,0.06683
2023-03-04 10:00:00,0.0598333333333332,70.75,0.0,91,0.0827782048934545,0.22622,0.1444,0.06683
2023-03-04 11:00:00,0.0538333333333332,66.75,0.0,91,0.1355094875433505,0.22622,0.13448,0.06683
2023-03-04 12:00:00,0.0536666666666666,65.75,0.0,91,0.1673451276925894,0.22622,0.12442,0.06683
2023-03-04 13:00:00,0.2279999999999999,65.75,0.0,91,0.1350064952556903,0.22622,0.115,0.06683
2023-03-04 14:00:00,1.0646666666666669,67.75,0.0,91,0.1384558976002229,0.22622,0.1119,0.06683
2023-03-04 15:00:00,1.9781666666666664,72.0,0.0,91,0.1784089745415581,0.22622,0.1173,0.06683
2023-03-04 16:00:00,6.803333333333334,77.5,0.0,91,0.0977226496150351,0.22622,0.12301000000000001,0.06683
2023-03-04 17:00:00,9.399,80.0,0.0,91,0.035004187934419,0.22622,0.14,0.06683
2023-03-04 18:00:00,0.7363333333333334,79.25,0.0,91,0.0024289743544963,0.22622,0.1631,0.06683
2023-03-04 19:00:00,0.1601666666666666,86.0,0.0,91,0.0,0.22622,0.19583,0.06683
2023-03-04 20:00:00,3.7548333333333335,87.5,0.0,91,0.0,0.22622,0.1732,0.06683
2023-03-04 21:00:00,17.090666666666667,83.5,0.0,91,0.0,0.22622,0.16061,0.06683
2023-03-04 22:00:00,9.662666666666668,77.5,0.0,91,0.0,0.05735,0.1497,0.06683
2023-03-04 23:00:00,17.3885,75.0,0.0,91,0.0,0.05735,0.147,0.06683
2023-03-05 00:00:00,17.597833333333334,79.25,0.0,91,0.0,0.05735,0.14409,0.06683
2023-03-05 01:00:00,8.9425,80.0,0.0,91,0.0,0.05735,0.142,0.06683
2023-03-05 02:00:00,0.0548333333333332,81.0,0.0,91,0.0,0.05735,0.14773,0.06683
2023-03-05 03:00:00,0.0544999999999999,84.0,0.0,91,0.0,0.05735,0.14246999999999999,0.06683
2023-03-05 04:00:00,0.0543333333333332,85.5,0.0,91,0.0,0.05735,0.14249,0.06683
2023-03-05 05:00:00,0.0539999999999999,86.0,0.0,91,0.0,0.05735,0.14303,0.06683
2023-03-05 06:00:00,0.0538333333333332,87.25,0.0,91,0.0,0.22622,0.143,0.06683
2023-03-05 07:00:00,0.0541666666666666,88.25,0.0,91,0.0093949573595299,0.22622,0.14114,0.06683
2023-03-05 08:00:00,0.0543333333333332,86.5,0.0,91,0.0620095726567455,0.22622,0.13554,0.06683
2023-03-05 09:00:00,0.0598333333333333,78.25,0.0,91,0.1110179490309495,0.22622,0.13726,0.06683
2023-03-05 10:00:00,0.0541666666666666,73.5,0.0,91,0.2007215398804754,0.22622,0.13343,0.06683
2023-03-05 11:00:00,0.0538333333333332,70.75,0.0,91,0.420070424854246,0.22622,0.13288999999999998,0.06683
2023-03-05 12:00:00,0.0539999999999999,67.0,0.0,91,0.5030764111901961,0.22622,0.13,0.06683
2023-03-05 13:00:00,0.0539999999999999,65.5,0.0,91,0.5033935031727848,0.22622,0.12615,0.06683
2023-03-05 14:00:00,0.0916666666666666,71.25,0.0,91,0.4404111956734943,0.22622,0.12326000000000001,0.06683
2023-03-05 15:00:00,3.3363333333333336,78.5,0.0,91,0.3421233325534397,0.22622,0.13193000000000002,0.06683
2023-03-05 16:00:00,6.723,83.5,0.0,91,0.2105215384002424,0.22622,0.13775,0.06683
2023-03-05 17:00:00,13.713,85.75,0.0,91,0.0683941021332374,0.22622,0.14514,0.06683
2023-03-05 18:00:00,15.132333333333332,84.0,0.0,91,0.0043734188051496,0.22622,0.17001,0.06683
2023-03-05 19:00:00,5.446666666666666,94.75,0.0,91,0.0,0.22622,0.19477,0.06683
2023-03-05 20:00:00,8.174333333333333,96.5,0.0,91,0.0,0.22622,0.18402000000000002,0.06683
2023-03-05 21:00:00,15.299166666666666,92.25,0.0,91,0.0,0.22622,0.16763999999999998,0.06683
2023-03-05 22:00:00,6.689666666666667,87.5,0.0,91,0.0,0.05735,0.15541999999999997,0.06683
2023-03-05 23:00:00,0.0546666666666666,85.5,0.0,91,0.0,0.05735,0.15466,0.06683
2023-03-06 00:00:00,0.0534999999999999,88.75,0.0,91,0.0,0.05735,0.149,0.06683
2023-03-06 01:00:00,0.0534999999999999,87.5,0.0,91,0.0,0.05735,0.14976,0.06683
2023-03-06 02:00:00,0.0531666666666666,88.5,0.0,91,0.0,0.05735,0.14476,0.06683
2023-03-06 03:00:00,0.0533333333333333,89.5,0.0,91,0.0,0.05735,0.13597,0.06683
2023-03-06 04:00:00,0.0534999999999999,91.0,0.0,91,0.0,0.05735,0.134,0.06683
2023-03-06 05:00:00,0.0518333333333333,93.5,0.0,91,0.0,0.05735,0.1387,0.06683
2023-03-06 06:00:00,0.0569999999999999,96.25,0.0,91,0.0,0.22622,0.1598,0.06683
2023-03-06 07:00:00,0.051,97.0,0.0,91,0.0127041880429809,0.22622,0.185,0.06683
2023-03-06 08:00:00,0.0515,98.5,0.0,91,0.1087863249656481,0.22622,0.21709,0.06683
2023-03-06 09:00:00,0.051,96.25,0.0,91,0.2588004257332565,0.22622,0.20154,0.06683
2023-03-06 10:00:00,0.0893333333333333,97.0,0.0,91,0.3891876911913228,0.22622,0.17026,0.06683
2023-03-06 11:00:00,0.1258333333333333,93.75,0.0,91,0.4782794013390175,0.22622,0.16084,0.06683
2023-03-06 12:00:00,0.4113333333333333,85.5,0.0,91,0.5311096595698952,0.22622,0.14967,0.06683
2023-03-06 13:00:00,1.7168333333333334,84.0,0.0,91,0.5292103439722305,0.22622,0.14476,0.06683
2023-03-06 14:00:00,4.39,86.0,0.0,91,0.4674580331133981,0.22622,0.14277,0.06683
2023-03-06 15:00:00,4.063833333333333,86.25,0.0,91,0.3658009406847832,0.22622,0.14438,0.06683
2023-03-06 16:00:00,13.444833333333332,90.0,0.0,91,0.2259899996896076,0.22622,0.15,0.06683
2023-03-06 17:00:00,10.610833333333334,87.25,0.0,91,0.0633881197831569,0.22622,0.16091,0.06683
2023-03-06 18:00:00,5.898833333333333,93.5,0.0,91,0.0036604273614561,0.22622,0.18389,0.06683
2023-03-06 19:00:00,2.9025,91.0,0.0,91,0.0,0.22622,0.20169,0.06683
2023-03-06 20:00:00,14.5605,90.75,0.0,91,0.0,0.22622,0.1726,0.06683
2023-03-06 21:00:00,19.02533333333333,81.5,0.0,91,0.0,0.22622,0.1565,0.06683
2023-03-06 22:00:00,11.7595,78.0,0.0,91,0.0,0.05735,0.1475,0.06683
2023-03-06 23:00:00,6.735666666666667,67.5,0.0,91,0.0,0.05735,0.14014,0.06683
2023-03-07 00:00:00,1.0728333333333333,67.5,0.0,91,0.0,0.05735,0.1381,0.06683
2023-03-07 01:00:00,0.0559999999999999,62.5,0.0,91,0.0,0.05735,0.133,0.06683
2023-03-07 02:00:00,0.0558333333333332,63.25,0.0,91,0.0,0.05735,0.12835,0.06683
2023-03-07 03:00:00,0.0563333333333332,62.75,0.0,91,0.0,0.05735,0.12429000000000001,0.06683
2023-03-07 04:00:00,0.0618333333333332,62.5,0.0,91,0.0,0.05735,0.12440999999999999,0.06683
2023-03-07 05:00:00,0.0558333333333332,67.0,0.0,91,0.0,0.05735,0.12858,0.06683
2023-03-07 06:00:00,0.0546666666666666,66.5,0.0,91,0.0,0.22622,0.14416,0.06683
2023-03-07 07:00:00,0.0539999999999999,62.25,0.0,91,0.0148137605538926,0.22622,0.18033000000000002,0.06683
2023-03-07 08:00:00,0.0543333333333332,58.75,0.0,91,0.1384061537033472,0.22622,0.19007,0.06683
2023-03-07 09:00:00,8.778666666666668,55.5,0.0,91,0.2869572654137245,0.22622,0.19319,0.06683
2023-03-07 10:00:00,15.6895,54.5,0.0,91,0.3952689765864967,0.22622,0.17844,0.06683
2023-03-07 11:00:00,9.873666666666669,54.0,0.0,91,0.4969897477239628,0.22622,0.15965000000000001,0.06683
2023-03-07 12:00:00,18.459166666666665,54.0,0.0,91,0.4115730764927009,0.22622,0.14278,0.06683
2023-03-07 13:00:00,14.866333333333335,55.0,0.0,91,0.4715851260454227,0.22622,0.14092,0.06683
2023-03-07 14:00:00,14.720166666666666,57.25,0.0,91,0.1196720524323292,0.22622,0.14719,0.06683
2023-03-07 15:00:00,13.975,59.75,0.0,91,0.0425064958262647,0.22622,0.14333,0.06683
2023-03-07 16:00:00,0.1411666666666666,61.25,0.0,91,0.0178510256913992,0.22622,0.13253,0.06683
2023-03-07 17:00:00,0.1621666666666666,61.75,0.0,91,0.007318546955402,0.22622,0.14846,0.06683
2023-03-07 18:00:00,0.1845,59.5,0.0,91,0.0020983760605335,0.22622,0.16743,0.06683
2023-03-07 19:00:00,0.1606666666666666,64.5,0.0,91,0.0,0.22622,0.23247,0.06683
2023-03-07 20:00:00,0.1686666666666666,65.5,0.0,91,0.0,0.22622,0.16203,0.06683
2023-03-07 21:00:00,1.5085,68.0,0.0,91,0.0,0.22622,0.14578,0.06683
2023-03-07 22:00:00,6.7135,71.5,0.0,91,0.0,0.05735,0.13982,0.06683
2023-03-07 23:00:00,0.0556666666666666,69.75,0.0,91,0.0,0.05735,0.1325,0.06683
2023-03-08 00:00:00,0.0559999999999999,70.0,0.0,91,0.0,0.05735,0.12382,0.06683
2023-03-08 01:00:00,0.0563333333333332,68.0,0.0,91,0.0,0.05735,0.12045,0.06683
2023-03-08 02:00:00,0.0564999999999999,66.0,0.0,91,0.0,0.05735,0.1198,0.06683
2023-03-08 03:00:00,0.0621666666666665,64.25,0.0,91,0.0,0.05735,0.111,0.06683
2023-03-08 04:00:00,0.0568333333333332,67.0,0.0,91,0.0,0.05735,0.111,0.06683
2023-03-08 05:00:00,0.0563333333333332,70.75,0.0,91,0.0,0.05735,0.11823,0.06683
2023-03-08 06:00:00,0.0554999999999999,77.75,0.0,91,0.0,0.22622,0.14068,0.06683
2023-03-08 07:00:00,0.0549999999999999,74.25,0.0,91,0.0007029059844521,0.22622,0.15853,0.06683
2023-03-08 08:00:00,0.0551666666666666,66.5,0.0,91,0.018402649536092,0.22622,0.1731,0.06683
2023-03-08 09:00:00,0.1003333333333333,63.0,0.48113,91,0.0387144444946549,0.22622,0.16297999999999999,0.06683
2023-03-08 10:00:00,0.1531666666666666,62.75,0.48113,91,0.1042285467213035,0.22622,0.1529,0.06683
2023-03-08 11:00:00,0.1184999999999999,63.75,0.0,91,0.1770504273308648,0.22622,0.14422,0.06683
2023-03-08 12:00:00,0.0559999999999999,63.75,0.0,91,0.0848183764759292,0.22622,0.13725,0.06683
2023-03-08 13:00:00,0.0558333333333332,62.5,0.0,91,0.0469553844337789,0.22622,0.13593,0.06683
2023-03-08 14:00:00,0.0893333333333333,54.75,0.0,91,0.0784437601790468,0.22622,0.1372,0.06683
2023-03-08 15:00:00,0.0559999999999999,52.0,0.0,91,0.0449458972816793,0.22622,0.14094,0.06683
2023-03-08 16:00:00,0.4273333333333333,60.0,0.0,91,0.0289747008910546,0.22622,0.14442,0.06683
2023-03-08 17:00:00,3.869166666666666,74.25,0.0,91,0.0177007691880576,0.22622,0.153,0.06683
2023-03-08 18:00:00,11.189666666666668,72.75,0.0,91,0.000922051285091,0.22622,0.16688999999999998,0.06683
2023-03-08 19:00:00,3.9463333333333335,71.0,0.0,91,0.0,0.22622,0.17002,0.06683
2023-03-08 20:00:00,6.658333333333334,65.75,0.0,91,0.0,0.22622,0.15377000000000002,0.06683
2023-03-08 21:00:00,5.269666666666667,59.75,0.0,91,0.0,0.22622,0.13502,0.06683
2023-03-08 22:00:00,5.042166666666667,50.75,0.0,91,0.0,0.05735,0.12911,0.06683
2023-03-08 23:00:00,4.312666666666667,48.5,0.0,91,0.0,0.05735,0.119,0.06683
2023-03-09 00:00:00,0.0566666666666666,42.75,0.0,91,0.0,0.05735,0.11366,0.06683
2023-03-09 01:00:00,0.0618333333333333,39.75,0.0,91,0.0,0.05735,0.11139,0.06683
2023-03-09 02:00:00,0.0561666666666666,39.25,0.0,91,0.0,0.05735,0.11102,0.06683
2023-03-09 03:00:00,0.0563333333333333,40.25,0.0,91,0.0,0.05735,0.10937999999999999,0.06683
2023-03-09 04:00:00,0.0561666666666666,41.5,0.0,91,0.0,0.05735,0.11122,0.06683
2023-03-09 05:00:00,0.0556666666666666,42.0,0.0,91,0.0,0.05735,0.11302,0.06683
2023-03-09 06:00:00,0.0546666666666666,47.0,0.0,91,0.0,0.22622,0.1374,0.06683
2023-03-09 07:00:00,0.0538333333333333,51.0,0.0,91,0.0199876068277746,0.22622,0.15019,0.06683
2023-03-09 08:00:00,0.053,62.25,0.0,91,0.105988718179556,0.22622,0.15916,0.06683
2023-03-09 09:00:00,0.0533333333333333,64.25,0.0,91,0.2418008553268563,0.22622,0.15080000000000002,0.06683
2023-03-09 10:00:00,0.0539999999999999,61.25,0.0,91,0.299918461335011,0.22622,0.14202,0.06683
2023-03-09 11:00:00,0.0598333333333333,54.75,0.0,91,0.316607180212298,0.22622,0.13149,0.06683
2023-03-09 12:00:00,0.3823333333333333,51.0,0.0,91,0.3611164960290631,0.22622,0.12174,0.06683
2023-03-09 13:00:00,2.5581666666666667,45.25,0.0,91,0.5146457248263888,0.22622,0.11621,0.06683
2023-03-09 14:00:00,10.947,47.25,0.0,91,0.4760135050716565,0.22622,0.11587,0.06683
2023-03-09 15:00:00,8.481,55.75,0.0,91,0.3971347854483842,0.22622,0.1173,0.06683
2023-03-09 16:00:00,3.7466666666666666,57.75,0.0,91,0.164541195763482,0.22622,0.11911,0.06683
2023-03-09 17:00:00,0.6016666666666667,60.25,0.0,91,0.0624179487554436,0.22622,0.1347,0.06683
2023-03-09 18:00:00,0.0551666666666666,66.75,0.0,91,0.0052498290538151,0.22622,0.14758000000000002,0.06683
2023-03-09 19:00:00,0.0551666666666666,68.0,0.0,91,0.0,0.22622,0.14545,0.06683
2023-03-09 20:00:00,0.0558333333333332,61.5,0.0,91,0.0,0.22622,0.1351,0.06683
2023-03-09 21:00:00,0.0561666666666666,54.0,0.0,91,0.0,0.22622,0.12543,0.06683
2023-03-09 22:00:00,0.0564999999999999,60.0,0.0,91,0.0,0.05735,0.12382,0.06683
2023-03-09 23:00:00,0.0568333333333332,63.25,0.0,91,0.0,0.05735,0.1097,0.06683
2023-03-10 00:00:00,0.0624999999999999,57.5,0.0,91,0.0,0.05735,0.10289,0.06683
2023-03-10 01:00:00,0.0564999999999999,48.25,0.0,91,0.0,0.05735,0.10068,0.06683
2023-03-10 02:00:00,0.0564999999999999,50.0,0.0,91,0.0,0.05735,0.09906000000000001,0.06683
2023-03-10 03:00:00,0.0561666666666666,50.0,0.0,91,0.0,0.05735,0.09884,0.06683
2023-03-10 04:00:00,0.0554999999999999,47.75,0.0,91,0.0,0.05735,0.09909,0.06683
2023-03-10 05:00:00,0.0549999999999999,47.5,0.0,91,0.0,0.05735,0.105,0.06683
2023-03-10 06:00:00,0.0546666666666666,47.5,0.0,91,0.0,0.22622,0.11981,0.06683
2023-03-10 07:00:00,0.0548333333333332,49.75,0.0,91,0.0081265811392894,0.22622,0.13697,0.06683
2023-03-10 08:00:00,0.0541666666666666,49.25,0.0,91,0.0561238460866814,0.22622,0.14091,0.06683
2023-03-10 09:00:00,0.0541666666666666,47.25,0.0,91,0.0675800002334464,0.22622,0.13661,0.06683
2023-03-10 10:00:00,0.0544999999999999,46.25,0.0,91,0.0914947862706632,0.22622,0.13188999999999998,0.06683
2023-03-10 11:00:00,4.667833333333333,47.0,0.0,91,0.2358490588522365,0.22622,0.1251,0.06683
2023-03-10 12:00:00,8.597166666666666,49.25,0.0,91,0.2562000837081518,0.22622,0.11634,0.06683
2023-03-10 13:00:00,5.459499999999999,49.75,0.0,91,0.3760070103050296,0.22622,0.11264,0.06683
2023-03-10 14:00:00,8.784333333333334,51.75,0.0,91,0.3536681189903846,0.22622,0.11495,0.06683
2023-03-10 15:00:00,4.475666666666666,55.5,0.0,91,0.115902992232233,0.22622,0.11329,0.06683
2023-03-10 16:00:00,4.424333333333333,65.5,0.0,91,0.0620752138969225,0.22622,0.11104,0.06683
2023-03-10 17:00:00,0.906,64.25,0.0,91,0.0215383760847597,0.22622,0.13015000000000002,0.06683
2023-03-10 18:00:00,4.5456666666666665,73.0,0.0,91,0.0010272649675607,0.22622,0.13641,0.06683
2023-03-10 19:00:00,4.572666666666667,76.5,0.0,91,0.0,0.22622,0.13761,0.06683
2023-03-10 20:00:00,4.605166666666666,77.25,0.0,91,0.0,0.22622,0.12557,0.06683
2023-03-10 21:00:00,4.501,71.75,0.0,91,0.0,0.22622,0.12226000000000001,0.06683
2023-03-10 22:00:00,8.720833333333333,72.5,0.0,91,0.0,0.05735,0.1295,0.06683
2023-03-10 23:00:00,4.748833333333333,74.0,0.0,91,0.0,0.05735,0.1295,0.06683
2023-03-11 00:00:00,0.0614999999999999,77.25,0.0,91,0.0,0.05735,0.13186,0.06683
2023-03-11 01:00:00,0.0543333333333332,79.0,0.0,91,0.0,0.05735,0.1274,0.06683
2023-03-11 02:00:00,0.0546666666666666,78.0,0.0,91,0.0,0.05735,0.12607,0.06683
2023-03-11 03:00:00,0.0546666666666666,77.5,0.0,91,0.0,0.05735,0.1007,0.06683
2023-03-11 04:00:00,0.0543333333333333,72.25,0.0,91,0.0,0.05735,0.11,0.06683
2023-03-11 05:00:00,0.0544999999999999,58.75,0.0,91,0.0,0.05735,0.11464,0.06683
2023-03-11 06:00:00,0.0543333333333332,55.75,0.0,91,0.0,0.22622,0.13003,0.06683
2023-03-11 07:00:00,0.0541666666666666,57.0,0.0,91,0.005861367531057,0.22622,0.13094,0.06683
2023-03-11 08:00:00,0.0539999999999999,55.5,0.0,91,0.0305788033640282,0.22622,0.137,0.06683
2023-03-11 09:00:00,0.1111666666666666,52.75,0.0,91,0.0792172644688533,0.22622,0.1336,0.06683
2023-03-11 10:00:00,4.4245,51.75,0.0,91,0.1222297439412174,0.22622,0.1285,0.06683
2023-03-11 11:00:00,4.6225,50.25,0.0,91,0.2321271793658916,0.22622,0.1119,0.06683
2023-03-11 12:00:00,4.4405,41.5,0.0,91,0.2996652136908637,0.22622,0.10513,0.06683
2023-03-11 13:00:00,3.864833333333333,37.5,0.0,91,0.2317797439118736,0.22622,0.08821999999999999,0.06683
2023-03-11 14:00:00,2.3898333333333333,37.25,0.0,91,0.3688278628618289,0.22622,0.11,0.06683
2023-03-11 15:00:00,0.0556666666666665,39.25,0.0,91,0.2663617945940066,0.22622,0.09412000000000001,0.06683
2023-03-11 16:00:00,0.0556666666666665,42.5,0.0,91,0.0939994020543546,0.22622,0.10595,0.06683
2023-03-11 17:00:00,4.641333333333333,49.0,0.0,91,0.0388773502906163,0.22622,0.13009,0.06683
2023-03-11 18:00:00,7.963333333333334,59.75,0.0,91,0.003568974360744,0.22622,0.1454,0.06683
2023-03-11 19:00:00,0.8198333333333333,60.75,0.0,91,0.0,0.22622,0.15924000000000002,0.06683
2023-03-11 20:00:00,0.0554999999999999,61.0,0.0,91,0.0,0.22622,0.13168000000000002,0.06683
2023-03-11 21:00:00,0.0566666666666665,55.5,0.0,91,0.0,0.22622,0.11996,0.06683
2023-03-11 22:00:00,0.0621666666666666,51.5,0.0,91,0.0,0.05735,0.1318,0.06683
2023-03-11 23:00:00,0.0571666666666665,52.75,0.0,91,0.0,0.05735,0.13016999999999998,0.06683
2023-03-12 00:00:00,0.0561666666666665,48.25,0.0,91,0.0,0.05735,0.12167,0.06683
2023-03-12 01:00:00,0.0559999999999999,41.75,0.0,91,0.0,0.05735,0.10178,0.06683
2023-03-12 02:00:00,0.0558333333333332,34.5,0.0,91,0.0,0.05735,0.10173,0.06683
2023-03-12 03:00:00,0.0559999999999999,33.75,0.0,91,0.0,0.05735,0.09104999999999999,0.06683
2023-03-12 04:00:00,0.0559999999999999,34.0,0.0,91,0.0,0.05735,0.09248,0.06683
2023-03-12 05:00:00,0.0559999999999999,33.25,0.0,91,0.0,0.05735,0.09265999999999999,0.06683
2023-03-12 06:00:00,0.0564999999999999,33.0,0.0,91,0.0,0.22622,0.09140999999999999,0.06683
2023-03-12 07:00:00,0.0559999999999999,34.25,0.0,91,0.0101619658049227,0.22622,0.08964,0.06683
2023-03-12 08:00:00,0.0553333333333332,34.75,0.0,91,0.0655529060119237,0.22622,0.09038,0.06683
2023-03-12 09:00:00,0.1453333333333333,32.75,0.0,91,0.3044091452900161,0.22622,0.0938,0.06683
2023-03-12 10:00:00,1.9908333333333328,32.0,0.0,91,0.434733931549594,0.22622,0.09168000000000001,0.06683
2023-03-12 11:00:00,9.234666666666667,31.0,0.0,91,0.4269000857100525,0.22622,0.08751,0.06683
2023-03-12 12:00:00,15.084666666666667,33.0,0.0,91,0.6172292334401713,0.22622,0.07936,0.06683
2023-03-12 13:00:00,1.1121666666666667,32.0,0.0,91,0.5899895744649776,0.22622,0.06883,0.06683
2023-03-12 14:00:00,2.1846666666666663,33.25,0.0,91,0.5249292305188304,0.22622,0.07,0.06683
2023-03-12 15:00:00,8.915333333333333,34.75,0.0,91,0.4145791449913611,0.22622,0.07490000000000001,0.06683
2023-03-12 16:00:00,6.751666666666668,35.0,0.0,91,0.256005384657118,0.22622,0.08505,0.06683
2023-03-12 17:00:00,6.739833333333333,34.75,0.0,91,0.1118382911193065,0.22622,0.10079,0.06683
2023-03-12 18:00:00,4.402833333333334,34.75,0.0,91,0.0141191453615235,0.22622,0.12031,0.06683
2023-03-12 19:00:00,4.6466666666666665,33.0,0.0,91,0.0,0.22622,0.14104,0.06683
2023-03-12 20:00:00,8.458833333333333,32.75,0.0,91,0.0,0.22622,0.12997,0.06683
2023-03-12 21:00:00,4.815333333333333,32.25,0.0,91,0.0,0.22622,0.10506,0.06683
2023-03-12 22:00:00,4.761666666666667,32.5,0.0,91,0.0,0.05735,0.09498000000000001,0.06683
2023-03-12 23:00:00,4.544999999999999,32.5,0.0,91,0.0,0.05735,0.08220000000000001,0.06683
2023-03-13 00:00:00,4.547166666666667,32.0,0.0,91,0.0,0.05735,0.04772,0.06683
2023-03-13 01:00:00,5.287833333333333,33.25,0.0,91,0.0,0.05735,0.0381,0.06683
2023-03-13 02:00:00,3.394,33.75,0.0,91,0.0,0.05735,0.033600000000000005,0.06683
2023-03-13 03:00:00,0.0566666666666666,35.25,0.0,91,0.0,0.05735,0.01864,0.06683
2023-03-13 04:00:00,0.0563333333333332,35.0,0.0,91,0.0,0.05735,0.01295,0.06683
2023-03-13 05:00:00,0.0556666666666666,35.0,0.0,91,0.0,0.05735,0.027030000000000002,0.06683
2023-03-13 06:00:00,0.0554999999999999,35.25,0.0,91,0.0,0.22622,0.05336,0.06683
2023-03-13 07:00:00,0.0549999999999999,33.75,0.0,91,0.0333708550851059,0.22622,0.09172,0.06683
2023-03-13 08:00:00,0.0548333333333332,38.0,0.0,91,0.1529961541167691,0.22622,0.09511,0.06683
2023-03-13 09:00:00,0.0604999999999999,34.0,0.0,91,0.1750273502382458,0.22622,0.059090000000000004,0.06683
2023-03-13 10:00:00,0.0548333333333332,31.5,0.0,91,0.2405090594495464,0.22622,0.04265,0.06683
2023-03-13 11:00:00,0.0548333333333333,32.0,0.0,91,0.4833433343610192,0.22622,0.029589999999999998,0.06683
2023-03-13 12:00:00,0.0544999999999999,31.75,0.0,91,0.4597952159653363,0.22622,0.009630000000000001,0.06683
2023-03-13 13:00:00,0.0544999999999999,30.0,0.0,91,0.5868276944934814,0.22622,0.00835,0.06683
2023-03-13 14:00:00,0.1858333333333333,32.75,0.0,91,0.4652613674066005,0.22622,0.00931,0.06683
2023-03-13 15:00:00,5.3105,33.5,0.0,91,0.3169287171323075,0.22622,0.01008,0.06683
2023-03-13 16:00:00,5.046,34.0,0.0,91,0.2067366660354484,0.22622,0.0135,0.06683
2023-03-13 17:00:00,8.2385,33.25,0.0,91,0.1127120517665504,0.22622,0.05842,0.06683
2023-03-13 18:00:00,4.622833333333333,38.0,0.0,91,0.0064787180045157,0.22622,0.0942,0.06683
2023-03-13 19:00:00,9.577833333333333,38.25,0.0,91,0.0,0.22622,0.10216,0.06683
2023-03-13 20:00:00,4.6306666666666665,32.0,0.0,91,0.0,0.22622,0.08495,0.06683
2023-03-13 21:00:00,0.0569999999999999,31.25,0.0,91,0.0,0.22622,0.05792,0.06683
2023-03-13 22:00:00,0.0564999999999999,31.75,0.0,91,0.0,0.05735,0.03545,0.06683
2023-03-13 23:00:00,0.0573333333333332,32.5,0.0,91,0.0,0.05735,0.02332,0.06683
2023-03-14 00:00:00,0.0559999999999999,34.25,0.0,91,0.0,0.05735,0.00957,0.06683
2023-03-14 01:00:00,0.0563333333333332,35.25,0.0,91,0.0,0.05735,0.00455,0.06683
2023-03-14 02:00:00,0.0568333333333332,35.75,0.0,91,0.0,0.05735,0.0041600000000000005,0.06683
2023-03-14 03:00:00,0.0568333333333332,36.0,0.0,91,0.0,0.05735,0.0023599999999999997,0.06683
2023-03-14 04:00:00,0.0568333333333332,36.0,0.261565,91,0.0,0.05735,0.0041600000000000005,0.06683
2023-03-14 05:00:00,0.0556666666666666,34.75,0.394125,91,0.0,0.05735,0.01285,0.06683
2023-03-14 06:00:00,0.0546666666666666,33.5,0.44636,91,0.0,0.22622,0.05017,0.06683
2023-03-14 07:00:00,0.0588333333333333,31.5,0.73782,91,0.0059094016967166,0.22622,0.09436,0.06683
2023-03-14 08:00:00,0.0538333333333333,33.25,0.7472799999999999,91,0.0184279486868116,0.22622,0.10011,0.06683
2023-03-14 09:00:00,0.0546666666666666,33.5,0.597455,91,0.027236666516361,0.22622,0.09038,0.06683
2023-03-14 10:00:00,0.0543333333333333,33.0,0.55241,91,0.0508260687396057,0.22622,0.07592,0.06683
2023-03-14 11:00:00,0.0634999999999999,32.5,0.547585,91,0.0845805129026755,0.22622,0.06098,0.06683
2023-03-14 12:00:00,0.1091666666666666,30.0,0.53032,91,0.3406816228230794,0.22622,0.048060000000000005,0.06683
2023-03-14 13:00:00,0.4753333333333333,30.5,0.410765,91,0.4978617073124288,0.22622,0.05644,0.06683
2023-03-14 14:00:00,0.1536666666666666,31.0,0.286495,91,0.2344421388348961,0.22622,0.06639,0.06683
2023-03-14 15:00:00,0.1946666666666666,32.0,0.387485,91,0.1120134192246657,0.22622,0.06288,0.06683
2023-03-14 16:00:00,2.0923333333333334,33.5,0.5416249999999999,91,0.1640280356264521,0.22622,0.08329,0.06683
2023-03-14 17:00:00,9.545,38.75,0.51677,91,0.0676309400949722,0.22622,0.13003,0.06683
2023-03-14 18:00:00,7.276666666666666,44.25,0.39486,91,0.0066985470009569,0.22622,0.15250999999999998,0.06683
2023-03-14 19:00:00,0.7925,49.0,0.24442,91,0.0,0.22622,0.20041,0.06683
2023-03-14 20:00:00,4.506166666666667,51.75,0.133385,91,0.0,0.22622,0.17984,0.06683
2023-03-14 21:00:00,12.772666666666666,52.25,0.11409,91,0.0,0.22622,0.15777000000000002,0.06683
2023-03-14 22:00:00,5.287,54.0,0.112785,91,0.0,0.05735,0.15234,0.06683
2023-03-14 23:00:00,0.7468333333333333,54.25,0.10017,91,0.0,0.05735,0.14396,0.06683
2023-03-15 00:00:00,0.1128333333333332,52.0,0.044545,91,0.0,0.05735,0.13386,0.06683
2023-03-15 01:00:00,0.0566666666666665,53.0,0.054115,91,0.0,0.05735,0.12469,0.06683
2023-03-15 02:00:00,0.0556666666666666,50.75,0.116315,91,0.0,0.05735,0.12265000000000001,0.06683
2023-03-15 03:00:00,0.0561666666666665,51.0,0.1213,91,0.0,0.05735,0.12051,0.06683
2023-03-15 04:00:00,0.0551666666666666,52.0,0.13215,91,0.0,0.05735,0.12067,0.06683
2023-03-15 05:00:00,0.0548333333333332,53.0,0.397495,91,0.0,0.05735,0.13181,0.06683
2023-03-15 06:00:00,0.0599999999999999,54.5,0.85349,91,0.0005646153825979,0.22622,0.14452,0.06683
2023-03-15 07:00:00,0.0534999999999999,53.75,1.20484,91,0.0362967522225828,0.22622,0.17302,0.06683
2023-03-15 08:00:00,0.0533333333333333,51.25,1.095365,91,0.1906995726039267,0.22622,0.18531,0.06683
2023-03-15 09:00:00,0.0535,47.25,0.67193,91,0.3596764973697499,0.22622,0.16638999999999998,0.06683
2023-03-15 10:00:00,0.0538333333333333,41.0,0.5224650000000001,91,0.484738033327282,0.22622,0.15534,0.06683
2023-03-15 11:00:00,0.0824999999999999,39.25,0.2733449999999999,91,0.5703122231899164,0.22622,0.14463,0.06683
2023-03-15 12:00:00,0.0706666666666666,39.5,0.0028699999999999,91,0.6097675183288057,0.22622,0.13774,0.06683
2023-03-15 13:00:00,0.054,38.75,0.000575,91,0.619803162273179,0.22622,0.12204999999999999,0.06683
2023-03-15 14:00:00,0.0549999999999999,40.5,0.0,91,0.5532932483640493,0.22622,0.11878,0.06683
2023-03-15 15:00:00,0.0553333333333333,41.5,0.0,91,0.4411320521688869,0.22622,0.11968999999999999,0.06683
2023-03-15 16:00:00,4.421166666666667,43.75,0.0,91,0.2910531625992212,0.22622,0.13252,0.06683
2023-03-15 17:00:00,4.592833333333334,46.0,0.0,91,0.1031603422124161,0.22622,0.15080000000000002,0.06683
2023-03-15 18:00:00,8.111833333333333,47.75,0.0,91,0.0064035042857305,0.22622,0.18230000000000002,0.06683
2023-03-15 19:00:00,0.8175,49.25,0.0,91,0.0,0.22622,0.19972,0.06683
2023-03-15 20:00:00,0.2029999999999999,49.0,0.0,91,0.0,0.22622,0.17525,0.06683
2023-03-15 21:00:00,4.983333333333333,48.75,0.0,91,0.0,0.22622,0.14736000000000002,0.06683
2023-03-15 22:00:00,7.914000000000001,48.25,0.0,91,0.0,0.05735,0.13935,0.06683
2023-03-15 23:00:00,4.782,46.5,0.0,91,0.0,0.05735,0.12763,0.06683
2023-03-16 00:00:00,4.4431666666666665,35.75,0.0,91,0.0,0.05735,0.11739,0.06683
2023-03-16 01:00:00,0.0608333333333332,35.0,0.0,91,0.0,0.05735,0.10759,0.06683
2023-03-16 02:00:00,0.0564999999999999,34.75,0.0,91,0.0,0.05735,0.1038,0.06683
2023-03-16 03:00:00,0.0563333333333332,34.25,0.0,91,0.0,0.05735,0.1,0.06683
2023-03-16 04:00:00,0.0561666666666666,35.25,0.359695,91,0.0,0.05735,0.09806999999999999,0.06683
2023-03-16 05:00:00,0.0611666666666666,34.25,0.97332,91,0.0,0.05735,0.10382,0.06683
2023-03-16 06:00:00,0.0548333333333333,37.25,1.29627,91,0.000831709399692,0.22622,0.12957,0.06683
2023-03-16 07:00:00,0.0544999999999999,38.5,1.3205349999999998,91,0.032836495851859,0.22622,0.14235,0.06683
2023-03-16 08:00:00,0.0538333333333333,38.0,1.176215,91,0.1708019649473011,0.22622,0.13803,0.06683
2023-03-16 09:00:00,0.0538333333333333,37.75,0.85353,91,0.3632272638826289,0.22622,0.11712,0.06683
2023-03-16 10:00:00,0.0541666666666666,36.25,0.6041449999999999,91,0.4832653854239699,0.22622,0.1032,0.06683
2023-03-16 11:00:00,0.1258333333333333,31.75,0.5126449999999999,91,0.5398628234863284,0.22622,0.09154000000000001,0.06683
2023-03-16 12:00:00,0.1505,30.0,0.369555,91,0.584647434593266,0.22622,0.08557,0.06683
2023-03-16 13:00:00,0.1515,29.0,0.1863849999999999,91,0.5892036764030781,0.22622,0.07893,0.06683
2023-03-16 14:00:00,0.1653333333333333,30.25,0.0414149999999999,91,0.5233036765074119,0.22622,0.08111,0.06683
2023-03-16 15:00:00,8.3305,29.5,0.001055,91,0.4005942734286316,0.22622,0.08553,0.06683
2023-03-16 16:00:00,0.4888333333333333,30.25,0.000175,91,0.2297888894366403,0.22622,0.09634999999999999,0.06683
2023-03-16 17:00:00,0.0611666666666666,34.75,0.0,91,0.1114117089703551,0.22622,0.12015,0.06683
2023-03-16 18:00:00,0.0544999999999999,38.75,0.0,91,0.0143636753005731,0.22622,0.13269999999999998,0.06683
2023-03-16 19:00:00,0.0551666666666666,39.25,0.0,91,0.0,0.22622,0.13088999999999998,0.06683
2023-03-16 20:00:00,0.0558333333333332,35.0,0.0,91,0.0,0.22622,0.11714,0.06683
2023-03-16 21:00:00,0.0566666666666665,31.75,0.0,91,0.0,0.22622,0.10249,0.06683
2023-03-16 22:00:00,0.0559999999999999,31.25,0.0,91,0.0,0.05735,0.10247,0.06683
2023-03-16 23:00:00,0.0559999999999999,33.0,0.0,91,0.0,0.05735,0.08901,0.06683
2023-03-17 00:00:00,0.0563333333333332,32.25,0.0,91,0.0,0.05735,0.07966,0.06683
2023-03-17 01:00:00,0.0556666666666666,33.5,0.0,91,0.0,0.05735,0.07457,0.06683
2023-03-17 02:00:00,0.0553333333333332,35.0,0.0,91,0.0,0.05735,0.07169,0.06683
2023-03-17 03:00:00,0.0556666666666666,35.5,0.0,91,0.0,0.05735,0.06517,0.06683
2023-03-17 04:00:00,0.0604999999999999,34.25,0.278815,91,0.0,0.05735,0.06678,0.06683
2023-03-17 05:00:00,0.0544999999999999,33.5,0.54921,91,0.0,0.05735,0.08159000000000001,0.06683
2023-03-17 06:00:00,0.0538333333333333,34.0,0.7019299999999999,91,0.000539829057888,0.22622,0.1113,0.06683
2023-03-17 07:00:00,0.0538333333333333,31.25,1.00302,91,0.0367918802734114,0.22622,0.12628,0.06683
2023-03-17 08:00:00,0.0573333333333333,32.5,0.963065,91,0.0974008538172795,0.22622,0.1177,0.06683
2023-03-17 09:00:00,0.1623333333333333,35.0,0.6486299999999999,91,0.257591624300704,0.22622,0.11115,0.06683
2023-03-17 10:00:00,0.3503333333333333,35.75,0.4534499999999999,91,0.4848610243838057,0.22622,0.11025,0.06683
2023-03-17 11:00:00,0.6953333333333335,34.75,0.2302549999999999,91,0.5709382068601427,0.22622,0.09351999999999999,0.06683
2023-03-17 12:00:00,0.8906666666666667,33.75,0.0346599999999999,91,0.6264860697689217,0.22622,0.07869,0.06683
2023-03-17 13:00:00,1.1711666666666667,33.0,0.0008949999999999,91,0.4444977792919192,0.22622,0.08038,0.06683
2023-03-17 14:00:00,4.234999999999999,33.5,8.999999999995e-05,91,0.4091564103477021,0.22622,0.08951,0.06683
2023-03-17 15:00:00,5.627,34.5,0.0,91,0.3407773502056415,0.22622,0.09903,0.06683
2023-03-17 16:00:00,8.113000000000001,36.0,0.0,91,0.1433816239772698,0.22622,0.10954000000000001,0.06683
2023-03-17 17:00:00,0.1309999999999999,42.25,0.0,91,0.0557356405665731,0.22622,0.12689,0.06683
2023-03-17 18:00:00,0.0546666666666666,47.75,0.0,91,0.005954700896803,0.22622,0.13611,0.06683
2023-03-17 19:00:00,0.0544999999999999,53.5,0.0,91,0.0,0.22622,0.14163,0.06683
2023-03-17 20:00:00,0.0551666666666666,47.75,0.0,91,0.0,0.22622,0.1303,0.06683
2023-03-17 21:00:00,0.0608333333333332,46.75,0.0,91,0.0,0.22622,0.115,0.06683
2023-03-17 22:00:00,0.0563333333333332,46.0,0.0,91,0.0,0.05735,0.11034999999999999,0.06683
2023-03-17 23:00:00,0.0563333333333332,46.5,0.0,91,0.0,0.05735,0.1095,0.06683
2023-03-18 00:00:00,0.0561666666666665,45.0,0.0,91,0.0,0.05735,0.1114,0.06683
2023-03-18 01:00:00,0.0563333333333332,42.75,0.0,91,0.0,0.05735,0.10587,0.06683
2023-03-18 02:00:00,0.0563333333333332,35.5,0.0,91,0.0,0.05735,0.09799,0.06683
2023-03-18 03:00:00,0.0558333333333332,37.25,0.0,91,0.0,0.05735,0.095,0.06683
2023-03-18 04:00:00,0.0556666666666666,38.5,0.0,91,0.0,0.05735,0.09618,0.06683
2023-03-18 05:00:00,0.0549999999999999,39.25,0.0,91,0.0,0.05735,0.0998,0.06683
2023-03-18 06:00:00,0.0554999999999999,39.0,0.0,91,0.0009893162242877,0.22622,0.1035,0.06683
2023-03-18 07:00:00,0.0606666666666666,37.5,0.0,91,0.051992649583735,0.22622,0.10543000000000001,0.06683
2023-03-18 08:00:00,0.0551666666666666,37.5,0.0,91,0.2007070937523475,0.22622,0.10064000000000001,0.06683
2023-03-18 09:00:00,0.0546666666666666,36.0,0.0,91,0.3454933349087706,0.22622,0.10255,0.06683
2023-03-18 10:00:00,0.0544999999999999,34.25,0.0,91,0.4025112820486738,0.22622,0.09692,0.06683
2023-03-18 11:00:00,0.0546666666666666,32.75,0.0,91,0.4577100007146853,0.22622,0.0911,0.06683
2023-03-18 12:00:00,0.0553333333333332,33.0,0.0,91,0.4694971792106955,0.22622,0.08406,0.06683
2023-03-18 13:00:00,6.762166666666666,33.0,0.0,91,0.4821926488631813,0.22622,0.08042,0.06683
2023-03-18 14:00:00,6.8198333333333325,32.75,0.0,91,0.3430567531096629,0.22622,0.08752,0.06683
2023-03-18 15:00:00,0.5513333333333332,34.0,0.0,91,0.2298191458547217,0.22622,0.09208,0.06683
2023-03-18 16:00:00,0.1659999999999999,36.75,0.0,91,0.168548033787654,0.22622,0.10443000000000001,0.06683
2023-03-18 17:00:00,3.638333333333333,44.25,0.0,91,0.1068541021428556,0.22622,0.13074000000000002,0.06683
2023-03-18 18:00:00,7.140999999999999,49.75,0.0,91,0.0173531623837402,0.22622,0.15694999999999998,0.06683
2023-03-18 19:00:00,3.7835,49.75,0.0,91,0.0,0.22622,0.16954,0.06683
2023-03-18 20:00:00,3.4515,51.0,0.0,91,0.0,0.22622,0.14415,0.06683
2023-03-18 21:00:00,0.0578333333333333,51.25,0.0,91,0.0,0.22622,0.13291999999999998,0.06683
2023-03-18 22:00:00,0.0578333333333332,51.75,0.0,91,0.0,0.05735,0.12994999999999998,0.06683
2023-03-18 23:00:00,0.0573333333333332,51.75,0.0,91,0.0,0.05735,0.11846,0.06683
2023-03-19 00:00:00,0.0566666666666665,51.0,0.0,91,0.0,0.05735,0.11003,0.06683
2023-03-19 01:00:00,0.0559999999999999,47.75,0.0,91,0.0,0.05735,0.106,0.06683
2023-03-19 02:00:00,0.0569999999999999,46.75,0.0,91,0.0,0.05735,0.0996,0.06683
2023-03-19 03:00:00,0.0614999999999999,45.25,0.0,91,0.0,0.05735,0.09918,0.06683
2023-03-19 04:00:00,0.0558333333333332,42.5,0.0,91,0.0,0.05735,0.09874,0.06683
2023-03-19 05:00:00,0.0556666666666666,44.25,0.0,91,0.0,0.05735,0.10336,0.06683
2023-03-19 06:00:00,0.0554999999999999,44.25,0.0,91,0.0,0.22622,0.1,0.06683
2023-03-19 07:00:00,0.0554999999999999,45.0,0.0,91,0.0087269231282238,0.22622,0.10245,0.06683
2023-03-19 08:00:00,0.0549999999999999,44.25,0.0,91,0.0345260682065262,0.22622,0.10144,0.06683
2023-03-19 09:00:00,0.0546666666666666,42.25,0.0,91,0.066104017078367,0.22622,0.10226,0.06683
2023-03-19 10:00:00,0.0548333333333332,39.5,0.0,91,0.0947507691994691,0.22622,0.10025,0.06683
2023-03-19 11:00:00,0.0544999999999999,40.0,0.0,91,0.1687891454778166,0.22622,0.09906000000000001,0.06683
2023-03-19 12:00:00,0.0546666666666666,40.0,0.0,91,0.2521797454051483,0.22622,0.09733,0.06683
2023-03-19 13:00:00,0.0603333333333333,37.5,0.0,91,0.2119678634252304,0.22622,0.09404000000000001,0.06683
2023-03-19 14:00:00,0.0683333333333333,37.5,0.0,91,0.2525138476771167,0.22622,0.09501000000000001,0.06683
2023-03-19 15:00:00,6.946666666666666,40.75,0.0,91,0.2512569213932395,0.22622,0.09867000000000001,0.06683
2023-03-19 16:00:00,6.873333333333334,42.25,0.0,91,0.1629962392953726,0.22622,0.10609,0.06683
2023-03-19 17:00:00,0.1629999999999999,55.25,0.0,91,0.0374911110013978,0.22622,0.12521,0.06683
2023-03-19 18:00:00,0.1613333333333333,64.5,0.0,91,0.0020721367510178,0.22622,0.145,0.06683
2023-03-19 19:00:00,6.732666666666667,64.5,0.0,91,0.0,0.22622,0.15291,0.06683
2023-03-19 20:00:00,3.9638333333333335,63.25,0.0,91,0.0,0.22622,0.14471,0.06683
2023-03-19 21:00:00,6.854666666666667,55.25,0.0,91,0.0,0.22622,0.13527,0.06683
2023-03-19 22:00:00,0.1176666666666666,55.25,0.0,91,0.0,0.05735,0.13290000000000002,0.06683
2023-03-19 23:00:00,0.0619999999999999,61.25,0.0,91,0.0,0.05735,0.13,0.06683
2023-03-20 00:00:00,0.0568333333333332,62.5,0.0,91,0.0,0.05735,0.124,0.06683
2023-03-20 01:00:00,0.0569999999999999,62.75,0.0,91,0.0,0.05735,0.11494,0.06683
2023-03-20 02:00:00,0.0568333333333332,64.5,0.0,91,0.0,0.05735,0.11306000000000001,0.06683
2023-03-20 03:00:00,0.0568333333333332,63.75,0.302205,91,0.0,0.05735,0.11018,0.06683
2023-03-20 04:00:00,0.0563333333333332,63.0,0.631005,91,0.0,0.05735,0.11025,0.06683
2023-03-20 05:00:00,0.0558333333333332,60.5,0.90513,91,0.0,0.05735,0.1164,0.06683
2023-03-20 06:00:00,0.0546666666666666,59.5,1.13129,91,0.0009026495672953,0.22622,0.13577,0.06683
2023-03-20 07:00:00,0.0541666666666666,62.0,1.083765,91,0.0277669232421451,0.22622,0.14843,0.06683
2023-03-20 08:00:00,0.0536666666666666,60.75,0.97342,91,0.1173641024695502,0.22622,0.14851,0.06683
2023-03-20 09:00:00,0.0591666666666666,58.75,0.71633,91,0.1948111113523825,0.22622,0.13756000000000002,0.06683
2023-03-20 10:00:00,0.0531666666666666,56.0,0.5317299999999999,91,0.1955442718766693,0.22622,0.12275,0.06683
2023-03-20 11:00:00,0.0549999999999999,54.5,0.4845249999999999,91,0.2333991466424404,0.22622,0.11579,0.06683
2023-03-20 12:00:00,0.0838333333333333,51.25,0.471205,91,0.2556441885793311,0.22622,0.10465,0.06683
2023-03-20 13:00:00,1.3618333333333332,48.0,0.470605,91,0.3531515398596087,0.22622,0.1001,0.06683
2023-03-20 14:00:00,1.095,46.5,0.30452,91,0.5511544434637086,0.22622,0.10193,0.06683
2023-03-20 15:00:00,1.2093333333333334,48.75,0.0816149999999999,91,0.4443630782559387,0.22622,0.10493999999999999,0.06683
2023-03-20 16:00:00,0.1634999999999999,50.5,0.0012299999999999,91,0.3171430763831505,0.22622,0.11406000000000001,0.06683
2023-03-20 17:00:00,1.2221666666666666,55.5,0.000225,91,0.1210147861333994,0.22622,0.13332,0.06683
2023-03-20 18:00:00,0.8533333333333334,57.5,0.0,91,0.0097238461626295,0.22622,0.151,0.06683
2023-03-20 19:00:00,0.0624999999999999,62.75,0.0,91,0.0,0.22622,0.16547,0.06683
2023-03-20 20:00:00,0.0561666666666665,61.25,0.0,91,0.0,0.22622,0.15236000000000002,0.06683
2023-03-20 21:00:00,0.0564999999999999,59.75,0.0,91,0.0,0.22622,0.13549,0.06683
2023-03-20 22:00:00,0.0561666666666666,58.0,0.0,91,0.0,0.05735,0.1275,0.06683
2023-03-20 23:00:00,0.0561666666666666,54.5,0.0,91,0.0,0.05735,0.11704,0.06683
2023-03-21 00:00:00,0.0559999999999999,53.5,0.0,91,0.0,0.05735,0.12079000000000001,0.06683
2023-03-21 01:00:00,0.0564999999999999,53.75,0.0,91,0.0,0.05735,0.11228,0.06683
2023-03-21 02:00:00,0.0566666666666665,54.0,0.0,91,0.0,0.05735,0.11156,0.06683
2023-03-21 03:00:00,0.0561666666666665,55.0,0.0,91,0.0,0.05735,0.10865000000000001,0.06683
2023-03-21 04:00:00,0.0558333333333332,54.75,0.30339,91,0.0,0.05735,0.11,0.06683
2023-03-21 05:00:00,0.0558333333333332,54.0,0.602015,91,0.0,0.05735,0.11821,0.06683
2023-03-21 06:00:00,0.0604999999999999,52.5,0.776965,91,0.0017362393120415,0.22622,0.13009,0.06683
2023-03-21 07:00:00,0.0539999999999999,50.25,1.1235,91,0.0509958974316588,0.22622,0.14565999999999998,0.06683
2023-03-21 08:00:00,0.0536666666666666,51.0,1.05203,91,0.206175127436972,0.22622,0.14366,0.06683
2023-03-21 09:00:00,0.0535,49.5,0.64717,91,0.3409533355582474,0.22622,0.12871000000000002,0.06683
2023-03-21 10:00:00,0.0539999999999999,44.5,0.40432,91,0.4110192310300648,0.22622,0.11511,0.06683
2023-03-21 11:00:00,0.0538333333333333,41.25,0.321115,91,0.4939970075167145,0.22622,0.10704000000000001,0.06683
2023-03-21 12:00:00,0.3931666666666666,38.0,0.262215,91,0.5497511982714012,0.22622,0.10245,0.06683
2023-03-21 13:00:00,2.645,38.25,0.107285,91,0.4930553840571998,0.22622,0.10009,0.06683
2023-03-21 14:00:00,6.416666666666667,40.0,0.002685,91,0.4772296572954227,0.22622,0.0991,0.06683
2023-03-21 15:00:00,0.2571666666666666,41.0,0.00052,91,0.325863758315388,0.22622,0.099,0.06683
2023-03-21 16:00:00,0.0621666666666666,41.25,0.0,91,0.2206570088965261,0.22622,0.10246,0.06683
2023-03-21 17:00:00,0.0558333333333332,45.25,0.0,91,0.0905056413829836,0.22622,0.11406999999999999,0.06683
2023-03-21 18:00:00,0.0548333333333332,54.5,0.0,91,0.0157077778194051,0.22622,0.13293000000000002,0.06683
2023-03-21 19:00:00,0.0548333333333332,54.0,0.0,91,0.0,0.22622,0.1439,0.06683
2023-03-21 20:00:00,0.0561666666666665,53.75,0.0,91,0.0,0.22622,0.13733,0.06683
2023-03-21 21:00:00,0.0566666666666665,50.0,0.0,91,0.0,0.22622,0.10973000000000001,0.06683
2023-03-21 22:00:00,0.0564999999999999,47.75,0.0,91,0.0,0.05735,0.10845,0.06683
2023-03-21 23:00:00,0.0566666666666666,47.0,0.0,91,0.0,0.05735,0.09545999999999999,0.06683
2023-03-22 00:00:00,0.0566666666666666,43.5,0.0,91,0.0,0.05735,0.07993,0.06683
2023-03-22 01:00:00,0.0564999999999999,36.5,0.0,91,0.0,0.05735,0.07623999999999999,0.06683
2023-03-22 02:00:00,0.0621666666666666,38.75,0.0,91,0.0,0.05735,0.07579000000000001,0.06683
2023-03-22 03:00:00,0.0563333333333332,38.25,0.0,91,0.0,0.05735,0.07179,0.06683
2023-03-22 04:00:00,0.0568333333333332,39.5,0.335415,91,0.0,0.05735,0.06997,0.06683
2023-03-22 05:00:00,0.0561666666666666,34.75,0.520725,91,0.0,0.05735,0.07765000000000001,0.06683
2023-03-22 06:00:00,0.0554999999999999,33.75,0.57631,91,0.0016316239322479,0.22622,0.09436,0.06683
2023-03-22 07:00:00,0.0549999999999999,32.25,0.962535,91,0.0539791457062093,0.22622,0.11006999999999999,0.06683
2023-03-22 08:00:00,0.0546666666666666,30.75,0.8394150000000001,91,0.2224517954312838,0.22622,0.114,0.06683
2023-03-22 09:00:00,0.0901666666666666,27.75,0.3946449999999999,91,0.3808546992244884,0.22622,0.09814,0.06683
2023-03-22 10:00:00,0.0908333333333333,27.25,0.129835,91,0.5027018803001465,0.22622,0.07228,0.06683
2023-03-22 11:00:00,0.0443333333333333,27.0,0.0036349999999999,91,0.567423333062066,0.22622,0.06901,0.06683
2023-03-22 12:00:00,0.0423333333333333,31.5,0.000565,91,0.607488550039438,0.22622,0.06069,0.06683
2023-03-22 13:00:00,0.0371666666666666,29.0,0.0,91,0.6087336743998729,0.22622,0.0591,0.06683
2023-03-22 14:00:00,0.0373333333333333,30.0,0.0,91,0.546206153804421,0.22622,0.0668,0.06683
2023-03-22 15:00:00,0.0561666666666666,30.25,0.0,91,0.4134081183539497,0.22622,0.0708,0.06683
2023-03-22 16:00:00,7.332999999999999,33.0,0.0,91,0.2754779496152177,0.22622,0.08308,0.06683
2023-03-22 17:00:00,1.091,35.25,0.0,91,0.109405128364889,0.22622,0.10246,0.06683
2023-03-22 18:00:00,6.603166666666667,38.5,0.0,91,0.0174005982422261,0.22622,0.12078,0.06683
2023-03-22 19:00:00,5.5683333333333325,36.5,0.0,91,0.0,0.22622,0.14,0.06683
2023-03-22 20:00:00,3.9915,34.25,0.0,91,0.0,0.22622,0.12598,0.06683
2023-03-22 21:00:00,0.0559999999999999,34.5,0.0,91,0.0,0.22622,0.10908,0.06683
2023-03-22 22:00:00,4.297666666666667,34.0,0.0,91,0.0,0.05735,0.10174,0.06683
2023-03-22 23:00:00,7.983166666666666,34.5,0.0,91,0.0,0.05735,0.08693000000000001,0.06683
2023-03-23 00:00:00,0.47,31.25,0.0,91,0.0,0.05735,0.07171999999999999,0.06683
2023-03-23 01:00:00,0.0395,29.25,0.0,91,0.0,0.05735,0.0699,0.06683
2023-03-23 02:00:00,0.0391666666666666,31.25,0.0,91,0.0,0.05735,0.06046,0.06683
2023-03-23 03:00:00,0.0386666666666666,32.25,0.0,91,0.0,0.05735,0.05251,0.06683
2023-03-23 04:00:00,0.0388333333333333,32.5,0.20762,91,0.0,0.05735,0.05806,0.06683
2023-03-23 05:00:00,0.0385,30.75,0.33118,91,0.0,0.05735,0.061759999999999995,0.06683
2023-03-23 06:00:00,0.0385,29.75,0.327745,91,0.001444615389292,0.22622,0.0877,0.06683
2023-03-23 07:00:00,0.0375,28.0,0.476695,91,0.0486876924832662,0.22622,0.11245000000000001,0.06683
2023-03-23 08:00:00,0.037,29.25,0.3820999999999999,91,0.1348186329898671,0.22622,0.1092,0.06683
2023-03-23 09:00:00,0.1498333333333333,27.25,0.110725,91,0.165196752059154,0.22622,0.08794,0.06683
2023-03-23 10:00:00,2.8345,26.75,0.00144,91,0.1719674356574686,0.22622,0.0591,0.06683
2023-03-23 11:00:00,2.848833333333333,26.0,0.000305,91,0.2674770945361537,0.22622,0.04707,0.06683
2023-03-23 12:00:00,2.528166666666667,26.5,0.0,91,0.4121585474258813,0.22622,0.042159999999999996,0.06683
2023-03-23 13:00:00,1.9791666666666667,27.0,0.0,91,0.1992252987266605,0.22622,0.04206,0.06683
2023-03-23 14:00:00,4.704666666666666,27.25,0.1373899999999999,91,0.1276341880081046,0.22622,0.05461,0.06683
2023-03-23 15:00:00,0.1563333333333333,28.0,0.1382399999999999,91,0.092226410645705,0.22622,0.05827,0.06683
2023-03-23 16:00:00,4.468833333333333,28.5,0.0010099999999999,91,0.0745599143525473,0.22622,0.0911,0.06683
2023-03-23 17:00:00,6.406333333333333,31.25,0.00016,91,0.0598361536580273,0.22622,0.11946999999999999,0.06683
2023-03-23 18:00:00,5.4315,34.75,0.0,91,0.0123694017625007,0.22622,0.13705,0.06683
2023-03-23 19:00:00,0.1624999999999999,38.25,0.0,91,0.0,0.22622,0.14443,0.06683
2023-03-23 20:00:00,5.266,31.25,0.0,91,0.0,0.22622,0.12261,0.06683
2023-03-23 21:00:00,2.8593333333333333,30.0,0.0,91,0.0,0.22622,0.09465000000000001,0.06683
2023-03-23 22:00:00,7.001833333333334,28.75,0.0,91,0.0,0.05735,0.09078,0.06683
2023-03-23 23:00:00,4.082666666666667,29.0,0.0,91,0.0,0.05735,0.07895,0.06683
2023-03-24 00:00:00,4.900166666666666,28.5,0.0,91,0.0,0.05735,0.05674,0.06683
2023-03-24 01:00:00,0.0569999999999999,28.5,0.0,91,0.0,0.05735,0.04615,0.06683
2023-03-24 02:00:00,0.0573333333333332,26.75,0.0,91,0.0,0.05735,0.043429999999999996,0.06683
2023-03-24 03:00:00,0.0566666666666666,27.75,0.0,91,0.0,0.05735,0.04267,0.06683
2023-03-24 04:00:00,0.0563333333333332,28.75,0.2136399999999999,91,0.0,0.05735,0.038869999999999995,0.06683
2023-03-24 05:00:00,0.0563333333333332,30.0,0.341965,91,0.0,0.05735,0.04441,0.06683
2023-03-24 06:00:00,0.0579999999999999,29.5,0.327395,91,0.0,0.22622,0.06628,0.06683
2023-03-24 07:00:00,0.0578333333333333,27.5,0.48788,91,0.0244108546900952,0.22622,0.08429,0.06683
2023-03-24 08:00:00,0.0543333333333333,26.25,0.49799,91,0.0384018802540933,0.22622,0.0829,0.06683
2023-03-24 09:00:00,0.0549999999999999,26.0,0.370235,91,0.185918632735554,0.22622,0.06357,0.06683
2023-03-24 10:00:00,0.0554999999999999,25.25,0.26913,91,0.1487245298043275,0.22622,0.0448,0.06683
2023-03-24 11:00:00,2.1053333333333337,25.0,0.1625149999999999,91,0.1859511114593245,0.22622,0.03226,0.06683
2023-03-24 12:00:00,4.682333333333333,24.25,0.1625399999999998,91,0.1642050433362651,0.22622,0.02928,0.06683
2023-03-24 13:00:00,6.590333333333334,25.25,0.2269249999999999,91,0.0752341024284689,0.22622,0.02054,0.06683
2023-03-24 14:00:00,4.8693333333333335,25.0,0.29269,91,0.1487132474296113,0.22622,0.01226,0.06683
2023-03-24 15:00:00,0.0729999999999999,25.25,0.17593,91,0.1171119654076731,0.22622,0.01122,0.06683
2023-03-24 16:00:00,0.0561666666666666,25.75,0.0025449999999999,91,0.0587552994540614,0.22622,0.029589999999999998,0.06683
2023-03-24 17:00:00,0.0771666666666666,25.25,0.0004799999999999,91,0.015282734989101,0.22622,0.07855,0.06683
2023-03-24 18:00:00,6.234166666666667,32.25,0.0,91,0.0043135042678819,0.22622,0.1008,0.06683
2023-03-24 19:00:00,7.735333333333333,40.25,0.0,91,0.0,0.22622,0.11623,0.06683
2023-03-24 20:00:00,4.0440000000000005,30.5,0.0,91,0.0,0.22622,0.09736,0.06683
2023-03-24 21:00:00,3.995000000000001,28.0,0.0,91,0.0,0.22622,0.08258,0.06683
2023-03-24 22:00:00,0.1184999999999999,27.5,0.0,91,0.0,0.05735,0.0762,0.06683
2023-03-24 23:00:00,0.0586666666666666,28.0,0.0,91,0.0,0.05735,0.0649,0.06683
2023-03-25 00:00:00,0.0583333333333333,27.75,0.0,91,0.0,0.05735,0.03558,0.06683
2023-03-25 01:00:00,0.0564999999999999,29.0,0.0,91,0.0,0.05735,0.01732,0.06683
2023-03-25 02:00:00,0.0618333333333333,28.75,0.0,91,0.0,0.05735,0.00733,0.06683
2023-03-25 03:00:00,0.0563333333333333,29.0,0.0,91,0.0,0.05735,0.00132,0.06683
2023-03-25 04:00:00,0.0559999999999999,30.0,0.0,91,0.0,0.05735,0.00354,0.06683
2023-03-25 05:00:00,0.0558333333333333,30.0,0.0,91,0.0,0.05735,0.00504,0.06683
2023-03-25 06:00:00,0.0556666666666666,30.0,0.0,91,0.0048057264977922,0.22622,0.012320000000000001,0.06683
2023-03-25 07:00:00,0.0558333333333333,30.0,0.0,91,0.0534338464492406,0.22622,0.03253,0.06683
2023-03-25 08:00:00,0.0558333333333333,29.5,0.0,91,0.1661423930958804,0.22622,0.02543,0.06683
2023-03-25 09:00:00,0.0546666666666666,28.75,0.0,91,0.1972572649442233,0.22622,0.01575,0.06683
2023-03-25 10:00:00,0.0553333333333333,27.75,0.0,91,0.2595623929276425,0.22622,0.00907,0.06683
2023-03-25 11:00:00,3.8946666666666654,27.0,0.0,91,0.3019960670797234,0.22622,4e-05,0.06683
2023-03-25 12:00:00,4.037333333333334,26.75,0.0,91,0.3625153830112554,0.22622,-2e-05,0.06683
2023-03-25 13:00:00,6.613166666666667,27.25,0.0,91,0.3598571796906302,0.22622,-2.9999999999999997e-05,0.06683
2023-03-25 14:00:00,5.217666666666667,28.0,0.0,91,0.2808479498186682,0.22622,-2e-05,0.06683
2023-03-25 15:00:00,7.7075,29.0,0.0,91,0.2498117952265291,0.22622,-1e-05,0.06683
2023-03-25 16:00:00,5.734000000000001,29.0,0.0,91,0.132326495667808,0.22622,0.0017900000000000001,0.06683
2023-03-25 17:00:00,2.434333333333333,29.75,0.0,91,0.0888811110635088,0.22622,0.030359999999999998,0.06683
2023-03-25 18:00:00,0.8008333333333333,28.5,0.0,91,0.0101842734559128,0.22622,0.06569,0.06683
2023-03-25 19:00:00,2.242,28.0,0.0,91,0.0,0.22622,0.08437,0.06683
2023-03-25 20:00:00,0.0589999999999999,28.25,0.0,91,0.0,0.22622,0.077,0.06683
2023-03-25 21:00:00,0.0586666666666666,29.0,0.0,91,0.0,0.22622,0.06901,0.06683
2023-03-25 22:00:00,0.0576666666666665,29.25,0.0,91,0.0,0.05735,0.06670000000000001,0.06683
2023-03-25 23:00:00,0.0629999999999999,28.75,0.0,91,0.0,0.05735,0.06731000000000001,0.06683
2023-03-26 00:00:00,0.0574999999999999,28.25,0.0,91,0.0,0.05735,0.06384000000000001,0.06683
2023-03-26 01:00:00,0.0569999999999999,29.0,0.0,91,0.0,0.05735,0.05353,0.06683
2023-03-26 02:00:00,0.0,29.0,0.0,91,0.0,0.05735,0.05586,0.06683
2023-03-26 03:00:00,0.0566666666666666,28.75,0.0,91,0.0,0.05735,0.05255,0.06683
2023-03-26 04:00:00,0.0559999999999999,30.0,0.0,91,0.0,0.05735,0.04963,0.06683
2023-03-26 05:00:00,0.0559999999999999,29.25,0.0,91,0.0,0.05735,0.06349,0.06683
2023-03-26 06:00:00,0.0558333333333332,28.5,0.0,91,0.0,0.22622,0.07309,0.06683
2023-03-26 07:00:00,0.0556666666666666,28.25,0.0,91,0.0,0.22622,0.07155,0.06683
2023-03-26 08:00:00,0.0549999999999999,27.5,0.0,91,0.007925555508934,0.22622,0.07986,0.06683
2023-03-26 09:00:00,0.1501666666666666,26.75,0.0,91,0.0184019657689282,0.22622,0.07951000000000001,0.06683
2023-03-26 10:00:00,6.764333333333333,26.0,0.0,91,0.0279525640071966,0.22622,0.06731000000000001,0.06683
2023-03-26 11:00:00,5.475666666666666,25.0,0.0,91,0.0414116239955282,0.22622,0.04,0.06683
2023-03-26 12:00:00,5.557333333333333,24.75,0.0,91,0.1501735043321919,0.22622,0.04377,0.06683
2023-03-26 13:00:00,6.9446666666666665,25.5,0.0,91,0.2209845296745626,0.22622,0.05062,0.06683
2023-03-26 14:00:00,4.9013333333333335,26.5,0.0,91,0.4010946149907562,0.22622,0.046060000000000004,0.06683
2023-03-26 15:00:00,0.1116666666666666,27.0,0.0,91,0.2828288031439497,0.22622,0.048350000000000004,0.06683
2023-03-26 16:00:00,0.1624999999999999,27.25,0.0,91,0.413835385477441,0.22622,0.07709,0.06683
2023-03-26 17:00:00,2.341,26.75,0.0,91,0.1146063258505275,0.22622,0.10665000000000001,0.06683
2023-03-26 18:00:00,6.7125,27.0,0.0,91,0.062865555490184,0.22622,0.11785999999999999,0.06683
2023-03-26 19:00:00,5.707,26.25,0.0,91,0.0058955555476853,0.22622,0.11259000000000001,0.06683
2023-03-26 20:00:00,5.419666666666667,26.0,0.0,91,0.0,0.22622,0.10463,0.06683
2023-03-26 21:00:00,4.279,26.75,0.0,91,0.0,0.22622,0.09942000000000001,0.06683
2023-03-26 22:00:00,5.573833333333333,27.25,0.0,91,0.0,0.05735,0.09464,0.06683
2023-03-26 23:00:00,5.903666666666666,27.75,0.0,91,0.0,0.05735,0.096,0.06683
2023-03-27 00:00:00,6.564166666666666,29.25,0.0,91,0.0,0.05735,0.09415000000000001,0.06683
2023-03-27 01:00:00,0.0728333333333332,31.0,0.0,91,0.0,0.05735,0.08748,0.06683
2023-03-27 02:00:00,0.0569999999999999,30.75,0.0,91,0.0,0.05735,0.08399,0.06683
2023-03-27 03:00:00,0.0573333333333332,32.5,0.25124,91,0.0,0.05735,0.0849,0.06683
2023-03-27 04:00:00,0.0566666666666665,34.0,0.7911549999999999,91,0.0,0.05735,0.09718,0.06683
2023-03-27 05:00:00,0.0559999999999999,38.25,1.15733,91,0.0,0.05735,0.115,0.06683
2023-03-27 06:00:00,0.0549999999999999,42.0,1.046755,91,0.0,0.22622,0.14299,0.06683
2023-03-27 07:00:00,0.0534999999999999,46.25,0.92475,91,0.0,0.22622,0.15377000000000002,0.06683
2023-03-27 08:00:00,0.0578333333333333,49.5,0.95207,91,0.0104500854448375,0.22622,0.14987999999999999,0.06683
2023-03-27 09:00:00,0.0538333333333332,49.0,0.91415,91,0.0600367522239685,0.22622,0.13177,0.06683
2023-03-27 10:00:00,0.0539999999999999,46.5,0.842695,91,0.1087399148533486,0.22622,0.11003,0.06683
2023-03-27 11:00:00,0.0538333333333333,44.0,0.7379749999999999,91,0.1784187188107743,0.22622,0.12293000000000001,0.06683
2023-03-27 12:00:00,0.0538333333333332,39.75,0.667785,91,0.3484192293933315,0.22622,0.10006,0.06683
2023-03-27 13:00:00,0.0538333333333332,36.75,0.6771249999999999,91,0.1388729919531406,0.22622,0.08051,0.06683
2023-03-27 14:00:00,0.0543333333333332,34.75,0.73459,91,0.2037399992983566,0.22622,0.09838,0.06683
2023-03-27 15:00:00,0.0549999999999999,35.5,0.726105,91,0.1358250427246093,0.22622,0.087,0.06683
2023-03-27 16:00:00,0.0546666666666666,34.75,0.644065,91,0.1105788027934539,0.22622,0.09606999999999999,0.06683
2023-03-27 17:00:00,4.004833333333333,36.0,0.641555,91,0.0921914530207968,0.22622,0.12591,0.06683
2023-03-27 18:00:00,0.1621666666666666,45.75,0.62854,91,0.064082991526677,0.22622,0.16479,0.06683
2023-03-27 19:00:00,3.232833333333333,46.25,0.3817000000000001,91,0.0180031624182453,0.22622,0.1876,0.06683
2023-03-27 20:00:00,4.832166666666667,46.5,0.16628,91,0.0,0.22622,0.16368000000000002,0.06683
2023-03-27 21:00:00,5.935,47.0,0.12536,91,0.0,0.22622,0.14246,0.06683
2023-03-27 22:00:00,2.028833333333333,50.0,0.140165,91,0.0,0.05735,0.13205,0.06683
2023-03-27 23:00:00,4.035333333333333,53.0,0.1216999999999999,91,0.0,0.05735,0.13177,0.06683
2023-03-28 00:00:00,0.1656666666666666,52.0,0.1915499999999999,91,0.0,0.05735,0.12,0.06683
2023-03-28 01:00:00,4.573166666666667,51.75,0.2237449999999999,91,0.0,0.05735,0.1148,0.06683
2023-03-28 02:00:00,6.263333333333333,52.0,0.2014049999999999,91,0.0,0.05735,0.11093,0.06683
2023-03-28 03:00:00,1.3295,52.25,0.26869,91,0.0,0.05735,0.10516,0.06683
2023-03-28 04:00:00,0.0559999999999999,51.25,0.303885,91,0.0,0.05735,0.11448,0.06683
2023-03-28 05:00:00,0.0548333333333333,49.0,0.56949,91,0.0,0.05735,0.13,0.06683
2023-03-28 06:00:00,0.0594999999999999,51.75,1.07976,91,0.0,0.22622,0.16,0.06683
2023-03-28 07:00:00,0.0533333333333333,48.75,1.361705,91,0.0053565812155477,0.22622,0.17508,0.06683
2023-03-28 08:00:00,0.0536666666666666,45.5,1.358875,91,0.0879378635659177,0.22622,0.14542,0.06683
2023-03-28 09:00:00,0.0533333333333333,43.75,1.15009,91,0.2619801708775708,0.22622,0.13257,0.06683
2023-03-28 10:00:00,2.0976666666666666,41.75,0.7812899999999999,91,0.4106270931928585,0.22622,0.12007999999999999,0.06683
2023-03-28 11:00:00,4.057833333333334,37.0,0.601065,91,0.5451086334489349,0.22622,0.10357,0.06683
2023-03-28 12:00:00,5.430499999999999,31.0,0.601865,91,0.5818601738693367,0.22622,0.09695000000000001,0.06683
2023-03-28 13:00:00,4.535833333333334,26.25,0.5532149999999999,91,0.6429949559920872,0.22622,0.09290000000000001,0.06683
2023-03-28 14:00:00,2.262,26.0,0.4842599999999999,91,0.6100035030006346,0.22622,0.09426000000000001,0.06683
2023-03-28 15:00:00,4.031833333333333,26.0,0.365015,91,0.4635541045360077,0.22622,0.09595999999999999,0.06683
2023-03-28 16:00:00,2.0980000000000003,26.0,0.1405499999999999,91,0.4591581194624939,0.22622,0.10859,0.06683
2023-03-28 17:00:00,0.1661666666666666,31.0,0.177015,91,0.3005561523763542,0.22622,0.13687,0.06683
2023-03-28 18:00:00,0.161,37.75,0.225415,91,0.1616797436608208,0.22622,0.16097999999999998,0.06683
2023-03-28 19:00:00,1.4208333333333334,40.5,0.060575,91,0.0224706836719798,0.22622,0.16,0.06683
2023-03-28 20:00:00,0.1236666666666666,43.75,0.0076049999999999,91,5.042734914101085e-06,0.22622,0.13301,0.06683
2023-03-28 21:00:00,0.0571666666666665,44.75,0.0012299999999999,91,0.0,0.22622,0.1273,0.06683
2023-03-28 22:00:00,0.0561666666666665,45.0,0.000265,91,0.0,0.05735,0.11354,0.06683
2023-03-28 23:00:00,0.0564999999999999,44.75,0.0,91,0.0,0.05735,0.09853,0.06683
2023-03-29 00:00:00,0.0558333333333332,42.75,0.0,91,0.0,0.05735,0.09519,0.06683
2023-03-29 01:00:00,0.0561666666666665,33.5,0.0,91,0.0,0.05735,0.09867000000000001,0.06683
2023-03-29 02:00:00,0.0563333333333332,35.0,0.0,91,0.0,0.05735,0.09944,0.06683
2023-03-29 03:00:00,0.0591666666666666,37.0,0.0,91,0.0,0.05735,0.09834,0.06683
2023-03-29 04:00:00,0.0586666666666666,37.0,0.1805449999999999,91,0.0,0.05735,0.0992,0.06683
2023-03-29 05:00:00,0.0556666666666666,39.5,0.3959749999999999,91,0.0,0.05735,0.11704,0.06683
2023-03-29 06:00:00,0.0541666666666666,45.75,0.55189,91,0.0,0.22622,0.14413,0.06683
2023-03-29 07:00:00,0.0533333333333333,46.75,0.823225,91,0.0072258973822125,0.22622,0.152,0.06683
2023-03-29 08:00:00,0.0534999999999999,47.0,0.8438650000000001,91,0.0579709400274814,0.22622,0.14417,0.06683
2023-03-29 09:00:00,0.0684999999999999,46.25,0.6257,91,0.1403361534053444,0.22622,0.13008,0.06683
2023-03-29 10:00:00,0.1108333333333333,45.75,0.45622,91,0.254175042698526,0.22622,0.119,0.06683
2023-03-29 11:00:00,0.1145,44.75,0.317735,91,0.353308119162535,0.22622,0.11098999999999999,0.06683
2023-03-29 12:00:00,0.0983333333333333,41.75,0.1317949999999999,91,0.3066702570466914,0.22622,0.1056,0.06683
2023-03-29 13:00:00,0.0796666666666666,34.75,0.0020949999999999,91,0.4261034184643346,0.22622,0.10155,0.06683
2023-03-29 14:00:00,0.0745,34.75,0.000415,91,0.5688933321960972,0.22622,0.10493999999999999,0.06683
2023-03-29 15:00:00,0.0544999999999999,38.25,0.0,91,0.4558630778646878,0.22622,0.10457,0.06683
2023-03-29 16:00:00,0.0543333333333332,40.0,0.0,91,0.3716355553651469,0.22622,0.11141,0.06683
2023-03-29 17:00:00,0.0621666666666666,44.0,0.0,91,0.2067239311413886,0.22622,0.12589,0.06683
2023-03-29 18:00:00,0.0546666666666666,45.25,0.0,91,0.1166843582218528,0.22622,0.15001,0.06683
2023-03-29 19:00:00,0.0546666666666666,45.0,0.0,91,0.0240624786289329,0.22622,0.13291999999999998,0.06683
2023-03-29 20:00:00,0.0536666666666666,44.0,0.0,91,1.7948718104734277e-06,0.22622,0.11492000000000001,0.06683
2023-03-29 21:00:00,0.0544999999999999,40.75,0.0,91,0.0,0.22622,0.10990000000000001,0.06683
2023-03-29 22:00:00,0.0556666666666666,37.25,0.0,91,0.0,0.05735,0.0948,0.06683
2023-03-29 23:00:00,0.0558333333333332,35.0,0.0,91,0.0,0.05735,0.08971,0.06683
2023-03-30 00:00:00,0.0563333333333332,29.25,0.0,91,0.0,0.05735,0.0829,0.06683
2023-03-30 01:00:00,0.0614999999999999,28.0,0.0,91,0.0,0.05735,0.08105,0.06683
2023-03-30 02:00:00,0.0561666666666665,28.0,0.0,91,0.0,0.05735,0.07876999999999999,0.06683
2023-03-30 03:00:00,0.0559999999999999,29.0,0.0,91,0.0,0.05735,0.07845999999999999,0.06683
2023-03-30 04:00:00,0.0561666666666665,29.0,0.070425,91,0.0,0.05735,0.07715000000000001,0.06683
2023-03-30 05:00:00,0.0553333333333333,28.75,0.2713399999999999,91,0.0,0.05735,0.09143000000000001,0.06683
2023-03-30 06:00:00,0.0549999999999999,27.5,0.427885,91,0.0,0.22622,0.1212,0.06683
2023-03-30 07:00:00,0.0541666666666666,26.0,0.55257,91,0.0039558974223641,0.22622,0.1293,0.06683
2023-03-30 08:00:00,0.0538333333333333,25.0,0.54857,91,0.0367671794565314,0.22622,0.11,0.06683
2023-03-30 09:00:00,3.2325,24.25,0.40903,91,0.1058142737038115,0.22622,0.09065999999999999,0.06683
2023-03-30 10:00:00,3.9655,24.75,0.344055,91,0.1435917096260266,0.22622,0.08034999999999999,0.06683
2023-03-30 11:00:00,0.0716666666666666,25.0,0.232865,91,0.2508870936662721,0.22622,0.06527,0.06683
2023-03-30 12:00:00,0.0614999999999999,24.25,0.076185,91,0.3476976075131669,0.22622,0.0285,0.06683
2023-03-30 13:00:00,3.2743333333333333,25.0,0.00166,91,0.3312600835164388,0.22622,0.009529999999999999,0.06683
2023-03-30 14:00:00,1.5183333333333335,25.0,0.000345,91,0.5153574382749379,0.22622,0.01777,0.06683
2023-03-30 15:00:00,0.0554999999999999,25.0,0.0,91,0.2008477768531212,0.22622,0.039619999999999995,0.06683
2023-03-30 16:00:00,0.0556666666666666,25.75,0.0,91,0.2105851274474054,0.22622,0.07626000000000001,0.06683
2023-03-30 17:00:00,0.0551666666666666,26.0,0.0,91,0.1340457270695613,0.22622,0.09971,0.06683
2023-03-30 18:00:00,0.1944999999999999,25.5,0.0,91,0.1012594018430791,0.22622,0.12136,0.06683
2023-03-30 19:00:00,0.9125,24.75,0.0,91,0.02232888887708,0.22622,0.12054999999999999,0.06683
2023-03-30 20:00:00,1.5208333333333333,25.75,0.0,91,2.905982988289533e-05,0.22622,0.10328,0.06683
2023-03-30 21:00:00,2.7456666666666667,25.75,0.0,91,0.0,0.22622,0.10077,0.06683
2023-03-30 22:00:00,5.7625,26.25,0.0,91,0.0,0.05735,0.09076000000000001,0.06683
2023-03-30 23:00:00,6.0683333333333325,26.0,0.0,91,0.0,0.05735,0.06513,0.06683
2023-03-31 00:00:00,0.0588333333333332,25.75,0.0,91,0.0,0.05735,0.0649,0.06683
2023-03-31 01:00:00,0.0561666666666665,27.75,0.0,91,0.0,0.05735,0.0571,0.06683
2023-03-31 02:00:00,0.0559999999999999,29.25,0.0,91,0.0,0.05735,0.04862,0.06683
2023-03-31 03:00:00,0.0564999999999999,30.0,0.0,91,0.0,0.05735,0.03551,0.06683
2023-03-31 04:00:00,0.0554999999999999,30.0,0.0618149999999999,91,0.0,0.05735,0.04279,0.06683
2023-03-31 05:00:00,0.0549999999999999,29.0,0.2416049999999999,91,0.0,0.05735,0.09581,0.06683
2023-03-31 06:00:00,0.0546666666666666,26.75,0.373065,91,0.0,0.22622,0.11302,0.06683
2023-03-31 07:00:00,0.0533333333333333,25.5,0.453695,91,0.0,0.22622,0.11255,0.06683
2023-03-31 08:00:00,0.0541666666666666,25.0,0.449975,91,0.0163543590521201,0.22622,0.09992,0.06683
2023-03-31 09:00:00,0.0533333333333333,24.0,0.371955,91,0.0281482904079632,0.22622,0.08998,0.06683
2023-03-31 10:00:00,0.0601666666666666,23.75,0.403595,91,0.1220383763924623,0.22622,0.09511,0.06683
2023-03-31 11:00:00,0.0556666666666666,23.0,0.3499,91,0.2738111114501953,0.22622,0.05902,0.06683
2023-03-31 12:00:00,0.0556666666666665,23.75,0.203515,91,0.5765016219962356,0.22622,0.03297,0.06683
2023-03-31 13:00:00,0.0551666666666666,24.0,0.07581,91,0.5519605150793353,0.22622,0.056,0.06683
2023-03-31 14:00:00,0.1399999999999999,24.0,0.001275,91,0.4417805996104186,0.22622,0.04428,0.06683
2023-03-31 15:00:00,0.7543333333333333,24.0,0.000275,91,0.2454188886463133,0.22622,0.007679999999999999,0.06683
2023-03-31 16:00:00,4.287,24.25,0.0,91,0.1077887178078675,0.22622,0.07565000000000001,0.06683
2023-03-31 17:00:00,5.507333333333334,24.0,0.0,91,0.1627228202167739,0.22622,0.09759999999999999,0.06683
2023-03-31 18:00:00,5.817333333333333,24.25,0.0,91,0.0462123077343671,0.22622,0.10884999999999999,0.06683
2023-03-31 19:00:00,5.1335,24.0,0.0,91,0.0131439316842673,0.22622,0.11173999999999999,0.06683
2023-03-31 20:00:00,5.794666666666667,24.0,0.0,91,0.0,0.22622,0.09883,0.06683
2023-03-31 21:00:00,7.281833333333334,24.5,0.0,91,0.0,0.22622,0.08673,0.06683
2023-03-31 22:00:00,9.798666666666668,25.0,0.0,91,0.0,0.05735,0.08,0.06683
2023-03-31 23:00:00,16.387666666666664,25.0,0.0,91,0.0,0.05735,0.08219,0.06683
2023-04-01 00:00:00,8.856666666666667,24.5,0.0,91,0.0,0.05038,0.0639,0.05249
2023-04-01 01:00:00,0.0626666666666666,24.75,0.0,91,0.0,0.05038,0.053840000000000006,0.05249
2023-04-01 02:00:00,0.0556666666666666,18.25,0.0,91,0.0,0.05038,0.0425,0.05249
2023-04-01 03:00:00,0.0554999999999999,16.75,0.0,91,0.0,0.05038,0.039450000000000006,0.05249
2023-04-01 04:00:00,0.0554999999999999,17.0,0.0,91,0.0,0.05038,0.03832,0.05249
2023-04-01 05:00:00,0.0551666666666666,17.0,0.0,91,0.0,0.05038,0.0425,0.05249
2023-04-01 06:00:00,0.0551666666666666,17.0,0.0,91,0.0,0.05919,0.05467,0.05249
2023-04-01 07:00:00,0.0553333333333332,16.75,0.0,91,0.0024842734873676,0.05919,0.06378,0.05249
2023-04-01 08:00:00,0.0593333333333333,15.0,0.0,91,0.0635970940141596,0.05919,0.06323,0.05249
2023-04-01 09:00:00,0.0539999999999999,14.0,0.0,91,0.1651768375461937,0.05919,0.05286,0.05249
2023-04-01 10:00:00,0.076,13.0,0.0,91,0.1934981182294013,0.05919,0.05224,0.05249
2023-04-01 11:00:00,1.0415,13.75,0.0,91,0.3925847863743447,0.05919,0.04339,0.05249
2023-04-01 12:00:00,8.674999999999999,12.5,0.0,91,0.2246197441296699,0.05919,0.04159,0.05249
2023-04-01 13:00:00,2.9003333333333337,12.0,0.0,91,0.4614150446704312,0.05919,0.03541,0.05249
2023-04-01 14:00:00,5.351666666666667,12.25,0.0,91,0.5508539320464827,0.05919,0.03718,0.05249
2023-04-01 15:00:00,5.295166666666667,12.75,0.0,91,0.24780444454943,0.05919,0.04295,0.05249
2023-04-01 16:00:00,5.358833333333333,13.0,0.0,91,0.0554599145742562,0.05919,0.05769,0.05249
2023-04-01 17:00:00,4.353000000000001,14.5,0.0,91,0.0395963247209532,0.05919,0.09058,0.05249
2023-04-01 18:00:00,3.903,15.5,0.0,91,0.0970652135620769,0.05919,0.09467,0.05249
2023-04-01 19:00:00,0.7658333333333333,16.75,0.0,91,0.0319408547120471,0.05919,0.09703,0.05249
2023-04-01 20:00:00,0.095,17.0,0.0,91,4.273504496384888e-06,0.05919,0.08258,0.05249
2023-04-01 21:00:00,0.0951666666666666,17.0,0.0,91,0.0,0.05919,0.08109000000000001,0.05249
2023-04-01 22:00:00,0.094,17.5,0.0,91,0.0,0.05038,0.06802,0.05249
2023-04-01 23:00:00,0.0936666666666666,17.0,0.0,91,0.0,0.05038,0.07442,0.05249
2023-04-02 00:00:00,0.0948333333333333,15.25,0.0,91,0.0,0.05038,0.0648,0.05249
2023-04-02 01:00:00,0.0953333333333333,15.0,0.0,91,0.0,0.05038,0.05851,0.05249
2023-04-02 02:00:00,0.096,15.0,0.0,91,0.0,0.05038,0.06046,0.05249
2023-04-02 03:00:00,0.0961666666666666,15.0,0.0,91,0.0,0.05038,0.05851,0.05249
2023-04-02 04:00:00,0.096,15.0,0.0,91,0.0,0.05038,0.06046,0.05249
2023-04-02 05:00:00,0.0956666666666666,15.0,0.0,91,0.0,0.05038,0.05872,0.05249
2023-04-02 06:00:00,0.1011666666666666,15.0,0.0,91,0.0,0.05919,0.07008,0.05249
2023-04-02 07:00:00,0.0956666666666666,14.75,0.0,91,0.0114665811961023,0.05919,0.07554999999999999,0.05249
2023-04-02 08:00:00,0.0953333333333333,14.0,0.0,91,0.1217676073465591,0.05919,0.06609000000000001,0.05249
2023-04-02 09:00:00,0.095,14.0,0.0,91,0.174152734544542,0.05919,0.054950000000000006,0.05249
2023-04-02 10:00:00,0.0951666666666666,13.0,0.0,91,0.2177637592543903,0.05919,0.060520000000000004,0.05249
2023-04-02 11:00:00,0.1009999999999999,13.0,0.0,91,0.3909580331786067,0.05919,0.07408,0.05249
2023-04-02 12:00:00,0.1629999999999999,13.0,0.0,91,0.5985287175626837,0.05919,0.03183,0.05249
2023-04-02 13:00:00,0.5881666666666666,13.75,0.0,91,0.4148316218710354,0.05919,0.01752,0.05249
2023-04-02 14:00:00,4.914166666666667,14.0,0.0,91,0.5452290631155684,0.05919,0.02224,0.05249
2023-04-02 15:00:00,5.499833333333334,14.0,0.0,91,0.4157865804688543,0.05919,0.031129999999999998,0.05249
2023-04-02 16:00:00,6.457000000000001,14.0,0.0,91,0.3921245284773346,0.05919,0.04174,0.05249
2023-04-02 17:00:00,8.187166666666666,13.75,0.0,91,0.1287427347949427,0.05919,0.10041,0.05249
2023-04-02 18:00:00,11.190333333333331,14.0,0.0,91,0.0859818798456436,0.05919,0.13,0.05249
2023-04-02 19:00:00,17.4265,16.5,0.0,91,0.0162225641297478,0.05919,0.13281,0.05249
2023-04-02 20:00:00,3.929833333333333,18.0,0.0,91,2.111111126808273e-05,0.05919,0.12465000000000001,0.05249
2023-04-02 21:00:00,2.3073333333333337,18.0,0.0,91,0.0,0.05919,0.12161,0.05249
2023-04-02 22:00:00,3.254666666666667,18.0,0.0,91,0.0,0.05038,0.11001999999999999,0.05249
2023-04-02 23:00:00,2.2103333333333333,18.5,0.0,91,0.0,0.05038,0.12098,0.05249
2023-04-03 00:00:00,6.577000000000001,18.75,0.0,91,0.0,0.05038,0.11701,0.05249
2023-04-03 01:00:00,0.3736666666666666,19.0,0.0,91,0.0,0.05038,0.1196,0.05249
2023-04-03 02:00:00,0.0563333333333332,19.75,0.0,91,0.0,0.05038,0.11303,0.05249
2023-04-03 03:00:00,0.0556666666666665,19.75,0.29952,91,0.0,0.05038,0.10043,0.05249
2023-04-03 04:00:00,0.0603333333333332,19.25,0.62672,91,0.0,0.05038,0.11006999999999999,0.05249
2023-04-03 05:00:00,0.0544999999999999,22.75,0.87848,91,0.0,0.05038,0.14007,0.05249
2023-04-03 06:00:00,0.0525,27.25,1.03165,91,0.0,0.05919,0.17058,0.05249
2023-04-03 07:00:00,0.0524999999999999,38.0,0.98359,91,0.0105391452353224,0.05919,0.195,0.05249
2023-04-03 08:00:00,0.0533333333333333,41.5,0.921395,91,0.0690745298271505,0.05919,0.15563999999999997,0.05249
2023-04-03 09:00:00,0.0536666666666666,41.25,0.77134,91,0.1329811961834247,0.05919,0.13877,0.05249
2023-04-03 10:00:00,0.0534999999999999,37.0,0.6167250000000001,91,0.1614279484545064,0.05919,0.11568,0.05249
2023-04-03 11:00:00,0.0534999999999999,22.5,0.6296700000000001,91,0.2345271800114558,0.05919,0.08765,0.05249
2023-04-03 12:00:00,0.0531666666666666,17.5,0.62516,91,0.2255866675091604,0.05919,0.09187999999999999,0.05249
2023-04-03 13:00:00,0.0534999999999999,17.25,0.49942,91,0.2029348705976437,0.05919,0.07156,0.05249
2023-04-03 14:00:00,0.0533333333333333,17.75,0.4771,91,0.3816118797889121,0.05919,0.07891,0.05249
2023-04-03 15:00:00,0.0554999999999999,18.0,0.429875,91,0.373047265761938,0.05919,0.082,0.05249
2023-04-03 16:00:00,0.0581666666666666,18.75,0.27464,91,0.4722837604620519,0.05919,0.10035,0.05249
2023-04-03 17:00:00,3.1053333333333337,20.25,0.37477,91,0.2968141865526509,0.05919,0.13377,0.05249
2023-04-03 18:00:00,4.460333333333334,29.25,0.3979999999999999,91,0.0881980341723841,0.05919,0.15811,0.05249
2023-04-03 19:00:00,1.338666666666667,33.25,0.1817149999999999,91,0.01858709397479,0.05919,0.16533,0.05249
2023-04-03 20:00:00,6.300166666666667,35.0,0.1242149999999999,91,0.0004442735066494,0.05919,0.15184999999999998,0.05249
2023-04-03 21:00:00,6.8385,30.5,0.11984,91,0.0,0.05919,0.13194999999999998,0.05249
2023-04-03 22:00:00,5.392500000000001,31.5,0.1439749999999999,91,0.0,0.05038,0.11312,0.05249
2023-04-03 23:00:00,1.7793333333333334,34.0,0.1093949999999999,91,0.0,0.05038,0.11084999999999999,0.05249
2023-04-04 00:00:00,6.160833333333334,32.0,0.045245,91,0.0,0.05038,0.11033,0.05249
2023-04-04 01:00:00,13.132333333333332,19.5,0.085145,91,0.0,0.05038,0.11785999999999999,0.05249
2023-04-04 02:00:00,0.1513333333333333,19.25,0.13445,91,0.0,0.05038,0.11556999999999999,0.05249
2023-04-04 03:00:00,0.1001666666666666,20.5,0.133265,91,0.0,0.05038,0.11638,0.05249
2023-04-04 04:00:00,0.0951666666666666,20.25,0.324355,91,0.0,0.05038,0.12190999999999999,0.05249
2023-04-04 05:00:00,0.0946666666666666,25.75,0.6961499999999999,91,0.0,0.05038,0.14535,0.05249
2023-04-04 06:00:00,0.0934999999999999,35.75,1.035515,91,0.0,0.05919,0.18094,0.05249
2023-04-04 07:00:00,0.093,38.0,1.164715,91,0.0029314530039062,0.05919,0.20167,0.05249
2023-04-04 08:00:00,0.092,37.75,1.096525,91,0.0315768377801291,0.05919,0.17337,0.05249
2023-04-04 09:00:00,0.0659999999999999,34.25,1.01322,91,0.0752301707634559,0.05919,0.13156,0.05249
2023-04-04 10:00:00,0.0536666666666666,32.5,0.95503,91,0.1363487184964693,0.05919,0.11202,0.05249
2023-04-04 11:00:00,0.0628333333333333,21.0,0.8620950000000001,91,0.139896324190319,0.05919,0.11366,0.05249
2023-04-04 12:00:00,1.0581666666666667,15.5,0.78572,91,0.1588394862770015,0.05919,0.10898999999999999,0.05249
2023-04-04 13:00:00,0.5288333333333334,15.0,0.7067749999999999,91,0.1818652995835002,0.05919,0.10731,0.05249
2023-04-04 14:00:00,0.3385,15.25,0.617835,91,0.2542224779699603,0.05919,0.10870999999999999,0.05249
2023-04-04 15:00:00,0.268,15.5,0.5338799999999999,91,0.651470339848445,0.05919,0.11273000000000001,0.05249
2023-04-04 16:00:00,0.484,16.75,0.3536899999999999,91,0.4452199138739171,0.05919,0.122,0.05249
2023-04-04 17:00:00,0.3296666666666666,21.0,0.402285,91,0.3671767524980072,0.05919,0.14709999999999998,0.05249
2023-04-04 18:00:00,1.3658333333333337,28.5,0.39456,91,0.1965242726578671,0.05919,0.18,0.05249
2023-04-04 19:00:00,1.9463333333333328,34.25,0.1839899999999999,91,0.0291865812000046,0.05919,0.17732,0.05249
2023-04-04 20:00:00,5.274666666666667,34.25,0.1236999999999999,91,0.0005888888903328,0.05919,0.1561,0.05249
2023-04-04 21:00:00,6.892833333333333,33.75,0.098565,91,0.0,0.05919,0.1414,0.05249
2023-04-04 22:00:00,1.1918333333333333,35.25,0.1084049999999999,91,0.0,0.05038,0.12976,0.05249
2023-04-04 23:00:00,0.0958333333333333,38.75,0.0811749999999999,91,0.0,0.05038,0.12673,0.05249
2023-04-05 00:00:00,0.0954999999999999,37.0,0.025135,91,0.0,0.05038,0.11756,0.05249
2023-04-05 01:00:00,0.0998333333333333,36.75,0.0681949999999999,91,0.0,0.05038,0.11925,0.05249
2023-04-05 02:00:00,0.0971666666666666,38.0,0.152535,91,0.0,0.05038,0.11792,0.05249
2023-04-05 03:00:00,0.0956666666666666,40.25,0.1829849999999999,91,0.0,0.05038,0.12411,0.05249
2023-04-05 04:00:00,0.0946666666666666,40.5,0.2330949999999999,91,0.0,0.05038,0.13356,0.05249
2023-04-05 05:00:00,0.0933333333333333,41.25,0.66918,91,0.0,0.05038,0.16609000000000002,0.05249
2023-04-05 06:00:00,0.077,44.0,1.16685,91,0.0,0.05919,0.20815999999999998,0.05249
2023-04-05 07:00:00,0.0533333333333333,55.0,1.215925,91,0.0136420512743867,0.05919,0.1905,0.05249
2023-04-05 08:00:00,0.0535,55.0,1.142225,91,0.1173060686567909,0.05919,0.15374000000000002,0.05249
2023-04-05 09:00:00,0.0538333333333333,50.75,1.04144,91,0.3031325658162435,0.05919,0.13444,0.05249
2023-04-05 10:00:00,0.0546666666666666,34.0,0.694695,91,0.458687522431724,0.05919,0.12224,0.05249
2023-04-05 11:00:00,0.0546666666666666,22.75,0.506535,91,0.5823475197034005,0.05919,0.11316,0.05249
2023-04-05 12:00:00,0.0549999999999999,19.0,0.537375,91,0.6656611072507678,0.05919,0.11309999999999999,0.05249
2023-04-05 13:00:00,0.0606666666666666,17.75,0.477675,91,0.7039982931022973,0.05919,0.11323,0.05249
2023-04-05 14:00:00,0.0553333333333332,18.5,0.43826,91,0.6907529886359843,0.05919,0.11295999999999999,0.05249
2023-04-05 15:00:00,0.0549999999999999,18.0,0.368695,91,0.63030401572203,0.05919,0.11645,0.05249
2023-04-05 16:00:00,0.0544999999999999,18.75,0.2225149999999999,91,0.5199941866622012,0.05919,0.13553,0.05249
2023-04-05 17:00:00,0.0678333333333333,24.25,0.3489549999999999,91,0.3675529039823092,0.05919,0.15647999999999998,0.05249
2023-04-05 18:00:00,2.1805,32.25,0.3317699999999999,91,0.1901574356535561,0.05919,0.19956000000000002,0.05249
2023-04-05 19:00:00,4.652,37.25,0.0933549999999999,91,0.0358825642328996,0.05919,0.19158,0.05249
2023-04-05 20:00:00,1.5921666666666667,37.5,0.0948549999999999,91,0.0007049572728892,0.05919,0.16498,0.05249
2023-04-05 21:00:00,0.0554999999999999,37.75,0.089065,91,0.0,0.05919,0.15139,0.05249
2023-04-05 22:00:00,0.0546666666666666,34.25,0.098035,91,0.0,0.05038,0.13913,0.05249
2023-04-05 23:00:00,0.0551666666666665,37.0,0.08241,91,0.0,0.05038,0.13554,0.05249
2023-04-06 00:00:00,0.0601666666666666,34.0,0.032215,91,0.0,0.05038,0.12412000000000001,0.05249
2023-04-06 01:00:00,0.0551666666666666,32.0,0.05862,91,0.0,0.05038,0.12,0.05249
2023-04-06 02:00:00,0.0549999999999999,37.0,0.10467,91,0.0,0.05038,0.11533,0.05249
2023-04-06 03:00:00,0.0548333333333333,39.0,0.1439649999999999,91,0.0,0.05038,0.11485,0.05249
2023-04-06 04:00:00,0.0548333333333333,38.5,0.17794,91,0.0,0.05038,0.12491,0.05249
2023-04-06 05:00:00,0.0545,38.75,0.431795,91,0.0,0.05038,0.14251,0.05249
2023-04-06 06:00:00,0.054,36.75,0.8774850000000001,91,0.0,0.05919,0.16163,0.05249
2023-04-06 07:00:00,0.053,36.0,1.16219,91,0.0164566666147329,0.05919,0.16308,0.05249
2023-04-06 08:00:00,0.0531666666666666,34.75,1.215255,91,0.1341502563770001,0.05919,0.15091,0.05249
2023-04-06 09:00:00,0.0531666666666666,33.5,0.8601800000000001,91,0.2923986324082073,0.05919,0.14071,0.05249
2023-04-06 10:00:00,0.0541666666666666,31.25,0.5039999999999999,91,0.4556343574197883,0.05919,0.1371,0.05249
2023-04-06 11:00:00,0.0541666666666666,25.25,0.4270199999999999,91,0.5691764968480819,0.05919,0.11741,0.05249
2023-04-06 12:00:00,0.0598333333333333,19.75,0.3360749999999999,91,0.6299682036831846,0.05919,0.10742,0.05249
2023-04-06 13:00:00,0.0761666666666666,13.25,0.13595,91,0.690083504701272,0.05919,0.10884999999999999,0.05249
2023-04-06 14:00:00,0.6983333333333334,13.0,0.0040049999999999,91,0.6391698260185046,0.05919,0.10887000000000001,0.05249
2023-04-06 15:00:00,0.1399999999999999,12.25,0.0005899999999999,91,0.58349111051641,0.05919,0.10987000000000001,0.05249
2023-04-06 16:00:00,0.0946666666666666,12.75,0.0,91,0.3754952129135784,0.05919,0.12140999999999999,0.05249
2023-04-06 17:00:00,0.0946666666666666,16.75,0.0,91,0.2022467517037677,0.05919,0.14,0.05249
2023-04-06 18:00:00,0.0696666666666666,27.0,0.0,91,0.1267220512618366,0.05919,0.15009999999999998,0.05249
2023-04-06 19:00:00,0.0554999999999999,27.75,0.0,91,0.0371860684594537,0.05919,0.1449,0.05249
2023-04-06 20:00:00,0.0553333333333332,33.25,0.0,91,0.0003176068398369,0.05919,0.13899,0.05249
2023-04-06 21:00:00,0.0554999999999999,33.0,0.0,91,0.0,0.05919,0.12745,0.05249
2023-04-06 22:00:00,0.0553333333333333,34.75,0.0,91,0.0,0.05038,0.12287999999999999,0.05249
2023-04-06 23:00:00,0.0611666666666666,36.0,0.0,91,0.0,0.05038,0.11661,0.05249
2023-04-07 00:00:00,0.0556666666666666,34.75,0.0,91,0.0,0.05038,0.11043,0.05249
2023-04-07 01:00:00,0.0554999999999999,22.0,0.0,91,0.0,0.05038,0.11379,0.05249
2023-04-07 02:00:00,0.0554999999999999,22.75,0.0,91,0.0,0.05038,0.11533,0.05249
2023-04-07 03:00:00,0.0548333333333333,23.0,0.0,91,0.0,0.05038,0.11202,0.05249
2023-04-07 04:00:00,0.0546666666666666,22.25,0.322225,91,0.0,0.05038,0.11123000000000001,0.05249
2023-04-07 05:00:00,0.0539999999999999,22.75,0.580565,91,0.0,0.05038,0.13287000000000002,0.05249
2023-04-07 06:00:00,0.0533333333333333,31.0,0.67792,91,0.0,0.05919,0.14145,0.05249
2023-04-07 07:00:00,0.0529999999999999,35.25,1.001325,91,0.0154338461081059,0.05919,0.14303,0.05249
2023-04-07 08:00:00,0.0521666666666666,34.75,0.943415,91,0.0929635898475973,0.05919,0.14332,0.05249
2023-04-07 09:00:00,0.049,32.75,0.607445,91,0.0922486324391813,0.05919,0.1245,0.05249
2023-04-07 10:00:00,0.0536666666666666,25.75,0.6094149999999999,91,0.0696039314759083,0.05919,0.11674,0.05249
2023-04-07 11:00:00,6.424333333333333,25.25,0.6452249999999999,91,0.1127329056894677,0.05919,0.10548,0.05249
2023-04-07 12:00:00,4.6225,22.25,0.49621,91,0.6571699155497757,0.05919,0.10072,0.05249
2023-04-07 13:00:00,0.0544999999999999,18.5,0.400385,91,0.7222709434052822,0.05919,0.10226,0.05249
2023-04-07 14:00:00,0.0548333333333332,16.75,0.2825049999999999,91,0.3408172659588676,0.05919,0.10022,0.05249
2023-04-07 15:00:00,0.0546666666666666,17.75,0.16078,91,0.25830521567255,0.05919,0.10642,0.05249
2023-04-07 16:00:00,0.0544999999999999,18.5,0.0647449999999999,91,0.4254244444105362,0.05919,0.114,0.05249
2023-04-07 17:00:00,0.0546666666666666,19.25,0.0007849999999999,91,0.4140692306583763,0.05919,0.12816,0.05249
2023-04-07 18:00:00,0.0551666666666666,30.75,7.5e-05,91,0.0780904272682646,0.05919,0.14317,0.05249
2023-04-07 19:00:00,0.0554999999999999,37.0,0.0,91,0.0455084614672212,0.05919,0.15011000000000002,0.05249
2023-04-07 20:00:00,0.0553333333333332,37.0,0.0,91,0.0009894871897597,0.05919,0.14335,0.05249
2023-04-07 21:00:00,0.0609999999999999,37.0,0.0,91,0.0,0.05919,0.1395,0.05249
2023-04-07 22:00:00,0.0561666666666665,36.25,0.0,91,0.0,0.05038,0.13596,0.05249
2023-04-07 23:00:00,0.0569999999999999,36.0,0.0,91,0.0,0.05038,0.12624,0.05249
2023-04-08 00:00:00,0.0569999999999999,36.25,0.0,91,0.0,0.05038,0.11506999999999999,0.05249
2023-04-08 01:00:00,0.1394999999999999,29.0,0.0,91,0.0,0.05038,0.11533,0.05249
2023-04-08 02:00:00,6.546666666666667,24.25,0.0,91,0.0,0.05038,0.11075,0.05249
2023-04-08 03:00:00,3.3938333333333333,24.75,0.0,91,0.0,0.05038,0.11078,0.05249
2023-04-08 04:00:00,0.0564999999999999,25.25,0.0,91,0.0,0.05038,0.11216,0.05249
2023-04-08 05:00:00,0.0559999999999999,25.5,0.0,91,0.0,0.05038,0.11614000000000001,0.05249
2023-04-08 06:00:00,0.0558333333333332,31.5,0.0,91,0.0,0.05919,0.12935,0.05249
2023-04-08 07:00:00,0.0554999999999999,31.5,0.0,91,0.0147253846039629,0.05919,0.13501,0.05249
2023-04-08 08:00:00,0.0601666666666666,31.5,0.0,91,0.1239016243127676,0.05919,0.1321,0.05249
2023-04-08 09:00:00,0.0543333333333332,33.0,0.0,91,0.3244901709271293,0.05919,0.11441,0.05249
2023-04-08 10:00:00,0.0539999999999999,29.25,0.3102749999999999,91,0.4810753866342399,0.05919,0.10678,0.05249
2023-04-08 11:00:00,1.0166666666666666,21.25,0.3115699999999999,91,0.5899511966542305,0.05919,0.09845000000000001,0.05249
2023-04-08 12:00:00,6.1795,18.25,0.0016849999999999,91,0.6601891398633649,0.05919,0.09342,0.05249
2023-04-08 13:00:00,9.452333333333334,17.5,0.00039,91,0.6998119686811397,0.05919,0.08892,0.05249
2023-04-08 14:00:00,1.1711666666666665,18.0,0.0,91,0.6772392305553474,0.05919,0.09215999999999999,0.05249
2023-04-08 15:00:00,0.0559999999999999,18.75,0.0,91,0.6180882049625758,0.05919,0.0979,0.05249
2023-04-08 16:00:00,0.0559999999999999,17.25,0.0,91,0.5879977775638937,0.05919,0.10640000000000001,0.05249
2023-04-08 17:00:00,0.0549999999999999,21.5,0.0,91,0.3903599144047142,0.05919,0.12123,0.05249
2023-04-08 18:00:00,0.0994999999999999,29.75,0.0,91,0.2086954700437366,0.05919,0.13615,0.05249
2023-04-08 19:00:00,3.9036666666666666,36.25,0.0,91,0.030550598120078,0.05919,0.14021,0.05249
2023-04-08 20:00:00,11.800333333333333,37.5,0.0,91,0.0009443589823288,0.05919,0.13731000000000002,0.05249
2023-04-08 21:00:00,12.076666666666666,37.75,0.0,91,0.0,0.05919,0.1349,0.05249
2023-04-08 22:00:00,2.490333333333333,36.75,0.0,91,0.0,0.05038,0.12698,0.05249
2023-04-08 23:00:00,0.5415,35.5,0.0,91,0.0,0.05038,0.12799,0.05249
2023-04-09 00:00:00,8.439,36.5,0.0,91,0.0,0.05038,0.11785999999999999,0.05249
2023-04-09 01:00:00,5.530166666666666,37.5,0.0,91,0.0,0.05038,0.11982999999999999,0.05249
2023-04-09 02:00:00,0.0564999999999999,33.25,0.0,91,0.0,0.05038,0.11799,0.05249
2023-04-09 03:00:00,0.0564999999999999,28.25,0.0,91,0.0,0.05038,0.11824,0.05249
2023-04-09 04:00:00,0.0568333333333332,26.75,0.0,91,0.0,0.05038,0.11785999999999999,0.05249
2023-04-09 05:00:00,0.0623333333333332,26.0,0.0,91,0.0,0.05038,0.12,0.05249
2023-04-09 06:00:00,0.0569999999999999,26.0,0.0,91,0.0,0.05919,0.1189,0.05249
2023-04-09 07:00:00,0.0566666666666665,26.0,0.0,91,0.0136652136218344,0.05919,0.12298,0.05249
2023-04-09 08:00:00,0.0558333333333332,24.5,0.0,91,0.1313928210022103,0.05919,0.11220999999999999,0.05249
2023-04-09 09:00:00,0.0551666666666665,23.25,0.0,91,0.3365379503038195,0.05919,0.1,0.05249
2023-04-09 10:00:00,0.0549999999999999,21.0,0.0,91,0.4690423068837221,0.05919,0.087,0.05249
2023-04-09 11:00:00,0.5359999999999999,19.5,0.0,91,0.5732998265975563,0.05919,0.08195999999999999,0.05249
2023-04-09 12:00:00,6.953333333333333,15.25,0.0,91,0.6432591501871746,0.05919,0.06001,0.05249
2023-04-09 13:00:00,3.7095,15.75,0.0,91,0.6594034165602467,0.05919,0.055,0.05249
2023-04-09 14:00:00,0.1618333333333333,16.75,0.0,91,0.6573205977219804,0.05919,0.056,0.05249
2023-04-09 15:00:00,0.0989999999999999,17.0,0.0,91,0.5786467521211018,0.05919,0.074,0.05249
2023-04-09 16:00:00,0.0616666666666666,17.75,0.0,91,0.4748348699064336,0.05919,0.08635,0.05249
2023-04-09 17:00:00,0.0546666666666666,17.5,0.0,91,0.3710851281320947,0.05919,0.1152,0.05249
2023-04-09 18:00:00,0.0553333333333333,20.25,0.0,91,0.1974787177387466,0.05919,0.12997,0.05249
2023-04-09 19:00:00,0.0559999999999999,25.0,0.0,91,0.0395719659124684,0.05919,0.13346,0.05249
2023-04-09 20:00:00,0.0561666666666666,25.0,0.0,91,0.0007970940174821,0.05919,0.12639,0.05249
2023-04-09 21:00:00,0.0566666666666666,24.5,0.0,91,0.0,0.05919,0.115,0.05249
2023-04-09 22:00:00,0.0574999999999999,24.25,0.0,91,0.0,0.05038,0.10694,0.05249
2023-04-09 23:00:00,0.0579999999999999,26.75,0.0,91,0.0,0.05038,0.09820999999999999,0.05249
2023-04-10 00:00:00,0.0576666666666666,23.0,0.0,91,0.0,0.05038,0.08184999999999999,0.05249
2023-04-10 01:00:00,0.0573333333333332,17.25,0.0,91,0.0,0.05038,0.07814,0.05249
2023-04-10 02:00:00,0.0571666666666666,18.5,0.0,91,0.0,0.05038,0.0719,0.05249
2023-04-10 03:00:00,0.0569999999999999,22.25,0.16669,91,0.0,0.05038,0.07,0.05249
2023-04-10 04:00:00,0.0623333333333333,23.0,0.314425,91,0.0,0.05038,0.07296,0.05249
2023-04-10 05:00:00,0.0561666666666666,22.75,0.61988,91,0.0,0.05038,0.08,0.05249
2023-04-10 06:00:00,0.0563333333333332,22.25,0.782095,91,0.0,0.05919,0.07814,0.05249
2023-04-10 07:00:00,0.0566666666666665,19.75,0.8859400000000001,91,0.0204358118947627,0.05919,0.07,0.05249
2023-04-10 08:00:00,0.0563333333333332,16.0,0.915235,91,0.1268605129535381,0.05919,0.055130000000000005,0.05249
2023-04-10 09:00:00,0.0559999999999999,16.0,0.534385,91,0.3058952135917467,0.05919,0.02775,0.05249
2023-04-10 10:00:00,0.0558333333333332,16.0,0.1971549999999999,91,0.4746655534271501,0.05919,0.02053,0.05249
2023-04-10 11:00:00,0.0563333333333332,15.75,0.0025499999999999,91,0.5944693169227013,0.05919,0.015519999999999999,0.05249
2023-04-10 12:00:00,0.0563333333333332,15.25,0.000535,91,0.5800866653572798,0.05919,0.0015,0.05249
2023-04-10 13:00:00,0.0556666666666666,16.0,0.0,91,0.5266983749520068,0.05919,-1e-05,0.05249
2023-04-10 14:00:00,0.0551666666666666,8.0,0.0,91,0.6026483760735927,0.05919,-2.9999999999999997e-05,0.05249
2023-04-10 15:00:00,0.0613333333333333,8.0,0.0,91,0.5493930754702316,0.05919,0.0008100000000000001,0.05249
2023-04-10 16:00:00,0.0559999999999999,13.5,0.0,91,0.3188029913616995,0.05919,0.02002,0.05249
2023-04-10 17:00:00,3.997666666666667,15.5,0.0,91,0.1227533339638995,0.05919,0.05441,0.05249
2023-04-10 18:00:00,9.299833333333334,14.25,0.0,91,0.0748770084544124,0.05919,0.08019,0.05249
2023-04-10 19:00:00,7.845833333333332,14.0,0.0,91,0.0194186324543423,0.05919,0.085,0.05249
2023-04-10 20:00:00,0.1636666666666665,13.25,0.0,91,0.0002951282058627,0.05919,0.0844,0.05249
2023-04-10 21:00:00,0.1638333333333332,14.0,0.0,91,0.0,0.05919,0.0897,0.05249
2023-04-10 22:00:00,2.338,14.0,0.0,91,0.0,0.05038,0.06720999999999999,0.05249
2023-04-10 23:00:00,0.0583333333333332,14.0,0.0,91,0.0,0.05038,0.023579999999999997,0.05249
2023-04-11 00:00:00,0.0579999999999999,15.0,0.0,91,0.0,0.05038,0.00141,0.05249
2023-04-11 01:00:00,0.0573333333333332,17.25,0.0,91,0.0,0.05038,0.00094,0.05249
2023-04-11 02:00:00,0.0571666666666666,18.0,0.0,91,0.0,0.05038,0.00109,0.05249
2023-04-11 03:00:00,0.0624999999999999,18.25,0.0,91,0.0,0.05038,0.00611,0.05249
2023-04-11 04:00:00,0.0788333333333333,19.25,0.0406749999999999,91,0.0,0.05038,0.03641,0.05249
2023-04-11 05:00:00,5.131,21.25,0.2450899999999999,91,0.0,0.05038,0.09695999999999999,0.05249
2023-04-11 06:00:00,1.6446666666666667,28.0,0.437235,91,0.0,0.05919,0.13097,0.05249
2023-04-11 07:00:00,0.1626666666666666,30.5,0.508185,91,0.0038125640497757,0.05919,0.14213,0.05249
2023-04-11 08:00:00,4.024333333333334,34.25,0.48745,91,0.0278497435496403,0.05919,0.12334999999999999,0.05249
2023-04-11 09:00:00,0.0559999999999999,34.75,0.44537,91,0.0641713673436743,0.05919,0.11862,0.05249
2023-04-11 10:00:00,0.0558333333333332,33.5,0.440935,91,0.1584963251586653,0.05919,0.1033,0.05249
2023-04-11 11:00:00,0.0559999999999999,32.5,0.338365,91,0.2361029059255225,0.05919,0.11065000000000001,0.05249
2023-04-11 12:00:00,0.0558333333333332,31.0,0.219325,91,0.250062736446022,0.05919,0.10553,0.05249
2023-04-11 13:00:00,2.4643333333333333,22.5,0.0915599999999999,91,0.400300172006982,0.05919,0.09776,0.05249
2023-04-11 14:00:00,0.1654999999999999,20.75,0.003475,91,0.4127681207249306,0.05919,0.09282,0.05249
2023-04-11 15:00:00,0.6688333333333333,20.25,0.000525,91,0.55965940100515,0.05919,0.05576,0.05249
2023-04-11 16:00:00,9.242166666666668,20.5,0.0,91,0.4340447867629874,0.05919,0.08547,0.05249
2023-04-11 17:00:00,9.275333333333334,23.75,0.0,91,0.3471605975811298,0.05919,0.1308,0.05249
2023-04-11 18:00:00,9.593833333333334,31.5,0.0,91,0.1333727345914922,0.05919,0.16246000000000002,0.05249
2023-04-11 19:00:00,11.902,45.25,0.0,91,0.0274108546819442,0.05919,0.16538,0.05249
2023-04-11 20:00:00,11.899333333333333,54.75,0.0,91,0.0002081196601144,0.05919,0.14139,0.05249
2023-04-11 21:00:00,9.547,45.0,0.0,91,0.0,0.05919,0.1308,0.05249
2023-04-11 22:00:00,13.336333333333334,39.0,0.0,91,0.0,0.05038,0.111,0.05249
2023-04-11 23:00:00,9.52,38.0,0.0,91,0.0,0.05038,0.0968,0.05249
2023-04-12 00:00:00,0.0556666666666666,28.5,0.0,91,0.0,0.05038,0.08289,0.05249
2023-04-12 01:00:00,0.0554999999999999,23.75,0.0,91,0.0,0.05038,0.07273,0.05249
2023-04-12 02:00:00,0.0608333333333332,22.5,0.0,91,0.0,0.05038,0.06647,0.05249
2023-04-12 03:00:00,0.0551666666666666,21.25,0.0,91,0.0,0.05038,0.06777,0.05249
2023-04-12 04:00:00,0.0556666666666666,20.5,0.0657249999999999,91,0.0,0.05038,0.08039,0.05249
2023-04-12 05:00:00,0.0551666666666666,21.0,0.2631249999999999,91,0.0,0.05038,0.11001999999999999,0.05249
2023-04-12 06:00:00,0.0553333333333332,26.75,0.42116,91,0.0,0.05919,0.12724,0.05249
2023-04-12 07:00:00,0.0546666666666666,33.25,0.535975,91,0.0109891452735815,0.05919,0.13641,0.05249
2023-04-12 08:00:00,0.0533333333333333,34.25,0.5074799999999999,91,0.0593243589971819,0.05919,0.13199,0.05249
2023-04-12 09:00:00,0.0529999999999999,33.25,0.3429999999999999,91,0.0857764954852242,0.05919,0.12,0.05249
2023-04-12 10:00:00,0.0533333333333333,31.5,0.2834299999999999,91,0.1471388043297661,0.05919,0.11156,0.05249
2023-04-12 11:00:00,0.0548333333333332,28.0,0.1636249999999999,91,0.1941862391610431,0.05919,0.1008,0.05249
2023-04-12 12:00:00,0.0608333333333332,20.0,0.028755,91,0.2319088031084109,0.05919,0.09736,0.05249
2023-04-12 13:00:00,0.0554999999999999,17.75,0.00095,91,0.3037943577562642,0.05919,0.09762,0.05249
2023-04-12 14:00:00,0.0563333333333332,18.25,0.000125,91,0.265737606439835,0.05919,0.09706999999999999,0.05249
2023-04-12 15:00:00,0.0563333333333332,18.25,0.0,91,0.1597282041239942,0.05919,0.10034,0.05249
2023-04-12 16:00:00,0.3283333333333333,19.75,0.0,91,0.1077039319225865,0.05919,0.1098,0.05249
2023-04-12 17:00:00,0.7631666666666667,20.75,0.0,91,0.0285181195715553,0.05919,0.12844999999999998,0.05249
2023-04-12 18:00:00,0.0636666666666666,27.5,0.0,91,0.0118034188767783,0.05919,0.13852,0.05249
2023-04-12 19:00:00,0.0558333333333332,31.5,0.0,91,0.0023047008658321,0.05919,0.13085,0.05249
2023-04-12 20:00:00,0.0556666666666665,31.25,0.0,91,0.0001223076930524,0.05919,0.12075,0.05249
2023-04-12 21:00:00,0.0556666666666665,29.75,0.0,91,0.0,0.05919,0.1093,0.05249
2023-04-12 22:00:00,0.0621666666666665,30.0,0.0,91,0.0,0.05038,0.09795000000000001,0.05249
2023-04-12 23:00:00,0.0569999999999999,23.75,0.0,91,0.0,0.05038,0.09723000000000001,0.05249
2023-04-13 00:00:00,0.0564999999999999,19.5,0.0,91,0.0,0.05038,0.08509,0.05249
2023-04-13 01:00:00,0.0566666666666665,19.75,0.0,91,0.0,0.05038,0.08019,0.05249
2023-04-13 02:00:00,0.0568333333333332,20.25,0.0,91,0.0,0.05038,0.07286,0.05249
2023-04-13 03:00:00,0.0568333333333332,21.0,0.0,91,0.0,0.05038,0.07289,0.05249
2023-04-13 04:00:00,0.0564999999999999,21.0,0.255855,91,0.0,0.05038,0.0848,0.05249
2023-04-13 05:00:00,0.0549999999999999,20.75,0.492545,91,0.0,0.05038,0.10689,0.05249
2023-04-13 06:00:00,0.0543333333333333,24.0,0.64674,91,0.0,0.05919,0.12809,0.05249
2023-04-13 07:00:00,0.0539999999999999,29.75,0.953715,91,0.0077620512559118,0.05919,0.15206,0.05249
2023-04-13 08:00:00,0.0533333333333333,31.75,0.904395,91,0.1010412813659407,0.05919,0.14578,0.05249
2023-04-13 09:00:00,0.0531666666666666,31.5,0.596125,91,0.3245235055939763,0.05919,0.10909,0.05249
2023-04-13 10:00:00,0.0603333333333333,30.5,0.3862699999999999,91,0.2749632489783132,0.05919,0.11523,0.05249
2023-04-13 11:00:00,0.0548333333333332,28.5,0.390085,91,0.2250906844016833,0.05919,0.10920999999999999,0.05249
2023-04-13 12:00:00,0.0549999999999999,26.5,0.663065,91,0.4844305108551289,0.05919,0.10405,0.05249
2023-04-13 13:00:00,0.0551666666666666,25.5,0.4587050000000001,91,0.4652205137921195,0.05919,0.10466,0.05249
2023-04-13 14:00:00,0.0558333333333332,25.25,0.299805,91,0.6827296627077282,0.05919,0.1083,0.05249
2023-04-13 15:00:00,0.0543333333333332,23.25,0.39606,91,0.1879448705249362,0.05919,0.10239,0.05249
2023-04-13 16:00:00,0.9885,21.75,0.3834299999999999,91,0.3336890585809692,0.05919,0.11234000000000001,0.05249
2023-04-13 17:00:00,4.114166666666667,23.0,0.2531349999999999,91,0.212266923790304,0.05919,0.13091,0.05249
2023-04-13 18:00:00,5.8183333333333325,27.0,0.001,91,0.2395287187690408,0.05919,0.16973,0.05249
2023-04-13 19:00:00,9.936,30.5,0.0001899999999999,91,0.0534805129328344,0.05919,0.17887,0.05249
2023-04-13 20:00:00,16.7,34.25,0.0,91,0.0020726495896442,0.05919,0.15994999999999998,0.05249
2023-04-13 21:00:00,5.1275,35.0,0.0,91,0.0,0.05919,0.13989,0.05249
2023-04-13 22:00:00,5.012166666666666,34.0,0.0,91,0.0,0.05038,0.134,0.05249
2023-04-13 23:00:00,9.635,35.0,0.0,91,0.0,0.05038,0.11809,0.05249
2023-04-14 00:00:00,8.14,36.0,0.0,91,0.0,0.05038,0.1128,0.05249
2023-04-14 01:00:00,0.0559999999999999,34.25,0.0,91,0.0,0.05038,0.11654,0.05249
2023-04-14 02:00:00,0.0561666666666665,35.25,0.0,91,0.0,0.05038,0.1128,0.05249
2023-04-14 03:00:00,0.0554999999999999,38.5,0.0,91,0.0,0.05038,0.11314,0.05249
2023-04-14 04:00:00,0.0551666666666665,40.0,0.29885,91,0.0,0.05038,0.1274,0.05249
2023-04-14 05:00:00,0.0549999999999999,38.75,0.5322399999999999,91,0.0,0.05038,0.14474,0.05249
2023-04-14 06:00:00,0.0539999999999999,37.75,0.6292949999999999,91,0.0,0.05919,0.17167,0.05249
2023-04-14 07:00:00,0.0536666666666666,36.75,0.958755,91,0.023547777713746,0.05919,0.17567,0.05249
2023-04-14 08:00:00,0.0529999999999999,36.0,0.917895,91,0.177250256660657,0.05919,0.15162,0.05249
2023-04-14 09:00:00,0.0539999999999999,34.75,0.589245,91,0.3326828190404126,0.05919,0.1408,0.05249
2023-04-14 10:00:00,0.0591666666666666,33.75,0.3659649999999999,91,0.4075194859300923,0.05919,0.1261,0.05249
2023-04-14 11:00:00,0.0551666666666666,30.5,0.306315,91,0.6289676072862413,0.05919,0.10976999999999999,0.05249
2023-04-14 12:00:00,0.0553333333333332,26.5,0.30853,91,0.6386111124152808,0.05919,0.10533,0.05249
2023-04-14 13:00:00,0.1396666666666667,26.75,0.1837899999999999,91,0.4446077767396586,0.05919,0.10662,0.05249
2023-04-14 14:00:00,0.2125,30.25,0.05094,91,0.3101455561319987,0.05919,0.10597,0.05249
2023-04-14 15:00:00,0.4784999999999999,33.25,0.0014099999999999,91,0.2629141029944786,0.05919,0.10472,0.05249
2023-04-14 16:00:00,0.1804999999999999,33.75,0.00028,91,0.1498289744059245,0.05919,0.1189,0.05249
2023-04-14 17:00:00,2.417666666666667,35.25,0.0,91,0.100410513022007,0.05919,0.13816,0.05249
2023-04-14 18:00:00,6.103000000000001,32.5,0.0,91,0.0459629913476797,0.05919,0.1519,0.05249
2023-04-14 19:00:00,0.1263333333333333,44.25,0.0,91,0.0143588888798004,0.05919,0.15271,0.05249
2023-04-14 20:00:00,0.1538333333333333,43.25,0.0,91,0.0001989743609825,0.05919,0.15209,0.05249
2023-04-14 21:00:00,0.6176666666666667,35.5,0.0,91,0.0,0.05919,0.13523,0.05249
2023-04-14 22:00:00,2.789333333333333,36.75,0.0,91,0.0,0.05038,0.12029000000000001,0.05249
2023-04-14 23:00:00,5.506,39.5,0.0,91,0.0,0.05038,0.12390000000000001,0.05249
2023-04-15 00:00:00,7.771166666666666,39.5,0.0,91,0.0,0.05038,0.112,0.05249
2023-04-15 01:00:00,8.933166666666667,37.5,0.0,91,0.0,0.05038,0.11438,0.05249
2023-04-15 02:00:00,7.926166666666667,38.5,0.0,91,0.0,0.05038,0.108,0.05249
2023-04-15 03:00:00,0.0946666666666666,37.25,0.0,91,0.0,0.05038,0.10514,0.05249
2023-04-15 04:00:00,0.0725,36.0,0.0,91,0.0,0.05038,0.10355,0.05249
2023-04-15 05:00:00,0.0548333333333332,36.5,0.0,91,0.0,0.05038,0.10556,0.05249
2023-04-15 06:00:00,0.0551666666666666,33.0,0.0,91,0.0,0.05919,0.10485,0.05249
2023-04-15 07:00:00,0.0548333333333332,33.5,0.0,91,0.0024876922993069,0.05919,0.10621,0.05249
2023-04-15 08:00:00,0.0544999999999999,35.75,0.0,91,0.0238023932163531,0.05919,0.10224,0.05249
2023-04-15 09:00:00,0.0539999999999999,34.0,0.0,91,0.0750982908509735,0.05919,0.1001,0.05249
2023-04-15 10:00:00,0.0535,26.5,0.0,91,0.0936706838037213,0.05919,0.09394,0.05249
2023-04-15 11:00:00,0.0609999999999999,21.75,0.0,91,0.3105252137143389,0.05919,0.08784,0.05249
2023-04-15 12:00:00,0.0554999999999999,22.5,0.0,91,0.1592117947798509,0.05919,0.08498,0.05249
2023-04-15 13:00:00,1.406,21.25,0.0,91,0.1824424794596484,0.05919,0.08547,0.05249
2023-04-15 14:00:00,0.658,20.0,0.0,91,0.1485561538761498,0.05919,0.07643000000000001,0.05249
2023-04-15 15:00:00,0.1538333333333333,22.75,0.0,91,0.1138316230284861,0.05919,0.08295,0.05249
2023-04-15 16:00:00,0.7021666666666667,21.75,0.0,91,0.1345610263204982,0.05919,0.09881000000000001,0.05249
2023-04-15 17:00:00,2.2456666666666667,24.75,0.0,91,0.1133097437508085,0.05919,0.11266,0.05249
2023-04-15 18:00:00,0.1623333333333333,35.5,0.0,91,0.0403595725899068,0.05919,0.13279,0.05249
2023-04-15 19:00:00,3.955833333333333,40.75,0.0,91,0.0186535042779058,0.05919,0.13451,0.05249
2023-04-15 20:00:00,8.725166666666667,41.5,0.0,91,0.0003374359000108,0.05919,0.1278,0.05249
2023-04-15 21:00:00,5.723833333333332,37.5,0.0,91,0.0,0.05919,0.12771,0.05249
2023-04-15 22:00:00,0.1628333333333332,31.5,0.0,91,0.0,0.05038,0.1193,0.05249
2023-04-15 23:00:00,0.3211666666666666,33.0,0.0,91,0.0,0.05038,0.11155,0.05249
2023-04-16 00:00:00,3.894333333333333,34.0,0.0,91,0.0,0.05038,0.10349,0.05249
2023-04-16 01:00:00,6.379833333333333,33.25,0.0,91,0.0,0.05038,0.10268000000000001,0.05249
2023-04-16 02:00:00,9.749166666666667,34.75,0.0,91,0.0,0.05038,0.10109,0.05249
2023-04-16 03:00:00,9.853166666666668,35.75,0.0,91,0.0,0.05038,0.10263,0.05249
2023-04-16 04:00:00,0.0576666666666665,37.25,0.0,91,0.0,0.05038,0.1035,0.05249
2023-04-16 05:00:00,0.0576666666666665,36.0,0.0,91,0.0,0.05038,0.1035,0.05249
2023-04-16 06:00:00,0.0568333333333332,38.75,0.0,91,2.769230713701658e-05,0.05919,0.10337,0.05249
2023-04-16 07:00:00,0.0564999999999999,40.5,0.0,91,0.0244098289616597,0.05919,0.11043,0.05249
2023-04-16 08:00:00,0.0563333333333332,40.5,0.0,91,0.0935038466331286,0.05919,0.11468,0.05249
2023-04-16 09:00:00,0.0641666666666666,37.5,0.0,91,0.1688035903017745,0.05919,0.11104,0.05249
2023-04-16 10:00:00,7.267666666666667,35.75,0.0018599999999999,91,0.2496729053595127,0.05919,0.10783,0.05249
2023-04-16 11:00:00,3.396333333333333,28.5,0.259755,91,0.260427607022799,0.05919,0.10405,0.05249
2023-04-16 12:00:00,6.313833333333334,24.75,0.25862,91,0.2841759826790573,0.05919,0.09816,0.05249
2023-04-16 13:00:00,0.1649999999999999,22.5,0.0008399999999999,91,0.2652041886810564,0.05919,0.09483,0.05249
2023-04-16 14:00:00,0.9408333333333332,23.5,0.000115,91,0.3086373513376612,0.05919,0.09437000000000001,0.05249
2023-04-16 15:00:00,0.1633333333333332,22.5,0.0,91,0.3951484608446432,0.05919,0.09615,0.05249
2023-04-16 16:00:00,0.1619999999999999,24.5,0.0,91,0.4993691449287611,0.05919,0.10109,0.05249
2023-04-16 17:00:00,1.839,26.5,0.0,91,0.302968803307949,0.05919,0.11520999999999999,0.05249
2023-04-16 18:00:00,6.601166666666667,35.25,0.0,91,0.0892058967525123,0.05919,0.13288,0.05249
2023-04-16 19:00:00,11.344500000000002,42.25,0.0,91,0.0140564102443874,0.05919,0.14,0.05249
2023-04-16 20:00:00,16.731166666666667,43.0,0.0,91,0.0005510256374971,0.05919,0.135,0.05249
2023-04-16 21:00:00,0.1628333333333332,43.0,0.0,91,0.0,0.05919,0.12997,0.05249
2023-04-16 22:00:00,0.1611666666666666,41.5,0.0,91,0.0,0.05038,0.12535,0.05249
2023-04-16 23:00:00,0.3233333333333332,40.5,0.0,91,0.0,0.05038,0.11475,0.05249
2023-04-17 00:00:00,3.991666666666666,42.5,0.0,91,0.0,0.05038,0.11114,0.05249
2023-04-17 01:00:00,7.7505,43.25,0.0,91,0.0,0.05038,0.10895999999999999,0.05249
2023-04-17 02:00:00,13.362166666666669,44.0,0.0,91,0.0,0.05038,0.11014,0.05249
2023-04-17 03:00:00,13.008666666666668,43.25,0.250715,91,0.0,0.05038,0.11,0.05249
2023-04-17 04:00:00,0.0624999999999999,43.75,0.90878,91,0.0,0.05038,0.11461,0.05249
2023-04-17 05:00:00,0.0563333333333332,44.25,1.136935,91,0.0,0.05038,0.14068,0.05249
2023-04-17 06:00:00,0.0548333333333332,45.0,0.916985,91,0.0,0.05919,0.1787,0.05249
2023-04-17 07:00:00,0.0544999999999999,44.75,0.953905,91,0.0073189743862957,0.05919,0.19951,0.05249
2023-04-17 08:00:00,0.0544999999999999,43.0,0.96657,91,0.0349315384921864,0.05919,0.16313999999999998,0.05249
2023-04-17 09:00:00,0.1134999999999999,41.75,0.8639550000000001,91,0.1029983766669901,0.05919,0.1374,0.05249
2023-04-17 10:00:00,0.1501666666666666,40.5,0.72436,91,0.1831623087173853,0.05919,0.11748,0.05249
2023-04-17 11:00:00,0.15,36.25,0.6051399999999999,91,0.1710335912459936,0.05919,0.10518000000000001,0.05249
2023-04-17 12:00:00,0.1506666666666666,32.25,0.59909,91,0.1558683763813768,0.05919,0.1042,0.05249
2023-04-17 13:00:00,0.1503333333333333,28.25,0.58258,91,0.2220761538774539,0.05919,0.09695999999999999,0.05249
2023-04-17 14:00:00,0.1568333333333333,23.25,0.520665,91,0.2579365797124357,0.05919,0.09614,0.05249
2023-04-17 15:00:00,0.1583333333333333,23.25,0.436725,91,0.2765536756597013,0.05919,0.09673000000000001,0.05249
2023-04-17 16:00:00,0.2144999999999999,22.5,0.2946049999999999,91,0.2511894861857096,0.05919,0.10099,0.05249
2023-04-17 17:00:00,0.244,26.5,0.2112399999999999,91,0.1893229911673782,0.05919,0.12233,0.05249
2023-04-17 18:00:00,0.2516666666666666,34.75,0.111875,91,0.1124835895473121,0.05919,0.14361000000000002,0.05249
2023-04-17 19:00:00,0.2533333333333333,39.5,0.00217,91,0.0335209401142902,0.05919,0.14278,0.05249
2023-04-17 20:00:00,0.2546666666666666,40.25,0.000435,91,0.0008255555552358,0.05919,0.13425,0.05249
2023-04-17 21:00:00,0.255,37.25,0.0,91,0.0,0.05919,0.12282,0.05249
2023-04-17 22:00:00,0.2596666666666666,36.5,0.0,91,0.0,0.05038,0.10916,0.05249
2023-04-17 23:00:00,0.2556666666666666,38.25,0.0,91,0.0,0.05038,0.10531,0.05249
2023-04-18 00:00:00,0.2563333333333333,31.5,0.0,91,0.0,0.05038,0.10207,0.05249
2023-04-18 01:00:00,0.2565,29.5,0.0,91,0.0,0.05038,0.1011,0.05249
2023-04-18 02:00:00,0.2566666666666666,29.25,0.0,91,0.0,0.05038,0.10129,0.05249
2023-04-18 03:00:00,0.2558333333333333,27.0,0.0,91,0.0,0.05038,0.10055,0.05249
2023-04-18 04:00:00,0.2556666666666666,28.25,0.163195,91,0.0,0.05038,0.10127,0.05249
2023-04-18 05:00:00,0.2613333333333333,26.75,0.44635,91,0.0,0.05038,0.127,0.05249
2023-04-18 06:00:00,0.255,32.25,0.651225,91,0.0002599145325585,0.05919,0.14027,0.05249
2023-04-18 07:00:00,0.2535,40.0,0.8380000000000001,91,0.0225476067901676,0.05919,0.15488,0.05249
2023-04-18 08:00:00,0.2538333333333333,41.0,0.81658,91,0.0548349575711111,0.05919,0.13399,0.05249
2023-04-18 09:00:00,0.2485,40.0,0.6433649999999999,91,0.1525827345073732,0.05919,0.10621,0.05249
2023-04-18 10:00:00,0.2536666666666666,32.75,0.4999999999999999,91,0.4308174374572232,0.05919,0.10435,0.05249
2023-04-18 11:00:00,0.2591666666666667,22.5,0.29961,91,0.6230688033144701,0.05919,0.09901,0.05249
2023-04-18 12:00:00,0.1426666666666666,22.5,0.1597599999999999,91,0.6876885464660122,0.05919,0.08868999999999999,0.05249
2023-04-18 13:00:00,0.0596666666666666,23.25,0.06499,91,0.6924655549139038,0.05919,0.08911,0.05249
2023-04-18 14:00:00,0.0561666666666665,24.25,0.00196,91,0.6778567511403664,0.05919,0.08228,0.05249
2023-04-18 15:00:00,0.0568333333333332,24.25,0.000405,91,0.5294945281591174,0.05919,0.08381,0.05249
2023-04-18 16:00:00,0.0571666666666665,22.25,0.0,91,0.4684826513437125,0.05919,0.09481,0.05249
2023-04-18 17:00:00,0.0564999999999999,21.75,0.0,91,0.226971880085448,0.05919,0.10821,0.05249
2023-04-18 18:00:00,0.0559999999999999,27.75,0.0,91,0.0443457264370388,0.05919,0.13046000000000002,0.05249
2023-04-18 19:00:00,0.0561666666666665,38.0,0.0,91,0.029051880344239,0.05919,0.1371,0.05249
2023-04-18 20:00:00,0.0563333333333332,40.0,0.0,91,1.1196581041838342e-05,0.05919,0.13862,0.05249
2023-04-18 21:00:00,0.0576666666666665,39.75,0.0,91,0.0,0.05919,0.12832,0.05249
2023-04-18 22:00:00,0.0574999999999999,38.5,0.0,91,0.0,0.05038,0.11141,0.05249
2023-04-18 23:00:00,0.0579999999999999,39.0,0.0,91,0.0,0.05038,0.10872,0.05249
2023-04-19 00:00:00,0.0616666666666666,30.5,0.0,91,0.0,0.05038,0.09754,0.05249
2023-04-19 01:00:00,0.0559999999999999,25.5,0.0,91,0.0,0.05038,0.09992,0.05249
2023-04-19 02:00:00,0.0564999999999999,25.5,0.0,91,0.0,0.05038,0.09895,0.05249
2023-04-19 03:00:00,0.0553333333333333,25.75,0.0,91,0.0,0.05038,0.10133,0.05249
2023-04-19 04:00:00,0.0546666666666666,26.25,0.151345,91,0.0,0.05038,0.10587,0.05249
2023-04-19 05:00:00,0.0551666666666666,29.5,0.423625,91,0.0,0.05038,0.13,0.05249
2023-04-19 06:00:00,0.0543333333333333,38.0,0.6384949999999999,91,0.0004895726406676,0.05919,0.1391,0.05249
2023-04-19 07:00:00,0.0538333333333333,39.75,0.86322,91,0.0225660683660425,0.05919,0.1414,0.05249
2023-04-19 08:00:00,0.0534999999999999,40.0,0.83794,91,0.1778306833087888,0.05919,0.13366999999999998,0.05249
2023-04-19 09:00:00,0.0536666666666666,38.0,0.520405,91,0.3617411957439194,0.05919,0.10826000000000001,0.05249
2023-04-19 10:00:00,0.0731666666666666,32.75,0.2789649999999999,91,0.5069355558737733,0.05919,0.09726,0.05249
2023-04-19 11:00:00,0.0591666666666666,24.75,0.194135,91,0.6237875190147988,0.05919,0.10018,0.05249
2023-04-19 12:00:00,0.0541666666666666,21.75,0.096825,91,0.6995941931569677,0.05919,0.10339,0.05249
2023-04-19 13:00:00,0.0551666666666666,20.75,0.00273,91,0.7517494905911962,0.05919,0.09712,0.05249
2023-04-19 14:00:00,0.0566666666666665,22.5,0.000545,91,0.7177676835019368,0.05919,0.08868000000000001,0.05249
2023-04-19 15:00:00,0.0568333333333332,22.5,0.0,91,0.7139072626880096,0.05919,0.08857999999999999,0.05249
2023-04-19 16:00:00,0.0568333333333332,23.0,0.0,91,0.5922609420515534,0.05919,0.08964,0.05249
2023-04-19 17:00:00,0.0561666666666665,24.0,0.0,91,0.3710694013090215,0.05919,0.10661,0.05249
2023-04-19 18:00:00,0.0563333333333332,28.75,0.0,91,0.2365682890476324,0.05919,0.12225,0.05249
2023-04-19 19:00:00,0.0569999999999999,39.5,0.0,91,0.0595270084723448,0.05919,0.13586,0.05249
2023-04-19 20:00:00,0.0576666666666665,40.0,0.0,91,0.002907008558042,0.05919,0.12282,0.05249
2023-04-19 21:00:00,0.0624999999999999,40.0,0.0,91,0.0,0.05919,0.10990000000000001,0.05249
2023-04-19 22:00:00,0.0573333333333332,38.5,0.0,91,0.0,0.05038,0.10166,0.05249
2023-04-19 23:00:00,0.0573333333333332,38.5,0.0,91,0.0,0.05038,0.10019,0.05249
2023-04-20 00:00:00,0.0571666666666666,29.0,0.0,91,0.0,0.05038,0.09434999999999999,0.05249
2023-04-20 01:00:00,0.0566666666666666,24.5,0.0,91,0.0,0.05038,0.09676,0.05249
2023-04-20 02:00:00,0.0566666666666666,26.75,0.0,91,0.0,0.05038,0.09498000000000001,0.05249
2023-04-20 03:00:00,0.0566666666666666,29.5,0.0,91,0.0,0.05038,0.09718,0.05249
2023-04-20 04:00:00,0.0563333333333333,30.25,0.095405,91,0.0,0.05038,0.10278,0.05249
2023-04-20 05:00:00,0.0558333333333333,27.5,0.288805,91,0.0,0.05038,0.12797,0.05249
2023-04-20 06:00:00,0.0551666666666666,34.25,0.453305,91,0.0001296581210106,0.05919,0.14448,0.05249
2023-04-20 07:00:00,0.0543333333333333,35.5,0.6143,91,0.0279869230333556,0.05919,0.1447,0.05249
2023-04-20 08:00:00,0.0533333333333333,35.0,0.583405,91,0.0641815381172375,0.05919,0.13009,0.05249
2023-04-20 09:00:00,0.0594999999999999,37.25,0.4137549999999999,91,0.0642971799312494,0.05919,0.10833,0.05249
2023-04-20 10:00:00,0.0543333333333333,35.5,0.417105,91,0.1899958964290782,0.05919,0.09694,0.05249
2023-04-20 11:00:00,0.0551666666666666,30.0,0.350205,91,0.6042757272312783,0.05919,0.09423000000000001,0.05249
2023-04-20 12:00:00,0.0548333333333333,22.5,0.122705,91,0.1085134185888828,0.05919,0.08961,0.05249
2023-04-20 13:00:00,0.0546666666666666,19.75,0.0054549999999999,91,0.2112229054605858,0.05919,0.08871,0.05249
2023-04-20 14:00:00,0.0556666666666666,21.75,0.0005949999999999,91,0.3703187166523729,0.05919,0.08676,0.05249
2023-04-20 15:00:00,0.0554999999999999,23.0,0.0,91,0.2826558977110773,0.05919,0.09209,0.05249
2023-04-20 16:00:00,0.0554999999999999,22.75,0.0,91,0.2557441882598094,0.05919,0.10376,0.05249
2023-04-20 17:00:00,0.0613333333333332,22.75,0.0,91,0.225492562514085,0.05919,0.12899000000000002,0.05249
2023-04-20 18:00:00,0.0563333333333332,33.0,0.0,91,0.0575167520229633,0.05919,0.14264,0.05249
2023-04-20 19:00:00,0.0564999999999999,40.0,0.0,91,0.0339079484165224,0.05919,0.14742,0.05249
2023-04-20 20:00:00,0.0563333333333332,41.25,0.0,91,0.0010611111066566,0.05919,0.14533000000000001,0.05249
2023-04-20 21:00:00,0.0573333333333332,42.5,0.0,91,0.0,0.05919,0.13225,0.05249
2023-04-20 22:00:00,0.0571666666666665,42.0,0.0,91,0.0,0.05038,0.12772,0.05249
2023-04-20 23:00:00,0.0569999999999999,41.25,0.0,91,0.0,0.05038,0.1225,0.05249
2023-04-21 00:00:00,0.0569999999999999,40.75,0.0,91,0.0,0.05038,0.10721,0.05249
2023-04-21 01:00:00,0.0568333333333332,35.75,0.0,91,0.0,0.05038,0.11635,0.05249
2023-04-21 02:00:00,0.0564999999999999,39.5,0.0,91,0.0,0.05038,0.10939,0.05249
2023-04-21 03:00:00,0.0566666666666666,44.75,0.0,91,0.0,0.05038,0.10139,0.05249
2023-04-21 04:00:00,0.0559999999999999,44.25,0.1200899999999999,91,0.0,0.05038,0.11256000000000001,0.05249
2023-04-21 05:00:00,0.0554999999999999,43.75,0.342215,91,0.0,0.05038,0.1275,0.05249
2023-04-21 06:00:00,0.0606666666666666,42.0,0.53233,91,0.0006358119667085,0.05919,0.14154,0.05249
2023-04-21 07:00:00,0.0541666666666666,39.25,0.7211850000000001,91,0.0223540170586262,0.05919,0.14712,0.05249
2023-04-21 08:00:00,0.0536666666666666,40.0,0.6972550000000001,91,0.2014169232458131,0.05919,0.14895,0.05249
2023-04-21 09:00:00,0.0538333333333333,38.75,0.419255,91,0.3454890601655356,0.05919,0.12813,0.05249
2023-04-21 10:00:00,0.0541666666666666,33.25,0.2027249999999999,91,0.3649568367004395,0.05919,0.10929000000000001,0.05249
2023-04-21 11:00:00,0.0556666666666666,32.5,0.0887299999999999,91,0.3190162378294854,0.05919,0.10592,0.05249
2023-04-21 12:00:00,0.0561666666666665,27.0,0.02005,91,0.3770891434107071,0.05919,0.1057,0.05249
2023-04-21 13:00:00,0.0563333333333332,27.0,0.0013449999999999,91,0.5303081192929523,0.05919,0.1008,0.05249
2023-04-21 14:00:00,0.0563333333333332,26.0,0.00028,91,0.3793176064124474,0.05919,0.09079999999999999,0.05249
2023-04-21 15:00:00,0.0559999999999999,24.0,0.0,91,0.4211796569824218,0.05919,0.0773,0.05249
2023-04-21 16:00:00,0.0618333333333332,23.25,0.0,91,0.4210134193224784,0.05919,0.09787,0.05249
2023-04-21 17:00:00,0.0568333333333332,26.75,0.0,91,0.2376908548469217,0.05919,0.12354000000000001,0.05249
2023-04-21 18:00:00,0.0554999999999999,35.0,0.0,91,0.1123031621916681,0.05919,0.141,0.05249
2023-04-21 19:00:00,0.0554999999999999,40.5,0.0,91,0.0374625640852838,0.05919,0.14493,0.05249
2023-04-21 20:00:00,0.0549999999999999,41.75,0.0,91,0.0044817948522858,0.05919,0.13551,0.05249
2023-04-21 21:00:00,0.0554999999999999,39.5,0.0,91,0.0,0.05919,0.13371,0.05249
2023-04-21 22:00:00,0.0558333333333333,38.5,0.0,91,0.0,0.05038,0.1231,0.05249
2023-04-21 23:00:00,0.0563333333333332,40.5,0.0,91,0.0,0.05038,0.12201000000000001,0.05249
2023-04-22 00:00:00,0.0566666666666666,40.5,0.0,91,0.0,0.05038,0.10195,0.05249
2023-04-22 01:00:00,0.0576666666666665,38.25,0.0,91,0.0,0.05038,0.10357,0.05249
2023-04-22 02:00:00,0.0573333333333332,38.75,0.0,91,0.0,0.05038,0.09317,0.05249
2023-04-22 03:00:00,0.0573333333333332,37.25,0.0,91,0.0,0.05038,0.09133,0.05249
2023-04-22 04:00:00,0.0628333333333333,37.25,0.0,91,0.0,0.05038,0.09603,0.05249
2023-04-22 05:00:00,0.0574999999999999,37.0,0.0,91,0.0,0.05038,0.09981999999999999,0.05249
2023-04-22 06:00:00,0.0571666666666666,36.25,0.0,91,0.0008759829223665,0.05919,0.10695,0.05249
2023-04-22 07:00:00,0.0566666666666666,35.75,0.0,91,0.0466941023789919,0.05919,0.10918000000000001,0.05249
2023-04-22 08:00:00,0.0559999999999999,34.5,0.0,91,0.1750425640334431,0.05919,0.10728,0.05249
2023-04-22 09:00:00,0.0558333333333333,33.25,0.0,91,0.16487581285656,0.05919,0.07761,0.05249
2023-04-22 10:00:00,0.0559999999999999,32.25,0.0,91,0.0956934186332246,0.05919,0.07331,0.05249
2023-04-22 11:00:00,0.0554999999999999,31.5,0.0,91,0.2221592299958579,0.05919,0.051,0.05249
2023-04-22 12:00:00,0.0558333333333332,32.75,0.0,91,0.4119736741546893,0.05919,0.03484,0.05249
2023-04-22 13:00:00,0.0563333333333333,31.75,0.0,91,0.4658393194736578,0.05919,0.02256,0.05249
2023-04-22 14:00:00,0.0569999999999999,29.75,0.0,91,0.4367486357077574,0.05919,0.04473,0.05249
2023-04-22 15:00:00,0.0564999999999999,24.75,0.0,91,0.3573604283781133,0.05919,0.07994,0.05249
2023-04-22 16:00:00,0.0558333333333333,26.0,0.0,91,0.1765982906634991,0.05919,0.095,0.05249
2023-04-22 17:00:00,0.0608333333333333,28.25,0.0,91,0.1018735902737348,0.05919,0.11297,0.05249
2023-04-22 18:00:00,0.0558333333333333,36.0,0.0,91,0.0619337603577181,0.05919,0.132,0.05249
2023-04-22 19:00:00,0.0559999999999999,40.25,0.0,91,0.0266301710279578,0.05919,0.13065000000000002,0.05249
2023-04-22 20:00:00,0.0561666666666666,40.5,0.0,91,0.0011000854609152,0.05919,0.127,0.05249
2023-04-22 21:00:00,0.0563333333333332,41.25,0.0,91,0.0,0.05919,0.11009999999999999,0.05249
2023-04-22 22:00:00,0.0568333333333332,39.5,0.0,91,0.0,0.05038,0.10164,0.05249
2023-04-22 23:00:00,0.0579999999999999,38.75,0.0,91,0.0,0.05038,0.108,0.05249
2023-04-23 00:00:00,0.0578333333333332,36.5,0.0,91,0.0,0.05038,0.09752,0.05249
2023-04-23 01:00:00,0.0574999999999999,29.5,0.0,91,0.0,0.05038,0.09502,0.05249
2023-04-23 02:00:00,0.0581666666666666,24.75,0.0,91,0.0,0.05038,0.08943999999999999,0.05249
2023-04-23 03:00:00,0.0588333333333333,21.25,0.0,91,0.0,0.05038,0.08667,0.05249
2023-04-23 04:00:00,0.0574999999999999,21.0,0.0,91,0.0,0.05038,0.08887,0.05249
2023-04-23 05:00:00,0.0623333333333333,21.75,0.0,91,0.0,0.05038,0.09,0.05249
2023-04-23 06:00:00,0.0564999999999999,21.75,0.0,91,0.0021013675298955,0.05919,0.09401000000000001,0.05249
2023-04-23 07:00:00,0.0566666666666666,19.25,0.0,91,0.0293309400428054,0.05919,0.09353,0.05249
2023-04-23 08:00:00,0.0563333333333333,19.0,0.0,91,0.1306652138783381,0.05919,0.08995,0.05249
2023-04-23 09:00:00,0.0564999999999999,17.0,0.0,91,0.3422801720382821,0.05919,0.07967,0.05249
2023-04-23 10:00:00,0.0573333333333333,18.0,0.0,91,0.4788228199624609,0.05919,0.04813,0.05249
2023-04-23 11:00:00,0.0566666666666666,18.5,0.0,91,0.4943361575786885,0.05919,0.03537,0.05249
2023-04-23 12:00:00,0.0584999999999999,17.0,0.0,91,0.3511062410142687,0.05919,0.009980000000000001,0.05249
2023-04-23 13:00:00,0.0586666666666666,16.5,0.0,91,0.4079851284190121,0.05919,0.00487,0.05249
2023-04-23 14:00:00,0.0579999999999999,16.0,0.0,91,0.2598221384358202,0.05919,0.03469,0.05249
2023-04-23 15:00:00,0.0586666666666666,16.0,0.0,91,0.1619737597408458,0.05919,0.06409999999999999,0.05249
2023-04-23 16:00:00,0.0581666666666666,17.5,0.0,91,0.245723760148399,0.05919,0.09781000000000001,0.05249
2023-04-23 17:00:00,0.0569999999999999,17.25,0.0,91,0.0225758976304633,0.05919,0.10972,0.05249
2023-04-23 18:00:00,0.0623333333333333,21.25,0.0,91,0.0125393162527654,0.05919,0.10764,0.05249
2023-04-23 19:00:00,0.0561666666666666,24.75,0.0,91,0.0052701709209344,0.05919,0.10940000000000001,0.05249
2023-04-23 20:00:00,0.0558333333333333,26.0,0.0,91,0.0028222222192786,0.05919,0.12502,0.05249
2023-04-23 21:00:00,0.0563333333333333,28.25,0.0,91,0.0,0.05919,0.11695,0.05249
2023-04-23 22:00:00,0.0569999999999999,28.5,0.0,91,0.0,0.05038,0.10984000000000001,0.05249
2023-04-23 23:00:00,0.0581666666666666,29.0,0.0,91,0.0,0.05038,0.0877,0.05249
2023-04-24 00:00:00,0.0574999999999999,27.5,0.0,91,0.0,0.05038,0.08358,0.05249
2023-04-24 01:00:00,0.0569999999999999,28.0,0.0,91,0.0,0.05038,0.08209000000000001,0.05249
2023-04-24 02:00:00,0.0579999999999999,28.75,0.0,91,0.0,0.05038,0.07640000000000001,0.05249
2023-04-24 03:00:00,0.0581666666666666,28.25,0.0912212409845449,91,0.0,0.05038,0.07508,0.05249
2023-04-24 04:00:00,0.0574999999999999,27.75,0.2123012409845449,91,0.0,0.05038,0.08655,0.05249
2023-04-24 05:00:00,0.0566666666666666,27.5,0.43029,91,0.0,0.05038,0.1146,0.05249
2023-04-24 06:00:00,0.0606666666666666,31.25,0.4565749999999999,91,0.0,0.05919,0.1338,0.05249
2023-04-24 07:00:00,0.054,35.75,0.51945,91,0.0176247864076469,0.05919,0.135,0.05249
2023-04-24 08:00:00,0.0651666666666666,37.5,0.63492,91,0.0580991454002184,0.05919,0.12692,0.05249
2023-04-24 09:00:00,7.258833333333333,36.5,0.45048,91,0.0947906831594613,0.05919,0.11081,0.05249
2023-04-24 10:00:00,9.188833333333331,34.5,0.371565,91,0.3502544448722122,0.05919,0.10801000000000001,0.05249
2023-04-24 11:00:00,2.9895,32.25,0.25175,91,0.7225384580172026,0.05919,0.09806999999999999,0.05249
2023-04-24 12:00:00,12.648666666666664,27.5,0.072705,91,0.7291904276660365,0.05919,0.09490000000000001,0.05249
2023-04-24 13:00:00,1.5921666666666667,23.0,0.005565,91,0.5999628223517005,0.05919,0.087,0.05249
2023-04-24 14:00:00,0.1501666666666666,23.0,0.00069,91,0.7236894043490418,0.05919,0.08491,0.05249
2023-04-24 15:00:00,1.4145,23.0,0.0,91,0.6682043613531652,0.05919,0.08821,0.05249
2023-04-24 16:00:00,11.298166666666669,23.5,0.0,91,0.5261756401388057,0.05919,0.09945,0.05249
2023-04-24 17:00:00,10.708166666666664,24.25,0.0,91,0.3495041883093679,0.05919,0.11758,0.05249
2023-04-24 18:00:00,5.793833333333335,34.25,0.0,91,0.2034782044500367,0.05919,0.13457,0.05249
2023-04-24 19:00:00,4.932333333333333,40.25,0.0,91,0.1133302557366525,0.05919,0.13597,0.05249
2023-04-24 20:00:00,3.9515000000000007,43.0,0.0,91,0.0062270085467025,0.05919,0.13571,0.05249
2023-04-24 21:00:00,0.0825,43.0,0.0,91,0.0,0.05919,0.12837,0.05249
2023-04-24 22:00:00,0.078,41.5,0.0,91,0.0,0.05038,0.11915,0.05249
2023-04-24 23:00:00,0.0785,41.75,0.0,91,0.0,0.05038,0.1076,0.05249
2023-04-25 00:00:00,0.0778333333333333,42.25,0.0,91,0.0,0.05038,0.09822,0.05249
2023-04-25 01:00:00,0.0783333333333333,43.0,0.0,91,0.0,0.05038,0.09548999999999999,0.05249
2023-04-25 02:00:00,0.0838333333333333,44.75,0.0,91,0.0,0.05038,0.09192,0.05249
2023-04-25 03:00:00,0.0786666666666666,48.0,0.0,91,0.0,0.05038,0.09175,0.05249
2023-04-25 04:00:00,0.0783333333333333,44.0,0.0,91,0.0,0.05038,0.09734999999999999,0.05249
2023-04-25 05:00:00,0.0771666666666666,42.25,0.28057,91,0.0,0.05038,0.1216,0.05249
2023-04-25 06:00:00,0.0748333333333333,44.75,0.453265,91,0.0015948718009341,0.05919,0.1341,0.05249
2023-04-25 07:00:00,0.0735,46.0,0.419305,91,0.0328873502494942,0.05919,0.13493,0.05249
2023-04-25 08:00:00,0.0808333333333333,46.5,0.291575,91,0.1400842739985539,0.05919,0.12240000000000001,0.05249
2023-04-25 09:00:00,0.6786666666666666,44.75,0.0457799999999999,91,0.2973011093465692,0.05919,0.11,0.05249
2023-04-25 10:00:00,2.172833333333333,41.25,0.000915,91,0.399640427939912,0.05919,0.099,0.05249
2023-04-25 11:00:00,4.9595,31.0,0.0001,91,0.6353092317499667,0.05919,0.10238,0.05249
2023-04-25 12:00:00,1.4666666666666668,30.5,0.0,91,0.6347513671614169,0.05919,0.09691,0.05249
2023-04-25 13:00:00,6.441333333333333,30.25,0.0,91,0.750369400937333,0.05919,0.09133,0.05249
2023-04-25 14:00:00,8.675333333333333,34.75,0.0,91,0.7082752143012153,0.05919,0.09051999999999999,0.05249
2023-04-25 15:00:00,2.074333333333333,34.25,0.0,91,0.6766099147307564,0.05919,0.08923,0.05249
2023-04-25 16:00:00,0.6329999999999999,35.0,0.0,91,0.620068206461067,0.05919,0.095,0.05249
2023-04-25 17:00:00,5.368333333333333,39.75,0.0,91,0.4811348717844385,0.05919,0.12004000000000001,0.05249
2023-04-25 18:00:00,8.43,43.75,0.0,91,0.2440281193888085,0.05919,0.14027,0.05249
2023-04-25 19:00:00,8.422833333333333,45.5,0.0,91,0.0552120511552207,0.05919,0.14416,0.05249
2023-04-25 20:00:00,8.047333333333333,46.0,0.0,91,0.004248205114745,0.05919,0.14154,0.05249
2023-04-25 21:00:00,5.182166666666666,48.25,0.0,91,0.0,0.05919,0.13753,0.05249
2023-04-25 22:00:00,0.0564999999999999,51.25,0.0,91,0.0,0.05038,0.12,0.05249
2023-04-25 23:00:00,0.0601666666666666,48.75,0.0,91,0.0,0.05038,0.10679000000000001,0.05249
2023-04-26 00:00:00,0.0564999999999999,45.0,0.0,91,0.0,0.05038,0.09991,0.05249
2023-04-26 01:00:00,0.0566666666666665,46.0,0.0,91,0.0,0.05038,0.09458,0.05249
2023-04-26 02:00:00,0.0566666666666666,49.5,0.0,91,0.0,0.05038,0.09398000000000001,0.05249
2023-04-26 03:00:00,0.0563333333333332,49.25,0.0,91,0.0,0.05038,0.09333,0.05249
2023-04-26 04:00:00,0.0558333333333333,50.5,0.0,91,0.0,0.05038,0.1019,0.05249
2023-04-26 05:00:00,0.0546666666666666,49.25,0.342655,91,0.0,0.05038,0.12516,0.05249
2023-04-26 06:00:00,0.0541666666666666,49.0,0.700435,91,0.003387948734224,0.05919,0.13991,0.05249
2023-04-26 07:00:00,0.0528333333333333,47.0,0.7619199999999999,91,0.0264848718683943,0.05919,0.14513,0.05249
2023-04-26 08:00:00,0.0536666666666666,44.75,0.674715,91,0.2207644446283324,0.05919,0.12885,0.05249
2023-04-26 09:00:00,0.0534999999999999,43.5,0.2847399999999999,91,0.4034096576005985,0.05919,0.12654,0.05249
2023-04-26 10:00:00,0.0336666666666666,43.0,0.0148749999999999,91,0.5473617964524488,0.05919,0.11677,0.05249
2023-04-26 11:00:00,0.0256666666666666,41.25,0.0007249999999999,91,0.6383370117448333,0.05919,0.11001000000000001,0.05249
2023-04-26 12:00:00,0.0203333333333333,39.25,1.5e-05,91,0.6927077751485716,0.05919,0.10327,0.05249
2023-04-26 13:00:00,0.0205,38.75,0.0,91,0.7192824795714811,0.05919,0.1046,0.05249
2023-04-26 14:00:00,0.0203333333333333,38.0,0.0,91,0.7205699177277392,0.05919,0.09284999999999999,0.05249
2023-04-26 15:00:00,0.0243333333333333,38.75,0.0,91,0.6694644451956464,0.05919,0.09820000000000001,0.05249
2023-04-26 16:00:00,0.6526666666666667,39.5,0.0,91,0.5218853851057527,0.05919,0.11359999999999999,0.05249
2023-04-26 17:00:00,1.8171666666666668,43.75,0.0,91,0.285297007438464,0.05919,0.12987,0.05249
2023-04-26 18:00:00,0.1823333333333333,45.75,0.0,91,0.1174724784264197,0.05919,0.14811000000000002,0.05249
2023-04-26 19:00:00,11.636666666666663,45.5,0.0,91,0.0578667522088075,0.05919,0.15497,0.05249
2023-04-26 20:00:00,7.110500000000001,46.25,0.0,91,0.0066375213742861,0.05919,0.14612,0.05249
2023-04-26 21:00:00,13.092166666666666,46.0,0.0,91,0.0,0.05919,0.13354,0.05249
2023-04-26 22:00:00,12.808333333333332,43.25,0.0,91,0.0,0.05038,0.12048,0.05249
2023-04-26 23:00:00,13.044333333333334,45.5,0.0,91,0.0,0.05038,0.10711,0.05249
2023-04-27 00:00:00,12.834666666666664,44.5,0.0,91,0.0,0.05038,0.10021,0.05249
2023-04-27 01:00:00,9.588,43.25,0.0,91,0.0,0.05038,0.09770000000000001,0.05249
2023-04-27 02:00:00,0.0578333333333332,45.0,0.0,91,0.0,0.05038,0.09623999999999999,0.05249
2023-04-27 03:00:00,0.0576666666666665,45.25,0.0,91,0.0,0.05038,0.09725,0.05249
2023-04-27 04:00:00,0.0566666666666666,44.0,0.0,91,0.0,0.05038,0.10679999999999999,0.05249
2023-04-27 05:00:00,0.0556666666666666,44.0,0.274765,91,0.0,0.05038,0.12339,0.05249
2023-04-27 06:00:00,0.0539999999999999,44.5,0.423805,91,0.0018195726582382,0.05919,0.14258,0.05249
2023-04-27 07:00:00,0.0591666666666666,43.5,0.421445,91,0.0245035041703118,0.05919,0.13541,0.05249
2023-04-27 08:00:00,0.0473333333333333,42.25,0.307795,91,0.2277302561050806,0.05919,0.11318,0.05249
2023-04-27 09:00:00,0.031,38.75,0.036175,91,0.3774952997713007,0.05919,0.09698999999999999,0.05249
2023-04-27 10:00:00,10.7515,38.75,0.0008849999999999,91,0.5319832487187832,0.05919,0.0925,0.05249
2023-04-27 11:00:00,12.225499999999998,36.0,0.0001,91,0.6127402561546392,0.05919,0.094,0.05249
2023-04-27 12:00:00,6.234166666666667,34.25,0.0,91,0.4833876076722756,0.05919,0.091,0.05249
2023-04-27 13:00:00,0.0548333333333333,33.5,0.0,91,0.5191397453373315,0.05919,0.08874,0.05249
2023-04-27 14:00:00,0.049,34.5,0.0,91,0.4801325662727032,0.05919,0.08831,0.05249
2023-04-27 15:00:00,2.01,35.25,0.0,91,0.5065614527514861,0.05919,0.09036,0.05249
2023-04-27 16:00:00,11.221666666666666,35.5,0.0,91,0.349124870952378,0.05919,0.10089000000000001,0.05249
2023-04-27 17:00:00,5.1610000000000005,39.25,0.0,91,0.3098282065758339,0.05919,0.12064,0.05249
2023-04-27 18:00:00,7.0985000000000005,38.75,0.0,91,0.1675855559976691,0.05919,0.12875,0.05249
2023-04-27 19:00:00,0.054,40.5,0.0,91,0.0714356412643041,0.05919,0.1298,0.05249
2023-04-27 20:00:00,0.0593333333333333,40.75,0.0,91,0.007987863237484,0.05919,0.12442,0.05249
2023-04-27 21:00:00,0.049,40.5,0.0,91,0.0,0.05919,0.11861,0.05249
2023-04-27 22:00:00,0.0488333333333333,38.75,0.0,91,0.0,0.05038,0.10003000000000001,0.05249
2023-04-27 23:00:00,0.0493333333333333,38.25,0.0,91,0.0,0.05038,0.10203,0.05249
2023-04-28 00:00:00,0.0496666666666666,37.5,0.0,91,0.0,0.05038,0.09297,0.05249
2023-04-28 01:00:00,0.0504999999999999,37.25,0.0,91,0.0,0.05038,0.09035,0.05249
2023-04-28 02:00:00,0.0503333333333333,38.75,0.0,91,0.0,0.05038,0.08306999999999999,0.05249
2023-04-28 03:00:00,0.0491666666666666,38.5,0.0,91,0.0,0.05038,0.092,0.05249
2023-04-28 04:00:00,0.0491666666666666,39.0,0.0,91,0.0,0.05038,0.09584999999999999,0.05249
2023-04-28 05:00:00,0.049,37.5,0.0,91,0.0,0.05038,0.11,0.05249
2023-04-28 06:00:00,0.0478333333333333,39.0,0.25533,91,0.0036392308141176,0.05919,0.12373999999999999,0.05249
2023-04-28 07:00:00,0.0513333333333333,39.25,0.32073,91,0.0485765812132093,0.05919,0.12638,0.05249
2023-04-28 08:00:00,0.0471666666666666,34.75,0.07196,91,0.1575370090843265,0.05919,0.12028,0.05249
2023-04-28 09:00:00,4.705666666666667,32.75,0.00729,91,0.3609872664753189,0.05919,0.11281000000000001,0.05249
2023-04-28 10:00:00,10.459833333333334,32.5,0.0007599999999999,91,0.3957767499613966,0.05919,0.10583,0.05249
2023-04-28 11:00:00,13.117166666666668,30.0,3e-05,91,0.3897030776586287,0.05919,0.10172,0.05249
2023-04-28 12:00:00,9.995333333333331,29.0,0.0,91,0.6471061530480017,0.05919,0.09278,0.05249
2023-04-28 13:00:00,11.280833333333334,27.5,0.0,91,0.6173259813357621,0.05919,0.08985,0.05249
2023-04-28 14:00:00,11.2525,27.5,0.0,91,0.482399657811874,0.05919,0.08679,0.05249
2023-04-28 15:00:00,9.696,26.0,0.0,91,0.5194608522072818,0.05919,0.09057,0.05249
2023-04-28 16:00:00,3.47,27.5,0.0,91,0.3598322214631952,0.05919,0.09162999999999999,0.05249
2023-04-28 17:00:00,8.956666666666667,31.75,0.0,91,0.1912701711084088,0.05919,0.112,0.05249
2023-04-28 18:00:00,6.957333333333334,35.5,0.0,91,0.1531937600812341,0.05919,0.12034,0.05249
2023-04-28 19:00:00,6.872833333333333,36.75,0.0,91,0.0591576926321045,0.05919,0.126,0.05249
2023-04-28 20:00:00,12.2545,36.0,0.0,91,0.0031403419093236,0.05919,0.12434,0.05249
2023-04-28 21:00:00,3.839166666666667,36.75,0.0,91,0.0,0.05919,0.11671,0.05249
2023-04-28 22:00:00,0.0541666666666666,36.0,0.0,91,0.0,0.05038,0.10548,0.05249
2023-04-28 23:00:00,0.0533333333333332,36.5,0.0,91,0.0,0.05038,0.11559,0.05249
2023-04-29 00:00:00,0.0543333333333332,37.5,0.0,91,0.0,0.05038,0.10856,0.05249
2023-04-29 01:00:00,0.0546666666666666,39.0,0.0,91,0.0,0.05038,0.1061,0.05249
2023-04-29 02:00:00,0.0554999999999999,38.75,0.0,91,0.0,0.05038,0.105,0.05249
2023-04-29 03:00:00,0.0554999999999999,38.0,0.0,91,0.0,0.05038,0.10124,0.05249
2023-04-29 04:00:00,0.0551666666666665,39.0,0.0,91,0.0,0.05038,0.10275,0.05249
2023-04-29 05:00:00,0.0546666666666666,38.25,0.0,91,0.0,0.05038,0.10324,0.05249
2023-04-29 06:00:00,0.0594999999999999,37.0,0.0,91,0.0,0.05919,0.10940000000000001,0.05249
2023-04-29 07:00:00,0.0531666666666666,36.0,0.0,91,0.0096356410475877,0.05919,0.11564,0.05249
2023-04-29 08:00:00,0.0525,35.0,0.0,91,0.0536375213484478,0.05919,0.10661,0.05249
2023-04-29 09:00:00,0.0523333333333333,34.5,0.0,91,0.0962080339285043,0.05919,0.10357999999999999,0.05249
2023-04-29 10:00:00,3.6341666666666654,33.25,0.0,91,0.2458405971527099,0.05919,0.09287000000000001,0.05249
2023-04-29 11:00:00,4.680833333333333,26.25,0.0,91,0.3066230772295569,0.05919,0.08223,0.05249
2023-04-29 12:00:00,0.1096666666666666,21.0,0.0,91,0.2330323938223032,0.05919,0.08217,0.05249
2023-04-29 13:00:00,5.087666666666666,20.0,0.0,91,0.3711482043144031,0.05919,0.06620000000000001,0.05249
2023-04-29 14:00:00,0.0679999999999999,20.25,0.0,91,0.5039674331795456,0.05919,0.06905,0.05249
2023-04-29 15:00:00,0.0711666666666666,20.75,0.0,91,0.4438920515011518,0.05919,0.08,0.05249
2023-04-29 16:00:00,2.168333333333333,21.0,0.0,91,0.3093080347827357,0.05919,0.085,0.05249
2023-04-29 17:00:00,9.4075,20.75,0.0,91,0.2082839321886372,0.05919,0.1001,0.05249
2023-04-29 18:00:00,9.9575,26.75,0.0,91,0.1183932486151018,0.05919,0.11531999999999999,0.05249
2023-04-29 19:00:00,9.3735,33.5,0.0,91,0.0873545303813412,0.05919,0.11434,0.05249
2023-04-29 20:00:00,6.168666666666667,34.0,0.0,91,0.0028259828819646,0.05919,0.12,0.05249
2023-04-29 21:00:00,5.482833333333333,34.0,0.0,91,0.0,0.05919,0.11556999999999999,0.05249
2023-04-29 22:00:00,7.429833333333334,33.75,0.0,91,0.0,0.05038,0.11,0.05249
2023-04-29 23:00:00,5.0648333333333335,33.75,0.0,91,0.0,0.05038,0.09928000000000001,0.05249
2023-04-30 00:00:00,0.0524999999999999,32.0,0.0,91,0.0,0.05038,0.09109,0.05249
2023-04-30 01:00:00,0.0516666666666666,28.0,0.0,91,0.0,0.05038,0.08838,0.05249
2023-04-30 02:00:00,0.0524999999999999,22.25,0.0,91,0.0,0.05038,0.08549,0.05249
2023-04-30 03:00:00,0.0529999999999999,18.75,0.0,91,0.0,0.05038,0.07493000000000001,0.05249
2023-04-30 04:00:00,0.0533333333333332,16.0,0.0,91,0.0,0.05038,0.07507,0.05249
2023-04-30 05:00:00,0.0529999999999999,16.0,0.0,91,0.0,0.05038,0.08462,0.05249
2023-04-30 06:00:00,0.0533333333333332,15.0,0.0,91,0.0010460683652478,0.05919,0.082,0.05249
2023-04-30 07:00:00,0.0533333333333332,15.25,0.0,91,0.0339800854829641,0.05919,0.075,0.05249
2023-04-30 08:00:00,0.6086666666666667,15.75,0.0,91,0.1135817097394894,0.05919,0.05,0.05249
2023-04-30 09:00:00,7.268499999999999,16.0,0.0,91,0.1813370085170126,0.05919,0.0277,0.05249
2023-04-30 10:00:00,7.376166666666666,16.0,0.0,91,0.2875742750901442,0.05919,0.03096,0.05249
2023-04-30 11:00:00,7.265333333333333,16.5,0.0,91,0.2701247014754858,0.05919,0.04839,0.05249
2023-04-30 12:00:00,6.775166666666667,16.0,0.0,91,0.1685933336437258,0.05919,0.02367,0.05249
2023-04-30 13:00:00,7.393999999999999,16.0,0.0,91,0.093825214092548,0.05919,0.01466,0.05249
2023-04-30 14:00:00,7.071833333333333,17.0,0.0,91,0.1060313673916025,0.05919,0.0015,0.05249
2023-04-30 15:00:00,9.739833333333332,17.0,0.0,91,0.0749805984334048,0.05919,0.014,0.05249
2023-04-30 16:00:00,6.937666666666668,17.0,0.0,91,0.0923819660936665,0.05919,0.07057,0.05249
2023-04-30 17:00:00,12.286333333333332,16.25,0.0,91,0.1110464958451752,0.05919,0.09015000000000001,0.05249
2023-04-30 18:00:00,10.815166666666668,20.5,0.0,91,0.1410993165236253,0.05919,0.09802,0.05249
2023-04-30 19:00:00,2.0976666666666666,27.0,0.0,91,0.0939562394883897,0.05919,0.11885,0.05249
2023-04-30 20:00:00,0.0591666666666666,31.5,0.0,91,0.0100135042051522,0.05919,0.1222,0.05249
2023-04-30 21:00:00,0.0534999999999999,32.0,0.0,91,0.0,0.05919,0.11712,0.05249
2023-04-30 22:00:00,0.0538333333333332,31.25,0.0,91,0.0,0.05038,0.10870999999999999,0.05249
2023-04-30 23:00:00,0.0539999999999999,31.25,0.0,91,0.0,0.05038,0.10990000000000001,0.05249
2023-05-01 00:00:00,0.0524999999999999,30.75,0.0,91,0.0,0.05038,0.0999,0.05255
2023-05-01 01:00:00,0.0528333333333333,28.5,0.0,91,0.0,0.05038,0.09548999999999999,0.05255
2023-05-01 02:00:00,0.0521666666666666,28.5,0.0,91,0.0,0.05038,0.09059,0.05255
2023-05-01 03:00:00,0.052,28.25,0.0,91,0.0,0.05038,0.0874,0.05255
2023-05-01 04:00:00,0.0518333333333333,28.5,0.0,91,0.0,0.05038,0.088,0.05255
2023-05-01 05:00:00,0.0515,28.5,0.0,91,0.0,0.05038,0.08738,0.05255
2023-05-01 06:00:00,0.0516666666666666,28.5,0.0,91,0.0,0.05919,0.08956,0.05255
2023-05-01 07:00:00,0.0518333333333333,28.75,0.0,91,0.0303249572236568,0.05919,0.08426,0.05255
2023-05-01 08:00:00,0.1256666666666666,23.5,0.0,91,0.0585424788792928,0.05919,0.08411,0.05255
2023-05-01 09:00:00,6.591,22.5,0.0,91,0.1428429056640364,0.05919,0.07539,0.05255
2023-05-01 10:00:00,6.5605,19.25,0.0,91,0.1059065808190239,0.05919,0.06661,0.05255
2023-05-01 11:00:00,6.771666666666667,16.0,0.0,91,0.0946933333894126,0.05919,0.054009999999999996,0.05255
2023-05-01 12:00:00,6.574666666666666,15.0,0.0,91,0.1087731627113798,0.05919,0.03467,0.05255
2023-05-01 13:00:00,6.594,15.0,0.0,91,0.4474582893828042,0.05919,0.030010000000000002,0.05255
2023-05-01 14:00:00,6.094,15.0,0.0,91,0.3278494869949471,0.05919,0.04112,0.05255
2023-05-01 15:00:00,5.4093333333333335,15.0,0.0,91,0.1771734183058779,0.05919,0.03622,0.05255
2023-05-01 16:00:00,4.7058333333333335,15.0,0.0,91,0.0852758972461407,0.05919,0.01787,0.05255
2023-05-01 17:00:00,5.151166666666667,15.75,0.0,91,0.2087305134178227,0.05919,0.07089,0.05255
2023-05-01 18:00:00,7.2815,20.75,0.0,91,0.0834200001170492,0.05919,0.09893,0.05255
2023-05-01 19:00:00,7.382833333333333,26.75,0.0,91,0.1039624783116528,0.05919,0.11706,0.05255
2023-05-01 20:00:00,10.41,30.75,0.0,91,0.0302568375319242,0.05919,0.12172,0.05255
2023-05-01 21:00:00,10.4225,33.75,0.0,91,0.0,0.05919,0.1179,0.05255
2023-05-01 22:00:00,11.594333333333331,33.75,0.0,91,0.0,0.05038,0.11104,0.05255
2023-05-01 23:00:00,0.1669999999999999,31.5,0.0,91,0.0,0.05038,0.09848,0.05255
2023-05-02 00:00:00,0.0554999999999999,22.0,0.0,91,0.0,0.05038,0.0856,0.05255
2023-05-02 01:00:00,0.0531666666666666,22.25,0.3400399999999999,91,0.0,0.05038,0.0833,0.05255
2023-05-02 02:00:00,0.0535,23.25,0.41563,91,0.0,0.05038,0.0809,0.05255
2023-05-02 03:00:00,0.0541666666666666,23.25,0.215395,91,0.0,0.05038,0.08122,0.05255
2023-05-02 04:00:00,0.0533333333333333,25.0,0.282565,91,0.0,0.05038,0.09039,0.05255
2023-05-02 05:00:00,0.0534999999999999,26.0,0.3635649999999999,91,0.0,0.05038,0.11106,0.05255
2023-05-02 06:00:00,0.0526666666666666,33.5,0.33581,91,0.0025107692137487,0.05919,0.12769,0.05255
2023-05-02 07:00:00,0.051,37.25,0.4089899999999999,91,0.0522392304942139,0.05919,0.13543,0.05255
2023-05-02 08:00:00,0.0504999999999999,35.5,0.4298749999999999,91,0.2451711961143037,0.05919,0.12301999999999999,0.05255
2023-05-02 09:00:00,0.056,33.75,0.1374049999999999,91,0.2983651283459785,0.05919,0.11585,0.05255
2023-05-02 10:00:00,0.0528333333333333,32.25,0.2482899999999999,91,0.2172693169422638,0.05919,0.10895999999999999,0.05255
2023-05-02 11:00:00,0.0533333333333332,32.25,0.249495,91,0.2275014538235135,0.05919,0.09845999999999999,0.05255
2023-05-02 12:00:00,0.0534999999999999,28.75,0.003245,91,0.2067955559950608,0.05919,0.09276000000000001,0.05255
2023-05-02 13:00:00,0.0594999999999999,24.25,0.000525,91,0.4453881196894197,0.05919,0.08632,0.05255
2023-05-02 14:00:00,0.0521666666666666,23.25,0.0,91,0.6916167505378398,0.05919,0.08197,0.05255
2023-05-02 15:00:00,0.0728333333333333,22.5,0.0,91,0.653724784851074,0.05919,0.0872,0.05255
2023-05-02 16:00:00,9.535833333333333,21.5,0.0,91,0.5393623058612531,0.05919,0.09443,0.05255
2023-05-02 17:00:00,12.3195,22.75,0.0,91,0.4239679473485702,0.05919,0.11738,0.05255
2023-05-02 18:00:00,12.325166666666666,31.5,0.0,91,0.2785308541191948,0.05919,0.13,0.05255
2023-05-02 19:00:00,12.312,38.75,0.0,91,0.1009332477944528,0.05919,0.14286000000000001,0.05255
2023-05-02 20:00:00,12.302,41.25,0.0,91,0.0109168376239876,0.05919,0.13369,0.05255
2023-05-02 21:00:00,12.291666666666666,42.25,0.0,91,0.0,0.05919,0.12401999999999999,0.05255
2023-05-02 22:00:00,0.8026666666666666,41.75,0.0,91,0.0,0.05038,0.11613,0.05255
2023-05-02 23:00:00,0.0808333333333333,39.5,0.0,91,0.0,0.05038,0.10765000000000001,0.05255
2023-05-03 00:00:00,0.0811666666666666,31.0,0.0,91,0.0,0.05038,0.10263,0.05255
2023-05-03 01:00:00,0.0865,31.25,0.0,91,0.0,0.05038,0.10097,0.05255
2023-05-03 02:00:00,0.0813333333333333,32.25,0.0,91,0.0,0.05038,0.0978,0.05255
2023-05-03 03:00:00,0.0811666666666666,32.5,0.0,91,0.0,0.05038,0.08555,0.05255
2023-05-03 04:00:00,0.0805,34.25,0.0,91,0.0,0.05038,0.09137999999999999,0.05255
2023-05-03 05:00:00,0.0805,36.25,0.0,91,0.0,0.05038,0.102,0.05255
2023-05-03 06:00:00,0.0805,36.5,0.0,91,0.0049907692528178,0.05919,0.1212,0.05255
2023-05-03 07:00:00,0.0793333333333333,34.5,0.0,91,0.0445101711077567,0.05919,0.1251,0.05255
2023-05-03 08:00:00,0.082,36.0,0.0,91,0.2391823930006761,0.05919,0.11009999999999999,0.05255
2023-05-03 09:00:00,0.094,34.25,0.0,91,0.4116547886123005,0.05919,0.09115999999999999,0.05255
2023-05-03 10:00:00,0.0766666666666666,31.0,0.0,91,0.5528523939083787,0.05919,0.08416,0.05255
2023-05-03 11:00:00,0.0523333333333333,21.75,0.0,91,0.6523505127735627,0.05919,0.07232999999999999,0.05255
2023-05-03 12:00:00,0.0531666666666666,20.0,0.0,91,0.6950539293859758,0.05919,0.06415000000000001,0.05255
2023-05-03 13:00:00,0.0606666666666666,19.5,0.0,91,0.716929570385534,0.05919,0.05665,0.05255
2023-05-03 14:00:00,0.0589999999999999,17.5,0.0,91,0.7014870968028013,0.05919,0.04815,0.05255
2023-05-03 15:00:00,6.408333333333334,14.25,0.0,91,0.6517706011910727,0.05919,0.04772,0.05255
2023-05-03 16:00:00,12.319666666666665,14.5,0.0,91,0.560861284304888,0.05919,0.08753,0.05255
2023-05-03 17:00:00,4.515833333333334,16.25,0.0,91,0.4243923089443109,0.05919,0.09534000000000001,0.05255
2023-05-03 18:00:00,0.0516666666666666,22.75,0.0,91,0.2637972650772486,0.05919,0.12188,0.05255
2023-05-03 19:00:00,0.0554999999999999,27.5,0.0,91,0.0934783755408392,0.05919,0.11784,0.05255
2023-05-03 20:00:00,0.0541666666666666,29.0,0.0,91,0.0081348718074747,0.05919,0.12298999999999999,0.05255
2023-05-03 21:00:00,0.0529999999999999,28.75,0.0,91,0.0,0.05919,0.09902,0.05255
2023-05-03 22:00:00,0.0538333333333332,28.5,0.0,91,0.0,0.05038,0.08549,0.05255
2023-05-03 23:00:00,0.0539999999999999,28.75,0.0,91,0.0,0.05038,0.086,0.05255
2023-05-04 00:00:00,0.0524999999999999,23.5,0.0,91,0.0,0.05038,0.07961,0.05255
2023-05-04 01:00:00,0.1139999999999999,19.75,0.0,91,0.0,0.05038,0.07981,0.05255
2023-05-04 02:00:00,0.1721666666666666,18.75,0.0,91,0.0,0.05038,0.07839,0.05255
2023-05-04 03:00:00,0.1111666666666666,18.75,0.0,91,0.0,0.05038,0.07603,0.05255
2023-05-04 04:00:00,0.0528333333333332,18.0,0.0,91,0.0,0.05038,0.08220000000000001,0.05255
2023-05-04 05:00:00,0.0541666666666665,18.75,0.0,91,0.0,0.05038,0.07992,0.05255
2023-05-04 06:00:00,0.0526666666666666,23.5,0.0,91,0.0072853846344937,0.05919,0.11509,0.05255
2023-05-04 07:00:00,0.0508333333333333,29.0,0.0,91,0.0592450427193927,0.05919,0.1199,0.05255
2023-05-04 08:00:00,0.0508333333333333,28.25,0.0,91,0.2103586328946627,0.05919,0.10442,0.05255
2023-05-04 09:00:00,8.993833333333333,27.0,0.0,91,0.3820899158053928,0.05919,0.09,0.05255
2023-05-04 10:00:00,12.275333333333334,24.5,0.0,91,0.5208717072315707,0.05919,0.07959999999999999,0.05255
2023-05-04 11:00:00,12.292666666666667,20.0,0.0,91,0.635982135218433,0.05919,0.07107,0.05255
2023-05-04 12:00:00,12.314833333333333,18.0,0.0,91,0.6819239324586005,0.05919,0.062270000000000006,0.05255
2023-05-04 13:00:00,8.837,18.0,0.0,91,0.659767092843341,0.05919,0.059789999999999996,0.05255
2023-05-04 14:00:00,1.5275,17.75,0.0,91,0.5749670931824252,0.05919,0.06514,0.05255
2023-05-04 15:00:00,0.0589999999999999,17.25,0.0,91,0.6306143586248416,0.05919,0.07219,0.05255
2023-05-04 16:00:00,0.0544999999999999,18.0,0.0,91,0.55636957152277,0.05919,0.07573,0.05255
2023-05-04 17:00:00,0.0598333333333333,19.0,0.0,91,0.4234656413803753,0.05919,0.08061,0.05255
2023-05-04 18:00:00,0.0546666666666665,21.0,0.0,91,0.252690855662028,0.05919,0.108,0.05255
2023-05-04 19:00:00,0.1546666666666666,28.5,0.0,91,0.0847970935625907,0.05919,0.11552,0.05255
2023-05-04 20:00:00,0.9663333333333334,32.25,0.0,91,0.0167928205452795,0.05919,0.11225,0.05255
2023-05-04 21:00:00,1.3618333333333332,33.5,0.0,91,0.0,0.05919,0.10779000000000001,0.05255
2023-05-04 22:00:00,1.7581666666666669,32.0,0.0,91,0.0,0.05038,0.09502,0.05255
2023-05-04 23:00:00,2.234833333333333,32.25,0.0,91,0.0,0.05038,0.0915,0.05255
2023-05-05 00:00:00,2.718166666666667,25.75,0.0,91,0.0,0.05038,0.0818,0.05255
2023-05-05 01:00:00,3.2046666666666668,22.0,0.0,91,0.0,0.05038,0.07848999999999999,0.05255
2023-05-05 02:00:00,3.8013333333333335,22.25,0.0,91,0.0,0.05038,0.07951000000000001,0.05255
2023-05-05 03:00:00,4.527833333333334,22.5,0.0,91,0.0,0.05038,0.07848999999999999,0.05255
2023-05-05 04:00:00,5.3745,22.5,0.0,91,0.0,0.05038,0.08752,0.05255
2023-05-05 05:00:00,3.318,27.0,0.0,91,0.0,0.05038,0.10122,0.05255
2023-05-05 06:00:00,0.0553333333333332,34.0,0.0,91,0.0106427350395128,0.05919,0.11375,0.05255
2023-05-05 07:00:00,0.0594999999999999,34.0,0.0,91,0.0764099143509172,0.05919,0.11258,0.05255
2023-05-05 08:00:00,0.0531666666666666,32.25,0.0,91,0.228370426373604,0.05919,0.10260999999999999,0.05255
2023-05-05 09:00:00,0.0524999999999999,31.0,0.0,91,0.3339137616931882,0.05919,0.09589,0.05255
2023-05-05 10:00:00,0.0588333333333332,29.0,0.0,91,0.4349689750997429,0.05919,0.09103,0.05255
2023-05-05 11:00:00,0.3751666666666666,23.75,0.0,91,0.5360811967116138,0.05919,0.08499,0.05255
2023-05-05 12:00:00,4.6365,20.5,0.0,91,0.5997372645190642,0.05919,0.082,0.05255
2023-05-05 13:00:00,6.6610000000000005,19.75,0.0,91,0.7096581183539497,0.05919,0.07890000000000001,0.05255
2023-05-05 14:00:00,7.621833333333334,19.75,0.0,91,0.6198420549050356,0.05919,0.08108,0.05255
2023-05-05 15:00:00,8.723333333333333,20.75,0.0,91,0.6282402560242223,0.05919,0.09115999999999999,0.05255
2023-05-05 16:00:00,9.311666666666667,20.75,0.0,91,0.4172076918121078,0.05919,0.09691,0.05255
2023-05-05 17:00:00,10.692333333333332,28.0,0.0,91,0.319961795317821,0.05919,0.1128,0.05255
2023-05-05 18:00:00,12.3715,32.0,0.0,91,0.2456404280051207,0.05919,0.12054000000000001,0.05255
2023-05-05 19:00:00,14.1625,32.75,0.0,91,0.0689545302105765,0.05919,0.13,0.05255
2023-05-05 20:00:00,16.155,34.5,0.0,91,0.0055032478512113,0.05919,0.12631,0.05255
2023-05-05 21:00:00,18.4185,35.75,0.0,91,0.0,0.05919,0.11556,0.05255
2023-05-05 22:00:00,19.78683333333333,34.75,0.0,91,0.0,0.05038,0.11090000000000001,0.05255
2023-05-05 23:00:00,17.663833333333333,34.75,0.0,91,0.0,0.05038,0.10671,0.05255
2023-05-06 00:00:00,15.442166666666669,35.0,0.0,91,0.0,0.05038,0.09962,0.05255
2023-05-06 01:00:00,13.447166666666666,34.5,0.0,91,0.0,0.05038,0.09570999999999999,0.05255
2023-05-06 02:00:00,11.659833333333331,35.75,0.0,91,0.0,0.05038,0.0917,0.05255
2023-05-06 03:00:00,8.709,36.0,0.0,91,0.0,0.05038,0.08993000000000001,0.05255
2023-05-06 04:00:00,0.2726666666666666,41.25,0.0,91,0.0,0.05038,0.0917,0.05255
2023-05-06 05:00:00,0.0574999999999999,41.0,0.0,91,0.0,0.05038,0.09720000000000001,0.05255
2023-05-06 06:00:00,0.0636666666666666,38.25,0.0,91,0.0051758119231487,0.05919,0.09902,0.05255
2023-05-06 07:00:00,0.0559999999999999,36.0,0.0,91,0.0598953847803621,0.05919,0.09512999999999999,0.05255
2023-05-06 08:00:00,0.0596666666666666,34.25,0.0,91,0.2278535040830954,0.05919,0.09328,0.05255
2023-05-06 09:00:00,0.0544999999999999,31.0,0.0,91,0.3855050417908236,0.05919,0.08253,0.05255
2023-05-06 10:00:00,0.0591666666666666,23.5,0.0,91,0.5166878620375935,0.05919,0.07442,0.05255
2023-05-06 11:00:00,0.0784999999999999,18.75,0.0,91,0.6025877784663793,0.05919,0.07161,0.05255
2023-05-06 12:00:00,2.743,18.75,0.0,91,0.6650622212988703,0.05919,0.055799999999999995,0.05255
2023-05-06 13:00:00,9.195833333333333,19.5,0.0,91,0.581675809876532,0.05919,0.05,0.05255
2023-05-06 14:00:00,7.881,19.5,0.0,91,0.4289598285642445,0.05919,0.06316,0.05255
2023-05-06 15:00:00,6.668500000000001,20.5,0.0,91,0.3802347861395942,0.05919,0.07464,0.05255
2023-05-06 16:00:00,5.624,20.5,0.0,91,0.5528133327125488,0.05919,0.09029999999999999,0.05255
2023-05-06 17:00:00,3.657833333333333,22.25,0.0,91,0.4401535027658837,0.05919,0.09972,0.05255
2023-05-06 18:00:00,0.0618333333333332,28.25,0.0,91,0.2684700856657109,0.05919,0.1028,0.05255
2023-05-06 19:00:00,0.0628333333333332,32.0,0.0,91,0.0862883759360028,0.05919,0.11206999999999999,0.05255
2023-05-06 20:00:00,0.6421666666666667,32.0,0.0,91,0.0100900855316167,0.05919,0.10870999999999999,0.05255
2023-05-06 21:00:00,4.149333333333334,35.5,0.0,91,0.0,0.05919,0.10312,0.05255
2023-05-06 22:00:00,3.425333333333333,34.75,0.0,91,0.0,0.05038,0.09237999999999999,0.05255
2023-05-06 23:00:00,0.1934999999999999,34.25,0.0,91,0.0,0.05038,0.10678,0.05255
2023-05-07 00:00:00,1.6605,35.5,0.0,91,0.0,0.05038,0.09502,0.05255
2023-05-07 01:00:00,2.873333333333333,26.5,0.0,91,0.0,0.05038,0.09,0.05255
2023-05-07 02:00:00,2.2816666666666667,23.0,0.0,91,0.0,0.05038,0.0843,0.05255
2023-05-07 03:00:00,1.7968333333333335,20.0,0.0,91,0.0,0.05038,0.08370999999999999,0.05255
2023-05-07 04:00:00,1.3641666666666667,20.0,0.0,91,0.0,0.05038,0.08486,0.05255
2023-05-07 05:00:00,0.7603333333333332,20.0,0.0,91,0.0,0.05038,0.08508,0.05255
2023-05-07 06:00:00,0.0584999999999999,19.75,0.0,91,0.0084547863289331,0.05919,0.08248,0.05255
2023-05-07 07:00:00,0.0636666666666666,20.0,0.0,91,0.0447258121946938,0.05919,0.07751000000000001,0.05255
2023-05-07 08:00:00,0.0578333333333332,20.0,0.0,91,0.1655714525728144,0.05919,0.07625,0.05255
2023-05-07 09:00:00,0.0624999999999999,17.25,0.0,91,0.2471005974468004,0.05919,0.06348,0.05255
2023-05-07 10:00:00,0.0566666666666665,15.75,0.0,91,0.1859870936727931,0.05919,0.055130000000000005,0.05255
2023-05-07 11:00:00,0.0613333333333332,15.75,0.0,91,0.1242320513929057,0.05919,0.06048,0.05255
2023-05-07 12:00:00,0.0559999999999999,15.25,0.0,91,0.1100704267289903,0.05919,0.04725,0.05255
2023-05-07 13:00:00,0.1368333333333333,15.5,0.0,91,0.1730998301709819,0.05919,0.027399999999999997,0.05255
2023-05-07 14:00:00,0.1903333333333333,16.0,0.0,91,0.1751909402700571,0.05919,0.02409,0.05255
2023-05-07 15:00:00,0.2726666666666666,16.0,0.0,91,0.1654373499878451,0.05919,0.0576,0.05255
2023-05-07 16:00:00,0.4421666666666666,15.75,0.0,91,0.0739420512598804,0.05919,0.07775,0.05255
2023-05-07 17:00:00,0.6675,17.0,0.0,91,0.0733834185967078,0.05919,0.09562999999999999,0.05255
2023-05-07 18:00:00,1.024166666666667,21.0,0.0,91,0.1251188891973251,0.05919,0.1013,0.05255
2023-05-07 19:00:00,3.560666666666666,30.0,0.0,91,0.0521231623184986,0.05919,0.10743000000000001,0.05255
2023-05-07 20:00:00,4.6433333333333335,35.0,0.0,91,0.0092431624652021,0.05919,0.1092,0.05255
2023-05-07 21:00:00,6.753,35.0,0.0,91,0.0,0.05919,0.10623,0.05255
2023-05-07 22:00:00,8.322333333333333,35.5,0.0,91,0.0,0.05038,0.09799,0.05255
2023-05-07 23:00:00,0.4001666666666666,35.5,0.0,91,0.0,0.05038,0.09824,0.05255
2023-05-08 00:00:00,0.0574999999999999,32.0,0.0,91,0.0,0.05038,0.08857999999999999,0.05255
2023-05-08 01:00:00,0.0636666666666666,26.0,0.0,91,0.0,0.05038,0.08723,0.05255
2023-05-08 02:00:00,0.0583333333333332,27.5,0.0,91,0.0,0.05038,0.08401,0.05255
2023-05-08 03:00:00,0.0626666666666666,28.0,0.0,91,0.0,0.05038,0.08416,0.05255
2023-05-08 04:00:00,0.0566666666666666,27.5,0.0,91,0.0,0.05038,0.09090999999999999,0.05255
2023-05-08 05:00:00,0.0614999999999999,25.75,0.0,91,0.0,0.05038,0.09395999999999999,0.05255
2023-05-08 06:00:00,0.0554999999999999,28.25,0.0,91,0.0094236752059724,0.05919,0.09974,0.05255
2023-05-08 07:00:00,0.0556666666666665,28.25,0.0,91,0.0893996589611738,0.05919,0.11097,0.05255
2023-05-08 08:00:00,0.0598333333333333,28.0,0.0,91,0.1299275205889319,0.05919,0.10001,0.05255
2023-05-08 09:00:00,0.0543333333333332,28.5,0.0,91,0.1429935893849429,0.05919,0.09204000000000001,0.05255
2023-05-08 10:00:00,0.7200000000000001,26.5,0.0,91,0.3166631613837347,0.05919,0.08349,0.05255
2023-05-08 11:00:00,6.380333333333333,24.0,0.0,91,0.2654407690325354,0.05919,0.083,0.05255
2023-05-08 12:00:00,8.549333333333333,22.25,0.0,91,0.323950685028337,0.05919,0.08370999999999999,0.05255
2023-05-08 13:00:00,0.5375,21.25,0.0,91,0.313953503665761,0.05919,0.07798999999999999,0.05255
2023-05-08 14:00:00,0.0606666666666666,19.5,0.0,91,0.3552657269208859,0.05919,0.078,0.05255
2023-05-08 15:00:00,0.0553333333333333,19.25,0.0,91,0.5675655541053186,0.05919,0.08401,0.05255
2023-05-08 16:00:00,0.0558333333333332,19.5,0.0,91,0.5575345265967215,0.05919,0.09705,0.05255
2023-05-08 17:00:00,0.0623333333333332,21.5,0.0,91,0.3888853858882545,0.05919,0.1065,0.05255
2023-05-08 18:00:00,0.0554999999999999,27.25,0.0,91,0.2710252998221634,0.05919,0.11281999999999999,0.05255
2023-05-08 19:00:00,0.0608333333333332,32.5,0.0,91,0.0758431626181317,0.05919,0.12276000000000001,0.05255
2023-05-08 20:00:00,0.0556666666666665,32.75,0.0,91,0.0110733333419467,0.05919,0.12199,0.05255
2023-05-08 21:00:00,0.0611666666666666,32.25,0.0,91,0.0,0.05919,0.11470999999999999,0.05255
2023-05-08 22:00:00,0.0558333333333332,31.5,0.0,91,0.0,0.05038,0.10404000000000001,0.05255
2023-05-08 23:00:00,0.0621666666666666,33.0,0.0,91,0.0,0.05038,0.09595999999999999,0.05255
2023-05-09 00:00:00,0.0573333333333332,33.25,0.0,91,0.0,0.05038,0.08752,0.05255
2023-05-09 01:00:00,0.0574999999999999,32.75,0.0,91,0.0,0.05038,0.0846,0.05255
2023-05-09 02:00:00,0.0628333333333333,34.25,0.0,91,0.0,0.05038,0.08417,0.05255
2023-05-09 03:00:00,0.0555,34.75,0.0,91,0.0,0.05038,0.08525,0.05255
2023-05-09 04:00:00,0.0606666666666666,36.5,0.0,91,0.0,0.05038,0.09245,0.05255
2023-05-09 05:00:00,0.0559999999999999,37.0,0.0,91,0.0,0.05038,0.11158,0.05255
2023-05-09 06:00:00,0.0593333333333333,34.75,0.0,91,0.0067787179822086,0.05919,0.121,0.05255
2023-05-09 07:00:00,0.0523333333333333,33.0,0.0,91,0.0538280344416952,0.05919,0.11788,0.05255
2023-05-09 08:00:00,0.0891666666666666,32.75,0.0,91,0.1899544442005646,0.05919,0.10754000000000001,0.05255
2023-05-09 09:00:00,0.1486666666666666,31.75,0.0,91,0.2961804264427251,0.05919,0.09976,0.05255
2023-05-09 10:00:00,0.1493333333333333,30.25,0.0,91,0.4705969205677,0.05919,0.10701000000000001,0.05255
2023-05-09 11:00:00,0.155,28.75,0.0,91,0.5074376065506894,0.05919,0.11461,0.05255
2023-05-09 12:00:00,0.15,29.5,0.0,91,0.5009679465008599,0.05919,0.10577,0.05255
2023-05-09 13:00:00,0.1551666666666666,30.25,0.0,91,0.258766239850949,0.05919,0.09691,0.05255
2023-05-09 14:00:00,0.1556666666666666,30.5,0.0,91,0.1411835897070729,0.05919,0.08106000000000001,0.05255
2023-05-09 15:00:00,0.1883333333333333,30.5,0.0,91,0.0744762395386003,0.05919,0.08444,0.05255
2023-05-09 16:00:00,0.2169999999999999,31.5,0.0,91,0.0668386324042947,0.05919,0.10006,0.05255
2023-05-09 17:00:00,0.251,31.0,0.0,91,0.0385393163077851,0.05919,0.11052,0.05255
2023-05-09 18:00:00,0.248,30.5,0.0,91,0.0232708545627757,0.05919,0.11501,0.05255
2023-05-09 19:00:00,0.248,30.5,0.0,91,0.0131905128201867,0.05919,0.10191,0.05255
2023-05-09 20:00:00,0.2535,31.75,0.0,91,0.0110879486512679,0.05919,0.11098999999999999,0.05255
2023-05-09 21:00:00,0.2515,31.75,0.0,91,0.0,0.05919,0.10467,0.05255
2023-05-09 22:00:00,0.2608333333333333,30.75,0.0,91,0.0,0.05038,0.08993000000000001,0.05255
2023-05-09 23:00:00,0.2571666666666667,30.25,0.0,91,0.0,0.05038,0.095,0.05255
2023-05-10 00:00:00,0.2615,25.25,0.0,91,0.0,0.05038,0.09009,0.05255
2023-05-10 01:00:00,0.2568333333333333,24.75,0.0,91,0.0,0.05038,0.08838,0.05255
2023-05-10 02:00:00,0.2611666666666667,24.5,0.0,91,0.0,0.05038,0.08619,0.05255
2023-05-10 03:00:00,0.256,23.25,0.0,91,0.0,0.05038,0.08177,0.05255
2023-05-10 04:00:00,0.2551666666666667,23.75,0.0,91,0.0,0.05038,0.08101,0.05255
2023-05-10 05:00:00,0.2611666666666666,25.0,0.0,91,0.0,0.05038,0.0888,0.05255
2023-05-10 06:00:00,0.2573333333333333,29.5,0.0,91,0.001516239321512,0.05919,0.10428,0.05255
2023-05-10 07:00:00,0.2506666666666666,32.25,0.0,91,0.0363765811716389,0.05919,0.12431,0.05255
2023-05-10 08:00:00,0.2563333333333333,31.25,0.0,91,0.0944194877657116,0.05919,0.11079,0.05255
2023-05-10 09:00:00,0.3643333333333333,31.25,0.0,91,0.1548661540104793,0.05919,0.10504000000000001,0.05255
2023-05-10 10:00:00,0.3156666666666667,29.25,0.0,91,0.2966193158402402,0.05919,0.10023,0.05255
2023-05-10 11:00:00,0.3073333333333333,28.5,0.0,91,0.3245911120553302,0.05919,0.09634999999999999,0.05255
2023-05-10 12:00:00,0.2523333333333333,25.25,0.0,91,0.5188887134780233,0.05919,0.0935,0.05255
2023-05-10 13:00:00,0.6236666666666667,24.5,0.0,91,0.5484908562032585,0.05919,0.09225,0.05255
2023-05-10 14:00:00,0.6401666666666667,22.0,0.0,91,0.5756029060559399,0.05919,0.08306000000000001,0.05255
2023-05-10 15:00:00,0.5765,23.25,0.0,91,0.6605899093497515,0.05919,0.07105,0.05255
2023-05-10 16:00:00,2.416,25.25,0.0,91,0.6738514481242907,0.05919,0.08203,0.05255
2023-05-10 17:00:00,0.2568333333333333,27.0,0.0,91,0.3571006828699357,0.05919,0.114,0.05255
2023-05-10 18:00:00,2.9835,28.5,0.0,91,0.2934230762057834,0.05919,0.13144999999999998,0.05255
2023-05-10 19:00:00,12.392833333333334,31.5,0.0,91,0.1173823924349923,0.05919,0.13473,0.05255
2023-05-10 20:00:00,11.434,32.0,0.0,91,0.0117884615800367,0.05919,0.129,0.05255
2023-05-10 21:00:00,0.2921666666666666,32.75,0.0,91,0.0,0.05919,0.1181,0.05255
2023-05-10 22:00:00,2.7183333333333333,32.75,0.0,91,0.0,0.05038,0.11026000000000001,0.05255
2023-05-10 23:00:00,14.3095,33.0,0.0,91,0.0,0.05038,0.1,0.05255
2023-05-11 00:00:00,6.084499999999999,33.0,0.0,91,0.0,0.05038,0.09694,0.05255
2023-05-11 01:00:00,0.5313333333333333,30.75,0.0,91,0.0,0.05038,0.096,0.05255
2023-05-11 02:00:00,11.138166666666669,30.0,0.0,91,0.0,0.05038,0.08417,0.05255
2023-05-11 03:00:00,10.938333333333333,29.5,0.0,91,0.0,0.05038,0.082,0.05255
2023-05-11 04:00:00,0.4613333333333332,31.0,0.0,91,0.0,0.05038,0.08851,0.05255
2023-05-11 05:00:00,5.2395,34.0,0.0,91,0.0,0.05038,0.09776,0.05255
2023-05-11 06:00:00,5.031833333333333,35.5,0.0,91,0.0042553846251506,0.05919,0.14292,0.05255
2023-05-11 07:00:00,0.0721666666666666,34.0,0.0,91,0.0408026494939103,0.05919,0.16257,0.05255
2023-05-11 08:00:00,0.0661666666666666,32.75,0.0,91,0.191086068764711,0.05919,0.13497,0.05255
2023-05-11 09:00:00,0.0683333333333333,31.75,0.0,91,0.3447042719523112,0.05919,0.1195,0.05255
2023-05-11 10:00:00,0.0569999999999999,30.5,0.0,91,0.3231058120727539,0.05919,0.11470999999999999,0.05255
2023-05-11 11:00:00,0.0623333333333332,27.75,0.0,91,0.5922151262332237,0.05919,0.10517,0.05255
2023-05-11 12:00:00,0.0564999999999999,27.75,0.0,91,0.1960709400666065,0.05919,0.09814,0.05255
2023-05-11 13:00:00,0.0589999999999999,28.25,0.0,91,0.4619400881905841,0.05919,0.09792000000000001,0.05255
2023-05-11 14:00:00,0.0591666666666666,29.25,0.0,91,0.3134606832520575,0.05919,0.10169,0.05255
2023-05-11 15:00:00,0.0559999999999999,29.0,0.0,91,0.3129196584326589,0.05919,0.10318000000000001,0.05255
2023-05-11 16:00:00,0.0611666666666666,29.0,0.0,91,0.4447351282885955,0.05919,0.11217,0.05255
2023-05-11 17:00:00,0.0568333333333332,29.5,0.0,91,0.2349037604046683,0.05919,0.1232,0.05255
2023-05-11 18:00:00,0.0623333333333332,30.5,0.0,91,0.1030063247273111,0.05919,0.147,0.05255
2023-05-11 19:00:00,0.0566666666666666,34.0,0.0,91,0.0286735041528685,0.05919,0.13283,0.05255
2023-05-11 20:00:00,0.0624999999999999,34.75,0.0,91,0.0196898290279329,0.05919,0.12041,0.05255
2023-05-11 21:00:00,0.0569999999999999,35.5,0.0,91,0.0,0.05919,0.11399,0.05255
2023-05-11 22:00:00,0.0628333333333332,35.25,0.0,91,0.0,0.05038,0.10166,0.05255
2023-05-11 23:00:00,0.0576666666666665,34.25,0.0,91,0.0,0.05038,0.09853,0.05255
2023-05-12 00:00:00,0.0626666666666666,33.5,0.0,91,0.0,0.05038,0.09054999999999999,0.05255
2023-05-12 01:00:00,0.0578333333333332,32.5,0.0,91,0.0,0.05038,0.08984,0.05255
2023-05-12 02:00:00,0.0636666666666666,32.0,0.0,91,0.0,0.05038,0.09,0.05255
2023-05-12 03:00:00,0.0568333333333333,32.25,0.0,91,0.0,0.05038,0.09042,0.05255
2023-05-12 04:00:00,0.0619999999999999,31.5,0.0,91,0.0,0.05038,0.09547,0.05255
2023-05-12 05:00:00,0.0576666666666666,31.5,0.0,91,0.0,0.05038,0.10163,0.05255
2023-05-12 06:00:00,0.0571666666666666,32.5,0.0,91,0.0080593162010877,0.05919,0.11547,0.05255
2023-05-12 07:00:00,0.0614999999999999,33.0,0.0,91,0.0381598287158542,0.05919,0.13198,0.05255
2023-05-12 08:00:00,0.0556666666666666,31.25,0.0,91,0.1085625646868322,0.05919,0.11345000000000001,0.05255
2023-05-12 09:00:00,0.0614999999999999,30.0,0.0,91,0.2106313667949448,0.05919,0.10274,0.05255
2023-05-12 10:00:00,0.0561666666666666,27.25,0.0,91,0.2378531620645116,0.05919,0.09935,0.05255
2023-05-12 11:00:00,0.0618333333333332,26.5,0.0,91,0.2661600010211651,0.05919,0.09434999999999999,0.05255
2023-05-12 12:00:00,0.0566666666666666,28.5,0.0,91,0.1680217945066272,0.05919,0.09038,0.05255
2023-05-12 13:00:00,0.0623333333333332,29.5,0.0,91,0.2047151281894781,0.05919,0.08347,0.05255
2023-05-12 14:00:00,0.0568333333333333,30.75,0.0,91,0.2807229923998189,0.05919,0.08219,0.05255
2023-05-12 15:00:00,0.0621666666666666,31.5,0.0,91,0.3365690583449143,0.05919,0.08116,0.05255
2023-05-12 16:00:00,0.0563333333333333,30.0,0.0,91,0.3346362399239826,0.05919,0.09076999999999999,0.05255
2023-05-12 17:00:00,0.0623333333333332,29.5,0.0,91,0.1138011968645275,0.05919,0.09469,0.05255
2023-05-12 18:00:00,0.0564999999999999,30.5,0.0,91,0.032244358959361,0.05919,0.09681999999999999,0.05255
2023-05-12 19:00:00,0.0611666666666666,30.5,0.0,91,0.0232004273447216,0.05919,0.09369,0.05255
2023-05-12 20:00:00,0.0564999999999999,30.5,0.0,91,0.0055822221945541,0.05919,0.0968,0.05255
2023-05-12 21:00:00,1.5186666666666666,30.5,0.0,91,0.0,0.05919,0.09981,0.05255
2023-05-12 22:00:00,10.316666666666666,30.5,0.0,91,0.0,0.05038,0.09784000000000001,0.05255
2023-05-12 23:00:00,13.593833333333334,30.0,0.0,91,0.0,0.05038,0.10491,0.05255
2023-05-13 00:00:00,12.475333333333332,24.5,0.0,91,0.0,0.05038,0.08544,0.05255
2023-05-13 01:00:00,0.9123333333333332,20.25,0.0,91,0.0,0.05038,0.08716,0.05255
2023-05-13 02:00:00,5.656166666666667,19.75,0.0,91,0.0,0.05038,0.07809999999999999,0.05255
2023-05-13 03:00:00,16.4665,20.5,0.0,91,0.0,0.05038,0.076,0.05255
2023-05-13 04:00:00,3.0118333333333336,19.5,0.0,91,0.0,0.05038,0.0777,0.05255
2023-05-13 05:00:00,0.0603333333333333,19.0,0.0,91,0.0,0.05038,0.07903,0.05255
2023-05-13 06:00:00,0.0638333333333333,18.5,0.0,91,0.0047480341524649,0.05919,0.08301,0.05255
2023-05-13 07:00:00,0.0571666666666666,16.5,0.0,91,0.0291436753109988,0.05919,0.09447,0.05255
2023-05-13 08:00:00,0.0628333333333333,15.25,0.0,91,0.0617605129470173,0.05919,0.08907999999999999,0.05255
2023-05-13 09:00:00,0.0729999999999999,15.0,0.0,91,0.2130844458555563,0.05919,0.07817,0.05255
2023-05-13 10:00:00,6.535,15.0,0.0,91,0.3595799157558342,0.05919,0.05321,0.05255
2023-05-13 11:00:00,15.973999999999998,15.0,0.0,91,0.5780830774551782,0.05919,0.05975,0.05255
2023-05-13 12:00:00,1.741,15.0,0.0,91,0.7204387214856268,0.05919,0.04284,0.05255
2023-05-13 13:00:00,0.0595,15.25,0.0,91,0.7014322231977416,0.05919,0.00919,0.05255
2023-05-13 14:00:00,0.0653333333333333,16.0,0.0,91,0.3772791430481479,0.05919,0.00617,0.05255
2023-05-13 15:00:00,4.5425,16.0,0.0,91,0.1918765795128977,0.05919,0.027719999999999998,0.05255
2023-05-13 16:00:00,10.778833333333331,16.0,0.0,91,0.0592039315313355,0.05919,0.05859,0.05255
2023-05-13 17:00:00,0.1318333333333333,16.75,0.0,91,0.154114444602249,0.05919,0.08655,0.05255
2023-05-13 18:00:00,0.0781666666666666,18.25,0.0,91,0.0635317945480346,0.05919,0.09644,0.05255
2023-05-13 19:00:00,4.009333333333333,21.75,0.0,91,0.0186027351200071,0.05919,0.11248999999999999,0.05255
2023-05-13 20:00:00,8.0045,25.0,0.0,91,0.0025460683606947,0.05919,0.10726000000000001,0.05255
2023-05-13 21:00:00,0.1643333333333332,24.75,0.0,91,0.0,0.05919,0.10867,0.05255
2023-05-13 22:00:00,0.7999999999999999,23.25,0.0,91,0.0,0.05038,0.10451,0.05255
2023-05-13 23:00:00,11.046166666666666,23.75,0.0,91,0.0,0.05038,0.10237,0.05255
2023-05-14 00:00:00,0.6756666666666667,24.25,0.0,91,0.0,0.05038,0.09818,0.05255
2023-05-14 01:00:00,10.3595,25.0,0.0,91,0.0,0.05038,0.0943,0.05255
2023-05-14 02:00:00,0.1425,25.0,0.0,91,0.0,0.05038,0.07956,0.05255
2023-05-14 03:00:00,0.0571666666666666,19.0,0.0,91,0.0,0.05038,0.07768000000000001,0.05255
2023-05-14 04:00:00,0.0624999999999999,18.75,0.0,91,0.0,0.05038,0.07464,0.05255
2023-05-14 05:00:00,0.0571666666666666,16.75,0.0,91,0.0,0.05038,0.08133,0.05255
2023-05-14 06:00:00,0.0625,16.0,0.0,91,0.0093997435717501,0.05919,0.07387,0.05255
2023-05-14 07:00:00,0.0566666666666666,16.0,0.0,91,0.060792050850697,0.05919,0.07569,0.05255
2023-05-14 08:00:00,0.0616666666666666,16.0,0.0,91,0.1694989742376865,0.05919,0.0549,0.05255
2023-05-14 09:00:00,0.0563333333333333,15.5,0.0,91,0.195515897049863,0.05919,0.02509,0.05255
2023-05-14 10:00:00,0.0609999999999999,15.0,0.0,91,0.3332416226313666,0.05919,0.013890000000000001,0.05255
2023-05-14 11:00:00,9.920833333333334,15.0,0.0,91,0.3671683776072967,0.05919,0.00973,0.05255
2023-05-14 12:00:00,2.3765,15.0,0.0,91,0.2982603425246019,0.05919,0.00185,0.05255
2023-05-14 13:00:00,1.9450000000000005,15.0,0.0,91,0.5006148731199087,0.05919,0.00016,0.05255
2023-05-14 14:00:00,15.154833333333334,15.0,0.0,91,0.2630252994635166,0.05919,0.0017800000000000001,0.05255
2023-05-14 15:00:00,1.4646666666666668,15.0,0.0,91,0.3353686318030724,0.05919,0.00536,0.05255
2023-05-14 16:00:00,8.674,15.5,0.0,91,0.22909410403325,0.05919,5.9999999999999995e-05,0.05255
2023-05-14 17:00:00,8.515666666666666,15.5,0.0,91,0.2831123932406434,0.05919,0.05955,0.05255
2023-05-14 18:00:00,1.9296666666666664,18.0,0.0,91,0.2200105128329024,0.05919,0.09548999999999999,0.05255
2023-05-14 19:00:00,12.4945,23.25,0.0,91,0.0853386324695032,0.05919,0.10615999999999999,0.05255
2023-05-14 20:00:00,4.989,27.25,0.0,91,0.0099316238740092,0.05919,0.0995,0.05255
2023-05-14 21:00:00,0.0638333333333332,28.0,0.0,91,0.0,0.05919,0.09895999999999999,0.05255
2023-05-14 22:00:00,0.0579999999999999,27.75,0.0,91,0.0,0.05038,0.09442,0.05255
2023-05-14 23:00:00,0.0628333333333332,27.0,0.0,91,0.0,0.05038,0.10104,0.05255
2023-05-15 00:00:00,0.0574999999999999,27.0,0.0,91,0.0,0.05038,0.08827,0.05255
2023-05-15 01:00:00,0.0623333333333332,24.0,0.0,91,0.0,0.05038,0.08209000000000001,0.05255
2023-05-15 02:00:00,0.0581666666666666,24.5,0.0,91,0.0,0.05038,0.07368999999999999,0.05255
2023-05-15 03:00:00,0.0633333333333333,24.75,0.0,91,0.0,0.05038,0.07196,0.05255
2023-05-15 04:00:00,0.0583333333333333,25.75,0.0,91,0.0,0.05038,0.07384,0.05255
2023-05-15 05:00:00,0.0628333333333333,25.0,0.0,91,0.0,0.05038,0.08605,0.05255
2023-05-15 06:00:00,0.0564999999999999,24.75,0.0,91,0.0067933333213003,0.05919,0.09956999999999999,0.05255
2023-05-15 07:00:00,0.0603333333333333,26.25,0.0,91,0.0859258978591006,0.05919,0.12568000000000001,0.05255
2023-05-15 08:00:00,0.0555,26.25,0.0,91,0.1732247008625259,0.05919,0.11231999999999999,0.05255
2023-05-15 09:00:00,0.0608333333333333,25.25,0.0,91,0.3387982904809152,0.05919,0.10503,0.05255
2023-05-15 10:00:00,0.0556666666666666,23.5,0.0,91,0.2108881207001514,0.05919,0.09856000000000001,0.05255
2023-05-15 11:00:00,0.0553333333333333,21.5,0.0,91,0.3303444462963657,0.05919,0.09416,0.05255
2023-05-15 12:00:00,0.0609999999999999,18.0,0.0,91,0.3253907686217218,0.05919,0.08645,0.05255
2023-05-15 13:00:00,0.0556666666666666,17.5,0.0,91,0.4104180318066198,0.05919,0.08170999999999999,0.05255
2023-05-15 14:00:00,0.0619999999999999,17.5,0.0,91,0.4810409399179311,0.05919,0.06307,0.05255
2023-05-15 15:00:00,0.3324999999999999,17.5,0.0,91,0.2991443603059165,0.05919,0.06173,0.05255
2023-05-15 16:00:00,0.1678333333333332,18.75,0.0,91,0.2862292309296436,0.05919,0.06781999999999999,0.05255
2023-05-15 17:00:00,0.1591666666666666,19.5,0.0,91,0.2424890589917826,0.05919,0.07029,0.05255
2023-05-15 18:00:00,0.1546666666666666,20.5,0.0,91,0.2821052125784067,0.05919,0.10495,0.05255
2023-05-15 19:00:00,0.0676666666666666,21.0,0.0,91,0.0824997436388945,0.05919,0.10142,0.05255
2023-05-15 20:00:00,0.0563333333333332,21.5,0.0,91,0.0008952136734564,0.05919,0.1035,0.05255
2023-05-15 21:00:00,0.0621666666666666,21.25,0.0,91,5.042734953901188e-06,0.05919,0.10223,0.05255
2023-05-15 22:00:00,0.0564999999999999,21.75,0.0,91,0.0,0.05038,0.09448999999999999,0.05255
2023-05-15 23:00:00,0.0563333333333333,22.0,0.0,91,0.0,0.05038,0.07895999999999999,0.05255
2023-05-16 00:00:00,0.0618333333333332,18.75,0.0,91,0.0,0.05038,0.0731,0.05255
2023-05-16 01:00:00,0.0568333333333332,19.5,0.0,91,0.0,0.05038,0.07001,0.05255
2023-05-16 02:00:00,0.0626666666666666,19.5,0.0,91,0.0,0.05038,0.06356,0.05255
2023-05-16 03:00:00,0.0568333333333333,19.75,0.0,91,0.0,0.05038,0.0659,0.05255
2023-05-16 04:00:00,0.0563333333333333,19.25,0.0,91,0.0,0.05038,0.07203,0.05255
2023-05-16 05:00:00,0.0616666666666666,18.5,0.0,91,0.0,0.05038,0.08402,0.05255
2023-05-16 06:00:00,0.0561666666666666,21.5,0.0,91,0.0011101709478176,0.05919,0.11499,0.05255
2023-05-16 07:00:00,0.0611666666666666,22.0,0.0,91,0.0072969230933067,0.05919,0.11954000000000001,0.05255
2023-05-16 08:00:00,0.0961666666666666,21.75,0.0,91,0.0086660683766389,0.05919,0.11031,0.05255
2023-05-16 09:00:00,0.1508333333333333,20.5,0.0,91,0.0314951281873588,0.05919,0.08297,0.05255
2023-05-16 10:00:00,0.1565,18.0,0.0,91,0.0358672648617345,0.05919,0.07603,0.05255
2023-05-16 11:00:00,12.503166666666669,17.25,0.0,91,0.0617399145599104,0.05919,0.07318000000000001,0.05255
2023-05-16 12:00:00,11.8715,16.75,0.0,91,0.0878887176921225,0.05919,0.058070000000000004,0.05255
2023-05-16 13:00:00,2.2031666666666667,16.5,0.0,91,0.060527179383824,0.05919,0.03526,0.05255
2023-05-16 14:00:00,0.3223333333333333,16.25,0.0,91,0.0680700855988722,0.05919,0.01259,0.05255
2023-05-16 15:00:00,0.403,15.75,0.0,91,0.0296088889113858,0.05919,0.04323,0.05255
2023-05-16 16:00:00,6.416833333333334,17.25,0.0,91,0.0298836752695915,0.05919,0.062380000000000005,0.05255
2023-05-16 17:00:00,5.817166666666666,18.5,0.0,91,0.0240292308065626,0.05919,0.08623,0.05255
2023-05-16 18:00:00,4.201666666666667,19.5,0.0,91,0.0155014530104449,0.05919,0.10690000000000001,0.05255
2023-05-16 19:00:00,1.9105,21.75,0.0,91,0.0085234188141985,0.05919,0.1145,0.05255
2023-05-16 20:00:00,6.650333333333333,23.0,0.0,91,0.0026965812079083,0.05919,0.11477,0.05255
2023-05-16 21:00:00,7.175166666666667,22.25,0.0,91,0.0,0.05919,0.10890000000000001,0.05255
2023-05-16 22:00:00,7.846,21.75,0.0,91,0.0,0.05038,0.09723000000000001,0.05255
2023-05-16 23:00:00,7.556333333333334,21.75,0.0,91,0.0,0.05038,0.08161,0.05255
2023-05-17 00:00:00,3.939,20.75,0.0,91,0.0,0.05038,0.07495,0.05255
2023-05-17 01:00:00,0.5495,20.75,0.0,91,0.0,0.05038,0.07346,0.05255
2023-05-17 02:00:00,0.25,21.25,0.0,91,0.0,0.05038,0.07,0.05255
2023-05-17 03:00:00,0.2486666666666666,21.75,0.0,91,0.0,0.05038,0.07252,0.05255
2023-05-17 04:00:00,0.254,20.5,0.0,91,0.0,0.05038,0.07983,0.05255
2023-05-17 05:00:00,0.2491666666666666,22.25,0.0,91,0.0,0.05038,0.10543000000000001,0.05255
2023-05-17 06:00:00,0.253,23.0,0.0,91,0.0039964102660743,0.05919,0.11381000000000001,0.05255
2023-05-17 07:00:00,0.247,23.0,0.0,91,0.0353635895557892,0.05919,0.11711,0.05255
2023-05-17 08:00:00,0.2061666666666666,23.0,0.0,91,0.0379790597491794,0.05919,0.10807,0.05255
2023-05-17 09:00:00,0.1306666666666666,21.75,0.0,91,0.0748071794428377,0.05919,0.08008,0.05255
2023-05-17 10:00:00,0.8171666666666666,20.75,0.0,91,0.123902222396981,0.05919,0.06266,0.05255
2023-05-17 11:00:00,0.0571666666666665,19.75,0.0,91,0.1258774362873827,0.05919,0.057640000000000004,0.05255
2023-05-17 12:00:00,0.0621666666666666,18.75,0.0,91,0.1422856402600931,0.05919,0.038270000000000005,0.05255
2023-05-17 13:00:00,0.0569999999999999,18.75,0.0,91,0.104077521104079,0.05919,0.02678,0.05255
2023-05-17 14:00:00,0.0569999999999999,17.25,0.0,91,0.1129764102055476,0.05919,0.01816,0.05255
2023-05-17 15:00:00,2.4381666666666666,17.75,0.0,91,0.0917853846916785,0.05919,0.04443,0.05255
2023-05-17 16:00:00,2.5791666666666666,18.75,0.0,91,0.0859968372899243,0.05919,0.07909000000000001,0.05255
2023-05-17 17:00:00,2.465,19.75,0.0,91,0.0688180340660942,0.05919,0.09598000000000001,0.05255
2023-05-17 18:00:00,3.5595,20.75,0.0,91,0.0496936753672412,0.05919,0.11717,0.05255
2023-05-17 19:00:00,4.2045,21.0,0.0,91,0.0259500853831951,0.05919,0.12408,0.05255
2023-05-17 20:00:00,2.763,21.75,0.0,91,0.007439743585996,0.05919,0.10645,0.05255
2023-05-17 21:00:00,0.0596666666666666,23.0,0.0,91,0.0,0.05919,0.111,0.05255
2023-05-17 22:00:00,0.0626666666666666,22.5,0.0,91,0.0,0.05038,0.09770000000000001,0.05255
2023-05-17 23:00:00,0.0581666666666665,21.75,0.0,91,0.0,0.05038,0.10059,0.05255
2023-05-18 00:00:00,0.0584999999999999,19.75,0.0,91,0.0,0.05038,0.07969,0.05255
2023-05-18 01:00:00,0.0633333333333333,20.0,0.0,91,0.0,0.05038,0.08924,0.05255
2023-05-18 02:00:00,0.059,20.25,0.0,91,0.0,0.05038,0.07889,0.05255
2023-05-18 03:00:00,0.0638333333333333,19.25,0.0,91,0.0,0.05038,0.06885,0.05255
2023-05-18 04:00:00,0.0583333333333332,18.25,0.0,91,0.0,0.05038,0.06722,0.05255
2023-05-18 05:00:00,0.0614999999999999,19.0,0.0,91,0.0,0.05038,0.06906999999999999,0.05255
2023-05-18 06:00:00,0.0603333333333332,18.25,0.0,91,0.0033711111354522,0.05919,0.08876,0.05255
2023-05-18 07:00:00,0.0563333333333332,17.75,0.0,91,0.0298045298380729,0.05919,0.09029000000000001,0.05255
2023-05-18 08:00:00,0.1181666666666666,18.5,0.0,91,0.0673655557224893,0.05919,0.08136,0.05255
2023-05-18 09:00:00,3.58,18.25,0.0,91,0.1049433334057148,0.05919,0.07275,0.05255
2023-05-18 10:00:00,1.524166666666667,18.0,0.0,91,0.1614467519776434,0.05919,0.06567,0.05255
2023-05-18 11:00:00,2.8913333333333333,16.25,0.0,91,0.3279490593152168,0.05919,0.06374,0.05255
2023-05-18 12:00:00,1.417166666666667,15.0,0.0,91,0.2605226480858957,0.05919,0.04395,0.05255
2023-05-18 13:00:00,1.268833333333333,15.25,0.0,91,0.2594272646129641,0.05919,0.02941,0.05255
2023-05-18 14:00:00,3.001,16.0,0.0,91,0.2469953849988106,0.05919,0.04308,0.05255
2023-05-18 15:00:00,2.5253333333333337,16.0,0.0,91,0.2440458982418745,0.05919,0.07156,0.05255
2023-05-18 16:00:00,3.849,16.0,0.0,91,0.2389503426837106,0.05919,0.08389,0.05255
2023-05-18 17:00:00,4.470833333333333,16.25,0.0,91,0.0796479484362479,0.05919,0.09534000000000001,0.05255
2023-05-18 18:00:00,2.921333333333333,18.5,0.0,91,0.0639067521869626,0.05919,0.10951999999999999,0.05255
2023-05-18 19:00:00,1.0571666666666666,20.0,0.0,91,0.0297751281200311,0.05919,0.11995,0.05255
2023-05-18 20:00:00,1.2461666666666666,21.0,0.0,91,0.006441538498108,0.05919,0.11226,0.05255
2023-05-18 21:00:00,1.274333333333333,21.0,0.0,91,0.0,0.05919,0.10961,0.05255
2023-05-18 22:00:00,0.1816666666666666,20.5,0.0,91,0.0,0.05038,0.09876,0.05255
2023-05-18 23:00:00,0.0621666666666666,20.0,0.0,91,0.0,0.05038,0.09301999999999999,0.05255
2023-05-19 00:00:00,0.0573333333333332,20.25,0.0,91,0.0,0.05038,0.0832,0.05255
2023-05-19 01:00:00,0.0636666666666666,19.5,0.0,91,0.0,0.05038,0.08023000000000001,0.05255
2023-05-19 02:00:00,0.0583333333333332,18.0,0.0,91,0.0,0.05038,0.07703,0.05255
2023-05-19 03:00:00,0.0574999999999999,18.75,0.0,91,0.0,0.05038,0.07382,0.05255
2023-05-19 04:00:00,0.0623333333333332,18.75,0.0,91,0.0,0.05038,0.08419,0.05255
2023-05-19 05:00:00,0.0578333333333332,18.0,0.0,91,0.0,0.05038,0.07592,0.05255
2023-05-19 06:00:00,0.0633333333333333,20.25,0.0,91,0.0050661538452164,0.05919,0.10292,0.05255
2023-05-19 07:00:00,0.0561666666666666,21.5,0.0,91,0.0488464956609611,0.05919,0.106,0.05255
2023-05-19 08:00:00,0.0611666666666666,21.25,0.0,91,0.133879401704185,0.05919,0.09315999999999999,0.05255
2023-05-19 09:00:00,0.0623333333333332,20.5,0.0,91,0.2581091455312875,0.05919,0.06924,0.05255
2023-05-19 10:00:00,0.0569999999999999,19.75,0.0,91,0.1959818792750693,0.05919,0.060200000000000004,0.05255
2023-05-19 11:00:00,0.0619999999999999,17.0,0.0,91,0.3082031618428026,0.05919,0.0606,0.05255
2023-05-19 12:00:00,4.839833333333334,16.75,0.0,91,0.2470984620314378,0.05919,0.05781,0.05255
2023-05-19 13:00:00,6.2045,17.0,0.0,91,0.1891685476058569,0.05919,0.05794,0.05255
2023-05-19 14:00:00,0.1568333333333333,15.5,0.0,91,0.1862969238737709,0.05919,0.06363,0.05255
2023-05-19 15:00:00,7.229333333333333,16.25,0.0,91,0.2187733342097355,0.05919,0.053689999999999995,0.05255
2023-05-19 16:00:00,7.724,17.25,0.0,91,0.1462471794878315,0.05919,0.06982,0.05255
2023-05-19 17:00:00,3.1446666666666663,18.0,0.0,91,0.0737791452652368,0.05919,0.07831999999999999,0.05255
2023-05-19 18:00:00,2.637,20.25,0.0,91,0.0319464103788392,0.05919,0.09212000000000001,0.05255
2023-05-19 19:00:00,2.4995000000000003,21.0,0.0,91,0.0189314529834649,0.05919,0.09641,0.05255
2023-05-19 20:00:00,0.0598333333333332,21.0,0.0,91,0.0055194871666896,0.05919,0.095,0.05255
2023-05-19 21:00:00,0.0636666666666666,21.0,0.0,91,0.0,0.05919,0.09974,0.05255
2023-05-19 22:00:00,0.0583333333333333,21.0,0.0,91,0.0,0.05038,0.08578,0.05255
2023-05-19 23:00:00,0.0626666666666666,19.5,0.0,91,0.0,0.05038,0.07873999999999999,0.05255
2023-05-20 00:00:00,0.0583333333333333,16.5,0.0,91,0.0,0.05038,0.074,0.05255
2023-05-20 01:00:00,0.0584999999999999,15.0,0.0,91,0.0,0.05038,0.06799,0.05255
2023-05-20 02:00:00,0.0639999999999999,15.0,0.0,91,0.0,0.05038,0.06,0.05255
2023-05-20 03:00:00,0.0583333333333333,15.0,0.0,91,0.0,0.05038,0.059609999999999996,0.05255
2023-05-20 04:00:00,0.0636666666666666,16.0,0.0,91,0.0,0.05038,0.0557,0.05255
2023-05-20 05:00:00,0.0586666666666666,16.0,0.0,91,0.0,0.05038,0.062079999999999996,0.05255
2023-05-20 06:00:00,0.0625,15.75,0.0,91,0.0034176922761476,0.05919,0.06246,0.05255
2023-05-20 07:00:00,0.651,15.75,0.0,91,0.0336401709532126,0.05919,0.05976,0.05255
2023-05-20 08:00:00,3.0185,15.75,0.0,91,0.0860925641019119,0.05919,0.04004,0.05255
2023-05-20 09:00:00,2.3565,16.0,0.0,91,0.0933363251808362,0.05919,0.0062,0.05255
2023-05-20 10:00:00,5.248,16.0,0.0,91,0.0578135899600819,0.05919,0.00361,0.05255
2023-05-20 11:00:00,0.104,16.0,0.0,91,0.1578414537152673,0.05919,0.01017,0.05255
2023-05-20 12:00:00,0.06,15.75,0.0,91,0.2745782040327023,0.05919,0.005,0.05255
2023-05-20 13:00:00,1.1115000000000002,16.5,0.0,91,0.3084819650242471,0.05919,-2e-05,0.05255
2023-05-20 14:00:00,8.852666666666666,8.0,0.0,91,0.244779915768876,0.05919,0.0,0.05255
2023-05-20 15:00:00,0.0593333333333333,14.0,0.0,91,0.1818417081262311,0.05919,0.00132,0.05255
2023-05-20 16:00:00,0.7869999999999999,17.0,0.0,91,0.1507119659684662,0.05919,0.02594,0.05255
2023-05-20 17:00:00,3.1995,16.0,0.0,91,0.0639870086083045,0.05919,0.05368,0.05255
2023-05-20 18:00:00,0.314,15.25,0.0,91,0.0447660685400677,0.05919,0.07844,0.05255
2023-05-20 19:00:00,0.3156666666666666,15.0,0.0,91,0.0274087180439223,0.05919,0.08769,0.05255
2023-05-20 20:00:00,0.158,14.75,0.0,91,0.0071674358730928,0.05919,0.08106000000000001,0.05255
2023-05-20 21:00:00,0.0643333333333333,15.0,0.0,91,2.564102586390598e-07,0.05919,0.07859999999999999,0.05255
2023-05-20 22:00:00,0.0583333333333333,14.25,0.0,91,0.0,0.05038,0.07302,0.05255
2023-05-20 23:00:00,0.0609999999999999,14.75,0.0,91,0.0,0.05038,0.0522,0.05255
2023-05-21 00:00:00,0.0614999999999999,14.25,0.0,91,0.0,0.05038,0.04004,0.05255
2023-05-21 01:00:00,0.0593333333333333,15.0,0.0,91,0.0,0.05038,0.03388,0.05255
2023-05-21 02:00:00,0.0656666666666666,15.0,0.0,91,0.0,0.05038,0.02877,0.05255
2023-05-21 03:00:00,0.0588333333333333,15.25,0.0,91,0.0,0.05038,0.02995,0.05255
2023-05-21 04:00:00,0.0638333333333333,16.0,0.0,91,0.0,0.05038,0.02826,0.05255
2023-05-21 05:00:00,0.0584999999999999,16.0,0.0,91,0.0,0.05038,0.030809999999999997,0.05255
2023-05-21 06:00:00,0.0581666666666666,16.0,0.0,91,0.0044576068203418,0.05919,0.02755,0.05255
2023-05-21 07:00:00,0.0641666666666666,16.0,0.0,91,0.0287188888411236,0.05919,0.02,0.05255
2023-05-21 08:00:00,0.0586666666666666,16.0,0.0,91,0.0587089745203653,0.05919,0.00214,0.05255
2023-05-21 09:00:00,2.424,16.25,0.0,91,0.0899362394544813,0.05919,0.0,0.05255
2023-05-21 10:00:00,3.325833333333333,16.75,0.0,91,0.1026737609276405,0.05919,-8.999999999999999e-05,0.05255
2023-05-21 11:00:00,1.3831666666666669,16.5,0.0,91,0.1563719651637933,0.05919,-8.999999999999999e-05,0.05255
2023-05-21 12:00:00,2.3623333333333334,16.25,0.0,91,0.1694734182113256,0.05919,-0.02123,0.05255
2023-05-21 13:00:00,6.402,17.0,0.0,91,0.2265380344227847,0.05919,-0.02336,0.05255
2023-05-21 14:00:00,3.2596666666666665,17.25,0.0,91,0.2838970944005199,0.05919,-0.014,0.05255
2023-05-21 15:00:00,5.547,18.0,0.0,91,0.2697410257453592,0.05919,-0.00041,0.05255
2023-05-21 16:00:00,0.0628333333333333,17.0,0.0,91,0.2885305988279164,0.05919,0.00222,0.05255
2023-05-21 17:00:00,0.064,16.75,0.0,91,0.2454866670135759,0.05919,0.04134,0.05255
2023-05-21 18:00:00,0.0586666666666666,16.0,0.0,91,0.2666190592447917,0.05919,0.08549,0.05255
2023-05-21 19:00:00,0.0626666666666666,16.5,0.0,91,0.1127117095441899,0.05919,0.09087,0.05255
2023-05-21 20:00:00,0.0634999999999999,17.0,0.0,91,0.0177585470065092,0.05919,0.091,0.05255
2023-05-21 21:00:00,0.0576666666666665,17.5,0.0,91,8.777777875303966e-05,0.05919,0.08993999999999999,0.05255
2023-05-21 22:00:00,0.0631666666666666,18.0,0.0,91,0.0,0.05038,0.0835,0.05255
2023-05-21 23:00:00,0.0638333333333333,18.25,0.0,91,0.0,0.05038,0.08829000000000001,0.05255
2023-05-22 00:00:00,0.0583333333333333,29.25,0.0,91,0.0,0.05038,0.08006,0.05255
2023-05-22 01:00:00,0.065,30.25,0.0,91,0.0,0.05038,0.07831,0.05255
2023-05-22 02:00:00,0.0634999999999999,27.0,0.0,91,0.0,0.05038,0.0778,0.05255
2023-05-22 03:00:00,0.0571666666666666,25.25,0.0,91,0.0,0.05038,0.081,0.05255
2023-05-22 04:00:00,0.0624999999999999,23.0,0.0,91,0.0,0.05038,0.08397,0.05255
2023-05-22 05:00:00,0.0631666666666666,24.0,0.0,91,0.0,0.05038,0.09032,0.05255
2023-05-22 06:00:00,0.0559999999999999,24.0,0.0,91,0.013034273468149,0.05919,0.10356,0.05255
2023-05-22 07:00:00,0.06,24.75,0.0,91,0.0746994017739581,0.05919,0.11342,0.05255
2023-05-22 08:00:00,0.0601666666666666,24.25,0.0,91,0.2048936754210382,0.05919,0.10579000000000001,0.05255
2023-05-22 09:00:00,0.0574999999999999,23.5,0.0,91,0.3385906855265299,0.05919,0.09301999999999999,0.05255
2023-05-22 10:00:00,0.0576666666666666,23.0,0.0,91,0.4407498305883163,0.05919,0.08263,0.05255
2023-05-22 11:00:00,0.0609999999999999,21.5,0.0,91,0.5351400006938186,0.05919,0.07895,0.05255
2023-05-22 12:00:00,0.0611666666666666,18.25,0.0,91,0.5973187171088326,0.05919,0.07357999999999999,0.05255
2023-05-22 13:00:00,5.223333333333334,19.0,0.0,91,0.6188772667778861,0.05919,0.06846,0.05255
2023-05-22 14:00:00,5.969166666666666,19.0,0.0,91,0.6147936754145178,0.05919,0.07364,0.05255
2023-05-22 15:00:00,0.1639999999999999,18.5,0.0,91,0.607301881252191,0.05919,0.07969,0.05255
2023-05-22 16:00:00,5.7505,18.25,0.0,91,0.5408902561155141,0.05919,0.08053,0.05255
2023-05-22 17:00:00,0.0813333333333333,20.75,0.0,91,0.5169035900148572,0.05919,0.08449,0.05255
2023-05-22 18:00:00,0.0544999999999999,21.75,0.0,91,0.1103803428421672,0.05919,0.0891,0.05255
2023-05-22 19:00:00,1.468,22.5,0.0,91,0.058880085252289,0.05919,0.09147,0.05255
2023-05-22 20:00:00,8.094833333333332,24.0,0.0,91,0.0209682906030589,0.05919,0.0873,0.05255
2023-05-22 21:00:00,0.0598333333333332,25.0,0.0,91,0.0002148717940729,0.05919,0.08581,0.05255
2023-05-22 22:00:00,0.0541666666666666,24.75,0.0,91,0.0,0.05038,0.08129,0.05255
2023-05-22 23:00:00,0.0596666666666666,24.5,0.0,91,0.0,0.05038,0.08817,0.05255
2023-05-23 00:00:00,0.0601666666666666,20.5,0.0,91,0.0,0.05038,0.0677,0.05255
2023-05-23 01:00:00,0.0599999999999999,18.0,0.0,91,0.0,0.05038,0.06470000000000001,0.05255
2023-05-23 02:00:00,0.0556666666666665,18.75,0.0,91,0.0,0.05038,0.054990000000000004,0.05255
2023-05-23 03:00:00,0.0613333333333332,19.0,0.0,91,0.0,0.05038,0.03546,0.05255
2023-05-23 04:00:00,0.0608333333333333,18.0,0.0,91,0.0,0.05038,0.04793,0.05255
2023-05-23 05:00:00,0.0593333333333332,18.0,0.0,91,0.0,0.05038,0.06345,0.05255
2023-05-23 06:00:00,0.0533333333333333,19.75,0.0,91,0.0184054700310668,0.05919,0.09345999999999999,0.05255
2023-05-23 07:00:00,0.0568333333333333,20.5,0.0,91,0.0679088890043079,0.05919,0.101,0.05255
2023-05-23 08:00:00,0.056,20.25,0.0,91,0.2232346156519702,0.05919,0.092,0.05255
2023-05-23 09:00:00,0.0568333333333333,20.0,0.0,91,0.3888921388805422,0.05919,0.08325,0.05255
2023-05-23 10:00:00,7.5515,19.75,0.0,91,0.5356608548938719,0.05919,0.07575,0.05255
2023-05-23 11:00:00,0.1581666666666666,19.0,0.0,91,0.6634305129091964,0.05919,0.07387,0.05255
2023-05-23 12:00:00,0.1573333333333333,18.5,0.0,91,0.6704170106415056,0.05919,0.06492,0.05255
2023-05-23 13:00:00,0.1568333333333333,16.75,0.0,91,0.6929414550259582,0.05919,0.04071,0.05255
2023-05-23 14:00:00,5.8155,15.25,0.0,91,0.7369317913870529,0.05919,0.02819,0.05255
2023-05-23 15:00:00,0.1585,15.25,0.0,91,0.6884801730946604,0.05919,0.03729,0.05255
2023-05-23 16:00:00,8.696333333333333,16.0,0.0,91,0.5106167524288864,0.05919,0.06501,0.05255
2023-05-23 17:00:00,0.0594999999999999,16.25,0.0,91,0.3686112813052969,0.05919,0.07956999999999999,0.05255
2023-05-23 18:00:00,0.0541666666666666,20.0,0.0,91,0.1378220513335659,0.05919,0.09709000000000001,0.05255
2023-05-23 19:00:00,0.0598333333333332,23.25,0.0,91,0.0676258116502028,0.05919,0.10011,0.05255
2023-05-23 20:00:00,0.0593333333333332,25.5,0.0,91,0.0236300853786305,0.05919,0.104,0.05255
2023-05-23 21:00:00,0.0536666666666666,24.0,0.0,91,0.0002756410265643,0.05919,0.10106,0.05255
2023-05-23 22:00:00,0.0581666666666666,22.5,0.0,91,0.0,0.05038,0.09398000000000001,0.05255
2023-05-23 23:00:00,0.0531666666666666,24.25,0.0,91,0.0,0.05038,0.083,0.05255
2023-05-24 00:00:00,0.0598333333333332,25.5,0.0,91,0.0,0.05038,0.07609,0.05255
2023-05-24 01:00:00,0.0558333333333332,26.25,0.0,91,0.0,0.05038,0.07513,0.05255
2023-05-24 02:00:00,0.06,26.0,0.0,91,0.0,0.05038,0.07313,0.05255
2023-05-24 03:00:00,0.0538333333333333,21.75,0.0,91,0.0,0.05038,0.075,0.05255
2023-05-24 04:00:00,0.059,21.5,0.0,91,0.0,0.05038,0.07540000000000001,0.05255
2023-05-24 05:00:00,0.0534999999999999,21.0,0.0,91,0.0,0.05038,0.07576000000000001,0.05255
2023-05-24 06:00:00,0.0581666666666666,22.0,0.0,91,0.0021579487188759,0.05919,0.096,0.05255
2023-05-24 07:00:00,0.0504999999999999,23.75,0.0,91,0.0413586325828845,0.05919,0.10966,0.05255
2023-05-24 08:00:00,0.0563333333333333,25.0,0.0,91,0.0535210255679921,0.05919,0.09866,0.05255
2023-05-24 09:00:00,0.051,26.0,0.0,91,0.0771888037624522,0.05919,0.08592,0.05255
2023-05-24 10:00:00,0.0569999999999999,24.5,0.0,91,0.2004882051190759,0.05919,0.081,0.05255
2023-05-24 11:00:00,0.0523333333333332,18.5,0.0,91,0.271359145987747,0.05919,0.08058,0.05255
2023-05-24 12:00:00,0.0581666666666666,15.75,0.0,91,0.3000434194059453,0.05919,0.07876999999999999,0.05255
2023-05-24 13:00:00,0.0523333333333333,15.25,0.0,91,0.3038135032979851,0.05919,0.07521,0.05255
2023-05-24 14:00:00,0.0524999999999999,15.25,0.0,91,0.4706024779621352,0.05919,0.07475,0.05255
2023-05-24 15:00:00,0.0573333333333333,15.0,0.0,91,0.2986352138030223,0.05919,0.07175,0.05255
2023-05-24 16:00:00,0.0518333333333333,15.75,0.0,91,0.2399300854022686,0.05919,0.072,0.05255
2023-05-24 17:00:00,0.0574999999999999,15.0,0.0,91,0.3763470080775074,0.05919,0.07547,0.05255
2023-05-24 18:00:00,0.0511666666666666,18.75,0.0,91,0.2020422231234037,0.05919,0.08925,0.05255
2023-05-24 19:00:00,0.0579999999999999,22.5,0.0,91,0.0768038459516997,0.05919,0.09148,0.05255
2023-05-24 20:00:00,0.0526666666666666,22.5,0.0,91,0.0240688033491118,0.05919,0.08247,0.05255
2023-05-24 21:00:00,0.0543333333333332,23.0,0.0,91,0.0008361538435913,0.05919,0.102,0.05255
2023-05-24 22:00:00,0.0589999999999999,21.75,0.0,91,0.0,0.05038,0.09828,0.05255
2023-05-24 23:00:00,0.0539999999999999,22.75,0.0,91,0.0,0.05038,0.09866,0.05255
2023-05-25 00:00:00,0.0598333333333332,25.0,0.0,91,0.0,0.05038,0.08855,0.05255
2023-05-25 01:00:00,0.0556666666666665,26.0,0.0,91,0.0,0.05038,0.07781999999999999,0.05255
2023-05-25 02:00:00,0.0606666666666666,25.75,0.0,91,0.0,0.05038,0.06562,0.05255
2023-05-25 03:00:00,0.0549999999999999,22.25,0.0,91,0.0,0.05038,0.07372,0.05255
2023-05-25 04:00:00,0.0564999999999999,23.75,0.0,91,0.0,0.05038,0.07542,0.05255
2023-05-25 05:00:00,0.0589999999999999,22.0,0.0,91,0.0,0.05038,0.07594,0.05255
2023-05-25 06:00:00,0.0531666666666666,22.0,0.0,91,0.0076755555830577,0.05919,0.105,0.05255
2023-05-25 07:00:00,0.0574999999999999,23.5,0.0,91,0.0388344446002927,0.05919,0.104,0.05255
2023-05-25 08:00:00,0.0506666666666666,24.75,0.0,91,0.0399506837893754,0.05919,0.08335,0.05255
2023-05-25 09:00:00,0.0578333333333333,21.75,0.0,91,0.1338144441751333,0.05919,0.07085,0.05255
2023-05-25 10:00:00,0.6425,16.0,0.0,91,0.2053215387132433,0.05919,0.05578,0.05255
2023-05-25 11:00:00,8.994166666666667,15.0,0.0,91,0.3594808549147386,0.05919,0.04187,0.05255
2023-05-25 12:00:00,1.8396666666666668,15.0,0.0,91,0.6082689758039947,0.05919,0.02056,0.05255
2023-05-25 13:00:00,12.036,15.0,0.0,91,0.68872316148546,0.05919,0.02431,0.05255
2023-05-25 14:00:00,5.048666666666667,15.0,0.0,91,0.7393269237290082,0.05919,0.02116,0.05255
2023-05-25 15:00:00,11.547833333333331,16.5,0.0,91,0.683018547775399,0.05919,0.041890000000000004,0.05255
2023-05-25 16:00:00,2.563833333333333,16.25,0.0,91,0.5520660690568452,0.05919,0.07083,0.05255
2023-05-25 17:00:00,5.171833333333333,17.0,0.0,91,0.2055499132270487,0.05919,0.07135,0.05255
2023-05-25 18:00:00,7.945,19.0,0.0,91,0.1427635042891543,0.05919,0.07709,0.05255
2023-05-25 19:00:00,4.906000000000001,22.5,0.0,91,0.1430032476604494,0.05919,0.09398999999999999,0.05255
2023-05-25 20:00:00,0.2476666666666666,25.75,0.0,91,0.0233206837095765,0.05919,0.09497,0.05255
2023-05-25 21:00:00,0.2421666666666666,25.75,0.0,91,0.000544529919409,0.05919,0.1005,0.05255
2023-05-25 22:00:00,0.2485,24.25,0.0,91,0.0,0.05038,0.09094,0.05255
2023-05-25 23:00:00,0.2426666666666666,23.25,0.0,91,0.0,0.05038,0.08811,0.05255
2023-05-26 00:00:00,0.2414999999999999,23.0,0.0,91,0.0,0.05038,0.07640000000000001,0.05255
2023-05-26 01:00:00,0.2474999999999999,22.75,0.0,91,0.0,0.05038,0.07406,0.05255
2023-05-26 02:00:00,0.2425,23.75,0.0,91,0.0,0.05038,0.06658,0.05255
2023-05-26 03:00:00,0.2413333333333333,24.0,0.0,91,0.0,0.05038,0.06171,0.05255
2023-05-26 04:00:00,0.2465,23.5,0.0,91,0.0,0.05038,0.062,0.05255
2023-05-26 05:00:00,0.2571666666666666,23.0,0.0,91,0.0,0.05038,0.07353,0.05255
2023-05-26 06:00:00,0.251,22.0,0.0,91,0.0177285470036614,0.05919,0.0942,0.05255
2023-05-26 07:00:00,0.2508333333333333,22.75,0.0,91,0.0971541019586416,0.05919,0.10038,0.05255
2023-05-26 08:00:00,0.255,22.0,0.0,91,0.2713457264044346,0.05919,0.08187,0.05255
2023-05-26 09:00:00,0.2508333333333333,18.5,0.0,91,0.4243852977263622,0.05919,0.055310000000000005,0.05255
2023-05-26 10:00:00,0.2445,16.0,0.0,91,0.5490791431655232,0.05919,0.03557,0.05255
2023-05-26 11:00:00,0.1351666666666666,14.25,0.0,91,0.6359940162071817,0.05919,0.023289999999999998,0.05255
2023-05-26 12:00:00,0.0586666666666666,14.0,0.0,91,0.685450422498915,0.05919,0.02,0.05255
2023-05-26 13:00:00,0.0538333333333332,14.5,0.0,91,0.7183770895411826,0.05919,0.0044,0.05255
2023-05-26 14:00:00,0.0589999999999999,14.0,0.0,91,0.7141164130838512,0.05919,0.0034500000000000004,0.05255
2023-05-26 15:00:00,0.0543333333333332,14.0,0.0,91,0.6682738494873048,0.05919,0.02291,0.05255
2023-05-26 16:00:00,0.0883333333333333,14.0,0.0,91,0.590689912453676,0.05919,0.053450000000000004,0.05255
2023-05-26 17:00:00,8.309166666666668,14.25,0.0,91,0.4635975242679954,0.05919,0.06509999999999999,0.05255
2023-05-26 18:00:00,2.223666666666667,19.25,0.0,91,0.3074547870342548,0.05919,0.08392000000000001,0.05255
2023-05-26 19:00:00,11.704666666666666,22.25,0.0,91,0.1622135895949143,0.05919,0.09506,0.05255
2023-05-26 20:00:00,2.3015000000000003,24.75,0.0,91,0.0282778632946503,0.05919,0.08990000000000001,0.05255
2023-05-26 21:00:00,3.089833333333333,26.5,0.0,91,0.0006315384608191,0.05919,0.0995,0.05255
2023-05-26 22:00:00,12.6455,26.0,0.0,91,0.0,0.05038,0.0925,0.05255
2023-05-26 23:00:00,8.427166666666666,26.0,0.0,91,0.0,0.05038,0.08974,0.05255
2023-05-27 00:00:00,0.0668333333333333,24.25,0.0,91,0.0,0.05038,0.08353000000000001,0.05255
2023-05-27 01:00:00,0.0631666666666666,24.0,0.0,91,0.0,0.05038,0.08473,0.05255
2023-05-27 02:00:00,0.0648333333333333,24.25,0.0,91,0.0,0.05038,0.08134999999999999,0.05255
2023-05-27 03:00:00,0.0621666666666666,26.75,0.0,91,0.0,0.05038,0.07099,0.05255
2023-05-27 04:00:00,0.0595,27.25,0.0,91,0.0,0.05038,0.06904,0.05255
2023-05-27 05:00:00,0.0646666666666666,27.75,0.0,91,0.0,0.05038,0.08270000000000001,0.05255
2023-05-27 06:00:00,0.0595,27.75,0.0,91,0.0142869231461459,0.05919,0.08299,0.05255
2023-05-27 07:00:00,0.0643333333333333,26.75,0.0,91,0.0715652989118527,0.05919,0.07261,0.05255
2023-05-27 08:00:00,0.0579999999999999,21.0,0.0,91,0.2072945307870196,0.05919,0.055060000000000005,0.05255
2023-05-27 09:00:00,0.0578333333333333,18.25,0.0,91,0.3230067496014456,0.05919,0.016370000000000003,0.05255
2023-05-27 10:00:00,0.0639999999999999,16.5,0.0,91,0.4191442760239299,0.05919,0.00145,0.05255
2023-05-27 11:00:00,6.600333333333334,16.0,0.0,91,0.4859243611392811,0.05919,0.0,0.05255
2023-05-27 12:00:00,9.0665,16.0,0.0,91,0.5173594861152847,0.05919,-2e-05,0.05255
2023-05-27 13:00:00,0.064,8.25,0.0,91,0.5402233325925647,0.05919,-8e-05,0.05255
2023-05-27 14:00:00,0.0625,9.0,0.0,91,0.5394278658353365,0.05919,-8.999999999999999e-05,0.05255
2023-05-27 15:00:00,0.0676666666666666,9.0,0.0,91,0.4100288876916609,0.05919,0.00226,0.05255
2023-05-27 16:00:00,0.0623333333333333,16.0,0.0,91,0.3280896589491103,0.05919,0.05508,0.05255
2023-05-27 17:00:00,0.0678333333333333,19.25,0.0,91,0.2522676917834159,0.05919,0.08485,0.05255
2023-05-27 18:00:00,0.0584999999999999,21.75,0.0,91,0.1759697441361908,0.05919,0.09511,0.05255
2023-05-27 19:00:00,0.0606666666666666,25.0,0.0,91,0.1433771792028703,0.05919,0.10081999999999999,0.05255
2023-05-27 20:00:00,0.0618333333333333,25.0,0.0,91,0.0372111968505076,0.05919,0.1001,0.05255
2023-05-27 21:00:00,0.0591666666666666,25.0,0.0,91,0.000736068373936,0.05919,0.09861,0.05255
2023-05-27 22:00:00,0.0635,21.75,0.0,91,0.0,0.05038,0.09470999999999999,0.05255
2023-05-27 23:00:00,0.0584999999999999,24.25,0.0,91,0.0,0.05038,0.08709,0.05255
2023-05-28 00:00:00,0.0653333333333333,24.75,0.0,91,0.0,0.05038,0.084,0.05255
2023-05-28 01:00:00,0.0615,25.0,0.0,91,0.0,0.05038,0.08192,0.05255
2023-05-28 02:00:00,0.0606666666666666,25.5,0.0,91,0.0,0.05038,0.07787000000000001,0.05255
2023-05-28 03:00:00,0.0643333333333333,27.75,0.0,91,0.0,0.05038,0.07786,0.05255
2023-05-28 04:00:00,0.0588333333333333,30.0,0.0,91,0.0,0.05038,0.073,0.05255
2023-05-28 05:00:00,0.0646666666666666,30.25,0.0,91,0.0,0.05038,0.06734,0.05255
2023-05-28 06:00:00,0.0586666666666666,27.5,0.0,91,0.019169658045165,0.05919,0.06452,0.05255
2023-05-28 07:00:00,0.0584999999999999,26.5,0.0,91,0.0620331626060681,0.05919,0.03771,0.05255
2023-05-28 08:00:00,0.064,20.25,0.0,91,0.2002119652837769,0.05919,0.0,0.05255
2023-05-28 09:00:00,0.0658333333333333,18.0,0.0,91,0.3245882040822608,0.05919,-0.0008100000000000001,0.05255
2023-05-28 10:00:00,6.440166666666666,18.25,0.0,91,0.4231329058785724,0.05919,-0.01065,0.05255
2023-05-28 11:00:00,9.533666666666669,19.25,0.0,91,0.4873152988792484,0.05919,-7.000000000000001e-05,0.05255
2023-05-28 12:00:00,9.3535,19.0,0.0,91,0.5219389747554424,0.05919,-0.026670000000000003,0.05255
2023-05-28 13:00:00,10.010333333333334,19.75,0.0,91,0.5549901704706698,0.05919,-0.03713,0.05255
2023-05-28 14:00:00,10.329833333333331,20.75,0.0,91,0.5707398282564603,0.05919,-0.027399999999999997,0.05255
2023-05-28 15:00:00,9.508,20.75,0.0,91,0.2483064964490059,0.05919,-0.01622,0.05255
2023-05-28 16:00:00,10.393666666666666,20.25,0.0,91,0.1508370937445224,0.05919,-5.9999999999999995e-05,0.05255
2023-05-28 17:00:00,0.0916666666666666,18.5,0.0,91,0.1471801714611868,0.05919,0.05,0.05255
2023-05-28 18:00:00,0.063,18.5,0.0,91,0.0301947864415681,0.05919,0.0729,0.05255
2023-05-28 19:00:00,0.0633333333333333,18.25,0.0,91,0.004046752139902,0.05919,0.08164,0.05255
2023-05-28 20:00:00,2.1503333333333337,20.0,0.0,91,0.0340317949474367,0.05919,0.0787,0.05255
2023-05-28 21:00:00,4.2411666666666665,20.75,0.0,91,0.0042497435862867,0.05919,0.07424,0.05255
2023-05-28 22:00:00,0.4353333333333333,20.75,0.0,91,0.0,0.05038,0.0695,0.05255
2023-05-28 23:00:00,0.0618333333333333,20.0,0.0,91,0.0,0.05038,0.05923,0.05255
2023-05-29 00:00:00,0.0601666666666666,18.5,0.0,91,0.0,0.05038,0.053899999999999997,0.05255
2023-05-29 01:00:00,0.0615,18.5,0.0,91,0.0,0.05038,0.05182,0.05255
2023-05-29 02:00:00,0.058,19.0,0.0,91,0.0,0.05038,0.040909999999999995,0.05255
2023-05-29 03:00:00,0.0635,19.25,0.0,91,0.0,0.05038,0.018170000000000002,0.05255
2023-05-29 04:00:00,0.0581666666666666,17.5,0.0,91,0.0,0.05038,0.01757,0.05255
2023-05-29 05:00:00,0.0631666666666666,16.75,0.0,91,0.0,0.05038,0.02048,0.05255
2023-05-29 06:00:00,0.0574999999999999,16.0,0.0,91,0.0146933333053548,0.05919,0.05871,0.05255
2023-05-29 07:00:00,0.0566666666666666,16.0,0.0,91,0.0742588033024062,0.05919,0.029920000000000002,0.05255
2023-05-29 08:00:00,0.0625,16.0,0.0,91,0.2064284616454034,0.05919,2.9999999999999997e-05,0.05255
2023-05-29 09:00:00,0.0573333333333333,16.5,0.0,91,0.3165162397857405,0.05919,-0.00207,0.05255
2023-05-29 10:00:00,0.0641666666666666,17.25,0.0,91,0.4153533342149522,0.05919,-8.999999999999999e-05,0.05255
2023-05-29 11:00:00,0.0593333333333333,17.25,0.0,91,0.4870383766369943,0.05919,-5.9999999999999995e-05,0.05255
2023-05-29 12:00:00,0.0613333333333333,16.5,0.0,91,0.5210510240864551,0.05919,-0.00552,0.05255
2023-05-29 13:00:00,0.0638333333333333,16.75,0.0,91,0.553952904725686,0.05919,-0.0070999999999999995,0.05255
2023-05-29 14:00:00,0.0593333333333333,17.0,0.0,91,0.5383416252462272,0.05919,-0.0456,0.05255
2023-05-29 15:00:00,0.0636666666666666,17.25,0.0,91,0.514573590205266,0.05919,-0.01796,0.05255
2023-05-29 16:00:00,0.0583333333333333,17.5,0.0,91,0.3118358114845733,0.05919,0.0,0.05255
2023-05-29 17:00:00,0.0633333333333333,16.75,0.0,91,0.056955640703185,0.05919,0.02878,0.05255
2023-05-29 18:00:00,0.059,17.5,0.0,91,0.0097521367287024,0.05919,0.07415000000000001,0.05255
2023-05-29 19:00:00,0.06,17.0,0.0,91,0.0039944444405726,0.05919,0.08554,0.05255
2023-05-29 20:00:00,0.0646666666666666,17.0,0.0,91,0.0068571794848156,0.05919,0.07744,0.05255
2023-05-29 21:00:00,0.0595,17.0,0.0,91,0.0003934188016379,0.05919,0.07945999999999999,0.05255
2023-05-29 22:00:00,0.0631666666666666,16.5,0.0,91,0.0,0.05038,0.07432,0.05255
2023-05-29 23:00:00,0.0574999999999999,16.0,0.0,91,0.0,0.05038,0.07501999999999999,0.05255
2023-05-30 00:00:00,0.0645,17.0,0.0,91,0.0,0.05038,0.07105,0.05255
2023-05-30 01:00:00,0.0595,17.0,0.0,91,0.0,0.05038,0.0689,0.05255
2023-05-30 02:00:00,0.0583333333333333,17.25,0.0,91,0.0,0.05038,0.0428,0.05255
2023-05-30 03:00:00,0.062,17.25,0.0,91,0.0,0.05038,0.03633,0.05255
2023-05-30 04:00:00,0.0573333333333333,17.25,0.0,91,0.0,0.05038,0.07066,0.05255
2023-05-30 05:00:00,0.0621666666666666,18.25,0.0,91,0.0,0.05038,0.06292,0.05255
2023-05-30 06:00:00,0.0569999999999999,19.0,0.0,91,0.0165725641754957,0.05919,0.10919,0.05255
2023-05-30 07:00:00,0.0548333333333333,22.5,0.0,91,0.076674615297562,0.05919,0.10864,0.05255
2023-05-30 08:00:00,0.0605,28.0,0.0,91,0.2039420512598804,0.05919,0.09006,0.05255
2023-05-30 09:00:00,6.3725,22.5,0.0,91,0.3954385467268463,0.05919,0.08237,0.05255
2023-05-30 10:00:00,8.32,19.25,0.0,91,0.5375156409108743,0.05919,0.07024,0.05255
2023-05-30 11:00:00,6.886666666666667,19.0,0.0,91,0.5653151265983908,0.05919,0.06473999999999999,0.05255
2023-05-30 12:00:00,7.713333333333334,18.0,0.0,91,0.6005208542000535,0.05919,0.05762,0.05255
2023-05-30 13:00:00,9.078833333333334,16.25,0.0,91,0.7009821371746882,0.05919,0.053829999999999996,0.05255
2023-05-30 14:00:00,9.756666666666666,16.25,0.0,91,0.6997997446956795,0.05919,0.04524,0.05255
2023-05-30 15:00:00,7.239999999999999,16.5,0.0,91,0.6755243585048581,0.05919,0.04172,0.05255
2023-05-30 16:00:00,7.175,17.0,0.0,91,0.5895191453460953,0.05919,0.07396,0.05255
2023-05-30 17:00:00,7.033666666666666,17.0,0.0,91,0.4696339305649455,0.05919,0.08434,0.05255
2023-05-30 18:00:00,4.099666666666667,17.0,0.0,91,0.3485765809279222,0.05919,0.09881999999999999,0.05255
2023-05-30 19:00:00,0.608,16.75,0.0,91,0.1326203414721367,0.05919,0.10507999999999999,0.05255
2023-05-30 20:00:00,12.731,17.25,0.0,91,0.0303694018033834,0.05919,0.09958,0.05255
2023-05-30 21:00:00,15.674166666666666,17.25,0.0,91,0.0010082906041628,0.05919,0.09539,0.05255
2023-05-30 22:00:00,2.6628333333333334,17.0,0.0,91,0.0,0.05038,0.08965000000000001,0.05255
2023-05-30 23:00:00,0.1043333333333333,17.0,0.0,91,0.0,0.05038,0.08592,0.05255
2023-05-31 00:00:00,0.0673333333333333,17.0,0.0,91,0.0,0.05038,0.0684,0.05255
2023-05-31 01:00:00,0.0625,17.0,0.0,91,0.0,0.05038,0.0742,0.05255
2023-05-31 02:00:00,0.0656666666666666,17.0,0.0,91,0.0,0.05038,0.05248,0.05255
2023-05-31 03:00:00,0.061,18.5,0.0,91,0.0,0.05038,0.047729999999999995,0.05255
2023-05-31 04:00:00,0.0598333333333333,19.75,0.0,91,0.0,0.05038,0.06112,0.05255
2023-05-31 05:00:00,0.0638333333333333,20.0,0.0,91,0.0,0.05038,0.06686,0.05255
2023-05-31 06:00:00,0.0586666666666666,19.75,0.0,91,0.016338119606177,0.05919,0.10368000000000001,0.05255
2023-05-31 07:00:00,0.0621666666666666,19.25,0.0,91,0.1210599999957614,0.05919,0.09569,0.05255
2023-05-31 08:00:00,0.0568333333333333,21.5,0.0,91,0.1569856412186582,0.05919,0.08641,0.05255
2023-05-31 09:00:00,0.0596666666666666,21.75,0.0,91,0.1581187181391267,0.05919,0.06692000000000001,0.05255
2023-05-31 10:00:00,0.0671666666666666,21.75,0.0,91,0.2197068372547117,0.05919,0.04664,0.05255
2023-05-31 11:00:00,0.0613333333333333,17.75,0.0,91,0.3181263250367254,0.05919,0.020030000000000003,0.05255
2023-05-31 12:00:00,0.0626666666666666,16.25,0.0,91,0.3427854681422568,0.05919,0.0034500000000000004,0.05255
2023-05-31 13:00:00,0.0584999999999999,15.75,0.0,91,0.4442059808714777,0.05919,0.00414,0.05255
2023-05-31 14:00:00,0.0643333333333333,14.0,0.0,91,0.4991464112762715,0.05919,0.0054800000000000005,0.05255
2023-05-31 15:00:00,0.0593333333333333,14.0,0.0,91,0.3913195732312324,0.05919,0.02578,0.05255
2023-05-31 16:00:00,0.0745,14.75,0.0,91,0.4477537592048318,0.05919,0.06885,0.05255
2023-05-31 17:00:00,0.2166666666666666,14.75,0.0,91,0.1881863253340761,0.05919,0.07889,0.05255
2023-05-31 18:00:00,0.0626666666666666,19.5,0.0,91,0.027385726484478,0.05919,0.085,0.05255
2023-05-31 19:00:00,0.1316666666666666,22.0,0.0,91,0.049137607069097,0.05919,0.105,0.05255
2023-05-31 20:00:00,0.1676666666666666,23.0,0.0,91,0.0067479487463959,0.05919,0.09693,0.05255
2023-05-31 21:00:00,0.968,23.25,0.0,91,0.00051641025672,0.05919,0.09431,0.05255
2023-05-31 22:00:00,2.853666666666667,23.25,0.0,91,0.0,0.05038,0.08313,0.05255
2023-05-31 23:00:00,6.196333333333333,26.25,0.0,91,0.0,0.05038,0.08415,0.05255
2023-06-01 00:00:00,11.239,25.75,0.0,91,0.0,0.05038,0.07429999999999999,0.05276
2023-06-01 01:00:00,9.2995,24.0,0.0,91,0.0,0.05038,0.0701,0.05276
2023-06-01 02:00:00,0.0665,23.0,0.0,91,0.0,0.05038,0.06401000000000001,0.05276
2023-06-01 03:00:00,0.0596666666666666,22.0,0.0,91,0.0,0.05038,0.06720999999999999,0.05276
2023-06-01 04:00:00,0.0595,24.5,0.0,91,0.0,0.05038,0.07227,0.05276
2023-06-01 05:00:00,0.0643333333333333,27.0,0.0,91,8.641025576836017e-05,0.05038,0.08291,0.05276
2023-06-01 06:00:00,0.0581666666666666,26.0,0.0,91,0.0210595726100807,0.05919,0.0985,0.05276
2023-06-01 07:00:00,0.0624999999999999,24.0,0.0,91,0.1049061534751174,0.05919,0.09906999999999999,0.05276
2023-06-01 08:00:00,0.0564999999999999,25.0,0.0,91,0.2852488904121594,0.05919,0.0873,0.05276
2023-06-01 09:00:00,0.0593333333333332,21.0,0.0,91,0.4318772666474693,0.05919,0.06819,0.05276
2023-06-01 10:00:00,0.0604999999999999,18.0,0.0,91,0.5557029913225747,0.05919,0.05992,0.05276
2023-06-01 11:00:00,0.0574999999999999,16.5,0.0,91,0.6370745295337126,0.05919,0.04227,0.05276
2023-06-01 12:00:00,0.0628333333333333,16.0,0.0,91,0.6620488892253651,0.05919,0.00936,0.05276
2023-06-01 13:00:00,0.0571666666666666,16.75,0.0,91,0.5109134171966814,0.05919,0.0033900000000000002,0.05276
2023-06-01 14:00:00,0.0621666666666666,17.0,0.0,91,0.6105337583101712,0.05919,0.02513,0.05276
2023-06-01 15:00:00,1.5008333333333337,16.75,0.0,91,0.7205959802611266,0.05919,0.05687,0.05276
2023-06-01 16:00:00,4.618666666666667,17.0,0.0,91,0.5959014533931374,0.05919,0.073,0.05276
2023-06-01 17:00:00,2.5531666666666664,17.0,0.0,91,0.4945140176756764,0.05919,0.08616,0.05276
2023-06-01 18:00:00,3.558666666666667,21.25,0.0,91,0.3245713688777043,0.05919,0.09935,0.05276
2023-06-01 19:00:00,0.0639999999999999,23.0,0.0,91,0.1581090610862797,0.05919,0.1025,0.05276
2023-06-01 20:00:00,0.0581666666666665,23.0,0.0,91,0.0427400858993204,0.05919,0.10338,0.05276
2023-06-01 21:00:00,0.0645,23.0,0.0,91,0.0020961538320168,0.05919,0.09541,0.05276
2023-06-01 22:00:00,0.0591666666666666,21.0,0.0,91,0.0,0.05038,0.08653,0.05276
2023-06-01 23:00:00,0.0593333333333333,22.5,0.0,91,0.0,0.05038,0.08359,0.05276
2023-06-02 00:00:00,0.0643333333333333,22.25,0.0,91,0.0,0.05038,0.07940000000000001,0.05276
2023-06-02 01:00:00,0.0591666666666666,21.5,0.0,91,0.0,0.05038,0.07378,0.05276
2023-06-02 02:00:00,0.0645,25.25,0.0,91,0.0,0.05038,0.06347,0.05276
2023-06-02 03:00:00,0.0593333333333333,28.0,0.0,91,0.0,0.05038,0.059840000000000004,0.05276
2023-06-02 04:00:00,0.0601666666666666,28.0,0.0,91,0.0,0.05038,0.06247,0.05276
2023-06-02 05:00:00,0.0625,27.5,0.0,91,1.1794871499395811e-05,0.05038,0.06355,0.05276
2023-06-02 06:00:00,0.0588333333333333,26.25,0.0,91,0.0193590597477224,0.05919,0.08779,0.05276
2023-06-02 07:00:00,0.0628333333333333,27.5,0.0,91,0.0977941870485615,0.05919,0.09056,0.05276
2023-06-02 08:00:00,0.0563333333333333,29.0,0.0,91,0.2709282909295497,0.05919,0.08437,0.05276
2023-06-02 09:00:00,0.0618333333333333,29.0,0.0,91,0.4072766674074352,0.05919,0.07209,0.05276
2023-06-02 10:00:00,0.0579999999999999,24.0,0.0,91,0.5284852978306956,0.05919,0.06315,0.05276
2023-06-02 11:00:00,0.1743333333333333,16.75,0.0,91,0.6325337590926733,0.05919,0.056060000000000006,0.05276
2023-06-02 12:00:00,3.206833333333333,15.25,0.0,91,0.7077803404718384,0.05919,0.04261,0.05276
2023-06-02 13:00:00,6.237666666666667,15.75,0.0,91,0.7265870027460607,0.05919,0.03682,0.05276
2023-06-02 14:00:00,0.1416666666666666,16.0,0.0,91,0.6218532474224385,0.05919,0.044899999999999995,0.05276
2023-06-02 15:00:00,0.0588333333333333,16.0,0.0,91,0.6889815384302383,0.05919,0.05827,0.05276
2023-06-02 16:00:00,0.0641666666666666,16.0,0.0,91,0.1057769227639222,0.05919,0.07662000000000001,0.05276
2023-06-02 17:00:00,0.0591666666666666,20.25,0.0,91,0.0216219658525581,0.05919,0.0858,0.05276
2023-06-02 18:00:00,0.0579999999999999,27.0,0.0,91,0.0222688888688372,0.05919,0.09140000000000001,0.05276
2023-06-02 19:00:00,0.0631666666666666,29.0,0.0,91,0.0059727350717935,0.05919,0.09981999999999999,0.05276
2023-06-02 20:00:00,0.0653333333333333,30.75,0.0,91,0.0026548718064864,0.05919,0.093,0.05276
2023-06-02 21:00:00,0.1126666666666666,30.5,0.0,91,0.0,0.05919,0.09256,0.05276
2023-06-02 22:00:00,0.9136666666666664,30.0,0.0,91,0.0,0.05038,0.08506,0.05276
2023-06-02 23:00:00,9.251,30.25,0.0,91,0.0,0.05038,0.08495,0.05276
2023-06-03 00:00:00,7.825666666666667,29.75,0.0,91,0.0,0.05038,0.0803,0.05276
2023-06-03 01:00:00,2.374,30.0,0.0,91,0.0,0.05038,0.07779000000000001,0.05276
2023-06-03 02:00:00,0.0653333333333333,29.0,0.0,91,0.0,0.05038,0.0752,0.05276
2023-06-03 03:00:00,0.0596666666666666,25.0,0.0,91,0.0,0.05038,0.058159999999999996,0.05276
2023-06-03 04:00:00,0.0648333333333333,22.0,0.0,91,0.0,0.05038,0.07074,0.05276
2023-06-03 05:00:00,0.0584999999999999,21.5,0.0,91,6.717948672863159e-05,0.05038,0.07171,0.05276
2023-06-03 06:00:00,0.0586666666666666,21.75,0.0,91,0.0205133333216365,0.05919,0.07363,0.05276
2023-06-03 07:00:00,0.0626666666666666,20.0,0.0,91,0.0957297436803834,0.05919,0.07,0.05276
2023-06-03 08:00:00,0.0568333333333333,18.0,0.0,91,0.2480198281443017,0.05919,0.059969999999999996,0.05276
2023-06-03 09:00:00,0.0629999999999999,18.0,0.0,91,0.3537283768613116,0.05919,0.02736,0.05276
2023-06-03 10:00:00,0.0581666666666666,15.75,0.0,91,0.5070696607410398,0.05919,0.005,0.05276
2023-06-03 11:00:00,0.0611666666666666,15.0,0.0,91,0.642793761033278,0.05919,-1e-05,0.05276
2023-06-03 12:00:00,0.0606666666666666,15.5,0.0,91,0.6676998281886434,0.05919,-7.000000000000001e-05,0.05276
2023-06-03 13:00:00,0.059,16.0,0.0,91,0.3839975210336538,0.05919,-0.0033900000000000002,0.05276
2023-06-03 14:00:00,0.065,17.0,0.0,91,0.4994145287407767,0.05919,-8e-05,0.05276
2023-06-03 15:00:00,0.0596666666666666,16.5,0.0,91,0.7222962390867053,0.05919,0.00362,0.05276
2023-06-03 16:00:00,0.0643333333333333,15.25,0.0,91,0.4690007697211373,0.05919,0.04566,0.05276
2023-06-03 17:00:00,0.0588333333333333,15.0,0.0,91,0.1566276070195385,0.05919,0.075,0.05276
2023-06-03 18:00:00,0.0593333333333333,17.75,0.0,91,0.0342941879207252,0.05919,0.0772,0.05276
2023-06-03 19:00:00,0.0758333333333333,23.5,0.0,91,0.0058159828695476,0.05919,0.07351,0.05276
2023-06-03 20:00:00,0.1748333333333332,25.25,0.0,91,0.0016390598246143,0.05919,0.06670000000000001,0.05276
2023-06-03 21:00:00,0.4933333333333333,25.25,0.0,91,0.0,0.05919,0.07402,0.05276
2023-06-03 22:00:00,0.5491666666666667,23.75,0.0,91,0.0,0.05038,0.08117,0.05276
2023-06-03 23:00:00,1.825,23.25,0.0,91,0.0,0.05038,0.08112,0.05276
2023-06-04 00:00:00,0.0876666666666666,23.5,0.0,91,0.0,0.05038,0.07490000000000001,0.05276
2023-06-04 01:00:00,0.0606666666666666,24.5,0.0,91,0.0,0.05038,0.07251,0.05276
2023-06-04 02:00:00,0.0658333333333333,25.5,0.0,91,0.0,0.05038,0.0698,0.05276
2023-06-04 03:00:00,0.0588333333333333,22.5,0.0,91,0.0,0.05038,0.06806,0.05276
2023-06-04 04:00:00,0.0643333333333333,21.5,0.0,91,0.0,0.05038,0.06754,0.05276
2023-06-04 05:00:00,0.0586666666666666,20.0,0.0,91,0.0,0.05038,0.06616,0.05276
2023-06-04 06:00:00,0.0595,19.0,0.0,91,0.0179342735183035,0.05919,0.06477,0.05276
2023-06-04 07:00:00,0.0635,19.0,0.0,91,0.0683860684256268,0.05919,0.05081,0.05276
2023-06-04 08:00:00,0.0583333333333333,19.0,0.0,91,0.2393288889501848,0.05919,0.02195,0.05276
2023-06-04 09:00:00,0.0631666666666666,16.5,0.0,91,0.2878007689908019,0.05919,0.00511,0.05276
2023-06-04 10:00:00,0.0874999999999999,16.25,0.0,91,0.4055723108796992,0.05919,0.0,0.05276
2023-06-04 11:00:00,3.563,16.0,0.0,91,0.5696764954134951,0.05919,-2e-05,0.05276
2023-06-04 12:00:00,7.184833333333334,16.0,0.0,91,0.7072030783107142,0.05919,-8.999999999999999e-05,0.05276
2023-06-04 13:00:00,8.1775,16.0,0.0,91,0.7346364939110914,0.05919,-0.03379,0.05276
2023-06-04 14:00:00,11.520833333333334,17.0,0.0,91,0.748727264404297,0.05919,-0.0072,0.05276
2023-06-04 15:00:00,0.0643333333333333,17.0,0.0,91,0.6319994018424269,0.05919,0.0,0.05276
2023-06-04 16:00:00,0.0686666666666666,16.0,0.0,91,0.5874002587082042,0.05919,0.0345,0.05276
2023-06-04 17:00:00,0.0628333333333333,15.75,0.0,91,0.2846501704158946,0.05919,0.07820999999999999,0.05276
2023-06-04 18:00:00,0.0625,21.25,0.0,91,0.1468832480601775,0.05919,0.0835,0.05276
2023-06-04 19:00:00,0.0648333333333333,27.25,0.0,91,0.0090651282782738,0.05919,0.09057,0.05276
2023-06-04 20:00:00,0.0584999999999999,30.0,0.0,91,0.0003052136736611,0.05919,0.09237999999999999,0.05276
2023-06-04 21:00:00,0.3391666666666666,31.0,0.0,91,0.0,0.05919,0.0973,0.05276
2023-06-04 22:00:00,0.0741666666666666,30.5,0.0,91,0.0,0.05038,0.08698,0.05276
2023-06-04 23:00:00,0.0636666666666666,30.5,0.0,91,0.0,0.05038,0.07870999999999999,0.05276
2023-06-05 00:00:00,0.0626666666666666,31.25,0.0,91,0.0,0.05038,0.0711,0.05276
2023-06-05 01:00:00,0.0611666666666666,30.75,0.0,91,0.0,0.05038,0.07007,0.05276
2023-06-05 02:00:00,0.0651666666666666,30.0,0.0,91,0.0,0.05038,0.06364,0.05276
2023-06-05 03:00:00,0.0598333333333333,31.5,0.0,91,0.0,0.05038,0.0639,0.05276
2023-06-05 04:00:00,0.0656666666666666,29.75,0.0,91,0.0,0.05038,0.07024,0.05276
2023-06-05 05:00:00,0.0593333333333333,29.75,0.0,91,0.0,0.05038,0.0885,0.05276
2023-06-05 06:00:00,0.0594999999999999,33.0,0.0,91,0.013317777715687,0.05919,0.09939,0.05276
2023-06-05 07:00:00,0.0624999999999999,37.5,0.0,91,0.0592688886935894,0.05919,0.09995,0.05276
2023-06-05 08:00:00,0.0561666666666666,37.75,0.0,91,0.2266036737882174,0.05919,0.08577,0.05276
2023-06-05 09:00:00,0.0623333333333333,35.25,0.0,91,0.4414424778864934,0.05919,0.075,0.05276
2023-06-05 10:00:00,0.0574999999999999,31.0,0.0,91,0.5575218774518397,0.05919,0.07008,0.05276
2023-06-05 11:00:00,0.1151666666666666,31.0,0.0,91,0.6418061535175031,0.05919,0.06899,0.05276
2023-06-05 12:00:00,0.0598333333333333,28.5,0.0,91,0.7135244437975765,0.05919,0.06654,0.05276
2023-06-05 13:00:00,0.0591666666666666,26.25,0.0,91,0.6260179438142696,0.05919,0.06716,0.05276
2023-06-05 14:00:00,0.0658333333333333,27.5,0.0,91,0.6964668355436409,0.05919,0.06879,0.05276
2023-06-05 15:00:00,0.06,29.0,0.0,91,0.6897392351199422,0.05919,0.07592,0.05276
2023-06-05 16:00:00,2.6121666666666665,32.25,0.0,91,0.6350717117439989,0.05919,0.08792,0.05276
2023-06-05 17:00:00,2.77,32.25,0.0,91,0.5048735890836797,0.05919,0.09512999999999999,0.05276
2023-06-05 18:00:00,2.769666666666667,30.25,0.0,91,0.3446782928858048,0.05919,0.10133,0.05276
2023-06-05 19:00:00,4.9015,30.25,0.0,91,0.1686876062246469,0.05919,0.10146,0.05276
2023-06-05 20:00:00,10.724833333333336,31.25,0.0,91,0.0391585469449687,0.05919,0.10367,0.05276
2023-06-05 21:00:00,10.725166666666668,32.25,0.0,91,0.0020522222197495,0.05919,0.1,0.05276
2023-06-05 22:00:00,10.714999999999998,32.0,0.0,91,0.0,0.05038,0.08876,0.05276
2023-06-05 23:00:00,3.547833333333333,32.0,0.0,91,0.0,0.05038,0.08018,0.05276
2023-06-06 00:00:00,1.7403333333333333,32.0,0.0,91,0.0,0.05038,0.07463,0.05276
2023-06-06 01:00:00,6.288166666666666,34.25,0.0,91,0.0,0.05038,0.06906,0.05276
2023-06-06 02:00:00,0.0625,30.75,0.0,91,0.0,0.05038,0.061380000000000004,0.05276
2023-06-06 03:00:00,0.0658333333333333,28.5,0.0,91,0.0,0.05038,0.06066,0.05276
2023-06-06 04:00:00,0.0606666666666666,28.0,0.0,91,0.0,0.05038,0.06563,0.05276
2023-06-06 05:00:00,0.0651666666666666,28.25,0.0,91,0.0001040170933955,0.05038,0.08413,0.05276
2023-06-06 06:00:00,0.0593333333333333,33.25,0.0,91,0.0201913675640383,0.05919,0.09903,0.05276
2023-06-06 07:00:00,0.0579999999999999,34.25,0.0,91,0.1065133340134579,0.05919,0.1027,0.05276
2023-06-06 08:00:00,0.0625,34.5,0.0,91,0.2776617086035574,0.05919,0.09490000000000001,0.05276
2023-06-06 09:00:00,0.0574999999999999,34.5,0.0,91,0.433438971103766,0.05919,0.08621,0.05276
2023-06-06 10:00:00,0.0624999999999999,35.25,0.0,91,0.5421282887255024,0.05919,0.082,0.05276
2023-06-06 11:00:00,0.0573333333333333,34.25,0.0,91,0.6408972663553355,0.05919,0.07640999999999999,0.05276
2023-06-06 12:00:00,0.0571666666666666,32.25,0.0,91,0.7019739265115851,0.05919,0.07326,0.05276
2023-06-06 13:00:00,0.0623333333333333,30.25,0.0,91,0.7431901758960177,0.05919,0.0685,0.05276
2023-06-06 14:00:00,0.0568333333333333,31.25,0.0,91,0.6858396637745396,0.05919,0.07112,0.05276
2023-06-06 15:00:00,0.0598333333333333,31.75,0.0,91,0.6656884648249705,0.05919,0.07440000000000001,0.05276
2023-06-06 16:00:00,0.0605,33.0,0.0,91,0.5897506003094536,0.05919,0.084,0.05276
2023-06-06 17:00:00,0.0573333333333333,34.0,0.0,91,0.4163988028632271,0.05919,0.09038,0.05276
2023-06-06 18:00:00,0.0623333333333333,34.5,0.0,91,0.2149685476580236,0.05919,0.0973,0.05276
2023-06-06 19:00:00,0.0565,36.0,0.0,91,0.1364302564278627,0.05919,0.10111,0.05276
2023-06-06 20:00:00,0.0605,36.0,0.0,91,0.0527281192021492,0.05919,0.10157,0.05276
2023-06-06 21:00:00,0.0586666666666666,36.0,0.0,91,0.0037800854956333,0.05919,0.09656,0.05276
2023-06-06 22:00:00,0.0565,35.75,0.0,91,0.0,0.05038,0.08999,0.05276
2023-06-06 23:00:00,0.0626666666666666,36.25,0.0,91,0.0,0.05038,0.083,0.05276
2023-06-07 00:00:00,0.0578333333333333,34.75,0.0,91,0.0,0.05038,0.0762,0.05276
2023-06-07 01:00:00,0.059,33.25,0.0,91,0.0,0.05038,0.07399,0.05276
2023-06-07 02:00:00,0.0655,35.5,0.0,91,0.0,0.05038,0.06805,0.05276
2023-06-07 03:00:00,0.059,38.75,0.0,91,0.0,0.05038,0.06570000000000001,0.05276
2023-06-07 04:00:00,0.0643333333333333,38.75,0.0,91,0.0,0.05038,0.0702,0.05276
2023-06-07 05:00:00,0.0584999999999999,38.5,0.0,91,1.0769230942440855e-05,0.05038,0.07490000000000001,0.05276
2023-06-07 06:00:00,0.0583333333333333,38.25,0.0,91,0.0225408546486471,0.05919,0.09505,0.05276
2023-06-07 07:00:00,0.0625,39.25,0.0,91,0.1044882052168887,0.05919,0.10646,0.05276
2023-06-07 08:00:00,0.0486666666666666,38.5,0.0,91,0.2697372654971913,0.05919,0.09769,0.05276
2023-06-07 09:00:00,0.0285,36.5,0.0,91,0.4256899131057609,0.05919,0.09283,0.05276
2023-06-07 10:00:00,0.037,34.0,0.0,91,0.570834870297685,0.05919,0.0866,0.05276
2023-06-07 11:00:00,0.1061666666666666,31.25,0.0,91,0.6638778588710684,0.05919,0.07995000000000001,0.05276
2023-06-07 12:00:00,0.0986666666666666,30.0,0.0,91,0.7261740151429791,0.05919,0.07559,0.05276
2023-06-07 13:00:00,0.0984999999999999,29.0,0.0,91,0.6887861502883781,0.05919,0.07645,0.05276
2023-06-07 14:00:00,0.6076666666666667,28.5,0.0,91,0.657310683095557,0.05919,0.07673999999999999,0.05276
2023-06-07 15:00:00,0.7805000000000001,27.0,0.0,91,0.7098937623113649,0.05919,0.07989,0.05276
2023-06-07 16:00:00,2.5391666666666666,28.0,0.0,91,0.5957881210196734,0.05919,0.08792,0.05276
2023-06-07 17:00:00,7.144166666666666,29.0,0.0,91,0.3176245324224488,0.05919,0.09672,0.05276
2023-06-07 18:00:00,8.026166666666667,29.75,0.0,91,0.0834211963262313,0.05919,0.10625,0.05276
2023-06-07 19:00:00,9.197166666666666,34.5,0.0,91,0.1474426505096957,0.05919,0.1085,0.05276
2023-06-07 20:00:00,0.1393333333333333,35.0,0.0,91,0.0446694016456604,0.05919,0.10736,0.05276
2023-06-07 21:00:00,0.421,35.75,0.0,91,0.0017685470124308,0.05919,0.1005,0.05276
2023-06-07 22:00:00,0.395,36.0,0.0,91,0.0,0.05038,0.09490000000000001,0.05276
2023-06-07 23:00:00,0.0613333333333333,35.75,0.0,91,0.0,0.05038,0.09393000000000001,0.05276
2023-06-08 00:00:00,0.0368333333333333,36.75,0.0,91,0.0,0.05038,0.08926,0.05276
2023-06-08 01:00:00,0.0363333333333333,38.0,0.0,91,0.0,0.05038,0.08283,0.05276
2023-06-08 02:00:00,0.0376666666666666,40.5,0.0,91,0.0,0.05038,0.07495,0.05276
2023-06-08 03:00:00,0.0371666666666666,39.25,0.0,91,0.0,0.05038,0.07357,0.05276
2023-06-08 04:00:00,0.037,36.0,0.0,91,0.0,0.05038,0.06654,0.05276
2023-06-08 05:00:00,0.0375,36.0,0.0,91,4.564102643575419e-05,0.05038,0.07809,0.05276
2023-06-08 06:00:00,0.0361666666666666,31.5,0.0,91,0.0164954700072606,0.05919,0.09278,0.05276
2023-06-08 07:00:00,0.0346666666666666,30.75,0.0,91,0.0953538456533709,0.05919,0.09140000000000001,0.05276
2023-06-08 08:00:00,0.0343333333333333,31.5,0.0,91,0.2335531625992212,0.05919,0.08376,0.05276
2023-06-08 09:00:00,0.1965,30.5,0.0,91,0.4284536795330863,0.05919,0.07464,0.05276
2023-06-08 10:00:00,0.223,22.25,0.0,91,0.5577489751832101,0.05919,0.0685,0.05276
2023-06-08 11:00:00,0.1328333333333333,17.5,0.0,91,0.6684124788463625,0.05919,0.06422,0.05276
2023-06-08 12:00:00,0.1381666666666666,19.0,0.0,91,0.486118634215787,0.05919,0.0644,0.05276
2023-06-08 13:00:00,0.1335,20.75,0.0,91,0.6581741926405169,0.05919,0.06406,0.05276
2023-06-08 14:00:00,1.691,16.75,0.0,91,0.6437319695236335,0.05919,0.06793,0.05276
2023-06-08 15:00:00,9.276166666666668,17.25,0.0,91,0.4129145266867092,0.05919,0.07117,0.05276
2023-06-08 16:00:00,9.031333333333334,18.25,0.0,91,0.5378741024702027,0.05919,0.0761,0.05276
2023-06-08 17:00:00,7.609166666666667,23.75,0.0,91,0.372801282181699,0.05919,0.08949,0.05276
2023-06-08 18:00:00,6.9415,30.0,0.0,91,0.2417780339819753,0.05919,0.1016,0.05276
2023-06-08 19:00:00,13.839333333333334,31.75,0.0,91,0.1206471792041745,0.05919,0.0986,0.05276
2023-06-08 20:00:00,13.728666666666667,35.75,0.0,91,0.0350395726342486,0.05919,0.10055,0.05276
2023-06-08 21:00:00,1.8706666666666667,38.5,0.0,91,0.0009629914693486,0.05919,0.09658,0.05276
2023-06-08 22:00:00,0.2788333333333333,34.5,0.0,91,0.0,0.05038,0.091,0.05276
2023-06-08 23:00:00,0.2394999999999999,35.25,0.0,91,0.0,0.05038,0.095,0.05276
2023-06-09 00:00:00,0.2625,40.75,0.0,91,0.0,0.05038,0.0897,0.05276
2023-06-09 01:00:00,0.2575,34.0,0.0,91,0.0,0.05038,0.07973000000000001,0.05276
2023-06-09 02:00:00,0.2621666666666666,34.5,0.0,91,0.0,0.05038,0.076,0.05276
2023-06-09 03:00:00,0.2565,35.0,0.0,91,0.0,0.05038,0.07579999999999999,0.05276
2023-06-09 04:00:00,0.2613333333333333,35.75,0.0,91,0.0,0.05038,0.07642,0.05276
2023-06-09 05:00:00,0.257,36.0,0.0,91,0.0002145299111676,0.05038,0.07993,0.05276
2023-06-09 06:00:00,0.256,35.25,0.0,91,0.0306364955504735,0.05919,0.10396999999999999,0.05276
2023-06-09 07:00:00,0.2588333333333333,34.25,0.0,91,0.0679120516980815,0.05919,0.10394,0.05276
2023-06-09 08:00:00,0.2523333333333333,33.5,0.0,91,0.0754634188790606,0.05919,0.09139,0.05276
2023-06-09 09:00:00,0.5896666666666667,33.5,0.0,91,0.1177788031814444,0.05919,0.08226,0.05276
2023-06-09 10:00:00,1.2673333333333332,33.25,0.0,91,0.1859442730439015,0.05919,0.07543000000000001,0.05276
2023-06-09 11:00:00,1.6865,33.0,0.0,91,0.1645145303775103,0.05919,0.07003,0.05276
2023-06-09 12:00:00,0.3111666666666666,30.75,0.0,91,0.1777617961524898,0.05919,0.06898,0.05276
2023-06-09 13:00:00,1.7028333333333334,27.75,0.0,91,0.149851196484688,0.05919,0.06406,0.05276
2023-06-09 14:00:00,1.4383333333333337,21.0,0.0,91,0.130434016855354,0.05919,0.06839,0.05276
2023-06-09 15:00:00,3.3375000000000004,20.75,0.0,91,0.1484465814248109,0.05919,0.07264,0.05276
2023-06-09 16:00:00,0.0616666666666666,22.25,0.0,91,0.1448193160489074,0.05919,0.08063,0.05276
2023-06-09 17:00:00,0.0619999999999999,26.75,0.0,91,0.1287355551760421,0.05919,0.095,0.05276
2023-06-09 18:00:00,0.0604999999999999,32.0,0.0,91,0.1203327347682072,0.05919,0.10412,0.05276
2023-06-09 19:00:00,0.0601666666666666,32.0,0.0,91,0.0565000852356609,0.05919,0.10645,0.05276
2023-06-09 20:00:00,0.0603333333333333,32.25,0.0,91,0.0143425639827027,0.05919,0.10412,0.05276
2023-06-09 21:00:00,0.0614999999999999,30.5,0.0,91,8.803418813607642e-06,0.05919,0.09748,0.05276
2023-06-09 22:00:00,0.0609999999999999,30.5,0.0,91,0.0,0.05038,0.086,0.05276
2023-06-09 23:00:00,2.146,31.75,0.0,91,0.0,0.05038,0.08903,0.05276
2023-06-10 00:00:00,0.1738333333333332,30.75,0.0,91,0.0,0.05038,0.0841,0.05276
2023-06-10 01:00:00,0.0624999999999999,30.0,0.0,91,0.0,0.05038,0.08413,0.05276
2023-06-10 02:00:00,0.0624999999999999,20.0,0.0,91,0.0,0.05038,0.08031999999999999,0.05276
2023-06-10 03:00:00,0.0613333333333333,17.25,0.0,91,0.0,0.05038,0.07744,0.05276
2023-06-10 04:00:00,0.0614999999999999,17.5,0.0,91,0.0,0.05038,0.07987000000000001,0.05276
2023-06-10 05:00:00,0.0613333333333332,18.0,0.0,91,0.0,0.05038,0.07943,0.05276
2023-06-10 06:00:00,0.0605,18.0,0.0,91,0.0186111965508033,0.05919,0.085,0.05276
2023-06-10 07:00:00,0.0603333333333333,17.25,0.0,91,0.053540085605067,0.05919,0.08183,0.05276
2023-06-10 08:00:00,0.0601666666666666,17.0,0.0,91,0.1601899143773266,0.05919,0.06904,0.05276
2023-06-10 09:00:00,0.0606666666666666,16.25,0.0,91,0.2777672655154497,0.05919,0.04568,0.05276
2023-06-10 10:00:00,1.2768333333333333,14.0,0.0,91,0.5269906844440689,0.05919,0.0354,0.05276
2023-06-10 11:00:00,7.543833333333333,13.0,0.0,91,0.6242470941788111,0.05919,0.02239,0.05276
2023-06-10 12:00:00,3.3556666666666666,12.75,0.0,91,0.7283461533244859,0.05919,0.018850000000000002,0.05276
2023-06-10 13:00:00,4.022166666666666,13.0,0.0,91,0.6273906016553569,0.05919,0.00656,0.05276
2023-06-10 14:00:00,7.3405,13.75,0.0,91,0.5126362414237781,0.05919,0.00924,0.05276
2023-06-10 15:00:00,6.746166666666666,14.0,0.0,91,0.7278612766102849,0.05919,0.00914,0.05276
2023-06-10 16:00:00,1.5646666666666669,13.5,0.0,91,0.6749220536712908,0.05919,0.0445,0.05276
2023-06-10 17:00:00,0.5518333333333333,13.25,0.0,91,0.4983152125431943,0.05919,0.07497,0.05276
2023-06-10 18:00:00,1.5833333333333333,16.5,0.0,91,0.1795982055990105,0.05919,0.08616,0.05276
2023-06-10 19:00:00,1.1973333333333334,23.0,0.0,91,0.0708764960623195,0.05919,0.09125,0.05276
2023-06-10 20:00:00,6.200500000000001,24.25,0.0,91,0.0477120513793749,0.05919,0.09090999999999999,0.05276
2023-06-10 21:00:00,0.4661666666666667,25.0,0.0,91,0.0036260683723112,0.05919,0.0878,0.05276
2023-06-10 22:00:00,0.7071666666666667,24.25,0.0,91,0.0,0.05038,0.08087000000000001,0.05276
2023-06-10 23:00:00,0.3721666666666666,24.0,0.0,91,0.0,0.05038,0.08733,0.05276
2023-06-11 00:00:00,0.0636666666666666,24.25,0.0,91,0.0,0.05038,0.07747,0.05276
2023-06-11 01:00:00,0.0638333333333332,17.5,0.0,91,0.0,0.05038,0.07001,0.05276
2023-06-11 02:00:00,0.0631666666666665,15.75,0.0,91,0.0,0.05038,0.06021,0.05276
2023-06-11 03:00:00,0.0621666666666666,13.25,0.0,91,0.0,0.05038,0.056670000000000005,0.05276
2023-06-11 04:00:00,0.0614999999999999,13.75,0.0,91,0.0,0.05038,0.053689999999999995,0.05276
2023-06-11 05:00:00,0.0634999999999999,14.0,0.0,91,0.0002932478665796,0.05038,0.05205,0.05276
2023-06-11 06:00:00,0.0649999999999999,14.0,0.0,91,0.0245688034734155,0.05919,0.04721,0.05276
2023-06-11 07:00:00,0.0614999999999999,13.75,0.0,91,0.0942029057201157,0.05919,0.02844,0.05276
2023-06-11 08:00:00,0.0611666666666666,13.0,0.0,91,0.1883528197524894,0.05919,0.0159,0.05276
2023-06-11 09:00:00,0.0618333333333332,13.0,0.0,91,0.259012819273859,0.05919,5.9999999999999995e-05,0.05276
2023-06-11 10:00:00,1.0423333333333331,13.0,0.0,91,0.5666720541929589,0.05919,0.00526,0.05276
2023-06-11 11:00:00,3.5018333333333334,13.0,0.0,91,0.5759676061124883,0.05919,0.00254,0.05276
2023-06-11 12:00:00,5.914000000000001,12.25,0.0,91,0.6879176069732408,0.05919,-8.999999999999999e-05,0.05276
2023-06-11 13:00:00,2.5196666666666667,12.5,0.0,91,0.7522129039275339,0.05919,-0.009810000000000001,0.05276
2023-06-11 14:00:00,0.1348333333333332,13.0,0.0,91,0.7488228183322484,0.05919,-0.00065,0.05276
2023-06-11 15:00:00,0.0636666666666666,13.5,0.0,91,0.6822709414490272,0.05919,-8e-05,0.05276
2023-06-11 16:00:00,0.0656666666666666,13.75,0.0,91,0.5286966643374194,0.05919,0.02792,0.05276
2023-06-11 17:00:00,0.0636666666666666,12.75,0.0,91,0.1201180336618016,0.05919,0.08381999999999999,0.05276
2023-06-11 18:00:00,0.0618333333333332,16.0,0.0,91,0.0240576067948952,0.05919,0.09991,0.05276
2023-06-11 19:00:00,0.0633333333333332,24.25,0.0,91,0.0673989743452805,0.05919,0.10765999999999999,0.05276
2023-06-11 20:00:00,0.0614999999999999,28.25,0.0,91,0.0908350426519019,0.05919,0.11198999999999999,0.05276
2023-06-11 21:00:00,0.0626666666666665,30.5,0.0,91,0.0032897435778226,0.05919,0.11181,0.05276
2023-06-11 22:00:00,0.0624999999999999,30.0,0.0,91,0.0,0.05038,0.10291,0.05276
2023-06-11 23:00:00,0.0621666666666666,29.75,0.0,91,0.0,0.05038,0.09433,0.05276
2023-06-12 00:00:00,0.0623333333333332,30.25,0.0,91,0.0,0.05038,0.08508,0.05276
2023-06-12 01:00:00,0.0638333333333332,28.25,0.0,91,0.0,0.05038,0.08502,0.05276
2023-06-12 02:00:00,0.0648333333333333,28.25,0.0,91,0.0,0.05038,0.08163,0.05276
2023-06-12 03:00:00,0.0639999999999999,28.75,0.0,91,0.0,0.05038,0.08395,0.05276
2023-06-12 04:00:00,0.0649999999999999,29.0,0.0,91,0.0,0.05038,0.095,0.05276
2023-06-12 05:00:00,0.062,29.5,0.0,91,0.0,0.05038,0.10481,0.05276
2023-06-12 06:00:00,0.0589999999999999,30.0,0.0,91,0.0251124786439105,0.05919,0.11944,0.05276
2023-06-12 07:00:00,0.0586666666666666,29.0,0.0,91,0.0901925639617137,0.05919,0.12439,0.05276
2023-06-12 08:00:00,0.0843333333333333,28.0,0.0,91,0.1934565804962419,0.05919,0.10601000000000001,0.05276
2023-06-12 09:00:00,0.1608333333333333,27.25,0.0,91,0.4719477739904681,0.05919,0.095,0.05276
2023-06-12 10:00:00,0.1948333333333333,23.75,0.0,91,0.5579951261862733,0.05919,0.09048,0.05276
2023-06-12 11:00:00,0.5496666666666666,20.5,0.0,91,0.6417320492736296,0.05919,0.08717,0.05276
2023-06-12 12:00:00,1.2385,16.0,0.0,91,0.6938670929476749,0.05919,0.08334,0.05276
2023-06-12 13:00:00,1.6093333333333335,13.5,0.0,91,0.7351947021484376,0.05919,0.08109999999999999,0.05276
2023-06-12 14:00:00,0.508,14.25,0.0,91,0.267612991333008,0.05919,0.08202,0.05276
2023-06-12 15:00:00,0.282,13.25,0.0,91,0.2227578634278387,0.05919,0.08481999999999999,0.05276
2023-06-12 16:00:00,4.378,14.0,0.0,91,0.2599511963281876,0.05919,0.09759999999999999,0.05276
2023-06-12 17:00:00,6.932333333333333,19.0,0.0,91,0.2954232455522586,0.05919,0.10968000000000001,0.05276
2023-06-12 18:00:00,1.606333333333333,27.0,0.0,91,0.1387719664614425,0.05919,0.13304,0.05276
2023-06-12 19:00:00,0.265,36.25,0.0,91,0.0290256408748463,0.05919,0.13101,0.05276
2023-06-12 20:00:00,0.2598333333333333,37.75,0.0,91,0.0030458119664038,0.05919,0.11693,0.05276
2023-06-12 21:00:00,1.4218333333333335,39.25,0.0,91,0.0,0.05919,0.10703,0.05276
2023-06-12 22:00:00,14.9375,35.0,0.0,91,0.0,0.05038,0.09809999999999999,0.05276
2023-06-12 23:00:00,9.871333333333334,37.0,0.0,91,0.0,0.05038,0.08911,0.05276
2023-06-13 00:00:00,5.8555,41.5,0.0,91,0.0,0.05038,0.08278,0.05276
2023-06-13 01:00:00,0.5323333333333333,42.75,0.0,91,0.0,0.05038,0.08329,0.05276
2023-06-13 02:00:00,0.2676666666666666,42.25,0.0,91,0.0,0.05038,0.08275,0.05276
2023-06-13 03:00:00,0.2675,33.0,0.0,91,0.0,0.05038,0.08477,0.05276
2023-06-13 04:00:00,0.261,32.5,0.0,91,0.0,0.05038,0.09004000000000001,0.05276
2023-06-13 05:00:00,0.2671666666666666,32.75,0.0,91,0.0,0.05038,0.10194,0.05276
2023-06-13 06:00:00,0.2671666666666666,32.0,0.0,91,0.010114444418468,0.05919,0.119,0.05276
2023-06-13 07:00:00,0.2621666666666666,34.5,0.0,91,0.0491870938610826,0.05919,0.12004000000000001,0.05276
2023-06-13 08:00:00,0.2645,35.75,0.0,91,0.2186984609946227,0.05919,0.10312,0.05276
2023-06-13 09:00:00,0.2661666666666666,34.5,0.0,91,0.2379442736633822,0.05919,0.08508,0.05276
2023-06-13 10:00:00,0.3434999999999999,33.0,0.0,91,0.1497769231877775,0.05919,0.08009999999999999,0.05276
2023-06-13 11:00:00,7.880166666666667,26.25,0.0,91,0.4743156387459519,0.05919,0.07901999999999999,0.05276
2023-06-13 12:00:00,2.6163333333333334,17.25,0.0,91,0.4502946165688017,0.05919,0.07322,0.05276
2023-06-13 13:00:00,4.210833333333333,17.0,0.0,91,0.5782996596637955,0.05919,0.07133,0.05276
2023-06-13 14:00:00,6.429833333333334,17.0,0.0,91,0.6956960661798461,0.05919,0.06815,0.05276
2023-06-13 15:00:00,5.344666666666666,17.75,0.0,91,0.3498971795628213,0.05919,0.07393000000000001,0.05276
2023-06-13 16:00:00,11.014833333333334,26.5,0.0,91,0.4017176919920834,0.05919,0.08467,0.05276
2023-06-13 17:00:00,2.5931666666666664,39.75,0.0,91,0.1725169219318618,0.05919,0.10187,0.05276
2023-06-13 18:00:00,0.0721666666666666,43.25,0.0,91,0.022810085390368,0.05919,0.11345999999999999,0.05276
2023-06-13 19:00:00,0.0708333333333333,35.25,0.0,91,0.009232222259554,0.05919,0.12073,0.05276
2023-06-13 20:00:00,1.3113333333333337,35.5,0.0,91,0.0050799999924169,0.05919,0.11345000000000001,0.05276
2023-06-13 21:00:00,1.896,36.0,0.0,91,1.40170940858686e-05,0.05919,0.105,0.05276
2023-06-13 22:00:00,3.8995,35.75,0.0,91,0.0,0.05038,0.09838,0.05276
2023-06-13 23:00:00,0.3943333333333333,33.75,0.0,91,0.0,0.05038,0.09628,0.05276
2023-06-14 00:00:00,0.0738333333333333,34.5,0.0,91,0.0,0.05038,0.08868000000000001,0.05276
2023-06-14 01:00:00,0.0671666666666666,36.25,0.0,91,0.0,0.05038,0.08698,0.05276
2023-06-14 02:00:00,0.0676666666666666,39.75,0.0,91,0.0,0.05038,0.08625,0.05276
2023-06-14 03:00:00,0.0715,40.75,0.0,91,0.0,0.05038,0.08583,0.05276
2023-06-14 04:00:00,0.0673333333333333,38.0,0.0,91,0.0,0.05038,0.09343000000000001,0.05276
2023-06-14 05:00:00,0.0699999999999999,36.5,0.0,91,0.000164102565529,0.05038,0.09772,0.05276
2023-06-14 06:00:00,0.0689999999999999,34.5,0.0,91,0.0172272650044188,0.05919,0.12242,0.05276
2023-06-14 07:00:00,0.0651666666666666,35.0,0.0,91,0.034912222267216,0.05919,0.128,0.05276
2023-06-14 08:00:00,0.0705,37.25,0.0,91,0.1207046997037708,0.05919,0.10332,0.05276
2023-06-14 09:00:00,0.06,37.75,0.0,91,0.2338687172914162,0.05919,0.08766,0.05276
2023-06-14 10:00:00,0.0453333333333333,35.75,0.0,91,0.5877067520272021,0.05919,0.07904000000000001,0.05276
2023-06-14 11:00:00,0.0548333333333333,33.0,0.0,91,0.6446558106251251,0.05919,0.07554000000000001,0.05276
2023-06-14 12:00:00,0.045,32.25,0.0,91,0.6973690600272937,0.05919,0.07574,0.05276
2023-06-14 13:00:00,0.0476666666666666,32.5,0.0,91,0.7544032489744007,0.05919,0.07867,0.05276
2023-06-14 14:00:00,0.0498333333333333,33.0,0.0,91,0.7506051257532886,0.05919,0.08039,0.05276
2023-06-14 15:00:00,0.0436666666666666,32.75,0.0,91,0.6906318821051182,0.05919,0.08527,0.05276
2023-06-14 16:00:00,7.328166666666667,33.25,0.0,91,0.5563193202222517,0.05919,0.09898,0.05276
2023-06-14 17:00:00,12.725166666666668,34.0,0.0,91,0.4976940174591845,0.05919,0.11501,0.05276
2023-06-14 18:00:00,0.2298333333333333,35.25,0.0,91,0.3367010243733724,0.05919,0.13886,0.05276
2023-06-14 19:00:00,1.059,36.75,0.0,91,0.1669771793561104,0.05919,0.14032,0.05276
2023-06-14 20:00:00,3.197,37.75,0.0,91,0.0297789743211534,0.05919,0.12304000000000001,0.05276
2023-06-14 21:00:00,6.826666666666667,38.5,0.0,91,0.0025190598203633,0.05919,0.11420999999999999,0.05276
2023-06-14 22:00:00,12.82,46.0,0.0,91,0.0,0.05038,0.105,0.05276
2023-06-14 23:00:00,3.671333333333333,41.75,0.0,91,0.0,0.05038,0.10712,0.05276
2023-06-15 00:00:00,0.0645,32.0,0.0,91,0.0,0.05038,0.10277,0.05276
2023-06-15 01:00:00,0.0668333333333333,35.25,0.0,91,0.0,0.05038,0.10062,0.05276
2023-06-15 02:00:00,0.0738333333333333,40.25,0.0,91,0.0,0.05038,0.10038,0.05276
2023-06-15 03:00:00,0.0664999999999999,41.0,0.0,91,0.0,0.05038,0.10037,0.05276
2023-06-15 04:00:00,0.0661666666666666,41.25,0.0,91,0.0,0.05038,0.0985,0.05276
2023-06-15 05:00:00,0.0725,40.5,0.0,91,0.0002621367535529,0.05038,0.10467,0.05276
2023-06-15 06:00:00,0.0663333333333333,40.5,0.0,91,0.0201637605978892,0.05919,0.12528,0.05276
2023-06-15 07:00:00,0.0636666666666666,38.25,0.0,91,0.1112010259302253,0.05919,0.14007,0.05276
2023-06-15 08:00:00,0.1078333333333333,37.5,0.0,91,0.2894374374650483,0.05919,0.116,0.05276
2023-06-15 09:00:00,2.1525,35.75,0.0,91,0.4218230780577048,0.05919,0.10366,0.05276
2023-06-15 10:00:00,13.322666666666668,33.75,0.0,91,0.5513568363026679,0.05919,0.09802,0.05276
2023-06-15 11:00:00,12.094,32.0,0.0,91,0.6442919661041003,0.05919,0.09223999999999999,0.05276
2023-06-15 12:00:00,11.505833333333332,31.75,0.0,91,0.732081962650658,0.05919,0.09,0.05276
2023-06-15 13:00:00,12.607833333333332,32.0,0.0,91,0.5841321355053503,0.05919,0.09,0.05276
2023-06-15 14:00:00,20.238333333333333,31.75,0.0,91,0.6989910340920474,0.05919,0.09201000000000001,0.05276
2023-06-15 15:00:00,17.182333333333332,32.0,0.0,91,0.7277587998219027,0.05919,0.09675,0.05276
2023-06-15 16:00:00,16.429333333333332,32.25,0.0,91,0.6245911094469904,0.05919,0.10490000000000001,0.05276
2023-06-15 17:00:00,2.4051666666666667,33.5,0.0,91,0.4424018802805843,0.05919,0.12539,0.05276
2023-06-15 18:00:00,1.147,34.0,0.0,91,0.2583568380632971,0.05919,0.1447,0.05276
2023-06-15 19:00:00,3.1605000000000003,35.0,0.0,91,0.1532234182928363,0.05919,0.14799,0.05276
2023-06-15 20:00:00,6.677333333333333,35.5,0.0,91,0.0524776070138328,0.05919,0.1421,0.05276
2023-06-15 21:00:00,12.3975,35.75,0.0,91,0.0038499999867799,0.05919,0.1468,0.05276
2023-06-15 22:00:00,5.201333333333333,36.75,0.0,91,0.0,0.05038,0.12493000000000001,0.05276
2023-06-15 23:00:00,0.2596666666666666,37.25,0.0,91,0.0,0.05038,0.12616,0.05276
2023-06-16 00:00:00,0.266,37.25,0.0,91,0.0,0.05038,0.12157,0.05276
2023-06-16 01:00:00,0.2648333333333333,35.0,0.0,91,0.0,0.05038,0.11556,0.05276
2023-06-16 02:00:00,0.265,39.25,0.0,91,0.0,0.05038,0.11266,0.05276
2023-06-16 03:00:00,0.2598333333333333,40.75,0.0,91,0.0,0.05038,0.11305,0.05276
2023-06-16 04:00:00,0.265,41.75,0.0,91,0.0,0.05038,0.11772,0.05276
2023-06-16 05:00:00,0.2648333333333333,39.75,0.0,91,0.0008370085531829,0.05038,0.132,0.05276
2023-06-16 06:00:00,0.262,40.75,0.0,91,0.0291270084870167,0.05919,0.14983000000000002,0.05276
2023-06-16 07:00:00,0.2588333333333333,39.25,0.0,91,0.1105490602998651,0.05919,0.14559,0.05276
2023-06-16 08:00:00,0.2625,38.75,0.0,91,0.2663880340054504,0.05919,0.12415999999999999,0.05276
2023-06-16 09:00:00,12.982,36.25,0.0,91,0.4118458954900758,0.05919,0.11220000000000001,0.05276
2023-06-16 10:00:00,18.1525,31.0,0.0,91,0.5357112812792135,0.05919,0.10898999999999999,0.05276
2023-06-16 11:00:00,17.922,24.0,0.0,91,0.6390480341463007,0.05919,0.10735,0.05276
2023-06-16 12:00:00,18.666,20.0,0.0,91,0.706954958663028,0.05919,0.10676000000000001,0.05276
2023-06-16 13:00:00,20.4985,21.5,0.0,91,0.7301946173773877,0.05919,0.10331,0.05276
2023-06-16 14:00:00,20.1435,20.25,0.0,91,0.7195740137344752,0.05919,0.10165,0.05276
2023-06-16 15:00:00,19.55366666666667,20.0,0.0,91,0.6862288059332431,0.05919,0.10845999999999999,0.05276
2023-06-16 16:00:00,20.471833333333333,20.75,0.0,91,0.6075862395457732,0.05919,0.11499,0.05276
2023-06-16 17:00:00,8.493666666666666,30.5,0.0,91,0.4883754697620359,0.05919,0.13535,0.05276
2023-06-16 18:00:00,0.3951666666666666,38.25,0.0,91,0.3193365817599826,0.05919,0.1611,0.05276
2023-06-16 19:00:00,1.645333333333333,39.5,0.0,91,0.1645152993487496,0.05919,0.17507,0.05276
2023-06-16 20:00:00,4.2700000000000005,40.25,0.0,91,0.0477347012055225,0.05919,0.16552,0.05276
2023-06-16 21:00:00,8.5305,41.0,0.0,91,0.0027073504348707,0.05919,0.15184999999999998,0.05276
2023-06-16 22:00:00,12.879833333333332,40.5,0.0,91,0.0,0.05038,0.13818,0.05276
2023-06-16 23:00:00,0.0693333333333333,40.5,0.0,91,0.0,0.05038,0.13081,0.05276
2023-06-17 00:00:00,0.0745,41.25,0.0,91,0.0,0.05038,0.12279999999999999,0.05276
2023-06-17 01:00:00,0.0694999999999999,41.75,0.0,91,0.0,0.05038,0.11997,0.05276
2023-06-17 02:00:00,0.0686666666666666,43.25,0.0,91,0.0,0.05038,0.11639000000000001,0.05276
2023-06-17 03:00:00,0.0708333333333333,44.25,0.0,91,0.0,0.05038,0.11106,0.05276
2023-06-17 04:00:00,0.0706666666666666,44.25,0.0,91,0.0,0.05038,0.11,0.05276
2023-06-17 05:00:00,0.0678333333333333,43.5,0.0,91,0.0001382051287298,0.05038,0.11025,0.05276
2023-06-17 06:00:00,0.0671666666666666,42.75,0.0,91,0.0267298291636328,0.05919,0.10801000000000001,0.05276
2023-06-17 07:00:00,0.0718333333333333,38.75,0.0,91,0.1062176931006276,0.05919,0.101,0.05276
2023-06-17 08:00:00,0.065,36.0,0.0,91,0.262252564715524,0.05919,0.09559999999999999,0.05276
2023-06-17 09:00:00,0.1478333333333333,26.75,0.0,91,0.4112314540504391,0.05919,0.085,0.05276
2023-06-17 10:00:00,0.1733333333333332,18.25,0.0,91,0.5194701678936295,0.05919,0.06999,0.05276
2023-06-17 11:00:00,0.2903333333333333,16.0,0.0,91,0.6167569237081417,0.05919,0.059359999999999996,0.05276
2023-06-17 12:00:00,1.2813333333333332,16.0,0.0,91,0.6703611135890343,0.05919,0.0484,0.05276
2023-06-17 13:00:00,3.6135,16.0,0.0,91,0.6794506027352097,0.05919,0.039380000000000005,0.05276
2023-06-17 14:00:00,7.508666666666667,16.25,0.0,91,0.6710653856065539,0.05919,0.05608,0.05276
2023-06-17 15:00:00,14.0725,16.25,0.0,91,0.6473880330925315,0.05919,0.085,0.05276
2023-06-17 16:00:00,1.1078333333333332,16.75,0.0,91,0.5591717098920772,0.05919,0.10152,0.05276
2023-06-17 17:00:00,0.1718333333333332,21.75,0.0,91,0.4180322219979049,0.05919,0.11531,0.05276
2023-06-17 18:00:00,0.1734999999999999,34.0,0.0,91,0.3027258975689227,0.05919,0.13779,0.05276
2023-06-17 19:00:00,0.501,37.5,0.0,91,0.1570331617502066,0.05919,0.14697,0.05276
2023-06-17 20:00:00,1.9351666666666667,42.5,0.0,91,0.0498142735367147,0.05919,0.14477,0.05276
2023-06-17 21:00:00,4.766500000000001,43.75,0.0,91,0.0031427350598904,0.05919,0.142,0.05276
2023-06-17 22:00:00,9.313833333333331,39.25,0.0,91,0.0,0.05038,0.13665,0.05276
2023-06-17 23:00:00,11.213,39.75,0.0,91,0.0,0.05038,0.12678,0.05276
2023-06-18 00:00:00,0.0658333333333333,36.5,0.0,91,0.0,0.05038,0.10887000000000001,0.05276
2023-06-18 01:00:00,0.0653333333333333,35.0,0.0,91,0.0,0.05038,0.10319,0.05276
2023-06-18 02:00:00,0.0654999999999999,33.5,0.0,91,0.0,0.05038,0.1,0.05276
2023-06-18 03:00:00,0.0725,32.75,0.0,91,0.0,0.05038,0.09601000000000001,0.05276
2023-06-18 04:00:00,0.0666666666666666,34.25,0.0,91,0.0,0.05038,0.08681,0.05276
2023-06-18 05:00:00,0.0664999999999999,34.75,0.0,91,5.076922922052889e-05,0.05038,0.09475,0.05276
2023-06-18 06:00:00,0.0648333333333333,35.5,0.0,91,0.0152989742873061,0.05919,0.09206,0.05276
2023-06-18 07:00:00,0.0698333333333333,34.0,0.0,91,0.112482307833484,0.05919,0.085,0.05276
2023-06-18 08:00:00,0.0645,26.25,0.0,91,0.2904165810805101,0.05919,0.07817,0.05276
2023-06-18 09:00:00,10.1435,22.0,0.0,91,0.4275556394788954,0.05919,0.06353,0.05276
2023-06-18 10:00:00,16.4145,21.25,0.0,91,0.3117039316943568,0.05919,0.053880000000000004,0.05276
2023-06-18 11:00:00,15.748666666666669,18.0,0.0,91,0.2187338470393776,0.05919,0.046,0.05276
2023-06-18 12:00:00,16.483833333333333,14.25,0.0,91,0.2300129908374232,0.05919,0.02952,0.05276
2023-06-18 13:00:00,15.682166666666667,14.0,0.0,91,0.2745841021415516,0.05919,0.0251,0.05276
2023-06-18 14:00:00,14.795666666666667,14.0,0.0,91,0.5984293137248765,0.05919,0.04914,0.05276
2023-06-18 15:00:00,16.9475,14.0,0.0,91,0.3698530767717932,0.05919,0.075,0.05276
2023-06-18 16:00:00,18.85633333333333,15.0,0.0,91,0.4368986344948791,0.05919,0.09378,0.05276
2023-06-18 17:00:00,20.51633333333333,25.5,0.0,91,0.4167224771548541,0.05919,0.10723,0.05276
2023-06-18 18:00:00,20.53983333333333,36.75,0.0,91,0.3108234189514421,0.05919,0.11825,0.05276
2023-06-18 19:00:00,16.216833333333334,38.5,0.0,91,0.1128298294034778,0.05919,0.12547,0.05276
2023-06-18 20:00:00,19.79233333333333,38.5,0.0,91,0.0210930769463889,0.05919,0.13402,0.05276
2023-06-18 21:00:00,14.937333333333331,37.0,0.0,91,0.0012803418663704,0.05919,0.13706000000000002,0.05276
2023-06-18 22:00:00,14.543833333333334,44.0,0.0,91,0.0,0.05038,0.11753,0.05276
2023-06-18 23:00:00,2.9251666666666662,48.0,0.0,91,0.0,0.05038,0.09968,0.05276
2023-06-19 00:00:00,0.0688333333333333,38.25,0.0,91,0.0,0.05038,0.09340999999999999,0.05276
2023-06-19 01:00:00,0.0684999999999999,32.0,0.0,91,0.0,0.05038,0.08834,0.05276
2023-06-19 02:00:00,0.0685,33.75,0.0,91,0.0,0.05038,0.08942,0.05276
2023-06-19 03:00:00,0.0741666666666666,34.75,0.0,91,0.0,0.05038,0.09068999999999999,0.05276
2023-06-19 04:00:00,0.0678333333333333,34.5,0.0,91,0.0,0.05038,0.09561,0.05276
2023-06-19 05:00:00,0.0665,34.25,0.0,91,0.0,0.05038,0.10978,0.05276
2023-06-19 06:00:00,0.065,34.75,0.0,91,0.0140286324778173,0.05919,0.13015000000000002,0.05276
2023-06-19 07:00:00,0.0708333333333333,35.0,0.0,91,0.0593120509335118,0.05919,0.13223,0.05276
2023-06-19 08:00:00,0.1113333333333333,34.25,0.0,91,0.0983842734801463,0.05919,0.11533,0.05276
2023-06-19 09:00:00,0.6136666666666667,33.0,0.0,91,0.1451574360611092,0.05919,0.10378,0.05276
2023-06-19 10:00:00,4.320333333333333,32.0,0.0,91,0.1642897434723683,0.05919,0.09702,0.05276
2023-06-19 11:00:00,9.7155,31.5,0.0,91,0.3480620513003096,0.05919,0.09311,0.05276
2023-06-19 12:00:00,0.5133333333333333,30.0,0.0,91,0.5515123934623524,0.05919,0.09,0.05276
2023-06-19 13:00:00,1.7578333333333334,30.0,0.0,91,0.7068685476188988,0.05919,0.08849,0.05276
2023-06-19 14:00:00,4.353833333333333,29.0,0.0,91,0.7196938434829059,0.05919,0.09401000000000001,0.05276
2023-06-19 15:00:00,4.122833333333333,28.75,0.0,91,0.4996087150899774,0.05919,0.09811,0.05276
2023-06-19 16:00:00,14.197666666666668,29.5,0.0,91,0.566892477508284,0.05919,0.11008,0.05276
2023-06-19 17:00:00,15.678833333333335,32.25,0.0,91,0.4422322235759509,0.05919,0.137,0.05276
2023-06-19 18:00:00,17.136,32.25,0.0,91,0.2457538464538053,0.05919,0.16777,0.05276
2023-06-19 19:00:00,18.413833333333333,36.25,0.0,91,0.0775643591187958,0.05919,0.16508,0.05276
2023-06-19 20:00:00,19.987666666666662,36.75,0.0,91,0.0181447008124783,0.05919,0.14999,0.05276
2023-06-19 21:00:00,21.1335,37.0,0.0,91,0.0002705982897,0.05919,0.14286000000000001,0.05276
2023-06-19 22:00:00,19.81833333333333,36.25,0.0,91,0.0,0.05038,0.13448,0.05276
2023-06-19 23:00:00,13.973999999999998,35.75,0.0,91,0.0,0.05038,0.12079999999999999,0.05276
2023-06-20 00:00:00,2.045833333333333,37.5,0.0,91,0.0,0.05038,0.11028,0.05276
2023-06-20 01:00:00,0.2575,39.25,0.0,91,0.0,0.05038,0.10398,0.05276
2023-06-20 02:00:00,0.2571666666666667,39.75,0.0,91,0.0,0.05038,0.101,0.05276
2023-06-20 03:00:00,0.2571666666666666,38.75,0.0,91,0.0,0.05038,0.09945,0.05276
2023-06-20 04:00:00,0.2561666666666666,37.75,0.0,91,0.0,0.05038,0.10107,0.05276
2023-06-20 05:00:00,0.2556666666666666,37.0,0.0,91,0.0,0.05038,0.11189,0.05276
2023-06-20 06:00:00,0.2546666666666666,36.5,0.0,91,0.0265532477785889,0.05919,0.12621,0.05276
2023-06-20 07:00:00,0.2535,37.5,0.0,91,0.1097234189612233,0.05919,0.14631,0.05276
2023-06-20 08:00:00,0.2561666666666666,36.25,0.0,91,0.247290170457628,0.05919,0.13088999999999998,0.05276
2023-06-20 09:00:00,0.4548333333333333,34.5,0.0,91,0.3421376083243607,0.05919,0.11401,0.05276
2023-06-20 10:00:00,1.3623333333333332,33.25,0.0,91,0.360350597414196,0.05919,0.1098,0.05276
2023-06-20 11:00:00,3.589166666666667,30.5,0.0,91,0.5301512817643649,0.05919,0.0999,0.05276
2023-06-20 12:00:00,7.345666666666666,30.0,0.0,91,0.4500446146777553,0.05919,0.10152,0.05276
2023-06-20 13:00:00,13.595166666666666,30.75,0.0,91,0.6927267540825741,0.05919,0.10177,0.05276
2023-06-20 14:00:00,2.7736666666666667,32.5,0.0,91,0.5858088035257454,0.05919,0.10321,0.05276
2023-06-20 15:00:00,4.200500000000001,32.75,0.0,91,0.587804185916216,0.05919,0.10515000000000001,0.05276
2023-06-20 16:00:00,6.423166666666667,33.25,0.0,91,0.4645859827546991,0.05919,0.11854,0.05276
2023-06-20 17:00:00,10.291833333333331,33.25,0.0,91,0.3373227359087039,0.05919,0.14,0.05276
2023-06-20 18:00:00,12.249166666666667,31.0,0.0,91,0.1308255555894639,0.05919,0.16059,0.05276
2023-06-20 19:00:00,12.314,33.25,0.0,91,0.0928999146844586,0.05919,0.16508,0.05276
2023-06-20 20:00:00,15.756166666666669,35.25,0.0,91,0.0222190599054352,0.05919,0.15,0.05276
2023-06-20 21:00:00,20.1255,39.0,0.0,91,0.000870085477025,0.05919,0.138,0.05276
2023-06-20 22:00:00,18.6935,38.75,0.0,91,0.0,0.05038,0.12011,0.05276
2023-06-20 23:00:00,15.162833333333332,38.25,0.0,91,0.0,0.05038,0.1197,0.05276
2023-06-21 00:00:00,11.489,39.75,0.0,91,0.0,0.05038,0.1107,0.05276
2023-06-21 01:00:00,1.0143333333333333,39.5,0.0,91,0.0,0.05038,0.1047,0.05276
2023-06-21 02:00:00,0.2676666666666666,39.0,0.0,91,0.0,0.05038,0.10389,0.05276
2023-06-21 03:00:00,0.2673333333333333,41.5,0.0,91,0.0,0.05038,0.10374,0.05276
2023-06-21 04:00:00,0.267,42.0,0.0,91,0.0,0.05038,0.10698,0.05276
2023-06-21 05:00:00,0.2666666666666666,41.25,0.0,91,0.0,0.05038,0.12340000000000001,0.05276
2023-06-21 06:00:00,0.2668333333333333,40.0,0.0,91,0.0227983760668171,0.05919,0.13767,0.05276
2023-06-21 07:00:00,0.2653333333333333,38.0,0.0,91,0.0975686322725735,0.05919,0.14445,0.05276
2023-06-21 08:00:00,0.2701666666666666,36.25,0.0,91,0.194721623771211,0.05919,0.12601,0.05276
2023-06-21 09:00:00,0.2996666666666666,35.75,0.0,91,0.181084700771886,0.05919,0.11406999999999999,0.05276
2023-06-21 10:00:00,0.3191666666666666,35.0,0.0,91,0.0738252992711515,0.05919,0.11006999999999999,0.05276
2023-06-21 11:00:00,0.3085,34.0,0.0,91,0.3973599155132586,0.05919,0.10457,0.05276
2023-06-21 12:00:00,0.2058333333333333,33.5,0.0,91,0.5003397450895393,0.05919,0.09973,0.05276
2023-06-21 13:00:00,0.1379999999999999,31.0,0.0,91,0.6640300842024323,0.05919,0.09578,0.05276
2023-06-21 14:00:00,0.1141666666666666,30.0,0.0,91,0.5321541015103336,0.05919,0.09911,0.05276
2023-06-21 15:00:00,0.1058333333333333,30.75,0.0,91,0.5696144452869388,0.05919,0.10012,0.05276
2023-06-21 16:00:00,0.0693333333333333,31.5,0.0,91,0.4583411955222107,0.05919,0.11344,0.05276
2023-06-21 17:00:00,0.0716666666666666,32.25,0.0,91,0.2264889738294813,0.05919,0.138,0.05276
2023-06-21 18:00:00,0.0736666666666666,32.5,0.0,91,0.2856767510960245,0.05919,0.16743,0.05276
2023-06-21 19:00:00,0.0723333333333333,31.75,0.0,91,0.0782330768536298,0.05919,0.18746000000000002,0.05276
2023-06-21 20:00:00,0.3293333333333333,32.25,0.0,91,0.0438010257737249,0.05919,0.16473,0.05276
2023-06-21 21:00:00,8.359,32.75,0.0,91,0.0025293162709468,0.05919,0.15115,0.05276
2023-06-21 22:00:00,8.319166666666666,32.75,0.0,91,0.0,0.05038,0.13479,0.05276
2023-06-21 23:00:00,0.497,32.75,0.0,91,0.0,0.05038,0.13277,0.05276
2023-06-22 00:00:00,0.0751666666666666,33.25,0.0,91,0.0,0.05038,0.12304999999999999,0.05276
2023-06-22 01:00:00,0.0748333333333333,34.5,0.0,91,0.0,0.05038,0.11508,0.05276
2023-06-22 02:00:00,0.0686666666666666,37.25,0.0,91,0.0,0.05038,0.11131,0.05276
2023-06-22 03:00:00,0.0751666666666666,37.5,0.0,91,0.0,0.05038,0.10701999999999999,0.05276
2023-06-22 04:00:00,0.0756666666666666,36.5,0.0,91,0.0,0.05038,0.11194,0.05276
2023-06-22 05:00:00,0.0688333333333333,36.75,0.0,91,0.0,0.05038,0.12552,0.05276
2023-06-22 06:00:00,0.074,35.75,0.0,91,0.0013322222296498,0.05919,0.14338,0.05276
2023-06-22 07:00:00,0.0705,34.75,0.0,91,0.0329403420595022,0.05919,0.14928999999999998,0.05276
2023-06-22 08:00:00,0.0655,36.0,0.0,91,0.0953835891658424,0.05919,0.12975,0.05276
2023-06-22 09:00:00,0.1211666666666666,35.75,0.0,91,0.0369539317106589,0.05919,0.11604,0.05276
2023-06-22 10:00:00,0.304,38.75,0.0,91,0.0470264105103973,0.05919,0.11014,0.05276
2023-06-22 11:00:00,10.546333333333331,37.0,0.0,91,0.199402992623484,0.05919,0.10994,0.05276
2023-06-22 12:00:00,12.682,27.0,0.0,91,0.1647266653664091,0.05919,0.10686,0.05276
2023-06-22 13:00:00,16.862333333333336,26.75,0.0,91,0.3406758120936207,0.05919,0.10646,0.05276
2023-06-22 14:00:00,10.224666666666666,27.25,0.0,91,0.3320719678177793,0.05919,0.10668000000000001,0.05276
2023-06-22 15:00:00,8.3105,28.25,0.0,91,0.1345939315214721,0.05919,0.10818000000000001,0.05276
2023-06-22 16:00:00,0.2526666666666666,31.0,0.0,91,6.940171154391065e-05,0.05919,0.12224,0.05276
2023-06-22 17:00:00,0.2521666666666666,32.25,0.0,91,183.5457023931648,0.05919,0.1373,0.05276
2023-06-22 18:00:00,3.0773333333333333,33.5,0.0,91,0.2687776074042687,0.05919,0.15743000000000001,0.05276
2023-06-22 19:00:00,15.0425,33.0,0.0,91,0.0544276070391011,0.05919,0.15491,0.05276
2023-06-22 20:00:00,1.856666666666667,34.25,0.0,91,0.0349223078214205,0.05919,0.14718,0.05276
2023-06-22 21:00:00,0.259,35.75,0.0,91,0.0023879487242183,0.05919,0.13434000000000001,0.05276
2023-06-22 22:00:00,0.258,35.25,0.0,91,0.0,0.05038,0.12084,0.05276
2023-06-22 23:00:00,0.2591666666666666,35.0,0.0,91,0.0,0.05038,0.10403,0.05276
2023-06-23 00:00:00,0.2588333333333333,34.5,0.0,91,0.0,0.05038,0.0952,0.05276
2023-06-23 01:00:00,0.2586666666666666,30.25,0.0,91,0.0,0.05038,0.09179000000000001,0.05276
2023-06-23 02:00:00,0.258,31.5,0.0,91,0.0,0.05038,0.09128,0.05276
2023-06-23 03:00:00,0.2583333333333333,33.25,0.0,91,0.0,0.05038,0.09094,0.05276
2023-06-23 04:00:00,0.2583333333333333,39.0,0.0,91,0.0,0.05038,0.09456,0.05276
2023-06-23 05:00:00,0.2578333333333333,38.5,0.0,91,0.0,0.05038,0.11509,0.05276
2023-06-23 06:00:00,0.2575,37.5,0.0,91,0.0153399144186296,0.05919,0.12869999999999998,0.05276
2023-06-23 07:00:00,0.2561666666666666,37.25,0.0,91,0.0800975213091597,0.05919,0.13122999999999999,0.05276
2023-06-23 08:00:00,0.2561666666666666,37.0,0.0,91,0.2159723082974425,0.05919,0.12193000000000001,0.05276
2023-06-23 09:00:00,0.256,34.0,0.0,91,0.1531152992574577,0.05919,0.10712,0.05276
2023-06-23 10:00:00,0.2121666666666666,32.25,0.0,91,0.3217078632778591,0.05919,0.09809999999999999,0.05276
2023-06-23 11:00:00,0.1683333333333333,30.75,0.0,91,0.5052411110380776,0.05919,0.09301000000000001,0.05276
2023-06-23 12:00:00,0.0898333333333333,24.75,0.0,91,0.5534193166097007,0.05919,0.08737,0.05276
2023-06-23 13:00:00,0.208,22.5,0.0,91,0.5696788064027444,0.05919,0.08255,0.05276
2023-06-23 14:00:00,4.867500000000001,21.75,0.0,91,0.5427764123117823,0.05919,0.08217,0.05276
2023-06-23 15:00:00,9.923333333333334,22.0,0.0,91,0.6221428191356172,0.05919,0.09,0.05276
2023-06-23 16:00:00,15.632333333333335,22.0,0.0,91,0.6490135049412397,0.05919,0.09962,0.05276
2023-06-23 17:00:00,5.722333333333334,26.25,0.0,91,0.4760696582305125,0.05919,0.10881,0.05276
2023-06-23 18:00:00,0.1731666666666666,31.25,0.0,91,0.3078236747806908,0.05919,0.13006,0.05276
2023-06-23 19:00:00,0.1798333333333333,32.75,0.0,91,0.1773276927328517,0.05919,0.1371,0.05276
2023-06-23 20:00:00,0.1746666666666666,33.0,0.0,91,0.0663222225303323,0.05919,0.13496,0.05276
2023-06-23 21:00:00,0.0684999999999999,33.25,0.0,91,0.0038652136688654,0.05919,0.1301,0.05276
2023-06-23 22:00:00,0.0745,33.25,0.0,91,0.0,0.05038,0.12187,0.05276
2023-06-23 23:00:00,0.0699999999999999,35.25,0.0,91,0.0,0.05038,0.11728,0.05276
2023-06-24 00:00:00,0.0733333333333333,36.75,0.0,91,0.0,0.05038,0.10966,0.05276
2023-06-24 01:00:00,0.0745,36.75,0.0,91,0.0,0.05038,0.10284,0.05276
2023-06-24 02:00:00,0.0668333333333333,35.75,0.0,91,0.0,0.05038,0.10031,0.05276
2023-06-24 03:00:00,0.0741666666666666,33.25,0.0,91,0.0,0.05038,0.09433,0.05276
2023-06-24 04:00:00,0.0696666666666666,33.25,0.0,91,0.0,0.05038,0.09101999999999999,0.05276
2023-06-24 05:00:00,0.0728333333333333,33.0,0.0,91,4.786324774862353e-05,0.05038,0.08996,0.05276
2023-06-24 06:00:00,0.0741666666666666,32.5,0.0,91,0.0167015384914528,0.05919,0.0923,0.05276
2023-06-24 07:00:00,0.0659999999999999,29.75,0.0,91,0.0994702558843498,0.05919,0.09057,0.05276
2023-06-24 08:00:00,0.0716666666666666,23.5,0.0,91,0.2830764966133313,0.05919,0.08169,0.05276
2023-06-24 09:00:00,0.0666666666666666,19.0,0.0,91,0.4229588024432842,0.05919,0.057640000000000004,0.05276
2023-06-24 10:00:00,0.0705,15.75,0.0,91,0.557679914164747,0.05919,0.025,0.05276
2023-06-24 11:00:00,0.0728333333333333,13.25,0.0,91,0.6402202554034375,0.05919,0.01499,0.05276
2023-06-24 12:00:00,0.1099999999999999,13.0,0.0,91,0.6918423070663062,0.05919,0.0019,0.05276
2023-06-24 13:00:00,6.561833333333333,13.0,0.0,91,0.7059745279947919,0.05919,0.00031,0.05276
2023-06-24 14:00:00,6.194500000000001,13.0,0.0,91,0.6935452114007412,0.05919,0.01,0.05276
2023-06-24 15:00:00,10.243666666666666,13.0,0.0,91,0.6604918801071302,0.05919,0.0282,0.05276
2023-06-24 16:00:00,11.555166666666668,13.5,0.0,91,0.5865052143325155,0.05919,0.08098000000000001,0.05276
2023-06-24 17:00:00,10.440166666666666,16.5,0.0,91,0.4736815415080796,0.05919,0.0896,0.05276
2023-06-24 18:00:00,6.962666666666666,24.25,0.0,91,0.336029059255225,0.05919,0.101,0.05276
2023-06-24 19:00:00,0.086,29.5,0.0,91,0.1836060682117429,0.05919,0.11352,0.05276
2023-06-24 20:00:00,0.0689999999999999,31.0,0.0,91,0.0525086321586217,0.05919,0.10516,0.05276
2023-06-24 21:00:00,0.074,31.25,0.0,91,0.0031597436158957,0.05919,0.12712,0.05276
2023-06-24 22:00:00,0.0698333333333333,35.25,0.0,91,0.0,0.05038,0.11831,0.05276
2023-06-24 23:00:00,0.0723333333333333,36.75,0.0,91,0.0,0.05038,0.10498,0.05276
2023-06-25 00:00:00,0.0741666666666666,31.5,0.0,91,0.0,0.05038,0.10307,0.05276
2023-06-25 01:00:00,0.0664999999999999,30.25,0.0,91,0.0,0.05038,0.09616,0.05276
2023-06-25 02:00:00,0.0731666666666666,24.25,0.0,91,0.0,0.05038,0.0928,0.05276
2023-06-25 03:00:00,0.0703333333333333,19.25,0.0,91,0.0,0.05038,0.0927,0.05276
2023-06-25 04:00:00,0.0693333333333333,16.0,0.0,91,0.0,0.05038,0.06858,0.05276
2023-06-25 05:00:00,0.073,15.0,0.0,91,0.0003623931683026,0.05038,0.057280000000000005,0.05276
2023-06-25 06:00:00,0.0661666666666666,15.5,0.0,91,0.0200767522184257,0.05919,0.06175,0.05276
2023-06-25 07:00:00,0.0723333333333333,15.25,0.0,91,0.1024364951940683,0.05919,0.054,0.05276
2023-06-25 08:00:00,0.0703333333333333,15.0,0.0,91,0.2860753823956872,0.05919,0.032549999999999996,0.05276
2023-06-25 09:00:00,0.0674999999999999,14.0,0.0,91,0.4308460675753079,0.05919,0.009689999999999999,0.05276
2023-06-25 10:00:00,0.3048333333333333,14.0,0.0,91,0.5485467522776027,0.05919,0.0001,0.05276
2023-06-25 11:00:00,10.742166666666668,13.25,0.0,91,0.6240977784507297,0.05919,0.0,0.05276
2023-06-25 12:00:00,7.569333333333333,13.0,0.0,91,0.6879096626216524,0.05919,-0.0001,0.05276
2023-06-25 13:00:00,7.138166666666667,7.0,0.0,91,0.7260373472556089,0.05919,-0.0001,0.05276
2023-06-25 14:00:00,13.6895,7.0,0.0,91,0.711311198177501,0.05919,0.0,0.05276
2023-06-25 15:00:00,4.297833333333333,10.5,0.0,91,0.6687456427680122,0.05919,0.009689999999999999,0.05276
2023-06-25 16:00:00,11.328166666666666,13.0,0.0,91,0.5866876924954928,0.05919,0.06899,0.05276
2023-06-25 17:00:00,15.760166666666665,14.5,0.0,91,0.4725449566963392,0.05919,0.08709,0.05276
2023-06-25 18:00:00,13.377666666666665,19.75,0.0,91,0.3352367515237923,0.05919,0.09770999999999999,0.05276
2023-06-25 19:00:00,14.223666666666666,27.25,0.0,91,0.186890683785463,0.05919,0.105,0.05276
2023-06-25 20:00:00,5.788833333333333,31.5,0.0,91,0.053076666807517,0.05919,0.12249,0.05276
2023-06-25 21:00:00,0.0676666666666666,34.0,0.0,91,0.0030602564249171,0.05919,0.12759,0.05276
2023-06-25 22:00:00,0.0668333333333333,38.75,0.0,91,0.0,0.05038,0.11876,0.05276
2023-06-25 23:00:00,0.0726666666666666,36.25,0.0,91,0.0,0.05038,0.0923,0.05276
2023-06-26 00:00:00,0.0691666666666666,30.75,0.0,91,0.0,0.05038,0.09,0.05276
2023-06-26 01:00:00,0.0689999999999999,21.25,0.0,91,0.0,0.05038,0.0795,0.05276
2023-06-26 02:00:00,0.0693333333333333,18.5,0.0,91,0.0,0.05038,0.048479999999999995,0.05276
2023-06-26 03:00:00,0.0756666666666666,18.75,0.0,91,0.0,0.05038,0.05957,0.05276
2023-06-26 04:00:00,0.0696666666666666,18.25,0.0,91,0.0,0.05038,0.08,0.05276
2023-06-26 05:00:00,0.0676666666666666,18.5,0.0,91,9.991453212295852e-05,0.05038,0.07391,0.05276
2023-06-26 06:00:00,0.0679999999999999,26.0,0.0,91,0.0182006837516768,0.05919,0.11011,0.05276
2023-06-26 07:00:00,0.0694999999999999,35.0,0.0,91,0.0989080338192801,0.05919,0.1128,0.05276
2023-06-26 08:00:00,0.0651666666666666,31.75,0.0,91,0.2740278641790406,0.05919,0.10152,0.05276
2023-06-26 09:00:00,0.0701666666666666,27.25,0.0,91,0.4082700869568392,0.05919,0.0879,0.05276
2023-06-26 10:00:00,2.7566666666666664,25.25,0.0,91,0.5286233324882312,0.05919,0.08317000000000001,0.05276
2023-06-26 11:00:00,8.188333333333334,22.0,0.0,91,0.6394075214353382,0.05919,0.08268,0.05276
2023-06-26 12:00:00,12.386166666666668,17.25,0.0,91,0.6967144436306424,0.05919,0.07758,0.05276
2023-06-26 13:00:00,7.743833333333334,16.25,0.0,91,0.726516325860961,0.05919,0.05937,0.05276
2023-06-26 14:00:00,2.1638333333333333,16.25,0.0,91,0.715100514990652,0.05919,0.07134,0.05276
2023-06-26 15:00:00,11.278833333333331,16.0,0.0,91,0.6497971806974491,0.05919,0.0713,0.05276
2023-06-26 16:00:00,8.458499999999999,16.25,0.0,91,0.5654025627201439,0.05919,0.086,0.05276
2023-06-26 17:00:00,9.204666666666666,17.5,0.0,91,0.4568686349982889,0.05919,0.097,0.05276
2023-06-26 18:00:00,16.184,26.0,0.0,91,0.3131568393544254,0.05919,0.11093,0.05276
2023-06-26 19:00:00,10.640333333333333,33.0,0.0,91,0.1708983760409885,0.05919,0.118,0.05276
2023-06-26 20:00:00,2.0141666666666667,34.0,0.0,91,0.051601795049814,0.05919,0.12573,0.05276
2023-06-26 21:00:00,0.2536666666666666,34.5,0.0,91,0.0057776068102441,0.05919,0.12953,0.05276
2023-06-26 22:00:00,0.2555,34.5,0.0,91,0.0,0.05038,0.11866,0.05276
2023-06-26 23:00:00,0.2555,34.25,0.0,91,0.0,0.05038,0.11381999999999999,0.05276
2023-06-27 00:00:00,0.2551666666666666,33.25,0.0,91,0.0,0.05038,0.095,0.05276
2023-06-27 01:00:00,0.2553333333333333,34.25,0.0,91,0.0,0.05038,0.09157,0.05276
2023-06-27 02:00:00,0.2555,34.5,0.0,91,0.0,0.05038,0.08909,0.05276
2023-06-27 03:00:00,0.2535,34.75,0.0,91,0.0,0.05038,0.08636,0.05276
2023-06-27 04:00:00,0.2525,36.25,0.0,91,0.0,0.05038,0.09054999999999999,0.05276
2023-06-27 05:00:00,0.253,36.0,0.0,91,6.153845888936624e-06,0.05038,0.11529,0.05276
2023-06-27 06:00:00,0.2538333333333333,36.25,0.0,91,0.0282040169682258,0.05919,0.13,0.05276
2023-06-27 07:00:00,0.253,34.75,0.0,91,0.0989947865967058,0.05919,0.127,0.05276
2023-06-27 08:00:00,0.2678333333333333,35.75,0.0,91,0.2254465804140792,0.05919,0.10223,0.05276
2023-06-27 09:00:00,0.2963333333333333,35.0,0.0,91,0.3938374357957107,0.05919,0.09,0.05276
2023-06-27 10:00:00,0.3253333333333333,31.5,0.0,91,0.4489624773335251,0.05919,0.08803,0.05276
2023-06-27 11:00:00,4.991833333333333,25.0,0.0,91,0.6166146994044638,0.05919,0.08467,0.05276
2023-06-27 12:00:00,8.523833333333334,21.5,0.0,91,0.672386752397586,0.05919,0.08531,0.05276
2023-06-27 13:00:00,2.123,19.75,0.0,91,0.7073058156070547,0.05919,0.08474,0.05276
2023-06-27 14:00:00,9.645666666666664,20.75,0.0,91,0.6734558111989603,0.05919,0.0832,0.05276
2023-06-27 15:00:00,8.696,21.0,0.0,91,0.6008186327290331,0.05919,0.08904999999999999,0.05276
2023-06-27 16:00:00,4.126833333333333,21.25,0.0,91,0.5169495750492455,0.05919,0.0964,0.05276
2023-06-27 17:00:00,13.501333333333331,28.25,0.0,91,0.4351964960342798,0.05919,0.11356999999999999,0.05276
2023-06-27 18:00:00,2.6645,34.0,0.0,91,0.3104272646781725,0.05919,0.13055,0.05276
2023-06-27 19:00:00,12.956833333333334,35.25,0.0,91,0.1662835905287,0.05919,0.13479,0.05276
2023-06-27 20:00:00,3.495833333333333,35.0,0.0,91,0.0600953846711379,0.05919,0.1276,0.05276
2023-06-27 21:00:00,4.792833333333333,39.25,0.0,91,0.0051891453135917,0.05919,0.12506,0.05276
2023-06-27 22:00:00,0.269,49.5,0.0,91,0.0,0.05038,0.11616,0.05276
2023-06-27 23:00:00,0.2696666666666666,49.5,0.0,91,0.0,0.05038,0.09795000000000001,0.05276
2023-06-28 00:00:00,0.269,42.5,0.0,91,0.0,0.05038,0.09054000000000001,0.05276
2023-06-28 01:00:00,0.2691666666666666,37.0,0.0,91,0.0,0.05038,0.087,0.05276
2023-06-28 02:00:00,0.2681666666666666,38.75,0.0,91,0.0,0.05038,0.08616,0.05276
2023-06-28 03:00:00,0.2673333333333333,40.0,0.0,91,0.0,0.05038,0.08616,0.05276
2023-06-28 04:00:00,0.267,39.25,0.0,91,0.0,0.05038,0.09026999999999999,0.05276
2023-06-28 05:00:00,0.2673333333333333,40.0,0.0,91,0.0,0.05038,0.0938,0.05276
2023-06-28 06:00:00,0.2711666666666666,41.0,0.0,91,0.0210723076843553,0.05919,0.11263,0.05276
2023-06-28 07:00:00,0.2651666666666667,41.75,0.0,91,0.097156495966463,0.05919,0.12121,0.05276
2023-06-28 08:00:00,0.2646666666666666,41.75,0.0,91,0.2423310258653429,0.05919,0.11359999999999999,0.05276
2023-06-28 09:00:00,0.295,39.75,0.0,91,0.4005534186730018,0.05919,0.10189,0.05276
2023-06-28 10:00:00,0.354,37.75,0.0,91,0.5452799159645014,0.05919,0.0993,0.05276
2023-06-28 11:00:00,0.6578333333333334,36.75,0.0,91,0.6471209397275222,0.05919,0.10118,0.05276
2023-06-28 12:00:00,0.2673333333333332,36.25,0.0,91,0.6968333317683295,0.05919,0.09742,0.05276
2023-06-28 13:00:00,0.1733333333333333,34.0,0.0,91,0.7140440120860045,0.05919,0.09559000000000001,0.05276
2023-06-28 14:00:00,0.163,33.25,0.0,91,0.6909868367513022,0.05919,0.09539,0.05276
2023-06-28 15:00:00,0.1633333333333333,32.5,0.0,91,0.6211942741198418,0.05919,0.09759999999999999,0.05276
2023-06-28 16:00:00,0.13,33.75,0.0,91,0.5491370091886603,0.05919,0.10708,0.05276
2023-06-28 17:00:00,0.1361666666666666,36.5,0.0,91,0.424020510290423,0.05919,0.12304000000000001,0.05276
2023-06-28 18:00:00,0.1016666666666666,39.75,0.0,91,0.2890972646077474,0.05919,0.1393,0.05276
2023-06-28 19:00:00,0.0721666666666666,43.25,0.0,91,0.150222650511652,0.05919,0.1331,0.05276
2023-06-28 20:00:00,0.074,45.5,0.0,91,0.0440485470926659,0.05919,0.13090000000000002,0.05276
2023-06-28 21:00:00,0.0681666666666666,46.0,0.0,91,0.002640769232948,0.05919,0.13,0.05276
2023-06-28 22:00:00,0.0743333333333333,45.0,0.0,91,0.0,0.05038,0.1211,0.05276
2023-06-28 23:00:00,0.0746666666666666,45.75,0.0,91,0.0,0.05038,0.11946,0.05276
2023-06-29 00:00:00,0.0679999999999999,45.25,0.0,91,0.0,0.05038,0.11006,0.05276
2023-06-29 01:00:00,0.075,47.0,0.0,91,0.0,0.05038,0.10172,0.05276
2023-06-29 02:00:00,0.0743333333333333,48.75,0.0,91,0.0,0.05038,0.09762,0.05276
2023-06-29 03:00:00,0.0696666666666666,49.75,0.0,91,0.0,0.05038,0.09709000000000001,0.05276
2023-06-29 04:00:00,0.074,50.0,0.0,91,0.0,0.05038,0.10154,0.05276
2023-06-29 05:00:00,0.0705,48.75,0.0,91,3.555555628915119e-05,0.05038,0.11397,0.05276
2023-06-29 06:00:00,0.0708333333333333,43.75,0.0,91,0.0223768375113479,0.05919,0.12929,0.05276
2023-06-29 07:00:00,0.0718333333333333,44.25,0.0,91,0.1024158119951558,0.05919,0.13031,0.05276
2023-06-29 08:00:00,0.1181666666666666,44.25,0.0,91,0.2353826496743748,0.05919,0.11639000000000001,0.05276
2023-06-29 09:00:00,5.0405,43.75,0.0,91,0.3592833334767921,0.05919,0.10595,0.05276
2023-06-29 10:00:00,2.0541666666666667,42.25,0.0,91,0.4474459835606762,0.05919,0.0986,0.05276
2023-06-29 11:00:00,1.1078333333333334,40.0,0.0,91,0.5672923924372749,0.05919,0.09798,0.05276
2023-06-29 12:00:00,1.1608333333333334,39.25,0.0,91,0.6339850420829581,0.05919,0.09688,0.05276
2023-06-29 13:00:00,1.7561666666666664,40.25,0.0,91,0.6466558162982652,0.05919,0.0986,0.05276
2023-06-29 14:00:00,4.815166666666666,41.25,0.0,91,0.6084509417542027,0.05919,0.1,0.05276
2023-06-29 15:00:00,6.949000000000001,41.0,0.0,91,0.5873703426784941,0.05919,0.10112,0.05276
2023-06-29 16:00:00,5.152,41.5,0.0,91,0.4892011984800682,0.05919,0.11203,0.05276
2023-06-29 17:00:00,0.2986666666666666,41.75,0.0,91,0.5033140172713844,0.05919,0.1182,0.05276
2023-06-29 18:00:00,0.262,41.25,0.0,91,0.2979702563163561,0.05919,0.12462000000000001,0.05276
2023-06-29 19:00:00,0.2596666666666666,43.25,0.0,91,0.1534014533116267,0.05919,0.11921999999999999,0.05276
2023-06-29 20:00:00,0.261,42.75,0.0,91,0.0202178631886903,0.05919,0.12203,0.05276
2023-06-29 21:00:00,0.2616666666666666,44.25,0.0,91,0.0,0.05919,0.12476000000000001,0.05276
2023-06-29 22:00:00,0.2591666666666666,44.75,0.0,91,0.0,0.05038,0.11263,0.05276
2023-06-29 23:00:00,0.8865,45.25,0.0,91,0.0,0.05038,0.11504,0.05276
2023-06-30 00:00:00,1.149333333333333,47.5,0.0,91,0.0,0.05038,0.10341,0.05276
2023-06-30 01:00:00,0.6756666666666667,48.0,0.0,91,0.0,0.05038,0.09668,0.05276
2023-06-30 02:00:00,0.3021666666666666,47.25,0.0,91,0.0,0.05038,0.08513,0.05276
2023-06-30 03:00:00,0.2595,46.25,0.0,91,0.0,0.05038,0.08308,0.05276
2023-06-30 04:00:00,0.2591666666666666,38.0,0.0,91,0.0,0.05038,0.085,0.05276
2023-06-30 05:00:00,0.2586666666666666,37.75,0.0,91,0.0,0.05038,0.09212999999999999,0.05276
2023-06-30 06:00:00,0.258,41.25,0.0,91,0.0044049572740864,0.05919,0.12095,0.05276
2023-06-30 07:00:00,0.2571666666666667,43.25,0.0,91,0.0152554700721023,0.05919,0.12731,0.05276
2023-06-30 08:00:00,0.2565,41.5,0.0,91,0.0229142735147068,0.05919,0.11702,0.05276
2023-06-30 09:00:00,0.2576666666666666,42.5,0.0,91,0.0745948716514131,0.05919,0.10721,0.05276
2023-06-30 10:00:00,5.615333333333333,41.25,0.0,91,0.1100130769126435,0.05919,0.10031999999999999,0.05276
2023-06-30 11:00:00,6.781333333333333,38.25,0.0,91,0.2069396571623973,0.05919,0.10047,0.05276
2023-06-30 12:00:00,6.650333333333333,36.25,0.0,91,0.2068163263695872,0.05919,0.09164,0.05276
2023-06-30 13:00:00,6.542333333333333,35.75,0.0,91,0.2404964955647786,0.05919,0.08846,0.05276
2023-06-30 14:00:00,6.113833333333333,29.0,0.0,91,0.1011408541752741,0.05919,0.08596,0.05276
2023-06-30 15:00:00,6.524666666666666,26.5,0.0,91,0.1360288879198906,0.05919,0.08113,0.05276
2023-06-30 16:00:00,6.787833333333334,28.0,0.0,91,0.1077496582422501,0.05919,0.07859999999999999,0.05276
2023-06-30 17:00:00,2.9251666666666662,32.0,0.0,91,0.0938220514395298,0.05919,0.09293000000000001,0.05276
2023-06-30 18:00:00,4.447333333333334,36.25,0.0,91,0.1321648716722798,0.05919,0.11108,0.05276
2023-06-30 19:00:00,2.323,38.25,0.0,91,0.0584087179053542,0.05919,0.11805,0.05276
2023-06-30 20:00:00,0.2428333333333333,38.5,0.0,91,0.0153893162755884,0.05919,0.11554,0.05276
2023-06-30 21:00:00,0.1259999999999999,40.0,0.0,91,6.324786374456865e-05,0.05919,0.1123,0.05276
2023-06-30 22:00:00,0.079,39.0,0.0,91,0.0,0.05038,0.10947,0.05276
2023-06-30 23:00:00,0.0756666666666666,35.5,0.0,91,0.0,0.05038,0.08568,0.05276
2023-07-01 00:00:00,0.0703333333333333,21.5,0.0,91,0.0,0.05038,0.06475,0.05156
2023-07-01 01:00:00,0.0766666666666666,17.5,0.0,91,0.0,0.05038,0.06143,0.05156
2023-07-01 02:00:00,0.0703333333333333,16.0,0.0,91,0.0,0.05038,0.03387,0.05156
2023-07-01 03:00:00,0.0751666666666666,16.25,0.0,91,0.0,0.05038,0.01825,0.05156
2023-07-01 04:00:00,0.0761666666666666,17.0,0.0,91,0.0,0.05038,0.01458,0.05156
2023-07-01 05:00:00,0.0708333333333333,17.0,0.0,91,0.0,0.05038,0.03146,0.05156
2023-07-01 06:00:00,0.0763333333333333,17.0,0.0,91,0.0167394016995134,0.05919,0.0222,0.05156
2023-07-01 07:00:00,0.0706666666666666,16.0,0.0,91,0.105989315693195,0.05919,0.06229,0.05156
2023-07-01 08:00:00,0.0741666666666666,14.25,0.0,91,0.2907173521905883,0.05919,0.050409999999999996,0.05156
2023-07-01 09:00:00,0.0748333333333333,13.0,0.0,91,0.4447117132203191,0.05919,0.04371,0.05156
2023-07-01 10:00:00,0.0826666666666666,13.0,0.0,91,0.4342058961004274,0.05919,0.02461,0.05156
2023-07-01 11:00:00,0.9251666666666668,13.0,0.0,91,0.4629920509534005,0.05919,0.016829999999999998,0.05156
2023-07-01 12:00:00,0.8703333333333333,13.0,0.0,91,0.518320855034722,0.05919,0.00443,0.05156
2023-07-01 13:00:00,0.1726666666666666,13.0,0.0,91,0.3457606835650583,0.05919,7.000000000000001e-05,0.05156
2023-07-01 14:00:00,0.2545,13.0,0.0,91,0.3416137607281025,0.05919,-1e-05,0.05156
2023-07-01 15:00:00,0.7319999999999999,13.0,0.0,91,0.4388032482831905,0.05919,-1e-05,0.05156
2023-07-01 16:00:00,0.4653333333333333,13.0,0.0,91,0.2847819652720395,0.05919,0.00164,0.05156
2023-07-01 17:00:00,0.5471666666666667,13.0,0.0,91,0.2637925638704218,0.05919,0.022,0.05156
2023-07-01 18:00:00,0.0916666666666666,13.0,0.0,91,0.1860262389875884,0.05919,0.065,0.05156
2023-07-01 19:00:00,0.0754999999999999,13.0,0.0,91,0.1681443594256017,0.05919,0.08214,0.05156
2023-07-01 20:00:00,0.0684999999999999,13.0,0.0,91,0.0313121367366905,0.05919,0.09204999999999999,0.05156
2023-07-01 21:00:00,0.075,13.0,0.0,91,0.0006229059856273,0.05919,0.09297,0.05156
2023-07-01 22:00:00,0.0699999999999999,13.0,0.0,91,0.0,0.05038,0.08986,0.05156
2023-07-01 23:00:00,0.0731666666666666,13.0,0.0,91,0.0,0.05038,0.01645,0.05156
2023-07-02 00:00:00,0.0766666666666666,15.0,0.0,91,0.0,0.05038,0.00317,0.05156
2023-07-02 01:00:00,0.0701666666666666,17.0,0.0,91,0.0,0.05038,1e-05,0.05156
2023-07-02 02:00:00,0.0763333333333333,18.0,0.0,91,0.0,0.05038,0.0,0.05156
2023-07-02 03:00:00,0.071,19.25,0.0,91,0.0,0.05038,-2.9999999999999997e-05,0.05156
2023-07-02 04:00:00,0.0733333333333333,21.5,0.0,91,0.0,0.05038,-5e-05,0.05156
2023-07-02 05:00:00,0.0756666666666666,24.0,0.0,91,0.0,0.05038,-5e-05,0.05156
2023-07-02 06:00:00,0.0684999999999999,24.0,0.0,91,0.0058505983236763,0.05919,-0.00047,0.05156
2023-07-02 07:00:00,0.0755,24.75,0.0,91,0.0538888887666229,0.05919,-0.00275,0.05156
2023-07-02 08:00:00,0.0703333333333333,24.5,0.0,91,0.1556099143395057,0.05919,-0.01292,0.05156
2023-07-02 09:00:00,0.0755,20.25,0.0,91,0.2899984620575211,0.05919,-0.023010000000000003,0.05156
2023-07-02 10:00:00,5.738333333333333,17.0,0.0,91,0.6266298294067384,0.05919,-0.019170000000000003,0.05156
2023-07-02 11:00:00,6.339666666666666,16.0,0.0,91,0.4100989759070243,0.05919,-0.023780000000000003,0.05156
2023-07-02 12:00:00,6.353666666666666,16.0,0.0,91,0.7545324772239753,0.05919,-0.02,0.05156
2023-07-02 13:00:00,6.1345,16.0,0.0,91,0.7711791444436097,0.05919,-0.055659999999999994,0.05156
2023-07-02 14:00:00,6.349833333333333,16.0,0.0,91,0.7620488869430677,0.05919,-0.13494,0.05156
2023-07-02 15:00:00,6.468833333333333,16.25,0.0,91,0.7312309382512022,0.05919,-0.07944,0.05156
2023-07-02 16:00:00,6.507833333333333,17.0,0.0,91,0.6372639334915033,0.05919,-0.027379999999999998,0.05156
2023-07-02 17:00:00,6.411666666666666,16.0,0.0,91,0.5196223932249935,0.05919,-1e-05,0.05156
2023-07-02 18:00:00,6.156833333333334,14.75,0.0,91,0.3547540175609099,0.05919,0.01337,0.05156
2023-07-02 19:00:00,6.178833333333333,14.25,0.0,91,0.2252234193198701,0.05919,0.07104,0.05156
2023-07-02 20:00:00,3.563166666666666,14.25,0.0,91,0.0281070086079784,0.05919,0.08591,0.05156
2023-07-02 21:00:00,0.1669999999999999,14.0,0.0,91,0.0034823076723891,0.05919,0.09490000000000001,0.05156
2023-07-02 22:00:00,0.1293333333333333,14.0,0.0,91,0.0,0.05038,0.08608,0.05156
2023-07-02 23:00:00,0.073,14.25,0.0,91,0.0,0.05038,0.066,0.05156
2023-07-03 00:00:00,0.0711666666666666,15.0,0.0,91,0.0,0.05038,0.0435,0.05156
2023-07-03 01:00:00,0.0741666666666666,17.5,0.0,91,0.0,0.05038,0.02409,0.05156
2023-07-03 02:00:00,0.0686666666666666,20.5,0.0,91,0.0,0.05038,0.01026,0.05156
2023-07-03 03:00:00,0.0741666666666666,21.0,0.0,91,0.0,0.05038,0.0158,0.05156
2023-07-03 04:00:00,0.0706666666666666,21.25,0.0,91,0.0,0.05038,0.054,0.05156
2023-07-03 05:00:00,0.0699999999999999,20.75,0.0,91,0.0,0.05038,0.086,0.05156
2023-07-03 06:00:00,0.0738333333333333,18.25,0.0,91,0.0153529914600663,0.05919,0.11089,0.05156
2023-07-03 07:00:00,0.065,14.5,0.0,91,0.0864384614911853,0.05919,0.10491,0.05156
2023-07-03 08:00:00,0.1083333333333333,14.0,0.0,91,0.2677979493752504,0.05919,0.07225,0.05156
2023-07-03 09:00:00,0.1638333333333333,13.25,0.0,91,0.3175905110285832,0.05919,0.05558,0.05156
2023-07-03 10:00:00,0.1773333333333333,13.0,0.0,91,0.2131607681665665,0.05919,0.05232,0.05156
2023-07-03 11:00:00,3.4286666666666665,12.5,0.0,91,0.570709653022962,0.05919,0.0501,0.05156
2023-07-03 12:00:00,3.5195000000000003,13.0,0.0,91,0.7446644448826454,0.05919,0.04803,0.05156
2023-07-03 13:00:00,5.464333333333333,13.0,0.0,91,0.7587711119040467,0.05919,0.03338,0.05156
2023-07-03 14:00:00,9.227166666666667,13.0,0.0,91,0.7463118815625833,0.05919,0.023219999999999998,0.05156
2023-07-03 15:00:00,11.774,13.0,0.0,91,0.6682173499082908,0.05919,0.0253,0.05156
2023-07-03 16:00:00,14.564833333333333,13.25,0.0,91,0.6134365818643167,0.05919,0.042570000000000004,0.05156
2023-07-03 17:00:00,15.688166666666666,15.75,0.0,91,0.4931224803435499,0.05919,0.09181,0.05156
2023-07-03 18:00:00,19.73783333333333,21.25,0.0,91,0.3478741041004148,0.05919,0.11741,0.05156
2023-07-03 19:00:00,19.858166666666666,25.5,0.0,91,0.1904519659841162,0.05919,0.12614,0.05156
2023-07-03 20:00:00,4.020166666666666,29.25,0.0,91,0.0547535039013267,0.05919,0.12915000000000001,0.05156
2023-07-03 21:00:00,0.2618333333333333,33.5,0.0,91,0.0034054700849163,0.05919,0.122,0.05156
2023-07-03 22:00:00,0.2676666666666666,32.75,0.0,91,0.0,0.05038,0.11514,0.05156
2023-07-03 23:00:00,0.2631666666666666,32.5,0.0,91,0.0,0.05038,0.09845999999999999,0.05156
2023-07-04 00:00:00,0.264,31.0,0.0,91,0.0,0.05038,0.08327,0.05156
2023-07-04 01:00:00,0.2668333333333333,23.75,0.0,91,0.0,0.05038,0.07415999999999999,0.05156
2023-07-04 02:00:00,0.2625,25.25,0.0,91,0.0,0.05038,0.06803000000000001,0.05156
2023-07-04 03:00:00,0.2686666666666666,24.75,0.0,91,0.0,0.05038,0.07151,0.05156
2023-07-04 04:00:00,0.262,26.0,0.0,91,0.0,0.05038,0.08601,0.05156
2023-07-04 05:00:00,0.2681666666666666,29.25,0.0,91,0.0,0.05038,0.11384,0.05156
2023-07-04 06:00:00,0.261,37.5,0.0,91,0.013263675104349,0.05919,0.11997,0.05156
2023-07-04 07:00:00,0.2641666666666666,40.0,0.0,91,0.09173837576157,0.05919,0.11329,0.05156
2023-07-04 08:00:00,0.2623333333333333,37.5,0.0,91,0.2829066669431507,0.05919,0.10851999999999999,0.05156
2023-07-04 09:00:00,0.2658333333333333,36.0,0.0,91,0.4268658975454478,0.05919,0.09368000000000001,0.05156
2023-07-04 10:00:00,0.2608333333333333,29.25,0.0,91,0.5549481201171879,0.05919,0.08918000000000001,0.05156
2023-07-04 11:00:00,1.6144999999999998,21.25,0.0,91,0.6644196599976628,0.05919,0.08220999999999999,0.05156
2023-07-04 12:00:00,2.4248333333333334,21.25,0.0,91,0.7227806795560399,0.05919,0.06417,0.05156
2023-07-04 13:00:00,2.365166666666666,22.25,0.0,91,0.7521329909104572,0.05919,0.05175,0.05156
2023-07-04 14:00:00,3.703666666666667,21.5,0.0,91,0.7393321345402645,0.05919,0.053619999999999994,0.05156
2023-07-04 15:00:00,5.021833333333333,20.0,0.0,91,0.6854496582552918,0.05919,0.08474,0.05156
2023-07-04 16:00:00,4.3853333333333335,20.0,0.0,91,0.6013677789410976,0.05919,0.09368000000000001,0.05156
2023-07-04 17:00:00,12.022166666666664,25.25,0.0,91,0.4852454682700653,0.05919,0.11667,0.05156
2023-07-04 18:00:00,15.442666666666668,32.75,0.0,91,0.3452785456078684,0.05919,0.12564,0.05156
2023-07-04 19:00:00,18.652,36.0,0.0,91,0.1872957258958082,0.05919,0.13388,0.05156
2023-07-04 20:00:00,10.320666666666666,36.5,0.0,91,0.0487329912796998,0.05919,0.1407,0.05156
2023-07-04 21:00:00,5.971333333333334,34.5,0.0,91,0.0031184615354395,0.05919,0.13982,0.05156
2023-07-04 22:00:00,0.2705,32.25,0.0,91,0.0,0.05038,0.12409,0.05156
2023-07-04 23:00:00,0.2773333333333333,33.75,0.0,91,0.0,0.05038,0.10601000000000001,0.05156
2023-07-05 00:00:00,0.2771666666666667,36.0,0.0,91,0.0,0.05038,0.08863,0.05156
2023-07-05 01:00:00,0.2745,35.0,0.0,91,0.0,0.05038,0.09059,0.05156
2023-07-05 02:00:00,0.2735,32.0,0.0,91,0.0,0.05038,0.057659999999999996,0.05156
2023-07-05 03:00:00,0.2763333333333333,25.0,0.0,91,0.0,0.05038,0.06856999999999999,0.05156
2023-07-05 04:00:00,0.2765,15.25,0.0,91,0.0,0.05038,0.06947,0.05156
2023-07-05 05:00:00,0.2703333333333333,15.0,0.0,91,0.0,0.05038,0.07676999999999999,0.05156
2023-07-05 06:00:00,0.2758333333333333,15.0,0.0,91,0.0318032478891376,0.05919,0.09506999999999999,0.05156
2023-07-05 07:00:00,0.2753333333333334,15.75,0.0,91,0.0596296580224974,0.05919,0.09834999999999999,0.05156
2023-07-05 08:00:00,0.2726666666666666,17.5,0.0,91,0.1899685479840661,0.05919,0.0824,0.05156
2023-07-05 09:00:00,0.2796666666666667,17.0,0.0,91,0.4103898278260843,0.05919,0.07343999999999999,0.05156
2023-07-05 10:00:00,0.3371666666666666,16.0,0.0,91,0.5711217120569994,0.05919,0.05525,0.05156
2023-07-05 11:00:00,0.2766666666666666,16.0,0.0,91,0.6396032480093149,0.05919,0.046270000000000006,0.05156
2023-07-05 12:00:00,0.2781666666666667,16.25,0.0,91,0.7478221312954894,0.05919,0.0363,0.05156
2023-07-05 13:00:00,0.2771666666666666,16.0,0.0,91,0.7433541022406686,0.05919,0.0444,0.05156
2023-07-05 14:00:00,0.2778333333333333,16.25,0.0,91,0.7224485465807794,0.05919,0.04064,0.05156
2023-07-05 15:00:00,0.2991666666666666,16.75,0.0,91,0.6900594016833187,0.05919,0.04753,0.05156
2023-07-05 16:00:00,0.2766666666666666,15.75,0.0,91,0.628505385961288,0.05919,0.0595,0.05156
2023-07-05 17:00:00,0.2756666666666666,15.25,0.0,91,0.2780964957343208,0.05919,0.09331999999999999,0.05156
2023-07-05 18:00:00,0.2758333333333333,20.75,0.0,91,0.3203892318203918,0.05919,0.10674,0.05156
2023-07-05 19:00:00,0.2758333333333333,33.5,0.0,91,0.1662620511829343,0.05919,0.11975,0.05156
2023-07-05 20:00:00,0.2756666666666666,37.75,0.0,91,0.065946922842254,0.05919,0.12379000000000001,0.05156
2023-07-05 21:00:00,0.3193333333333333,39.0,0.0,91,0.0017010256342796,0.05919,0.12279000000000001,0.05156
2023-07-05 22:00:00,0.6681666666666667,39.5,0.0,91,0.0,0.05038,0.11511,0.05156
2023-07-05 23:00:00,0.9055,41.75,0.0,91,0.0,0.05038,0.09162000000000001,0.05156
2023-07-06 00:00:00,0.3241666666666666,40.25,0.0,91,0.0,0.05038,0.084,0.05156
2023-07-06 01:00:00,0.2796666666666667,36.5,0.0,91,0.0,0.05038,0.0824,0.05156
2023-07-06 02:00:00,0.2801666666666667,35.25,0.0,91,0.0,0.05038,0.08305,0.05156
2023-07-06 03:00:00,0.2803333333333333,35.5,0.0,91,0.0,0.05038,0.08501,0.05156
2023-07-06 04:00:00,0.2808333333333333,36.25,0.0,91,0.0,0.05038,0.09437000000000001,0.05156
2023-07-06 05:00:00,0.2805,39.5,0.0,91,0.0,0.05038,0.11375,0.05156
2023-07-06 06:00:00,0.2771666666666667,40.5,0.0,91,0.0149777778085225,0.05919,0.12685,0.05156
2023-07-06 07:00:00,0.2755,39.5,0.0,91,0.0894629060305081,0.05919,0.12484999999999999,0.05156
2023-07-06 08:00:00,0.2763333333333333,41.25,0.0,91,0.2712274345984825,0.05919,0.11097,0.05156
2023-07-06 09:00:00,0.2761666666666666,39.0,0.0,91,0.4215360690385867,0.05919,0.09684000000000001,0.05156
2023-07-06 10:00:00,0.278,37.75,0.0,91,0.5392396584535255,0.05919,0.08967,0.05156
2023-07-06 11:00:00,0.3603333333333333,28.25,0.0,91,0.635418460552509,0.05919,0.09808,0.05156
2023-07-06 12:00:00,0.3828333333333333,25.0,0.0,91,0.6917228216187569,0.05919,0.08161,0.05156
2023-07-06 13:00:00,3.1941666666666664,24.5,0.0,91,0.7238792275974893,0.05919,0.08574,0.05156
2023-07-06 14:00:00,2.1028333333333333,24.0,0.0,91,0.7162944435054424,0.05919,0.08405,0.05156
2023-07-06 15:00:00,5.087666666666666,23.75,0.0,91,0.6735718771127555,0.05919,0.0881,0.05156
2023-07-06 16:00:00,1.6183333333333334,25.25,0.0,91,0.4733578624888362,0.05919,0.09893,0.05156
2023-07-06 17:00:00,5.585833333333333,35.25,0.0,91,0.140789401796129,0.05919,0.11293,0.05156
2023-07-06 18:00:00,3.6165,40.75,0.0,91,0.1997546148707724,0.05919,0.13181,0.05156
2023-07-06 19:00:00,2.4955,43.0,0.0,91,0.142678119952862,0.05919,0.13115000000000002,0.05156
2023-07-06 20:00:00,9.1415,47.25,0.0,91,0.0710354700659075,0.05919,0.13183,0.05156
2023-07-06 21:00:00,3.5130000000000003,48.0,0.0,91,0.0063198290470764,0.05919,0.12985,0.05156
2023-07-06 22:00:00,10.147666666666668,46.25,0.0,91,0.0,0.05038,0.11898,0.05156
2023-07-06 23:00:00,6.093166666666666,46.0,0.0,91,0.0,0.05038,0.114,0.05156
2023-07-07 00:00:00,4.291333333333333,43.25,0.0,91,0.0,0.05038,0.10061,0.05156
2023-07-07 01:00:00,0.2768333333333333,42.0,0.0,91,0.0,0.05038,0.09759999999999999,0.05156
2023-07-07 02:00:00,0.2791666666666667,41.5,0.0,91,0.0,0.05038,0.0892,0.05156
2023-07-07 03:00:00,0.2781666666666667,44.0,0.0,91,0.0,0.05038,0.07514,0.05156
2023-07-07 04:00:00,0.2786666666666667,42.0,0.0,91,0.0,0.05038,0.08703,0.05156
2023-07-07 05:00:00,0.274,39.75,0.0,91,0.0,0.05038,0.07508,0.05156
2023-07-07 06:00:00,0.2749999999999999,39.0,0.0,91,0.0197346153078425,0.05919,0.11637,0.05156
2023-07-07 07:00:00,0.2765,39.75,0.0,91,0.1035860684386685,0.05919,0.10829000000000001,0.05156
2023-07-07 08:00:00,0.2756666666666666,40.0,0.0,91,0.1416058119749411,0.05919,0.09179000000000001,0.05156
2023-07-07 09:00:00,0.3344999999999999,38.0,0.0,91,0.2715218806470562,0.05919,0.084,0.05156
2023-07-07 10:00:00,0.3535,26.75,0.0,91,0.209638290079231,0.05919,0.07912000000000001,0.05156
2023-07-07 11:00:00,0.3796666666666666,21.25,0.0,91,0.5968310227353351,0.05919,0.07490000000000001,0.05156
2023-07-07 12:00:00,0.3798333333333333,20.25,0.0,91,0.7043965866219286,0.05919,0.06656999999999999,0.05156
2023-07-07 13:00:00,0.3803333333333333,19.0,0.0,91,0.6733409399048896,0.05919,0.06498000000000001,0.05156
2023-07-07 14:00:00,5.518000000000001,19.75,0.0,91,0.6332335043361047,0.05919,0.06618,0.05156
2023-07-07 15:00:00,8.174166666666666,20.0,0.0,91,0.6157010200696116,0.05919,0.08029,0.05156
2023-07-07 16:00:00,10.001333333333331,21.75,0.0,91,0.5748740999922798,0.05919,0.09,0.05156
2023-07-07 17:00:00,0.7545000000000001,28.75,0.0,91,0.4174695737137753,0.05919,0.10604999999999999,0.05156
2023-07-07 18:00:00,0.8131666666666666,35.0,0.0,91,0.1511837601457905,0.05919,0.10817,0.05156
2023-07-07 19:00:00,6.980833333333333,36.75,0.0,91,0.1525861537150847,0.05919,0.11917,0.05156
2023-07-07 20:00:00,5.4345,37.0,0.0,91,0.0431246154634361,0.05919,0.12426999999999999,0.05156
2023-07-07 21:00:00,2.135666666666667,38.25,0.0,91,0.0012705982902732,0.05919,0.11727,0.05156
2023-07-07 22:00:00,11.288166666666667,36.5,0.0,91,0.0,0.05038,0.10156,0.05156
2023-07-07 23:00:00,0.515,36.75,0.0,91,0.0,0.05038,0.10027,0.05156
2023-07-08 00:00:00,0.2763333333333333,35.0,0.0,91,0.0,0.05038,0.08968999999999999,0.05156
2023-07-08 01:00:00,0.2745,28.5,0.0,91,0.0,0.05038,0.08997,0.05156
2023-07-08 02:00:00,0.2791666666666667,19.25,0.0,91,0.0,0.05038,0.07720999999999999,0.05156
2023-07-08 03:00:00,0.2795,15.0,0.0,91,0.0,0.05038,0.06775,0.05156
2023-07-08 04:00:00,0.2786666666666667,15.5,0.0,91,0.0,0.05038,0.07118000000000001,0.05156
2023-07-08 05:00:00,0.2763333333333333,16.0,0.0,91,0.0,0.05038,0.07651000000000001,0.05156
2023-07-08 06:00:00,0.2736666666666666,16.0,0.0,91,0.0098618803587224,0.05919,0.08504,0.05156
2023-07-08 07:00:00,0.2761666666666666,16.0,0.0,91,0.0835565811548477,0.05919,0.08365,0.05156
2023-07-08 08:00:00,0.2776666666666667,15.0,0.0,91,0.2606851303883088,0.05919,0.07604000000000001,0.05156
2023-07-08 09:00:00,0.2768333333333333,14.75,0.0,91,0.3919770095694778,0.05919,0.060899999999999996,0.05156
2023-07-08 10:00:00,0.2766666666666666,14.0,0.0,91,0.4826370092538688,0.05919,0.04632,0.05156
2023-07-08 11:00:00,0.2728333333333333,13.25,0.0,91,0.6210638486422028,0.05919,0.04019,0.05156
2023-07-08 12:00:00,0.2911666666666666,13.0,0.0,91,0.6927827362321382,0.05919,0.040350000000000004,0.05156
2023-07-08 13:00:00,9.098833333333332,13.25,0.0,91,0.7079160758776543,0.05919,0.02942,0.05156
2023-07-08 14:00:00,5.0555,14.0,0.0,91,0.7218172670022035,0.05919,0.04,0.05156
2023-07-08 15:00:00,6.035,14.0,0.0,91,0.7234676928397942,0.05919,0.060899999999999996,0.05156
2023-07-08 16:00:00,8.680833333333334,15.0,0.0,91,0.5681474330282623,0.05919,0.0834,0.05156
2023-07-08 17:00:00,2.8445,18.25,0.0,91,0.4530582943125668,0.05919,0.10729999999999999,0.05156
2023-07-08 18:00:00,11.778666666666666,30.75,0.0,91,0.3016199147803152,0.05919,0.12095,0.05156
2023-07-08 19:00:00,6.565,49.5,0.0,91,0.1699182057176899,0.05919,0.12875999999999999,0.05156
2023-07-08 20:00:00,0.4146666666666667,56.0,0.0,91,0.0459411965272365,0.05919,0.13286,0.05156
2023-07-08 21:00:00,0.738,46.5,0.0,91,0.0020963247733302,0.05919,0.12969999999999998,0.05156
2023-07-08 22:00:00,4.0665,43.5,0.0,91,0.0,0.05038,0.11592,0.05156
2023-07-08 23:00:00,3.453333333333333,42.5,0.0,91,0.0,0.05038,0.10944,0.05156
2023-07-09 00:00:00,0.3015,40.5,0.0,91,0.0,0.05038,0.10174,0.05156
2023-07-09 01:00:00,0.2756666666666666,36.75,0.0,91,0.0,0.05038,0.10182,0.05156
2023-07-09 02:00:00,0.2749999999999999,39.5,0.0,91,0.0,0.05038,0.0955,0.05156
2023-07-09 03:00:00,0.2763333333333333,39.5,0.0,91,0.0,0.05038,0.09598999999999999,0.05156
2023-07-09 04:00:00,0.2728333333333333,41.0,0.0,91,0.0,0.05038,0.09715,0.05156
2023-07-09 05:00:00,0.2716666666666666,31.5,0.0,91,0.0,0.05038,0.09495999999999999,0.05156
2023-07-09 06:00:00,0.2745,27.0,0.0,91,0.0134038461158927,0.05919,0.09148999999999999,0.05156
2023-07-09 07:00:00,0.2741666666666666,24.75,0.0,91,0.0823376923341017,0.05919,0.08602,0.05156
2023-07-09 08:00:00,0.2731666666666666,22.25,0.0,91,0.2611630767431014,0.05919,0.07693000000000001,0.05156
2023-07-09 09:00:00,0.2709999999999999,17.0,0.0,91,0.4067761504344451,0.05919,0.06,0.05156
2023-07-09 10:00:00,0.2678333333333333,15.0,0.0,91,0.5228001729851096,0.05919,0.05,0.05156
2023-07-09 11:00:00,0.353,15.0,0.0,91,0.6032374331482454,0.05919,0.04846,0.05156
2023-07-09 12:00:00,1.9713333333333327,14.75,0.0,91,0.6572274375980738,0.05919,0.03711,0.05156
2023-07-09 13:00:00,6.3035,14.5,0.0,91,0.700624010134966,0.05919,0.04499,0.05156
2023-07-09 14:00:00,3.5383333333333336,14.5,0.0,91,0.5004916272611701,0.05919,0.055310000000000005,0.05156
2023-07-09 15:00:00,0.6435,15.0,0.0,91,0.569366324335082,0.05919,0.07287,0.05156
2023-07-09 16:00:00,0.7318333333333333,18.75,0.0,91,0.5827686329377002,0.05919,0.0824,0.05156
2023-07-09 17:00:00,7.670666666666666,25.0,0.0,91,0.4597913693159056,0.05919,0.09925,0.05156
2023-07-09 18:00:00,8.014999999999999,36.75,0.0,91,0.3162838481022761,0.05919,0.10642,0.05156
2023-07-09 19:00:00,3.294333333333334,42.0,0.0,91,0.1626480347070938,0.05919,0.12702,0.05156
2023-07-09 20:00:00,0.4771666666666667,44.0,0.0,91,0.0393064957398634,0.05919,0.1341,0.05156
2023-07-09 21:00:00,0.5605,45.0,0.0,91,0.0028052991193631,0.05919,0.13212000000000002,0.05156
2023-07-09 22:00:00,0.6708333333333334,55.75,0.0,91,0.0,0.05038,0.1196,0.05156
2023-07-09 23:00:00,0.6878333333333333,50.75,0.0,91,0.0,0.05038,0.11248999999999999,0.05156
2023-07-10 00:00:00,0.5763333333333334,46.0,0.0,91,0.0,0.05038,0.102,0.05156
2023-07-10 01:00:00,0.6721666666666666,46.5,0.0,91,0.0,0.05038,0.0943,0.05156
2023-07-10 02:00:00,0.4763333333333333,52.25,0.0,91,0.0,0.05038,0.09194,0.05156
2023-07-10 03:00:00,0.6246666666666666,53.0,0.0,91,0.0,0.05038,0.09331,0.05156
2023-07-10 04:00:00,0.5445,53.5,0.0,91,0.0,0.05038,0.105,0.05156
2023-07-10 05:00:00,0.2673333333333333,53.0,0.0,91,0.0,0.05038,0.11492000000000001,0.05156
2023-07-10 06:00:00,0.2675,50.25,0.0,91,0.0149661538883661,0.05919,0.12687,0.05156
2023-07-10 07:00:00,0.2666666666666666,47.5,0.0,91,0.0813211110922006,0.05919,0.13427,0.05156
2023-07-10 08:00:00,0.2661666666666666,46.0,0.0,91,0.2398955555451222,0.05919,0.11795,0.05156
2023-07-10 09:00:00,0.2636666666666666,44.75,0.0,91,0.3794088044125809,0.05919,0.10528,0.05156
2023-07-10 10:00:00,0.2666666666666666,42.5,0.0,91,0.5071151303022335,0.05919,0.1011,0.05156
2023-07-10 11:00:00,0.267,40.75,0.0,91,0.6030810279520151,0.05919,0.095,0.05156
2023-07-10 12:00:00,0.2666666666666666,39.5,0.0,91,0.6634234201806223,0.05919,0.09481,0.05156
2023-07-10 13:00:00,0.2641666666666666,38.75,0.0,91,0.6790672654371994,0.05919,0.091,0.05156
2023-07-10 14:00:00,0.4398333333333333,40.0,0.0,91,0.67790769397703,0.05919,0.09134,0.05156
2023-07-10 15:00:00,0.6164999999999999,40.25,0.0,91,0.6483971828884553,0.05919,0.08832,0.05156
2023-07-10 16:00:00,0.6313333333333333,41.75,0.0,91,0.5752211970141812,0.05919,0.09505,0.05156
2023-07-10 17:00:00,0.6015,43.0,0.0,91,0.4623442742763421,0.05919,0.12472,0.05156
2023-07-10 18:00:00,0.6461666666666667,41.5,0.0,91,0.321649059393467,0.05919,0.16549,0.05156
2023-07-10 19:00:00,0.5385,46.0,0.0,91,0.1711672644329886,0.05919,0.17342,0.05156
2023-07-10 20:00:00,10.255833333333332,50.25,0.0,91,0.0406775212186014,0.05919,0.1595,0.05156
2023-07-10 21:00:00,3.048166666666667,52.0,0.0,91,0.0023588034260269,0.05919,0.16,0.05156
2023-07-10 22:00:00,10.612333333333334,50.0,0.0,91,0.0,0.05038,0.13369999999999999,0.05156
2023-07-10 23:00:00,3.1503333333333337,51.75,0.0,91,0.0,0.05038,0.12440999999999999,0.05156
2023-07-11 00:00:00,10.741666666666667,60.25,0.0,91,0.0,0.05038,0.11275,0.05156
2023-07-11 01:00:00,2.4076666666666666,63.75,0.0,91,0.0,0.05038,0.10428,0.05156
2023-07-11 02:00:00,0.4965,63.5,0.0,91,0.0,0.05038,0.0917,0.05156
2023-07-11 03:00:00,0.2746666666666666,62.75,0.0,91,0.0,0.05038,0.07736,0.05156
2023-07-11 04:00:00,0.2746666666666666,57.0,0.0,91,0.0,0.05038,0.07743000000000001,0.05156
2023-07-11 05:00:00,0.2795,56.0,0.0,91,0.0,0.05038,0.1021,0.05156
2023-07-11 06:00:00,0.2745,54.75,0.0,91,0.0217480342071025,0.05919,0.12190000000000001,0.05156
2023-07-11 07:00:00,0.2728333333333333,53.5,0.0,91,0.0825143590340247,0.05919,0.12095,0.05156
2023-07-11 08:00:00,0.2733333333333334,51.0,0.0,91,0.2477974355322683,0.05919,0.1051,0.05156
2023-07-11 09:00:00,0.2766666666666666,47.75,0.0,91,0.3977195694100143,0.05919,0.09772,0.05156
2023-07-11 10:00:00,0.274,45.0,0.0,91,0.5224695691491801,0.05919,0.09908,0.05156
2023-07-11 11:00:00,0.2876666666666667,40.0,0.0,91,0.5976641871786528,0.05919,0.096,0.05156
2023-07-11 12:00:00,3.006,37.0,0.0,91,0.6521032519218248,0.05919,0.0925,0.05156
2023-07-11 13:00:00,0.9693333333333332,35.5,0.0,91,0.688240939409305,0.05919,0.08136,0.05156
2023-07-11 14:00:00,0.4356666666666666,38.75,0.0,91,0.6729505105303908,0.05919,0.08101,0.05156
2023-07-11 15:00:00,0.5068333333333334,41.5,0.0,91,0.6309708554520567,0.05919,0.08902,0.05156
2023-07-11 16:00:00,0.4463333333333333,41.25,0.0,91,0.4911684605199045,0.05919,0.09708,0.05156
2023-07-11 17:00:00,0.4691666666666667,42.0,0.0,91,0.3347451276860685,0.05919,0.12078,0.05156
2023-07-11 18:00:00,0.4823333333333333,41.75,0.0,91,0.2756234193459536,0.05919,0.12348999999999999,0.05156
2023-07-11 19:00:00,0.2973333333333333,42.25,0.0,91,0.1094960681393615,0.05919,0.12687,0.05156
2023-07-11 20:00:00,0.3396666666666666,43.5,0.0,91,0.0378138462906209,0.05919,0.12821000000000002,0.05156
2023-07-11 21:00:00,0.4278333333333333,46.0,0.0,91,0.0024116239309088,0.05919,0.12138,0.05156
2023-07-11 22:00:00,6.116499999999999,48.0,0.0,91,0.0,0.05038,0.10371,0.05156
2023-07-11 23:00:00,7.830833333333333,57.5,0.0,91,0.0,0.05038,0.09847,0.05156
2023-07-12 00:00:00,0.408,61.0,0.0,91,0.0,0.05038,0.091,0.05156
2023-07-12 01:00:00,0.3306666666666666,60.0,0.0,91,0.0,0.05038,0.09,0.05156
2023-07-12 02:00:00,0.2963333333333333,61.25,0.0,91,0.0,0.05038,0.08209000000000001,0.05156
2023-07-12 03:00:00,0.2945,54.5,0.0,91,0.0,0.05038,0.08170999999999999,0.05156
2023-07-12 04:00:00,0.2945,50.0,0.0,91,0.0,0.05038,0.08237,0.05156
2023-07-12 05:00:00,0.2946666666666666,45.25,0.0,91,0.0,0.05038,0.09788,0.05156
2023-07-12 06:00:00,0.2955,55.75,0.0,91,0.0131447863209451,0.05919,0.11729,0.05156
2023-07-12 07:00:00,0.2956666666666667,60.5,0.0,91,0.0736558120678632,0.05919,0.12,0.05156
2023-07-12 08:00:00,0.296,61.0,0.0,91,0.2222134202158349,0.05919,0.10718000000000001,0.05156
2023-07-12 09:00:00,0.3398333333333334,45.75,0.0,91,0.3737592315673828,0.05919,0.09737,0.05156
2023-07-12 10:00:00,0.34,45.25,0.0,91,0.5052504299848507,0.05919,0.0922,0.05156
2023-07-12 11:00:00,0.2996666666666667,44.0,0.0,91,0.577635983850202,0.05919,0.09531,0.05156
2023-07-12 12:00:00,0.2996666666666667,41.75,0.0,91,0.5803003425272101,0.05919,0.08887,0.05156
2023-07-12 13:00:00,0.3005,43.0,0.0,91,0.6153794000087643,0.05919,0.07868,0.05156
2023-07-12 14:00:00,0.3023333333333333,43.25,0.0,91,0.5034535047743057,0.05919,0.07257999999999999,0.05156
2023-07-12 15:00:00,0.3021666666666666,43.25,0.0,91,0.3813682060567742,0.05919,0.07232999999999999,0.05156
2023-07-12 16:00:00,0.303,46.5,0.0,91,0.2807794023171449,0.05919,0.08872,0.05156
2023-07-12 17:00:00,0.3038333333333333,49.25,0.0,91,0.1147438463186606,0.05919,0.09795999999999999,0.05156
2023-07-12 18:00:00,0.304,46.0,0.0,91,0.0824123080849297,0.05919,0.11639000000000001,0.05156
2023-07-12 19:00:00,0.3046666666666666,49.0,0.0,91,0.0087181195976913,0.05919,0.11796,0.05156
2023-07-12 20:00:00,0.3046666666666666,48.5,0.0,91,0.0069638462221393,0.05919,0.123,0.05156
2023-07-12 21:00:00,0.3061666666666666,51.0,0.0,91,0.0014423077223965,0.05919,0.12379000000000001,0.05156
2023-07-12 22:00:00,0.3048333333333333,49.75,0.0,91,0.0,0.05038,0.1142,0.05156
2023-07-12 23:00:00,0.3033333333333333,49.0,0.0,91,0.0,0.05038,0.10524,0.05156
2023-07-13 00:00:00,0.3011666666666666,45.75,0.0,91,0.0,0.05038,0.09337999999999999,0.05156
2023-07-13 01:00:00,0.2996666666666667,45.75,0.0,91,0.0,0.05038,0.08909,0.05156
2023-07-13 02:00:00,0.3,46.75,0.0,91,0.0,0.05038,0.08583,0.05156
2023-07-13 03:00:00,0.2953333333333333,46.25,0.0,91,0.0,0.05038,0.086,0.05156
2023-07-13 04:00:00,0.2965,47.75,0.0,91,0.0,0.05038,0.092,0.05156
2023-07-13 05:00:00,0.299,48.0,0.0,91,0.0,0.05038,0.10538,0.05156
2023-07-13 06:00:00,0.2983333333333333,50.25,0.0,91,0.0133006837352728,0.05919,0.11785,0.05156
2023-07-13 07:00:00,0.2941666666666666,52.0,0.0,91,0.0476677780477409,0.05919,0.1191,0.05156
2023-07-13 08:00:00,0.298,51.0,0.0,91,0.0945390592069707,0.05919,0.10468000000000001,0.05156
2023-07-13 09:00:00,0.3163333333333333,49.25,0.0,91,0.2719678627731453,0.05919,0.09212999999999999,0.05156
2023-07-13 10:00:00,0.3251666666666666,45.0,0.0,91,0.4240876052726029,0.05919,0.08872,0.05156
2023-07-13 11:00:00,0.4998333333333333,40.75,0.0,91,0.4995851252629206,0.05919,0.09065999999999999,0.05156
2023-07-13 12:00:00,0.7076666666666668,41.75,0.0,91,0.7275529949481672,0.05919,0.0901,0.05156
2023-07-13 13:00:00,1.4665,42.0,0.0,91,0.7502025675977397,0.05919,0.07524,0.05156
2023-07-13 14:00:00,2.323,40.0,0.0,91,0.7322664968376482,0.05919,0.07422,0.05156
2023-07-13 15:00:00,3.3956666666666666,38.0,0.0,91,0.6695065816243494,0.05919,0.07970000000000001,0.05156
2023-07-13 16:00:00,6.797333333333333,38.75,0.0,91,0.6040779498499681,0.05919,0.09054999999999999,0.05156
2023-07-13 17:00:00,12.372166666666669,42.0,0.0,91,0.4835349586682443,0.05919,0.09609000000000001,0.05156
2023-07-13 18:00:00,19.4055,43.0,0.0,91,0.3035213692167885,0.05919,0.11945,0.05156
2023-07-13 19:00:00,10.200333333333331,43.0,0.0,91,0.1410599999550061,0.05919,0.13213999999999998,0.05156
2023-07-13 20:00:00,0.3426666666666667,44.0,0.0,91,0.0602951284147735,0.05919,0.13731000000000002,0.05156
2023-07-13 21:00:00,0.3033333333333333,45.75,0.0,91,0.0030358119459392,0.05919,0.13013,0.05156
2023-07-13 22:00:00,0.2993333333333333,46.5,0.0,91,0.0,0.05038,0.11772,0.05156
2023-07-13 23:00:00,0.3001666666666666,47.75,0.0,91,0.0,0.05038,0.101,0.05156
2023-07-14 00:00:00,0.3043333333333333,49.75,0.0,91,0.0,0.05038,0.09636,0.05156
2023-07-14 01:00:00,0.3038333333333333,50.0,0.0,91,0.0,0.05038,0.09053,0.05156
2023-07-14 02:00:00,0.2978333333333333,48.25,0.0,91,0.0,0.05038,0.07474,0.05156
2023-07-14 03:00:00,0.3036666666666667,48.5,0.0,91,0.0,0.05038,0.08148999999999999,0.05156
2023-07-14 04:00:00,0.3036666666666667,50.5,0.0,91,0.0,0.05038,0.08795,0.05156
2023-07-14 05:00:00,0.2988333333333333,51.5,0.0,91,0.0,0.05038,0.08805,0.05156
2023-07-14 06:00:00,0.3003333333333333,49.0,0.0,91,0.0102878632364619,0.05919,0.10479000000000001,0.05156
2023-07-14 07:00:00,0.3021666666666666,46.25,0.0,91,0.0774204273305387,0.05919,0.09824,0.05156
2023-07-14 08:00:00,0.2988333333333333,43.75,0.0,91,0.2708587180243598,0.05919,0.08506999999999999,0.05156
2023-07-14 09:00:00,0.5608333333333334,37.5,0.0,91,0.3590088898096329,0.05919,0.07970999999999999,0.05156
2023-07-14 10:00:00,1.2065,31.0,0.0,91,0.5454185466277296,0.05919,0.07523,0.05156
2023-07-14 11:00:00,1.2261666666666666,24.75,0.0,91,0.6055683755467084,0.05919,0.07390000000000001,0.05156
2023-07-14 12:00:00,1.3641666666666667,17.5,0.0,91,0.6748309378338676,0.05919,0.06434000000000001,0.05156
2023-07-14 13:00:00,1.215666666666667,16.0,0.0,91,0.7241999973394933,0.05919,0.05662,0.05156
2023-07-14 14:00:00,1.422,16.0,0.0,91,0.7226597464797846,0.05919,0.05083,0.05156
2023-07-14 15:00:00,1.5603333333333331,16.0,0.0,91,0.675772225143563,0.05919,0.04568,0.05156
2023-07-14 16:00:00,2.4425,16.25,0.0,91,0.5927014518803002,0.05919,0.05742,0.05156
2023-07-14 17:00:00,1.4563333333333333,16.25,0.0,91,0.4760552998078175,0.05919,0.07072,0.05156
2023-07-14 18:00:00,1.5541666666666665,18.5,0.0,91,0.3372599127353766,0.05919,0.08070000000000001,0.05156
2023-07-14 19:00:00,1.758,27.75,0.0,91,0.1830863245124491,0.05919,0.10175,0.05156
2023-07-14 20:00:00,3.137833333333333,34.25,0.0,91,0.0406731623869675,0.05919,0.09317,0.05156
2023-07-14 21:00:00,4.9318333333333335,33.5,0.0,91,0.0020176922871022,0.05919,0.09613,0.05156
2023-07-14 22:00:00,1.7045,32.75,0.0,91,0.0,0.05038,0.08219,0.05156
2023-07-14 23:00:00,0.2985,30.0,0.0,91,0.0,0.05038,0.07357999999999999,0.05156
2023-07-15 00:00:00,0.2991666666666666,20.5,0.0,91,0.0,0.05038,0.05357,0.05156
2023-07-15 01:00:00,0.3026666666666666,17.0,0.0,91,0.0,0.05038,0.02915,0.05156
2023-07-15 02:00:00,0.3023333333333333,15.75,0.0,91,0.0,0.05038,0.019940000000000003,0.05156
2023-07-15 03:00:00,0.2956666666666667,15.25,0.0,91,0.0,0.05038,0.00694,0.05156
2023-07-15 04:00:00,0.3011666666666666,16.0,0.0,91,0.0,0.05038,0.013689999999999999,0.05156
2023-07-15 05:00:00,0.3008333333333333,16.0,0.0,91,0.0,0.05038,0.019719999999999998,0.05156
2023-07-15 06:00:00,0.2976666666666667,16.0,0.0,91,0.0105913674971486,0.05919,0.022600000000000002,0.05156
2023-07-15 07:00:00,0.298,16.0,0.0,91,0.0741243585765871,0.05919,0.02995,0.05156
2023-07-15 08:00:00,0.3008333333333333,15.0,0.0,91,0.2514659833500527,0.05919,0.017410000000000002,0.05156
2023-07-15 09:00:00,0.3081666666666666,14.25,0.0,91,0.3822530752980811,0.05919,0.00461,0.05156
2023-07-15 10:00:00,7.521999999999999,14.0,0.0,91,0.4852837622878895,0.05919,0.0,0.05156
2023-07-15 11:00:00,14.636833333333334,14.0,0.0,91,0.2595538447453426,0.05919,-2e-05,0.05156
2023-07-15 12:00:00,19.30933333333333,14.0,0.0,91,0.44807127993331,0.05919,-8.999999999999999e-05,0.05156
2023-07-15 13:00:00,2.1163333333333334,14.0,0.0,91,0.7230938446827424,0.05919,-0.001,0.05156
2023-07-15 14:00:00,1.9625,14.0,0.0,91,0.7386793178982207,0.05919,-0.0001,0.05156
2023-07-15 15:00:00,1.9076666666666664,14.0,0.0,91,0.6515423055795525,0.05919,-2e-05,0.05156
2023-07-15 16:00:00,2.933,14.0,0.0,91,0.5723752959161742,0.05919,0.0043,0.05156
2023-07-15 17:00:00,7.9075,13.25,0.0,91,0.3884136765634912,0.05919,0.03,0.05156
2023-07-15 18:00:00,11.889833333333334,13.0,0.0,91,0.2989888033092531,0.05919,0.06681000000000001,0.05156
2023-07-15 19:00:00,19.457166666666662,13.5,0.0,91,0.1117951276567247,0.05919,0.089,0.05156
2023-07-15 20:00:00,3.53,16.5,0.0,91,0.0354841879494169,0.05919,0.08456,0.05156
2023-07-15 21:00:00,0.2991666666666666,17.0,0.0,91,0.0013185470181111,0.05919,0.08304,0.05156
2023-07-15 22:00:00,0.3011666666666666,17.0,0.0,91,0.0,0.05038,0.07182,0.05156
2023-07-15 23:00:00,0.3028333333333333,17.5,0.0,91,0.0,0.05038,0.05725,0.05156
2023-07-16 00:00:00,0.3006666666666666,15.5,0.0,91,0.0,0.05038,0.019690000000000003,0.05156
2023-07-16 01:00:00,0.2971666666666666,14.25,0.0,91,0.0,0.05038,0.0025299999999999997,0.05156
2023-07-16 02:00:00,0.3021666666666666,15.5,0.0,91,0.0,0.05038,-2e-05,0.05156
2023-07-16 03:00:00,0.3021666666666666,17.5,0.0,91,0.0,0.05038,-8e-05,0.05156
2023-07-16 04:00:00,0.2965,18.0,0.0,91,0.0,0.05038,-0.00025,0.05156
2023-07-16 05:00:00,0.3006666666666666,18.25,0.0,91,0.0,0.05038,-0.00273,0.05156
2023-07-16 06:00:00,0.3023333333333333,18.75,0.0,91,0.0044254700769471,0.05919,-0.00452,0.05156
2023-07-16 07:00:00,0.2985,18.5,0.0,91,0.0485726496500846,0.05919,-0.00513,0.05156
2023-07-16 08:00:00,0.2995,18.0,0.0,91,0.2008782888885237,0.05919,-0.01116,0.05156
2023-07-16 09:00:00,0.3051666666666666,17.0,0.0,91,0.369984019678882,0.05919,-0.01738,0.05156
2023-07-16 10:00:00,1.4611666666666665,16.5,0.0,91,0.522305385883038,0.05919,-0.01991,0.05156
2023-07-16 11:00:00,5.277,16.5,0.0,91,0.6022188900678587,0.05919,-0.01735,0.05156
2023-07-16 12:00:00,3.633333333333333,16.25,0.0,91,0.5496490550244977,0.05919,-0.026269999999999998,0.05156
2023-07-16 13:00:00,16.71166666666667,16.0,0.0,91,0.7290864067403683,0.05919,-0.037329999999999995,0.05156
2023-07-16 14:00:00,18.885,16.0,0.0,91,0.7167982913286257,0.05919,-0.04045,0.05156
2023-07-16 15:00:00,4.478166666666667,16.25,0.0,91,0.6680423938718615,0.05919,-0.02147,0.05156
2023-07-16 16:00:00,5.1765,16.0,0.0,91,0.5862317103198452,0.05919,-5.9999999999999995e-05,0.05156
2023-07-16 17:00:00,9.551,16.0,0.0,91,0.4650449606088492,0.05919,0.0346,0.05156
2023-07-16 18:00:00,5.491833333333333,17.25,0.0,91,0.2944952973748884,0.05919,0.09381999999999999,0.05156
2023-07-16 19:00:00,9.367333333333333,24.5,0.0,91,0.1858949574853619,0.05919,0.10098,0.05156
2023-07-16 20:00:00,0.3168333333333333,33.0,0.0,91,0.0374210257000393,0.05919,0.11072,0.05156
2023-07-16 21:00:00,0.2998333333333333,35.5,0.0,91,0.0026695726427814,0.05919,0.11495,0.05156
2023-07-16 22:00:00,0.2995,34.75,0.0,91,0.0,0.05038,0.11,0.05156
2023-07-16 23:00:00,0.3013333333333333,33.75,0.0,91,0.0,0.05038,0.09068000000000001,0.05156
2023-07-17 00:00:00,0.3015,35.25,0.0,91,0.0,0.05038,0.07332,0.05156
2023-07-17 01:00:00,0.2975,37.25,0.0,91,0.0,0.05038,0.07105,0.05156
2023-07-17 02:00:00,0.3026666666666666,40.25,0.0,91,0.0,0.05038,0.06615,0.05156
2023-07-17 03:00:00,0.3026666666666666,41.25,0.0,91,0.0,0.05038,0.061619999999999994,0.05156
2023-07-17 04:00:00,0.2961666666666666,37.75,0.0,91,0.0,0.05038,0.071,0.05156
2023-07-17 05:00:00,0.3018333333333333,36.75,0.0,91,0.0,0.05038,0.08501,0.05156
2023-07-17 06:00:00,0.3021666666666666,37.75,0.0,91,0.0094455555043159,0.05919,0.1095,0.05156
2023-07-17 07:00:00,0.2976666666666667,32.75,0.0,91,0.0695788035433516,0.05919,0.11084999999999999,0.05156
2023-07-17 08:00:00,0.2998333333333333,31.0,0.0,91,0.1518729059920351,0.05919,0.09608,0.05156
2023-07-17 09:00:00,0.3236666666666666,34.25,0.0,91,0.2362529904618222,0.05919,0.07740000000000001,0.05156
2023-07-17 10:00:00,6.626333333333334,30.75,0.0,91,0.3124882047604292,0.05919,0.06081,0.05156
2023-07-17 11:00:00,7.909,25.75,0.0,91,0.5008845285268931,0.05919,0.08101,0.05156
2023-07-17 12:00:00,6.973166666666667,23.5,0.0,91,0.6796389796591217,0.05919,0.02548,0.05156
2023-07-17 13:00:00,6.9055,22.75,0.0,91,0.7054317950387288,0.05919,0.03046,0.05156
2023-07-17 14:00:00,8.9375,23.0,0.0,91,0.6943843548114484,0.05919,0.01995,0.05156
2023-07-17 15:00:00,14.400833333333331,23.25,0.0,91,0.6493294055645283,0.05919,0.05901,0.05156
2023-07-17 16:00:00,8.511666666666667,22.0,0.0,91,0.5694036741338224,0.05919,0.07536,0.05156
2023-07-17 17:00:00,8.632333333333333,25.0,0.0,91,0.4503641027466863,0.05919,0.08528,0.05156
2023-07-17 18:00:00,8.279833333333334,33.0,0.0,91,0.3093304273817274,0.05919,0.10597,0.05156
2023-07-17 19:00:00,0.4498333333333333,39.5,0.0,91,0.1612656412369165,0.05919,0.1183,0.05156
2023-07-17 20:00:00,5.065,43.5,0.0,91,0.039674102506067,0.05919,0.125,0.05156
2023-07-17 21:00:00,3.1795000000000004,44.75,0.0,91,0.0019525640800149,0.05919,0.12644,0.05156
2023-07-17 22:00:00,0.3879999999999999,48.5,0.0,91,0.0,0.05038,0.11148999999999999,0.05156
2023-07-17 23:00:00,0.2976666666666667,51.75,0.0,91,0.0,0.05038,0.10028000000000001,0.05156
2023-07-18 00:00:00,0.3033333333333333,48.25,0.0,91,0.0,0.05038,0.0864,0.05156
2023-07-18 01:00:00,0.3033333333333333,49.5,0.0,91,0.0,0.05038,0.07754000000000001,0.05156
2023-07-18 02:00:00,0.2983333333333333,50.0,0.0,91,0.0,0.05038,0.06987,0.05156
2023-07-18 03:00:00,0.3023333333333333,48.5,0.0,91,0.0,0.05038,0.06855,0.05156
2023-07-18 04:00:00,0.3031666666666666,44.5,0.0,91,0.0,0.05038,0.07648,0.05156
2023-07-18 05:00:00,0.2998333333333333,45.5,0.0,91,0.0,0.05038,0.09688,0.05156
2023-07-18 06:00:00,0.2998333333333333,49.0,0.0,91,0.0101051281854255,0.05919,0.10865000000000001,0.05156
2023-07-18 07:00:00,0.3023333333333333,47.5,0.0,91,0.0683545303344726,0.05919,0.11,0.05156
2023-07-18 08:00:00,0.301,47.75,0.0,91,0.1818011107811561,0.05919,0.09775,0.05156
2023-07-18 09:00:00,8.148166666666667,45.5,0.0,91,0.2789415390471108,0.05919,0.09179999999999999,0.05156
2023-07-18 10:00:00,7.332666666666667,43.0,0.0,91,0.2882155560224484,0.05919,0.08974,0.05156
2023-07-18 11:00:00,5.319,42.25,0.0,91,0.5792864096877924,0.05919,0.08474,0.05156
2023-07-18 12:00:00,5.184166666666666,41.25,0.0,91,0.6547653009137538,0.05919,0.08028,0.05156
2023-07-18 13:00:00,9.3135,41.5,0.0,91,0.6537044502323508,0.05919,0.08166,0.05156
2023-07-18 14:00:00,10.291166666666667,41.75,0.0,91,0.3681406852526541,0.05919,0.0819,0.05156
2023-07-18 15:00:00,12.3985,39.25,0.0,91,0.553867691235665,0.05919,0.08478,0.05156
2023-07-18 16:00:00,3.4450000000000003,39.25,0.0,91,0.5467327346149673,0.05919,0.0969,0.05156
2023-07-18 17:00:00,8.269333333333334,41.25,0.0,91,0.4616292307927058,0.05919,0.12245,0.05156
2023-07-18 18:00:00,4.270166666666667,45.25,0.0,91,0.2928045318473098,0.05919,0.16857,0.05156
2023-07-18 19:00:00,5.640999999999999,48.25,0.0,91,0.1591827354268131,0.05919,0.188,0.05156
2023-07-18 20:00:00,5.709166666666667,51.0,0.0,91,0.0310311112444624,0.05919,0.16441999999999998,0.05156
2023-07-18 21:00:00,0.4391666666666667,50.75,0.0,91,0.0004518803401698,0.05919,0.13926,0.05156
2023-07-18 22:00:00,0.321,50.25,0.0,91,0.0,0.05038,0.11325,0.05156
2023-07-18 23:00:00,0.2998333333333333,45.75,0.0,91,0.0,0.05038,0.10811,0.05156
2023-07-19 00:00:00,0.3025,46.5,0.0,91,0.0,0.05038,0.1012,0.05156
2023-07-19 01:00:00,0.301,47.25,0.0,91,0.0,0.05038,0.09725,0.05156
2023-07-19 02:00:00,0.2973333333333333,47.25,0.0,91,0.0,0.05038,0.0841,0.05156
2023-07-19 03:00:00,0.3025,48.5,0.0,91,0.0,0.05038,0.06545000000000001,0.05156
2023-07-19 04:00:00,0.3026666666666666,49.75,0.0,91,0.0,0.05038,0.07462,0.05156
2023-07-19 05:00:00,0.296,47.25,0.0,91,0.0,0.05038,0.07246999999999999,0.05156
2023-07-19 06:00:00,0.3025,46.75,0.0,91,0.0132027350442531,0.05919,0.10506,0.05156
2023-07-19 07:00:00,0.3021666666666666,47.0,0.0,91,0.0624611963573684,0.05919,0.1113,0.05156
2023-07-19 08:00:00,0.2973333333333333,48.5,0.0,91,0.2150063237573346,0.05919,0.0999,0.05156
2023-07-19 09:00:00,0.3016666666666667,50.0,0.0,91,0.3395370913774539,0.05919,0.08875,0.05156
2023-07-19 10:00:00,0.3605,46.5,0.0,91,0.4910192307040226,0.05919,0.08142,0.05156
2023-07-19 11:00:00,0.3231666666666666,37.75,0.0,91,0.6003104270217766,0.05919,0.07781999999999999,0.05156
2023-07-19 12:00:00,0.303,34.5,0.0,91,0.6669733350704878,0.05919,0.07,0.05156
2023-07-19 13:00:00,0.3005,32.5,0.0,91,0.7043276077661764,0.05919,0.06454,0.05156
2023-07-19 14:00:00,2.81,29.75,0.0,91,0.620946665706798,0.05919,0.06420999999999999,0.05156
2023-07-19 15:00:00,6.217333333333333,29.5,0.0,91,0.4705181187034672,0.05919,0.07303,0.05156
2023-07-19 16:00:00,10.9785,26.0,0.0,91,0.5742366676656611,0.05919,0.07709,0.05156
2023-07-19 17:00:00,5.932333333333333,32.0,0.0,91,0.4639607682187334,0.05919,0.08272,0.05156
2023-07-19 18:00:00,7.045000000000001,33.75,0.0,91,0.310145382677388,0.05919,0.10244,0.05156
2023-07-19 19:00:00,9.831666666666669,35.75,0.0,91,0.1574797437944982,0.05919,0.10233,0.05156
2023-07-19 20:00:00,0.3974999999999999,41.25,0.0,91,0.0401362392433688,0.05919,0.11304,0.05156
2023-07-19 21:00:00,0.3959999999999999,45.0,0.0,91,0.0020389743524595,0.05919,0.11603,0.05156
2023-07-19 22:00:00,0.5186666666666667,44.25,0.0,91,0.0,0.05038,0.10263,0.05156
2023-07-19 23:00:00,7.238333333333333,43.75,0.0,91,0.0,0.05038,0.09898,0.05156
2023-07-20 00:00:00,5.368333333333333,44.0,0.0,91,0.0,0.05038,0.0945,0.05156
2023-07-20 01:00:00,0.3026666666666666,43.75,0.0,91,0.0,0.05038,0.08028,0.05156
2023-07-20 02:00:00,0.3023333333333333,44.75,0.0,91,0.0,0.05038,0.07085,0.05156
2023-07-20 03:00:00,0.2978333333333333,43.75,0.0,91,0.0,0.05038,0.07064,0.05156
2023-07-20 04:00:00,0.3011666666666666,43.5,0.0,91,0.0,0.05038,0.07236,0.05156
2023-07-20 05:00:00,0.3023333333333333,47.75,0.0,91,0.0,0.05038,0.09951,0.05156
2023-07-20 06:00:00,0.2988333333333333,48.5,0.0,91,0.0095364957818618,0.05919,0.10998999999999999,0.05156
2023-07-20 07:00:00,0.2976666666666667,47.5,0.0,91,0.0657671792283017,0.05919,0.11145000000000001,0.05156
2023-07-20 08:00:00,0.3126666666666666,46.0,0.0,91,0.2446434172605857,0.05919,0.09897,0.05156
2023-07-20 09:00:00,2.674166666666667,43.75,0.0,91,0.3942769254374708,0.05919,0.08782999999999999,0.05156
2023-07-20 10:00:00,4.209,40.75,0.0,91,0.5277117098294772,0.05919,0.08578,0.05156
2023-07-20 11:00:00,6.081666666666667,37.5,0.0,91,0.6200819631723256,0.05919,0.092,0.05156
2023-07-20 12:00:00,5.788333333333333,35.75,0.0,91,0.6856413647252271,0.05919,0.08084999999999999,0.05156
2023-07-20 13:00:00,5.849833333333334,34.75,0.0,91,0.7203159873505945,0.05919,0.07672,0.05156
2023-07-20 14:00:00,4.640666666666667,37.75,0.0,91,0.709277089436849,0.05919,0.07503,0.05156
2023-07-20 15:00:00,2.1286666666666663,40.5,0.0,91,0.6620794032170223,0.05919,0.07731,0.05156
2023-07-20 16:00:00,0.8583333333333334,41.75,0.0,91,0.5809253855648204,0.05919,0.08632,0.05156
2023-07-20 17:00:00,1.7056666666666669,44.5,0.0,91,0.4628084635938334,0.05919,0.10515000000000001,0.05156
2023-07-20 18:00:00,6.805666666666667,43.5,0.0,91,0.3129854707636385,0.05919,0.12866,0.05156
2023-07-20 19:00:00,2.839,45.0,0.0,91,0.1306833331605308,0.05919,0.14501,0.05156
2023-07-20 20:00:00,8.1705,47.25,0.0,91,0.0469404273359184,0.05919,0.12551,0.05156
2023-07-20 21:00:00,1.0816666666666668,49.0,0.0,91,0.0021319658007536,0.05919,0.12333,0.05156
2023-07-20 22:00:00,8.737666666666668,47.75,0.0,91,0.0,0.05038,0.11034000000000001,0.05156
2023-07-20 23:00:00,6.393833333333333,45.75,0.0,91,0.0,0.05038,0.10153,0.05156
2023-07-21 00:00:00,0.7631666666666667,45.75,0.0,91,0.0,0.05038,0.08893999999999999,0.05156
2023-07-21 01:00:00,0.7141666666666667,44.0,0.0,91,0.0,0.05038,0.082,0.05156
2023-07-21 02:00:00,6.229666666666667,43.5,0.0,91,0.0,0.05038,0.07379999999999999,0.05156
2023-07-21 03:00:00,13.067333333333332,41.0,0.0,91,0.0,0.05038,0.06839,0.05156
2023-07-21 04:00:00,6.559666666666666,40.0,0.0,91,0.0,0.05038,0.07573,0.05156
2023-07-21 05:00:00,6.660166666666666,43.0,0.0,91,0.0,0.05038,0.08115,0.05156
2023-07-21 06:00:00,0.2971666666666666,42.0,0.0,91,0.0053663247702722,0.05919,0.10862000000000001,0.05156
2023-07-21 07:00:00,0.3025,39.25,0.0,91,0.0391275212576246,0.05919,0.11151000000000001,0.05156
2023-07-21 08:00:00,0.3021666666666666,40.0,0.0,91,0.1541851286602835,0.05919,0.10309,0.05156
2023-07-21 09:00:00,0.2956666666666667,40.5,0.0,91,0.3514347004686665,0.05919,0.09534999999999999,0.05156
2023-07-21 10:00:00,0.3096666666666666,39.5,0.0,91,0.4835592302501712,0.05919,0.09172,0.05156
2023-07-21 11:00:00,5.726166666666667,37.0,0.0,91,0.6379386311718545,0.05919,0.088,0.05156
2023-07-21 12:00:00,5.482166666666667,34.25,0.0,91,0.6953473487267131,0.05919,0.08333,0.05156
2023-07-21 13:00:00,5.1593333333333335,31.75,0.0,91,0.721243074857272,0.05919,0.08170000000000001,0.05156
2023-07-21 14:00:00,4.0906666666666665,31.25,0.0,91,0.714126925998264,0.05919,0.07686,0.05156
2023-07-21 15:00:00,4.493166666666666,33.5,0.0,91,0.660122649690025,0.05919,0.07378,0.05156
2023-07-21 16:00:00,4.3886666666666665,32.75,0.0,91,0.5774082033858338,0.05919,0.07088,0.05156
2023-07-21 17:00:00,5.7058333333333335,33.25,0.0,91,0.4600710264026609,0.05919,0.07994,0.05156
2023-07-21 18:00:00,6.477,34.75,0.0,91,0.3120784625844059,0.05919,0.09172,0.05156
2023-07-21 19:00:00,5.851,36.5,0.0,91,0.1599495724735097,0.05919,0.10309,0.05156
2023-07-21 20:00:00,6.080166666666666,39.0,0.0,91,0.0329235898021958,0.05919,0.10398,0.05156
2023-07-21 21:00:00,2.0721666666666665,40.0,0.0,91,0.0012303418874278,0.05919,0.11137999999999999,0.05156
2023-07-21 22:00:00,5.707333333333334,38.5,0.0,91,0.0,0.05038,0.09820999999999999,0.05156
2023-07-21 23:00:00,3.6621666666666655,37.5,0.0,91,0.0,0.05038,0.09814,0.05156
2023-07-22 00:00:00,5.787333333333333,39.5,0.0,91,0.0,0.05038,0.0986,0.05156
2023-07-22 01:00:00,0.3983333333333334,39.25,0.0,91,0.0,0.05038,0.093,0.05156
2023-07-22 02:00:00,2.164,35.5,0.0,91,0.0,0.05038,0.09436,0.05156
2023-07-22 03:00:00,4.411833333333334,34.75,0.0,91,0.0,0.05038,0.08993000000000001,0.05156
2023-07-22 04:00:00,0.2946666666666666,35.25,0.0,91,0.0,0.05038,0.088,0.05156
2023-07-22 05:00:00,0.2981666666666666,34.5,0.0,91,0.0,0.05038,0.0888,0.05156
2023-07-22 06:00:00,0.2953333333333333,33.75,0.0,91,0.0131449573684451,0.05919,0.08618,0.05156
2023-07-22 07:00:00,0.2936666666666667,30.75,0.0,91,0.0769572645578629,0.05919,0.08293,0.05156
2023-07-22 08:00:00,0.2976666666666667,25.75,0.0,91,0.1910146152463733,0.05919,0.078,0.05156
2023-07-22 09:00:00,0.7568333333333334,17.75,0.0,91,0.3517818812834911,0.05919,0.064,0.05156
2023-07-22 10:00:00,4.860833333333334,13.5,0.0,91,0.4673034191946698,0.05919,0.046560000000000004,0.05156
2023-07-22 11:00:00,6.1255,12.0,0.0,91,0.5694801689213161,0.05919,0.043840000000000004,0.05156
2023-07-22 12:00:00,5.827333333333333,12.0,0.0,91,0.650332138844026,0.05919,0.02234,0.05156
2023-07-22 13:00:00,9.5245,12.0,0.0,91,0.6731570982321713,0.05919,0.01952,0.05156
2023-07-22 14:00:00,0.4028333333333333,12.0,0.0,91,0.687200089805147,0.05919,0.02905,0.05156
2023-07-22 15:00:00,0.4001666666666666,12.0,0.0,91,0.6300000026083397,0.05919,0.047119999999999995,0.05156
2023-07-22 16:00:00,0.798,12.0,0.0,91,0.5503391435411242,0.05919,0.0715,0.05156
2023-07-22 17:00:00,7.1405,11.25,0.0,91,0.4246420503273988,0.05919,0.08,0.05156
2023-07-22 18:00:00,5.093,16.0,0.0,91,0.2877291459303636,0.05919,0.09381,0.05156
2023-07-22 19:00:00,4.235833333333333,27.5,0.0,91,0.1481161528367262,0.05919,0.09779,0.05156
2023-07-22 20:00:00,0.2998333333333333,29.25,0.0,91,0.0356431625032017,0.05919,0.07668000000000001,0.05156
2023-07-22 21:00:00,0.3008333333333333,30.5,0.0,91,0.0014790598381883,0.05919,0.09570000000000001,0.05156
2023-07-22 22:00:00,0.2928333333333333,30.5,0.0,91,0.0,0.05038,0.09462000000000001,0.05156
2023-07-22 23:00:00,0.2993333333333333,31.25,0.0,91,0.0,0.05038,0.08378000000000001,0.05156
2023-07-23 00:00:00,0.2988333333333333,30.0,0.0,91,0.0,0.05038,0.07873999999999999,0.05156
2023-07-23 01:00:00,0.2923333333333333,18.25,0.0,91,0.0,0.05038,0.04761,0.05156
2023-07-23 02:00:00,0.2968333333333333,15.0,0.0,91,0.0,0.05038,0.03322,0.05156
2023-07-23 03:00:00,0.298,14.0,0.0,91,0.0,0.05038,0.0141,0.05156
2023-07-23 04:00:00,0.2935,14.75,0.0,91,0.0,0.05038,0.01109,0.05156
2023-07-23 05:00:00,0.2956666666666667,15.0,0.0,91,0.0,0.05038,0.00508,0.05156
2023-07-23 06:00:00,0.2976666666666667,15.75,0.0,91,0.0113964956686792,0.05919,0.0028799999999999997,0.05156
2023-07-23 07:00:00,0.2931666666666666,16.0,0.0,91,0.0601715386219513,0.05919,0.00342,0.05156
2023-07-23 08:00:00,0.2941666666666666,15.75,0.0,91,0.2172259816552838,0.05919,8.999999999999999e-05,0.05156
2023-07-23 09:00:00,1.578166666666667,14.75,0.0,91,0.3654290605202699,0.05919,0.0,0.05156
2023-07-23 10:00:00,7.795833333333333,14.25,0.0,91,0.4751023075723238,0.05919,-2.9999999999999997e-05,0.05156
2023-07-23 11:00:00,6.498666666666666,15.25,0.0,91,0.6347974314241329,0.05919,-5e-05,0.05156
2023-07-23 12:00:00,0.7273333333333333,15.0,0.0,91,0.5536694860865928,0.05919,-8e-05,0.05156
2023-07-23 13:00:00,0.2961666666666666,15.0,0.0,91,0.5779032506698217,0.05919,-0.0001,0.05156
2023-07-23 14:00:00,0.294,14.25,0.0,91,0.398598289489746,0.05919,-0.0001,0.05156
2023-07-23 15:00:00,0.2985,14.75,0.0,91,0.5508999945159653,0.05919,-2e-05,0.05156
2023-07-23 16:00:00,0.3166666666666666,15.0,0.0,91,0.541545980404585,0.05919,0.00442,0.05156
2023-07-23 17:00:00,1.6423333333333334,14.25,0.0,91,0.4204668345003047,0.05919,0.03576,0.05156
2023-07-23 18:00:00,0.403,13.5,0.0,91,0.2928751295040815,0.05919,0.07065,0.05156
2023-07-23 19:00:00,0.4035,16.0,0.0,91,0.1447286326253515,0.05919,0.09,0.05156
2023-07-23 20:00:00,1.1788333333333334,28.0,0.0,91,0.0242764957185484,0.05919,0.09567,0.05156
2023-07-23 21:00:00,3.005333333333333,33.25,0.0,91,0.0004791452956553,0.05919,0.10081,0.05156
2023-07-23 22:00:00,8.5715,39.25,0.0,91,0.0,0.05038,0.09426999999999999,0.05156
2023-07-23 23:00:00,7.285166666666666,42.25,0.0,91,0.0,0.05038,0.07714,0.05156
2023-07-24 00:00:00,9.72,32.0,0.0,91,0.0,0.05038,0.07002,0.05156
2023-07-24 01:00:00,1.6838333333333333,20.25,0.0,91,0.0,0.05038,0.06899,0.05156
2023-07-24 02:00:00,0.4013333333333333,19.0,0.0,91,0.0,0.05038,0.07201,0.05156
2023-07-24 03:00:00,4.601166666666667,17.25,0.0,91,0.0,0.05038,0.07209,0.05156
2023-07-24 04:00:00,0.1093333333333333,18.75,0.0,91,0.0,0.05038,0.08710999999999999,0.05156
2023-07-24 05:00:00,0.0781666666666666,24.5,0.0,91,0.0,0.05038,0.08170999999999999,0.05156
2023-07-24 06:00:00,0.0701666666666666,30.75,0.0,91,0.0,0.05919,0.08717,0.05156
2023-07-24 07:00:00,0.0745,34.75,0.0,91,0.0016409401812105,0.05919,0.10564,0.05156
2023-07-24 08:00:00,0.069,34.75,0.0,91,0.0713318808465941,0.05919,0.105,0.05156
2023-07-24 09:00:00,0.0726666666666666,32.75,0.0,91,0.1421643593779996,0.05919,0.09994,0.05156
2023-07-24 10:00:00,0.0925,32.0,0.0,91,0.1652286336360834,0.05919,0.09462000000000001,0.05156
2023-07-24 11:00:00,0.0856666666666666,30.25,0.0,91,0.4342689748910758,0.05919,0.08756,0.05156
2023-07-24 12:00:00,3.8356666666666666,23.0,0.0,91,0.3933770096607697,0.05919,0.08176,0.05156
2023-07-24 13:00:00,3.916166666666667,19.0,0.0,91,0.4536381204719216,0.05919,0.07546,0.05156
2023-07-24 14:00:00,1.0843333333333334,16.0,0.0,91,0.4724792281582825,0.05919,0.068,0.05156
2023-07-24 15:00:00,1.1913333333333334,16.75,0.0,91,0.5247524796184313,0.05919,0.06620000000000001,0.05156
2023-07-24 16:00:00,1.1286666666666667,17.5,0.0,91,0.4653541038382764,0.05919,0.07801000000000001,0.05156
2023-07-24 17:00:00,0.0993333333333333,19.0,0.0,91,0.2226702566228361,0.05919,0.07851000000000001,0.05156
2023-07-24 18:00:00,0.0758333333333333,27.25,0.0,91,0.2150820530785454,0.05919,0.09157,0.05156
2023-07-24 19:00:00,0.0698333333333333,33.75,0.0,91,0.0639955556494558,0.05919,0.102,0.05156
2023-07-24 20:00:00,0.0773333333333333,33.25,0.0,91,0.0268293163002046,0.05919,0.10525,0.05156
2023-07-24 21:00:00,0.0776666666666666,28.5,0.0,91,0.0004184615366065,0.05919,0.10584,0.05156
2023-07-24 22:00:00,0.0738333333333333,31.25,0.0,91,0.0,0.05038,0.10306,0.05156
2023-07-24 23:00:00,0.072,33.25,0.0,91,0.0,0.05038,0.096,0.05156
2023-07-25 00:00:00,0.076,29.25,0.0,91,0.0,0.05038,0.08655,0.05156
2023-07-25 01:00:00,0.0736666666666666,24.5,0.0,91,0.0,0.05038,0.08495,0.05156
2023-07-25 02:00:00,0.0685,25.0,0.0,91,0.0,0.05038,0.07279000000000001,0.05156
2023-07-25 03:00:00,0.0728333333333333,24.0,0.0,91,0.0,0.05038,0.06343,0.05156
2023-07-25 04:00:00,0.0725,24.25,0.0,91,0.0,0.05038,0.07161,0.05156
2023-07-25 05:00:00,0.0658333333333333,26.75,0.0,91,0.0,0.05038,0.0824,0.05156
2023-07-25 06:00:00,0.073,30.25,0.0,91,0.0153864957411319,0.05919,0.09076999999999999,0.05156
2023-07-25 07:00:00,0.0718333333333333,36.5,0.0,91,0.0619003413273738,0.05919,0.10339,0.05156
2023-07-25 08:00:00,0.066,36.0,0.0,91,0.2548088903508635,0.05919,0.099,0.05156
2023-07-25 09:00:00,0.0926666666666666,34.5,0.0,91,0.2549370100559332,0.05919,0.09874,0.05156
2023-07-25 10:00:00,3.5703333333333336,34.25,0.0,91,0.4136411983131347,0.05919,0.09566,0.05156
2023-07-25 11:00:00,6.244833333333333,33.25,0.0,91,0.6205047881297577,0.05919,0.09897,0.05156
2023-07-25 12:00:00,2.9045,30.25,0.0,91,0.614602390843579,0.05919,0.08352,0.05156
2023-07-25 13:00:00,9.190666666666669,27.25,0.0,91,0.6877530741895368,0.05919,0.07873000000000001,0.05156
2023-07-25 14:00:00,0.2658333333333333,28.25,0.0,91,0.6427341878516043,0.05919,0.07973000000000001,0.05156
2023-07-25 15:00:00,4.5275,29.75,0.0,91,0.3599685453757262,0.05919,0.07512,0.05156
2023-07-25 16:00:00,6.216833333333334,33.25,0.0,91,0.5461623040223732,0.05919,0.09082,0.05156
2023-07-25 17:00:00,2.4883333333333333,34.5,0.0,91,0.4302105135795396,0.05919,0.10692,0.05156
2023-07-25 18:00:00,2.342833333333333,36.5,0.0,91,0.1125881201589209,0.05919,0.11943000000000001,0.05156
2023-07-25 19:00:00,4.538833333333334,37.75,0.0,91,0.059881880915063,0.05919,0.12007,0.05156
2023-07-25 20:00:00,3.060833333333333,39.25,0.0,91,0.024638119729188,0.05919,0.12001,0.05156
2023-07-25 21:00:00,0.0728333333333333,40.0,0.0,91,0.0,0.05919,0.11084000000000001,0.05156
2023-07-25 22:00:00,0.0696666666666666,39.75,0.0,91,0.0,0.05038,0.0985,0.05156
2023-07-25 23:00:00,0.1169999999999999,38.5,0.0,91,0.0,0.05038,0.09795999999999999,0.05156
2023-07-26 00:00:00,0.1773333333333332,30.25,0.0,91,0.0,0.05038,0.08931,0.05156
2023-07-26 01:00:00,1.655,26.0,0.0,91,0.0,0.05038,0.08626,0.05156
2023-07-26 02:00:00,12.501,25.0,0.0,91,0.0,0.05038,0.07965000000000001,0.05156
2023-07-26 03:00:00,12.9285,25.0,0.0,91,0.0,0.05038,0.07964,0.05156
2023-07-26 04:00:00,5.411666666666666,25.0,0.0,91,0.0,0.05038,0.08683,0.05156
2023-07-26 05:00:00,0.1378333333333332,27.0,0.0,91,0.0,0.05038,0.09963,0.05156
2023-07-26 06:00:00,0.0691666666666666,36.25,0.0,91,0.0084373503764215,0.05919,0.10865000000000001,0.05156
2023-07-26 07:00:00,0.0673333333333333,39.75,0.0,91,0.0666945298920329,0.05919,0.11115,0.05156
2023-07-26 08:00:00,0.0675,41.75,0.0,91,0.2448091458051633,0.05919,0.10784999999999999,0.05156
2023-07-26 09:00:00,0.0723333333333333,39.5,0.0,91,0.4079206817170494,0.05919,0.09981,0.05156
2023-07-26 10:00:00,0.0676666666666666,38.5,0.0,91,0.5568366658789476,0.05919,0.09359999999999999,0.05156
2023-07-26 11:00:00,0.0711666666666666,34.25,0.0,91,0.6821420509794839,0.05919,0.0915,0.05156
2023-07-26 12:00:00,0.0706666666666666,29.5,0.0,91,0.696945898920043,0.05919,0.0907,0.05156
2023-07-26 13:00:00,0.0768333333333333,25.25,0.0,91,0.5760297400319679,0.05919,0.08897,0.05156
2023-07-26 14:00:00,0.0721666666666666,24.0,0.0,91,0.6119386324108158,0.05919,0.08786,0.05156
2023-07-26 15:00:00,0.0675,22.0,0.0,91,0.5723645319490352,0.05919,0.08481999999999999,0.05156
2023-07-26 16:00:00,1.4186666666666667,21.5,0.0,91,0.5205039325942341,0.05919,0.092,0.05156
2023-07-26 17:00:00,4.301666666666667,26.5,0.0,91,0.4818255540244598,0.05919,0.1001,0.05156
2023-07-26 18:00:00,0.8168333333333333,35.5,0.0,91,0.334405642452403,0.05919,0.1169,0.05156
2023-07-26 19:00:00,6.0183333333333335,36.5,0.0,91,0.1597723933162852,0.05919,0.12029999999999999,0.05156
2023-07-26 20:00:00,9.388833333333332,39.25,0.0,91,0.0293695726863339,0.05919,0.11852,0.05156
2023-07-26 21:00:00,2.0536666666666665,40.0,0.0,91,0.0008716239235722,0.05919,0.11169,0.05156
2023-07-26 22:00:00,0.1443333333333333,40.25,0.0,91,0.0,0.05038,0.09722,0.05156
2023-07-26 23:00:00,0.0699999999999999,40.0,0.0,91,0.0,0.05038,0.09836,0.05156
2023-07-27 00:00:00,0.0698333333333333,37.75,0.0,91,0.0,0.05038,0.08269,0.05156
2023-07-27 01:00:00,0.074,29.0,0.0,91,0.0,0.05038,0.076,0.05156
2023-07-27 02:00:00,0.0691666666666666,24.75,0.0,91,0.0,0.05038,0.07106,0.05156
2023-07-27 03:00:00,0.069,21.25,0.0,91,0.0,0.05038,0.06431,0.05156
2023-07-27 04:00:00,0.0745,20.25,0.0,91,0.0,0.05038,0.0767,0.05156
2023-07-27 05:00:00,0.0685,19.75,0.0,91,0.0,0.05038,0.075,0.05156
2023-07-27 06:00:00,0.0688333333333333,21.75,0.0,91,0.005512478643885,0.05919,0.09101000000000001,0.05156
2023-07-27 07:00:00,0.0736666666666666,27.0,0.0,91,0.0489576067272414,0.05919,0.1043,0.05156
2023-07-27 08:00:00,0.1188333333333333,25.25,0.0,91,0.2474980342897594,0.05919,0.09912,0.05156
2023-07-27 09:00:00,0.1628333333333333,23.75,0.0,91,0.4092801711905716,0.05919,0.0968,0.05156
2023-07-27 10:00:00,0.1653333333333333,22.25,0.0,91,0.5393797413100542,0.05919,0.09039,0.05156
2023-07-27 11:00:00,0.1691666666666666,17.5,0.0,91,0.634707264696431,0.05919,0.08645,0.05156
2023-07-27 12:00:00,2.794333333333333,15.5,0.0,91,0.6823812787960741,0.05919,0.08001000000000001,0.05156
2023-07-27 13:00:00,3.711833333333333,15.0,0.0,91,0.7083515408507782,0.05919,0.07833,0.05156
2023-07-27 14:00:00,3.079,16.0,0.0,91,0.7011388925405648,0.05919,0.07601000000000001,0.05156
2023-07-27 15:00:00,0.3745,15.25,0.0,91,0.6680069184914619,0.05919,0.0736,0.05156
2023-07-27 16:00:00,3.634833333333333,16.25,0.0,91,0.5853772650824657,0.05919,0.08662,0.05156
2023-07-27 17:00:00,0.3746666666666667,17.25,0.0,91,0.4651994023771368,0.05919,0.0995,0.05156
2023-07-27 18:00:00,0.5425,22.0,0.0,91,0.3207274360330696,0.05919,0.09874,0.05156
2023-07-27 19:00:00,0.8015,33.0,0.0,91,0.1586448728121244,0.05919,0.111,0.05156
2023-07-27 20:00:00,0.283,41.0,0.0,91,0.0187977779115367,0.05919,0.10987000000000001,0.05156
2023-07-27 21:00:00,0.2643333333333333,42.25,0.0,91,0.0009967521437977,0.05919,0.10854000000000001,0.05156
2023-07-27 22:00:00,0.2693333333333333,41.25,0.0,91,0.0,0.05038,0.09964,0.05156
2023-07-27 23:00:00,0.2623333333333333,36.5,0.0,91,0.0,0.05038,0.08863,0.05156
2023-07-28 00:00:00,0.2681666666666666,31.75,0.0,91,0.0,0.05038,0.07959000000000001,0.05156
2023-07-28 01:00:00,0.2625,27.5,0.0,91,0.0,0.05038,0.07812999999999999,0.05156
2023-07-28 02:00:00,0.2661666666666666,26.75,0.0,91,0.0,0.05038,0.0792,0.05156
2023-07-28 03:00:00,0.2605,27.0,0.0,91,0.0,0.05038,0.08002,0.05156
2023-07-28 04:00:00,0.2663333333333333,27.25,0.0,91,0.0,0.05038,0.08953,0.05156
2023-07-28 05:00:00,0.2611666666666667,31.0,0.0,91,0.0,0.05038,0.0974,0.05156
2023-07-28 06:00:00,0.2665,31.25,0.0,91,0.0005194017131868,0.05919,0.11102,0.05156
2023-07-28 07:00:00,0.2651666666666666,32.75,0.0,91,0.0153267520717066,0.05919,0.11299,0.05156
2023-07-28 08:00:00,0.26,35.0,0.0,91,0.1201288034977057,0.05919,0.10787000000000001,0.05156
2023-07-28 09:00:00,0.2653333333333333,34.0,0.0,91,0.1976730769719833,0.05919,0.09954,0.05156
2023-07-28 10:00:00,0.3839999999999999,32.75,0.0,91,0.4848305126744456,0.05919,0.093,0.05156
2023-07-28 11:00:00,5.768666666666667,29.5,0.0,91,0.4545944458399063,0.05919,0.08796999999999999,0.05156
2023-07-28 12:00:00,0.8438333333333333,26.5,0.0,91,0.5349857255332489,0.05919,0.08,0.05156
2023-07-28 13:00:00,0.4725,24.0,0.0,91,0.5699799177381731,0.05919,0.07565000000000001,0.05156
2023-07-28 14:00:00,1.3046666666666666,23.25,0.0,91,0.6551681225116439,0.05919,0.0761,0.05156
2023-07-28 15:00:00,3.276333333333333,20.25,0.0,91,0.546112393762311,0.05919,0.08,0.05156
2023-07-28 16:00:00,6.6513333333333335,20.25,0.0,91,0.3209142727322048,0.05919,0.08609,0.05156
2023-07-28 17:00:00,11.3905,24.75,0.0,91,0.3168228195060013,0.05919,0.08593,0.05156
2023-07-28 18:00:00,6.2185,32.25,0.0,91,0.2238465814508943,0.05919,0.10015,0.05156
2023-07-28 19:00:00,3.062666666666667,34.75,0.0,91,0.1435654703776041,0.05919,0.11081999999999999,0.05156
2023-07-28 20:00:00,1.1885,35.5,0.0,91,0.0314358120698195,0.05919,0.11381999999999999,0.05156
2023-07-28 21:00:00,0.3195,35.25,0.0,91,0.0003708547019025,0.05919,0.11169,0.05156
2023-07-28 22:00:00,0.1028333333333332,31.75,0.0,91,0.0,0.05038,0.10172,0.05156
2023-07-28 23:00:00,0.0691666666666666,30.75,0.0,91,0.0,0.05038,0.10309,0.05156
2023-07-29 00:00:00,0.0741666666666666,31.75,0.0,91,0.0,0.05038,0.094,0.05156
2023-07-29 01:00:00,0.0703333333333333,32.0,0.0,91,0.0,0.05038,0.09117,0.05156
2023-07-29 02:00:00,0.069,32.5,0.0,91,0.0,0.05038,0.08566,0.05156
2023-07-29 03:00:00,0.0705,31.0,0.0,91,0.0,0.05038,0.08897,0.05156
2023-07-29 04:00:00,0.0728333333333333,29.75,0.0,91,0.0,0.05038,0.08703,0.05156
2023-07-29 05:00:00,0.0688333333333333,29.5,0.0,91,0.0,0.05038,0.0857,0.05156
2023-07-29 06:00:00,0.0681666666666666,28.25,0.0,91,0.006827521371281,0.05919,0.08791,0.05156
2023-07-29 07:00:00,0.0746666666666666,26.75,0.0,91,0.0471470087002485,0.05919,0.08579,0.05156
2023-07-29 08:00:00,0.0681666666666666,23.75,0.0,91,0.2260398302322779,0.05919,0.08170999999999999,0.05156
2023-07-29 09:00:00,0.0681666666666666,21.5,0.0,91,0.327883588187715,0.05919,0.0755,0.05156
2023-07-29 10:00:00,0.5720000000000001,19.5,0.0,91,0.4777681217030583,0.05919,0.06375,0.05156
2023-07-29 11:00:00,0.1738333333333332,18.25,0.0,91,0.6254388903756428,0.05919,0.059340000000000004,0.05156
2023-07-29 12:00:00,0.1733333333333332,18.0,0.0,91,0.5502791471562832,0.05919,0.041,0.05156
2023-07-29 13:00:00,2.681,17.75,0.0,91,0.3803539325029421,0.05919,0.023239999999999997,0.05156
2023-07-29 14:00:00,0.1796666666666666,18.0,0.0,91,0.6686817110501803,0.05919,0.02016,0.05156
2023-07-29 15:00:00,0.1829999999999999,18.0,0.0,91,0.4126834191216365,0.05919,0.03357,0.05156
2023-07-29 16:00:00,0.1749999999999999,16.5,0.0,91,0.3984139320177908,0.05919,0.05193,0.05156
2023-07-29 17:00:00,0.5555,17.0,0.0,91,0.2121082892173375,0.05919,0.07709,0.05156
2023-07-29 18:00:00,0.4918333333333333,19.75,0.0,91,0.0071972649270652,0.05919,0.08892,0.05156
2023-07-29 19:00:00,0.0696666666666666,23.25,0.0,91,0.0048609401311518,0.05919,0.10065,0.05156
2023-07-29 20:00:00,0.069,28.25,0.0,91,0.0036847862952715,0.05919,0.10197,0.05156
2023-07-29 21:00:00,0.0755,29.0,0.0,91,0.0008858119608022,0.05919,0.10132,0.05156
2023-07-29 22:00:00,0.0686666666666666,28.25,0.0,91,0.0,0.05038,0.09218000000000001,0.05156
2023-07-29 23:00:00,0.0691666666666666,27.25,0.0,91,0.0,0.05038,0.0845,0.05156
2023-07-30 00:00:00,0.0695,26.75,0.0,91,0.0,0.05038,0.07490000000000001,0.05156
2023-07-30 01:00:00,0.0698333333333333,26.25,0.0,91,0.0,0.05038,0.06781000000000001,0.05156
2023-07-30 02:00:00,0.0753333333333333,21.5,0.0,91,0.0,0.05038,0.05779,0.05156
2023-07-30 03:00:00,0.0695,21.0,0.0,91,0.0,0.05038,0.0516,0.05156
2023-07-30 04:00:00,0.0683333333333333,21.75,0.0,91,0.0,0.05038,0.0517,0.05156
2023-07-30 05:00:00,0.0686666666666666,22.0,0.0,91,0.0,0.05038,0.04734,0.05156
2023-07-30 06:00:00,0.0688333333333333,23.0,0.0,91,0.0157362391373031,0.05919,0.037,0.05156
2023-07-30 07:00:00,0.0711666666666666,21.25,0.0,91,0.0502005986678294,0.05919,0.02982,0.05156
2023-07-30 08:00:00,0.0703333333333333,18.0,0.0,91,0.2019540154220711,0.05919,0.00848,0.05156
2023-07-30 09:00:00,0.0673333333333333,17.0,0.0,91,0.3764096586113303,0.05919,0.0,0.05156
2023-07-30 10:00:00,0.1246666666666666,16.25,0.0,91,0.5330097407153531,0.05919,-1e-05,0.05156
2023-07-30 11:00:00,0.1443333333333332,16.75,0.0,91,0.6461045296171792,0.05919,0.009720000000000001,0.05156
2023-07-30 12:00:00,0.1963333333333332,15.25,0.0,91,0.6978712841588207,0.05919,8e-05,0.05156
2023-07-30 13:00:00,0.7325,15.5,0.0,91,0.7258880360921227,0.05919,-4e-05,0.05156
2023-07-30 14:00:00,4.299666666666666,17.0,0.0,91,0.7330817993685733,0.05919,-4e-05,0.05156
2023-07-30 15:00:00,10.636833333333334,17.5,0.0,91,0.6731836752606257,0.05919,-2.9999999999999997e-05,0.05156
2023-07-30 16:00:00,8.230166666666667,18.0,0.0,91,0.5767069237863914,0.05919,0.02025,0.05156
2023-07-30 17:00:00,2.648333333333333,16.75,0.0,91,0.4611281181400658,0.05919,0.04265,0.05156
2023-07-30 18:00:00,0.3403333333333333,16.0,0.0,91,0.2384388900822044,0.05919,0.07583,0.05156
2023-07-30 19:00:00,0.1751666666666666,17.25,0.0,91,0.1213570091051933,0.05919,0.08636,0.05156
2023-07-30 20:00:00,0.986,19.75,0.0,91,0.0268812818608732,0.05919,0.093,0.05156
2023-07-30 21:00:00,4.1745,20.0,0.0,91,0.0009791453028272,0.05919,0.08915000000000001,0.05156
2023-07-30 22:00:00,4.302333333333333,20.0,0.0,91,0.0,0.05038,0.07005,0.05156
2023-07-30 23:00:00,5.016333333333334,20.0,0.0,91,0.0,0.05038,0.06103,0.05156
2023-07-31 00:00:00,4.506166666666666,20.5,0.0,91,0.0,0.05038,0.05051,0.05156
2023-07-31 01:00:00,3.4021666666666666,20.25,0.0,91,0.0,0.05038,0.044090000000000004,0.05156
2023-07-31 02:00:00,0.0691666666666666,21.5,0.0,91,0.0,0.05038,0.0303,0.05156
2023-07-31 03:00:00,0.0693333333333333,21.75,0.0,91,0.0,0.05038,0.02891,0.05156
2023-07-31 04:00:00,0.0691666666666666,22.0,0.0,91,0.0,0.05038,0.05031,0.05156
2023-07-31 05:00:00,0.0711666666666666,21.0,0.0,91,0.0,0.05038,0.07163,0.05156
2023-07-31 06:00:00,0.0699999999999999,20.0,0.0,91,0.0068029915140225,0.05919,0.08446,0.05156
2023-07-31 07:00:00,0.0661666666666666,19.5,0.0,91,0.0614999142263689,0.05919,0.08763,0.05156
2023-07-31 08:00:00,0.0653333333333333,19.5,0.0,91,0.2285394015678992,0.05919,0.086,0.05156
2023-07-31 09:00:00,0.042,20.0,0.0,91,0.3947161509848049,0.05919,0.07429000000000001,0.05156
2023-07-31 10:00:00,0.0236666666666666,18.25,0.0,91,0.5207482049404047,0.05919,0.06769,0.05156
2023-07-31 11:00:00,0.0279999999999999,18.25,0.0,91,0.6123873477511935,0.05919,0.06558,0.05156
2023-07-31 12:00:00,0.0276666666666666,18.75,0.0,91,0.6648660643487915,0.05919,0.05994,0.05156
2023-07-31 13:00:00,0.0263333333333333,18.0,0.0,91,0.6932335004235946,0.05919,0.05948,0.05156
2023-07-31 14:00:00,0.0256666666666666,18.0,0.0,91,0.6929906013684397,0.05919,0.06044,0.05156
2023-07-31 15:00:00,0.0261666666666666,18.75,0.0,91,0.6504656389024526,0.05919,0.06778,0.05156
2023-07-31 16:00:00,0.0221666666666666,18.0,0.0,91,0.5733411114032454,0.05919,0.07445,0.05156
2023-07-31 17:00:00,0.0295,18.5,0.0,91,0.4530804273817274,0.05919,0.0783,0.05156
2023-07-31 18:00:00,0.0298333333333333,20.25,0.0,91,0.3037888880672618,0.05919,0.08856,0.05156
2023-07-31 19:00:00,0.0289999999999999,26.25,0.0,91,0.1493160685514792,0.05919,0.09695999999999999,0.05156
2023-07-31 20:00:00,0.0279999999999999,29.75,0.0,91,0.0134707693080616,0.05919,0.09258,0.05156
2023-07-31 21:00:00,0.0278333333333333,29.0,0.0,91,7.188034092641287e-05,0.05919,0.09526000000000001,0.05156
2023-07-31 22:00:00,0.0223333333333333,28.5,0.0,91,0.0,0.05038,0.08821,0.05156
2023-07-31 23:00:00,0.0261666666666666,24.0,0.0,91,0.0,0.05038,0.06905,0.05156
2023-08-01 00:00:00,0.0208333333333333,22.25,0.0,91,0.0,0.05038,0.05892,0.05165
2023-08-01 01:00:00,0.0261666666666666,17.0,0.0,91,0.0,0.05038,0.05786,0.05165
2023-08-01 02:00:00,0.021,17.0,0.0,91,0.0,0.05038,0.05694,0.05165
2023-08-01 03:00:00,0.0255,17.0,0.0,91,0.0,0.05038,0.0579,0.05165
2023-08-01 04:00:00,0.0205,17.0,0.0,91,0.0,0.05038,0.0634,0.05165
2023-08-01 05:00:00,0.0206666666666666,17.25,0.0,91,0.0,0.05038,0.06618,0.05165
2023-08-01 06:00:00,0.0211666666666666,19.5,0.0,91,0.0051982051146845,0.05919,0.08893000000000001,0.05165
2023-08-01 07:00:00,0.0271666666666666,24.0,0.0,91,0.051108290639698,0.05919,0.09006,0.05165
2023-08-01 08:00:00,0.022,23.25,0.0,91,0.122732307564499,0.05919,0.08776,0.05165
2023-08-01 09:00:00,0.0221666666666666,23.0,0.0,91,0.1358703414802876,0.05919,0.0765,0.05165
2023-08-01 10:00:00,0.0215,23.0,0.0,91,0.1793674363030327,0.05919,0.07898999999999999,0.05165
2023-08-01 11:00:00,0.0265,20.25,0.0,91,0.1849388892018897,0.05919,0.0751,0.05165
2023-08-01 12:00:00,0.0216666666666666,16.5,0.0,91,0.3529526496952416,0.05919,0.06856999999999999,0.05165
2023-08-01 13:00:00,0.0218333333333333,16.0,0.0,91,0.5036368384728064,0.05919,0.06012,0.05165
2023-08-01 14:00:00,0.0218333333333333,15.5,0.0,91,0.3620100842989407,0.05919,0.05727,0.05165
2023-08-01 15:00:00,0.021,15.0,0.0,91,0.5366841003222345,0.05919,0.05901,0.05165
2023-08-01 16:00:00,0.0243333333333333,15.0,0.0,91,0.5339006864107575,0.05919,0.0685,0.05165
2023-08-01 17:00:00,0.0218333333333333,15.25,0.0,91,0.3532542725913546,0.05919,0.07912000000000001,0.05165
2023-08-01 18:00:00,0.0221666666666666,19.75,0.0,91,0.2463817096775414,0.05919,0.09469,0.05165
2023-08-01 19:00:00,0.0225,27.75,0.0,91,0.0708969226861611,0.05919,0.10522,0.05165
2023-08-01 20:00:00,0.0273333333333333,29.25,0.0,91,0.0145465811603089,0.05919,0.11277,0.05165
2023-08-01 21:00:00,0.0215,29.5,0.0,91,1.4529914364346068e-05,0.05919,0.10255,0.05165
2023-08-01 22:00:00,0.0208333333333333,29.0,0.0,91,0.0,0.05038,0.09278,0.05165
2023-08-01 23:00:00,0.0208333333333333,25.25,0.0,91,0.0,0.05038,0.08938,0.05165
2023-08-02 00:00:00,0.0213333333333333,24.5,0.0,91,0.0,0.05038,0.07754000000000001,0.05165
2023-08-02 01:00:00,0.0223333333333333,17.75,0.0,91,0.0,0.05038,0.06962,0.05165
2023-08-02 02:00:00,0.0255,16.75,0.0,91,0.0,0.05038,0.06706000000000001,0.05165
2023-08-02 03:00:00,0.0206666666666666,16.0,0.0,91,0.0,0.05038,0.06616,0.05165
2023-08-02 04:00:00,0.0206666666666666,16.0,0.0,91,0.0,0.05038,0.06356,0.05165
2023-08-02 05:00:00,0.0203333333333333,15.75,0.0,91,0.0,0.05038,0.05238,0.05165
2023-08-02 06:00:00,0.02,14.75,0.0,91,0.0036997435757747,0.05919,0.05907,0.05165
2023-08-02 07:00:00,0.026,14.0,0.0,91,0.0365594017607534,0.05919,0.06712,0.05165
2023-08-02 08:00:00,0.0215,13.25,0.0,91,0.198471709927942,0.05919,0.06623,0.05165
2023-08-02 09:00:00,0.022,12.5,0.0,91,0.357077266008426,0.05919,0.06588,0.05165
2023-08-02 10:00:00,0.0218333333333333,12.25,0.0,91,0.4133797435271432,0.05919,0.0645,0.05165
2023-08-02 11:00:00,0.0213333333333333,11.75,0.0,91,0.5090976098867566,0.05919,0.052020000000000004,0.05165
2023-08-02 12:00:00,0.0243333333333333,11.75,0.0,91,0.6484846992166632,0.05919,0.03308,0.05165
2023-08-02 13:00:00,0.0193333333333333,12.0,0.0,91,0.6826822251539963,0.05919,0.02465,0.05165
2023-08-02 14:00:00,0.0186666666666666,12.0,0.0,91,0.6827882919963604,0.05919,0.020579999999999998,0.05165
2023-08-02 15:00:00,0.019,12.0,0.0,91,0.629189659183861,0.05919,0.02884,0.05165
2023-08-02 16:00:00,0.0193333333333333,12.0,0.0,91,0.548857776609242,0.05919,0.05205,0.05165
2023-08-02 17:00:00,0.0255,12.0,0.0,91,0.4548294008695162,0.05919,0.06318,0.05165
2023-08-02 18:00:00,0.021,12.0,0.0,91,0.1777698304918077,0.05919,0.06588,0.05165
2023-08-02 19:00:00,0.0203333333333333,12.0,0.0,91,0.0398141881645235,0.05919,0.07105,0.05165
2023-08-02 20:00:00,0.0205,12.25,0.0,91,0.0054505983059907,0.05919,0.05915,0.05165
2023-08-02 21:00:00,0.0203333333333333,12.25,0.0,91,0.0,0.05919,0.06570000000000001,0.05165
2023-08-02 22:00:00,0.0201666666666666,13.0,0.0,91,0.0,0.05038,0.03958,0.05165
2023-08-02 23:00:00,0.0246666666666666,13.5,0.0,91,0.0,0.05038,0.02062,0.05165
2023-08-03 00:00:00,0.0201666666666666,14.75,0.0,91,0.0,0.05038,0.00954,0.05165
2023-08-03 01:00:00,0.0208333333333333,13.5,0.0,91,0.0,0.05038,0.0034500000000000004,0.05165
2023-08-03 02:00:00,0.0211666666666666,14.0,0.0,91,0.0,0.05038,0.00561,0.05165
2023-08-03 03:00:00,0.021,14.25,0.0,91,0.0,0.05038,8.999999999999999e-05,0.05165
2023-08-03 04:00:00,0.021,14.75,0.0,91,0.0,0.05038,0.0115,0.05165
2023-08-03 05:00:00,0.0261666666666666,14.25,0.0,91,0.0,0.05038,0.03943,0.05165
2023-08-03 06:00:00,0.0211666666666666,14.0,0.0,91,0.0044781196690522,0.05919,0.05604,0.05165
2023-08-03 07:00:00,0.021,14.0,0.0,91,0.0401540169145307,0.05919,0.07022,0.05165
2023-08-03 08:00:00,0.0213333333333333,14.0,0.0,91,0.2247012826316377,0.05919,0.06031,0.05165
2023-08-03 09:00:00,0.0211666666666666,13.25,0.0,91,0.3880351273626344,0.05919,0.04593,0.05165
2023-08-03 10:00:00,0.0266666666666666,13.0,0.0,91,0.5334485469720304,0.05919,0.035,0.05165
2023-08-03 11:00:00,0.0215,13.0,0.0,91,0.6432607712704913,0.05919,0.035,0.05165
2023-08-03 12:00:00,0.0218333333333333,13.0,0.0,91,0.7081499109512721,0.05919,0.035,0.05165
2023-08-03 13:00:00,0.0215,13.0,0.0,91,0.7389298359145468,0.05919,0.02249,0.05165
2023-08-03 14:00:00,0.0208333333333333,13.5,0.0,91,0.6952139282226566,0.05919,0.02409,0.05165
2023-08-03 15:00:00,0.0193333333333333,14.0,0.0,91,0.6553972632253269,0.05919,0.02511,0.05165
2023-08-03 16:00:00,0.0246666666666666,14.0,0.0,91,0.6116852132683127,0.05919,0.04963,0.05165
2023-08-03 17:00:00,0.0203333333333333,15.75,0.0,91,0.5004678631643965,0.05919,0.08038,0.05165
2023-08-03 18:00:00,0.0238333333333333,20.5,0.0,91,0.2621591457138713,0.05919,0.09706000000000001,0.05165
2023-08-03 19:00:00,0.0241666666666666,26.25,0.0,91,0.142568461304037,0.05919,0.09792000000000001,0.05165
2023-08-03 20:00:00,0.0245,31.25,0.0,91,0.0147686324313155,0.05919,0.09845999999999999,0.05165
2023-08-03 21:00:00,0.0246666666666666,32.75,0.0,91,1.5384615836744634e-05,0.05919,0.0985,0.05165
2023-08-03 22:00:00,0.0295,31.75,0.0,91,0.0,0.05038,0.08835,0.05165
2023-08-03 23:00:00,0.0245,31.75,0.0,91,0.0,0.05038,0.09014,0.05165
2023-08-04 00:00:00,0.024,31.0,0.0,91,0.0,0.05038,0.08385,0.05165
2023-08-04 01:00:00,0.0235,29.25,0.0,91,0.0,0.05038,0.08092,0.05165
2023-08-04 02:00:00,0.0215,30.0,0.0,91,0.0,0.05038,0.07925,0.05165
2023-08-04 03:00:00,0.0191666666666666,30.25,0.0,91,0.0,0.05038,0.07659999999999999,0.05165
2023-08-04 04:00:00,0.0241666666666666,29.75,0.0,91,0.0,0.05038,0.07855,0.05165
2023-08-04 05:00:00,0.0205,30.0,0.0,91,0.0,0.05038,0.08636,0.05165
2023-08-04 06:00:00,0.0225,32.5,0.0,91,0.0035978632554029,0.05919,0.09384,0.05165
2023-08-04 07:00:00,0.0225,35.0,0.0,91,0.0482153848093798,0.05919,0.11494,0.05165
2023-08-04 08:00:00,0.0218333333333333,33.5,0.0,91,0.1432368373870849,0.05919,0.1029,0.05165
2023-08-04 09:00:00,0.0215,34.75,0.0,91,0.2368129061837481,0.05919,0.09516,0.05165
2023-08-04 10:00:00,0.0268333333333333,34.5,0.0,91,0.3025984628791482,0.05919,0.09068000000000001,0.05165
2023-08-04 11:00:00,0.0216666666666666,33.0,0.0,91,0.3280974350627671,0.05919,0.08692,0.05165
2023-08-04 12:00:00,0.0218333333333333,32.5,0.0,91,0.2776034180730836,0.05919,0.08081,0.05165
2023-08-04 13:00:00,0.0208333333333333,31.75,0.0,91,0.1791074346884703,0.05919,0.07784,0.05165
2023-08-04 14:00:00,0.0198333333333333,30.25,0.0,91,0.1923664106059278,0.05919,0.07676000000000001,0.05165
2023-08-04 15:00:00,0.0186666666666666,26.25,0.0,91,0.2053433344914362,0.05919,0.08068,0.05165
2023-08-04 16:00:00,0.0181666666666666,26.0,0.0,91,0.6386246161175588,0.05919,0.08993000000000001,0.05165
2023-08-04 17:00:00,0.0268333333333333,27.0,0.0,91,0.1372599139580359,0.05919,0.09826,0.05165
2023-08-04 18:00:00,0.0221666666666666,32.25,0.0,91,0.122536837341439,0.05919,0.116,0.05165
2023-08-04 19:00:00,0.0233333333333333,35.0,0.0,91,0.0878336750747811,0.05919,0.11444,0.05165
2023-08-04 20:00:00,0.0236666666666666,37.25,0.0,91,0.0135892307843503,0.05919,0.12107,0.05165
2023-08-04 21:00:00,0.0231666666666666,37.5,0.0,91,0.0,0.05919,0.10563,0.05165
2023-08-04 22:00:00,0.0225,36.75,0.0,91,0.0,0.05038,0.09849,0.05165
2023-08-04 23:00:00,0.0281666666666666,33.5,0.0,91,0.0,0.05038,0.10155,0.05165
2023-08-05 00:00:00,0.0225,37.75,0.0,91,0.0,0.05038,0.09490000000000001,0.05165
2023-08-05 01:00:00,0.0221666666666666,33.75,0.0,91,0.0,0.05038,0.09258,0.05165
2023-08-05 02:00:00,0.0223333333333333,39.0,0.0,91,0.0,0.05038,0.09029999999999999,0.05165
2023-08-05 03:00:00,0.0223333333333333,37.5,0.0,91,0.0,0.05038,0.09024,0.05165
2023-08-05 04:00:00,0.0231666666666666,39.0,0.0,91,0.0,0.05038,0.09054000000000001,0.05165
2023-08-05 05:00:00,0.0218333333333333,36.75,0.0,91,0.0,0.05038,0.09024,0.05165
2023-08-05 06:00:00,0.0276666666666666,35.5,0.0,91,0.0031242734983436,0.05919,0.08641,0.05165
2023-08-05 07:00:00,0.022,34.5,0.0,91,0.0386717949769435,0.05919,0.08566,0.05165
2023-08-05 08:00:00,0.0233333333333333,28.25,0.0,91,0.2059616243329823,0.05919,0.08301,0.05165
2023-08-05 09:00:00,0.0218333333333333,23.75,0.0,91,0.3997205983675443,0.05919,0.08009999999999999,0.05165
2023-08-05 10:00:00,0.0201666666666666,19.75,0.0,91,0.4257131620553825,0.05919,0.06808,0.05165
2023-08-05 11:00:00,0.02,15.0,0.0,91,0.5779605115580766,0.05919,0.06501,0.05165
2023-08-05 12:00:00,0.0256666666666666,13.0,0.0,91,0.7387682917994314,0.05919,0.05891,0.05165
2023-08-05 13:00:00,0.019,13.0,0.0,91,0.7218252954727566,0.05919,0.05804,0.05165
2023-08-05 14:00:00,0.018,13.0,0.0,91,0.7463909357837125,0.05919,0.04415,0.05165
2023-08-05 15:00:00,0.0176666666666666,13.0,0.0,91,0.6749582055898815,0.05919,0.037079999999999995,0.05165
2023-08-05 16:00:00,0.0173333333333333,13.0,0.0,91,0.6412893155089812,0.05919,0.04203,0.05165
2023-08-05 17:00:00,0.0174999999999999,13.0,0.0,91,0.3837472651554988,0.05919,0.045,0.05165
2023-08-05 18:00:00,0.019,13.5,0.0,91,0.1424473500047993,0.05919,0.06601,0.05165
2023-08-05 19:00:00,0.0268333333333333,15.75,0.0,91,0.0985515386630327,0.05919,0.08299,0.05165
2023-08-05 20:00:00,0.0218333333333333,21.25,0.0,91,0.0190176068297308,0.05919,0.09,0.05165
2023-08-05 21:00:00,0.0213333333333333,21.75,0.0,91,5.136752210589306e-05,0.05919,0.09139,0.05165
2023-08-05 22:00:00,0.0215,22.0,0.0,91,0.0,0.05038,0.08566,0.05165
2023-08-05 23:00:00,0.0208333333333333,21.75,0.0,91,0.0,0.05038,0.07413,0.05165
2023-08-06 00:00:00,0.0211666666666666,18.5,0.0,91,0.0,0.05038,0.021929999999999998,0.05165
2023-08-06 01:00:00,0.0208333333333333,15.5,0.0,91,0.0,0.05038,0.02022,0.05165
2023-08-06 02:00:00,0.0261666666666666,18.5,0.0,91,0.0,0.05038,2e-05,0.05165
2023-08-06 03:00:00,0.0211666666666666,21.75,0.0,91,0.0,0.05038,0.00321,0.05165
2023-08-06 04:00:00,0.0218333333333333,23.0,0.0,91,0.0,0.05038,7.000000000000001e-05,0.05165
2023-08-06 05:00:00,0.019,23.0,0.0,91,0.0,0.05038,0.0001,0.05165
2023-08-06 06:00:00,0.02,22.5,0.0,91,0.0011756410220494,0.05919,0.027800000000000002,0.05165
2023-08-06 07:00:00,0.0193333333333333,21.75,0.0,91,0.0334167520408956,0.05919,0.005,0.05165
2023-08-06 08:00:00,0.02,19.0,0.0,91,0.0811422223311204,0.05919,0.00164,0.05165
2023-08-06 09:00:00,0.0233333333333333,17.25,0.0,91,0.2007853853600657,0.05919,0.0024,0.05165
2023-08-06 10:00:00,0.0178333333333333,16.0,0.0,91,0.3770411962525458,0.05919,0.0146,0.05165
2023-08-06 11:00:00,0.0174999999999999,15.25,0.0,91,0.3412346176408295,0.05919,0.00504,0.05165
2023-08-06 12:00:00,0.0178333333333333,15.0,0.0,91,0.3313767513046917,0.05919,0.0,0.05165
2023-08-06 13:00:00,0.0174999999999999,15.0,0.0,91,0.6919218819773093,0.05919,0.0,0.05165
2023-08-06 14:00:00,0.0178333333333333,15.5,0.0,91,0.5608190562582425,0.05919,0.0,0.05165
2023-08-06 15:00:00,0.0174999999999999,15.0,0.0,91,0.4424607692620693,0.05919,0.0,0.05165
2023-08-06 16:00:00,0.0228333333333333,15.5,0.0,91,0.5063575196877502,0.05919,0.0162,0.05165
2023-08-06 17:00:00,0.0178333333333333,14.5,0.0,91,0.4285334192585742,0.05919,0.03597,0.05165
2023-08-06 18:00:00,0.0198333333333333,14.25,0.0,91,0.2425941010825654,0.05919,0.06098,0.05165
2023-08-06 19:00:00,0.0216666666666666,14.5,0.0,91,0.0737824785607492,0.05919,0.07706,0.05165
2023-08-06 20:00:00,0.0226666666666666,15.0,0.0,91,0.0164186324083652,0.05919,0.07812999999999999,0.05165
2023-08-06 21:00:00,0.021,15.25,0.0,91,3.1623932031484616e-06,0.05919,0.07186,0.05165
2023-08-06 22:00:00,0.0205,16.0,0.0,91,0.0,0.05038,0.06345,0.05165
2023-08-06 23:00:00,0.0256666666666666,18.0,0.0,91,0.0,0.05038,0.054909999999999994,0.05165
2023-08-07 00:00:00,0.0203333333333333,21.0,0.0,91,0.0,0.05038,0.05035,0.05165
2023-08-07 01:00:00,0.02,20.5,0.0,91,0.0,0.05038,0.041979999999999996,0.05165
2023-08-07 02:00:00,0.02,22.5,0.0,91,0.0,0.05038,0.00718,0.05165
2023-08-07 03:00:00,0.02,24.75,0.0,91,0.0,0.05038,0.022539999999999998,0.05165
2023-08-07 04:00:00,0.0196666666666666,26.0,0.0,91,0.0,0.05038,0.06503,0.05165
2023-08-07 05:00:00,0.0201666666666666,24.75,0.0,91,0.0,0.05038,0.07221999999999999,0.05165
2023-08-07 06:00:00,0.022,20.0,0.0,91,0.0032918803432048,0.05919,0.09131,0.05165
2023-08-07 07:00:00,0.0231666666666666,18.0,0.0,91,0.0320168378210475,0.05919,0.0945,0.05165
2023-08-07 08:00:00,0.0208333333333333,17.5,0.0,91,0.2214288033379449,0.05919,0.07762000000000001,0.05165
2023-08-07 09:00:00,0.0211666666666666,16.75,0.0,91,0.3936212826590253,0.05919,0.0575,0.05165
2023-08-07 10:00:00,0.0203333333333333,16.0,0.0,91,0.5143848722408981,0.05919,0.0523,0.05165
2023-08-07 11:00:00,0.0208333333333333,15.75,0.0,91,0.2933631618206318,0.05919,0.05913,0.05165
2023-08-07 12:00:00,0.02,17.5,0.0,91,0.1927393158480652,0.05919,0.05271,0.05165
2023-08-07 13:00:00,0.018,18.0,0.0,91,0.6792899982745834,0.05919,0.055200000000000006,0.05165
2023-08-07 14:00:00,0.0268333333333333,19.5,0.0,91,0.6604405134152144,0.05919,0.054229999999999993,0.05165
2023-08-07 15:00:00,0.0213333333333333,20.75,0.0,91,0.7121691486978126,0.05919,0.05761,0.05165
2023-08-07 16:00:00,0.0191666666666666,21.0,0.0,91,0.6072956404726729,0.05919,0.07095,0.05165
2023-08-07 17:00:00,0.0221666666666666,23.0,0.0,91,0.4543034180209169,0.05919,0.0851,0.05165
2023-08-07 18:00:00,0.0216666666666666,25.75,0.0,91,0.3024616252866566,0.05919,0.10701999999999999,0.05165
2023-08-07 19:00:00,0.0203333333333333,27.5,0.0,91,0.1154031623938144,0.05919,0.1163,0.05165
2023-08-07 20:00:00,0.0198333333333333,28.75,0.0,91,0.0120188034504142,0.05919,0.12495,0.05165
2023-08-07 21:00:00,0.0251666666666666,27.25,0.0,91,0.0,0.05919,0.1108,0.05165
2023-08-07 22:00:00,0.019,27.25,0.0,91,0.0,0.05038,0.1,0.05165
2023-08-07 23:00:00,0.019,27.75,0.0,91,0.0,0.05038,0.06988,0.05165
2023-08-08 00:00:00,0.0193333333333333,29.0,0.0,91,0.0,0.05038,0.055869999999999996,0.05165
2023-08-08 01:00:00,0.0196666666666666,29.75,0.0,91,0.0,0.05038,0.06555,0.05165
2023-08-08 02:00:00,0.0193333333333333,31.75,0.0,91,0.0,0.05038,0.0389,0.05165
2023-08-08 03:00:00,0.0186666666666666,32.5,0.0,91,0.0,0.05038,0.04109,0.05165
2023-08-08 04:00:00,0.0246666666666666,32.75,0.0,91,0.0,0.05038,0.06311,0.05165
2023-08-08 05:00:00,0.0183333333333333,35.0,0.0,91,0.0,0.05038,0.06462000000000001,0.05165
2023-08-08 06:00:00,0.0181666666666666,33.0,0.0,91,0.0030762393212216,0.05919,0.06941,0.05165
2023-08-08 07:00:00,0.019,31.5,0.0,91,0.0285342734287946,0.05919,0.07945999999999999,0.05165
2023-08-08 08:00:00,0.0186666666666666,31.5,0.0,91,0.2167147864643324,0.05919,0.08388,0.05165
2023-08-08 09:00:00,0.0201666666666666,30.25,0.0,91,0.3870741888192984,0.05919,0.08,0.05165
2023-08-08 10:00:00,0.0185,28.75,0.0,91,0.5237303442017647,0.05919,0.07043,0.05165
2023-08-08 11:00:00,0.0171666666666666,27.25,0.0,91,0.6170335036057693,0.05919,0.05009,0.05165
2023-08-08 12:00:00,0.0233333333333333,27.5,0.0,91,0.6613645328619543,0.05919,0.045689999999999995,0.05165
2023-08-08 13:00:00,0.0174999999999999,27.75,0.0,91,0.6745070087400259,0.05919,0.0489,0.05165
2023-08-08 14:00:00,0.0211666666666666,27.75,0.0,91,0.6997856414012419,0.05919,0.04938,0.05165
2023-08-08 15:00:00,0.0238333333333333,28.0,0.0,91,0.6405152123606104,0.05919,0.06347,0.05165
2023-08-08 16:00:00,0.0213333333333333,29.25,0.0,91,0.573982905852489,0.05919,0.06921,0.05165
2023-08-08 17:00:00,0.0215,30.0,0.0,91,0.4415753871559079,0.05919,0.06666,0.05165
2023-08-08 18:00:00,0.023,29.0,0.0,91,0.262527096088116,0.05919,0.08856,0.05165
2023-08-08 19:00:00,0.0303333333333333,30.0,0.0,91,0.114526068043505,0.05919,0.10021,0.05165
2023-08-08 20:00:00,0.0246666666666666,30.5,0.0,91,0.0193582905109366,0.05919,0.09292,0.05165
2023-08-08 21:00:00,0.0238333333333333,31.75,0.0,91,0.0,0.05919,0.09728,0.05165
2023-08-08 22:00:00,0.0235,30.75,0.0,91,0.0,0.05038,0.07578,0.05165
2023-08-08 23:00:00,0.023,30.0,0.0,91,0.0,0.05038,0.08248,0.05165
2023-08-09 00:00:00,0.0231666666666666,30.25,0.0,91,0.0,0.05038,0.07386,0.05165
2023-08-09 01:00:00,0.023,30.75,0.0,91,0.0,0.05038,0.07121,0.05165
2023-08-09 02:00:00,0.0233333333333333,32.75,0.0,91,0.0,0.05038,0.06838,0.05165
2023-08-09 03:00:00,0.0284999999999999,33.75,0.0,91,0.0,0.05038,0.07412,0.05165
2023-08-09 04:00:00,0.0233333333333333,35.75,0.0,91,0.0,0.05038,0.08395,0.05165
2023-08-09 05:00:00,0.023,37.0,0.0,91,0.0,0.05038,0.09816,0.05165
2023-08-09 06:00:00,0.0243333333333333,39.25,0.0,91,0.003693418793826,0.05919,0.1057,0.05165
2023-08-09 07:00:00,0.0238333333333333,43.5,0.0,91,0.0349814530111785,0.05919,0.10643999999999999,0.05165
2023-08-09 08:00:00,0.0241666666666666,43.5,0.0,91,0.2056453854813535,0.05919,0.09966,0.05165
2023-08-09 09:00:00,0.0236666666666666,43.0,0.0,91,0.3743611112415281,0.05919,0.08996,0.05165
2023-08-09 10:00:00,0.0328333333333333,40.5,0.0,91,0.5016864118005475,0.05919,0.08569,0.05165
2023-08-09 11:00:00,0.0273333333333333,38.0,0.0,91,0.5995887182512856,0.05919,0.0819,0.05165
2023-08-09 12:00:00,0.0273333333333333,35.25,0.0,91,0.6474235071687618,0.05919,0.07623,0.05165
2023-08-09 13:00:00,0.0273333333333333,32.25,0.0,91,0.6435329078609109,0.05919,0.07193000000000001,0.05165
2023-08-09 14:00:00,0.0273333333333333,30.75,0.0,91,0.6264188913198622,0.05919,0.07939,0.05165
2023-08-09 15:00:00,0.0273333333333333,32.0,0.0,91,0.6368837588057562,0.05919,0.0805,0.05165
2023-08-09 16:00:00,0.0276666666666666,32.5,0.0,91,0.5489686297555256,0.05919,0.084,0.05165
2023-08-09 17:00:00,0.0331666666666666,35.25,0.0,91,0.429695299588717,0.05919,0.09853,0.05165
2023-08-09 18:00:00,0.0276666666666666,39.5,0.0,91,0.2804670076288729,0.05919,0.11892,0.05165
2023-08-09 19:00:00,0.0273333333333333,41.25,0.0,91,0.1149556399818159,0.05919,0.12386,0.05165
2023-08-09 20:00:00,0.028,43.25,0.0,91,0.0090152136491149,0.05919,0.13081,0.05165
2023-08-09 21:00:00,0.0276666666666666,44.25,0.0,91,5.641025530858932e-06,0.05919,0.12247,0.05165
2023-08-09 22:00:00,0.028,43.25,0.0,91,0.0,0.05038,0.10096,0.05165
2023-08-09 23:00:00,0.0285,42.5,0.0,91,0.0,0.05038,0.09627,0.05165
2023-08-10 00:00:00,0.0283333333333333,45.0,0.0,91,0.0,0.05038,0.09198999999999999,0.05165
2023-08-10 01:00:00,0.0335,47.75,0.0,91,0.0,0.05038,0.08915000000000001,0.05165
2023-08-10 02:00:00,0.028,44.75,0.0,91,0.0,0.05038,0.07998000000000001,0.05165
2023-08-10 03:00:00,0.0273333333333333,45.75,0.0,91,0.0,0.05038,0.06851,0.05165
2023-08-10 04:00:00,0.0276666666666666,45.0,0.0,91,0.0,0.05038,0.09029999999999999,0.05165
2023-08-10 05:00:00,0.0273333333333333,43.75,0.0,91,0.0,0.05038,0.10023,0.05165
2023-08-10 06:00:00,0.027,44.75,0.0,91,0.0029128204908572,0.05919,0.10332,0.05165
2023-08-10 07:00:00,0.0273333333333333,43.75,0.0,91,0.0298011109564039,0.05919,0.1042,0.05165
2023-08-10 08:00:00,0.028,41.25,0.0,91,0.2103995724213429,0.05919,0.098,0.05165
2023-08-10 09:00:00,0.033,39.75,0.0,91,0.3202415381537544,0.05919,0.09572,0.05165
2023-08-10 10:00:00,0.0276666666666666,34.5,0.0,91,0.4554704271626271,0.05919,0.08621,0.05165
2023-08-10 11:00:00,0.027,25.75,0.0,91,0.543291791606153,0.05919,0.08294,0.05165
2023-08-10 12:00:00,0.028,24.75,0.0,91,0.5404029917920756,0.05919,0.07526000000000001,0.05165
2023-08-10 13:00:00,0.0276666666666666,25.0,0.0,91,0.4648419662214751,0.05919,0.07662999999999999,0.05165
2023-08-10 14:00:00,0.0273333333333333,24.5,0.0,91,0.2349552130087828,0.05919,0.08053,0.05165
2023-08-10 15:00:00,0.0276666666666666,24.75,0.0,91,0.3358882905682946,0.05919,0.08154,0.05165
2023-08-10 16:00:00,0.033,25.0,0.0,91,0.5067817935780581,0.05919,0.09128,0.05165
2023-08-10 17:00:00,0.0283333333333333,21.5,0.0,91,0.3399758976341313,0.05919,0.10042,0.05165
2023-08-10 18:00:00,0.0281666666666666,39.0,0.0,91,0.2722375207884698,0.05919,0.10925,0.05165
2023-08-10 19:00:00,0.0281666666666666,45.25,0.0,91,0.1028267518883077,0.05919,0.12025,0.05165
2023-08-10 20:00:00,0.0281666666666666,32.75,0.0,91,0.0131942735040862,0.05919,0.12551,0.05165
2023-08-10 21:00:00,0.0283333333333333,34.0,0.0,91,7.692307759171795e-07,0.05919,0.11519,0.05165
2023-08-10 22:00:00,0.0285,33.5,0.0,91,0.0,0.05038,0.10094,0.05165
2023-08-10 23:00:00,0.0288333333333333,33.25,0.0,91,0.0,0.05038,0.11104,0.05165
2023-08-11 00:00:00,0.0336666666666666,36.0,0.0,91,0.0,0.05038,0.10606,0.05165
2023-08-11 01:00:00,0.0286666666666666,32.0,0.0,91,0.0,0.05038,0.10403,0.05165
2023-08-11 02:00:00,0.0276666666666666,31.75,0.0,91,0.0,0.05038,0.08474,0.05165
2023-08-11 03:00:00,0.0276666666666666,33.5,0.0,91,0.0,0.05038,0.07851999999999999,0.05165
2023-08-11 04:00:00,0.028,36.0,0.0,91,0.0,0.05038,0.08202,0.05165
2023-08-11 05:00:00,0.0276666666666666,36.0,0.0,91,0.0,0.05038,0.104,0.05165
2023-08-11 06:00:00,0.0276666666666666,37.0,0.0,91,0.0026966666423866,0.05919,0.11488,0.05165
2023-08-11 07:00:00,0.031,34.75,0.0,91,0.0257205983308645,0.05919,0.11498,0.05165
2023-08-11 08:00:00,0.0286666666666666,33.25,0.0,91,0.195431282173874,0.05919,0.10227,0.05165
2023-08-11 09:00:00,0.027,32.0,0.0,91,0.3488297431489341,0.05919,0.09096,0.05165
2023-08-11 10:00:00,0.027,23.0,0.0,91,0.4772817073724208,0.05919,0.08095999999999999,0.05165
2023-08-11 11:00:00,0.027,18.75,0.0,91,0.5741369231134399,0.05919,0.07689,0.05165
2023-08-11 12:00:00,0.027,18.5,0.0,91,0.6351929930336458,0.05919,0.0554,0.05165
2023-08-11 13:00:00,0.027,18.0,0.0,91,0.6514968389527412,0.05919,0.04678,0.05165
2023-08-11 14:00:00,0.027,19.0,0.0,91,0.6482840161445815,0.05919,0.05801,0.05165
2023-08-11 15:00:00,0.0325,18.25,0.0,91,0.6108944421751888,0.05919,0.08458,0.05165
2023-08-11 16:00:00,0.0276666666666666,19.0,0.0,91,0.5301367526584203,0.05919,0.09798,0.05165
2023-08-11 17:00:00,0.028,20.75,0.0,91,0.4114596583700587,0.05919,0.11105,0.05165
2023-08-11 18:00:00,0.0278333333333333,28.5,0.0,91,0.2644332494491186,0.05919,0.12157,0.05165
2023-08-11 19:00:00,0.0285,31.0,0.0,91,0.102852650381561,0.05919,0.1305,0.05165
2023-08-11 20:00:00,0.0285,31.75,0.0,91,0.010175299137974,0.05919,0.13036,0.05165
2023-08-11 21:00:00,0.0283333333333333,32.25,0.0,91,0.0,0.05919,0.11849,0.05165
2023-08-11 22:00:00,0.0315,32.25,0.0,91,0.0,0.05038,0.10425,0.05165
2023-08-11 23:00:00,0.0305,33.0,0.0,91,0.0,0.05038,0.10354000000000001,0.05165
2023-08-12 00:00:00,0.0286666666666666,32.5,0.0,91,0.0,0.05038,0.09814,0.05165
2023-08-12 01:00:00,0.0286666666666666,33.0,0.0,91,0.0,0.05038,0.09756999999999999,0.05165
2023-08-12 02:00:00,0.0288333333333333,35.0,0.0,91,0.0,0.05038,0.09433,0.05165
2023-08-12 03:00:00,0.0286666666666666,33.0,0.0,91,0.0,0.05038,0.09391,0.05165
2023-08-12 04:00:00,0.0283333333333333,29.25,0.0,91,0.0,0.05038,0.09278,0.05165
2023-08-12 05:00:00,0.0283333333333333,29.0,0.0,91,0.0,0.05038,0.09347,0.05165
2023-08-12 06:00:00,0.0336666666666666,27.75,0.0,91,0.0023254701119457,0.05919,0.1,0.05165
2023-08-12 07:00:00,0.0281666666666666,25.0,0.0,91,0.0412111964796343,0.05919,0.10162,0.05165
2023-08-12 08:00:00,0.0281666666666666,26.0,0.0,91,0.1090451285370394,0.05919,0.09,0.05165
2023-08-12 09:00:00,0.0283333333333333,25.25,0.0,91,0.2996424791547987,0.05919,0.07981,0.05165
2023-08-12 10:00:00,0.0283333333333333,22.75,0.0,91,0.4314305970607658,0.05919,0.07137,0.05165
2023-08-12 11:00:00,0.0273333333333333,18.5,0.0,91,0.5155832468342577,0.05919,0.0549,0.05165
2023-08-12 12:00:00,0.0278333333333333,15.5,0.0,91,0.6397508539705197,0.05919,0.02649,0.05165
2023-08-12 13:00:00,0.0283333333333333,15.75,0.0,91,0.6385765819060497,0.05919,0.006,0.05165
2023-08-12 14:00:00,0.0331666666666666,16.0,0.0,91,0.5019234186156184,0.05919,0.00692,0.05165
2023-08-12 15:00:00,0.0285,17.0,0.0,91,0.3486241870456271,0.05919,0.020399999999999998,0.05165
2023-08-12 16:00:00,0.0285,16.5,0.0,91,0.2722744444496611,0.05919,0.06758,0.05165
2023-08-12 17:00:00,0.0286666666666666,17.0,0.0,91,0.2321372645125429,0.05919,0.08549,0.05165
2023-08-12 18:00:00,0.0291666666666666,21.5,0.0,91,0.2504439308296921,0.05919,0.10647,0.05165
2023-08-12 19:00:00,0.0288333333333333,26.25,0.0,91,0.1015924787113809,0.05919,0.11116,0.05165
2023-08-12 20:00:00,0.0291666666666666,31.5,0.0,91,0.0088741025633903,0.05919,0.11228,0.05165
2023-08-12 21:00:00,0.0341666666666666,32.5,0.0,91,0.0,0.05919,0.10806,0.05165
2023-08-12 22:00:00,0.0285,38.0,0.0,91,0.0,0.05038,0.10166,0.05165
2023-08-12 23:00:00,0.029,40.0,0.0,91,0.0,0.05038,0.0901,0.05165
2023-08-13 00:00:00,0.0288333333333333,33.25,0.0,91,0.0,0.05038,0.08471,0.05165
2023-08-13 01:00:00,0.0286666666666666,27.0,0.0,91,0.0,0.05038,0.0788,0.05165
2023-08-13 02:00:00,0.0285,28.0,0.0,91,0.0,0.05038,0.06966,0.05165
2023-08-13 03:00:00,0.028,25.75,0.0,91,0.0,0.05038,0.069,0.05165
2023-08-13 04:00:00,0.0278333333333333,25.5,0.0,91,0.0,0.05038,0.07202,0.05165
2023-08-13 05:00:00,0.0331666666666666,25.5,0.0,91,0.0,0.05038,0.07809999999999999,0.05165
2023-08-13 06:00:00,0.0283333333333333,25.0,0.0,91,0.0020625640859461,0.05919,0.07772,0.05165
2023-08-13 07:00:00,0.0276666666666666,23.0,0.0,91,0.0260932478537926,0.05919,0.0735,0.05165
2023-08-13 08:00:00,0.0278333333333333,20.25,0.0,91,0.1811560692746415,0.05919,0.05206,0.05165
2023-08-13 09:00:00,0.0275,20.0,0.0,91,0.344375725118523,0.05919,0.03,0.05165
2023-08-13 10:00:00,0.0281666666666666,19.25,0.0,91,0.4367243618435331,0.05919,0.015,0.05165
2023-08-13 11:00:00,0.028,19.0,0.0,91,0.5500567512838249,0.05919,0.01627,0.05165
2023-08-13 12:00:00,0.0311666666666666,17.0,0.0,91,0.6163611943497618,0.05919,0.0101,0.05165
2023-08-13 13:00:00,0.0311666666666666,17.0,0.0,91,0.6789870087713258,0.05919,0.00152,0.05165
2023-08-13 14:00:00,0.0285,17.25,0.0,91,0.6509239284808819,0.05919,0.0067599999999999995,0.05165
2023-08-13 15:00:00,0.0283333333333333,17.0,0.0,91,0.5736436781923996,0.05919,0.01745,0.05165
2023-08-13 16:00:00,0.0286666666666666,17.25,0.0,91,0.5335394880506731,0.05919,0.06998,0.05165
2023-08-13 17:00:00,0.0291666666666666,16.75,0.0,91,0.3969621368147369,0.05919,0.08502,0.05165
2023-08-13 18:00:00,0.0293333333333333,19.0,0.0,91,0.1797090598049326,0.05919,0.0992,0.05165
2023-08-13 19:00:00,0.0291666666666666,23.5,0.0,91,0.0930477775467766,0.05919,0.11090000000000001,0.05165
2023-08-13 20:00:00,0.0341666666666666,30.25,0.0,91,0.0042611965772687,0.05919,0.12,0.05165
2023-08-13 21:00:00,0.0288333333333333,31.75,0.0,91,0.0,0.05919,0.12001,0.05165
2023-08-13 22:00:00,0.0288333333333333,31.5,0.0,91,0.0,0.05038,0.114,0.05165
2023-08-13 23:00:00,0.0293333333333333,31.0,0.0,91,0.0,0.05038,0.098,0.05165
2023-08-14 00:00:00,0.0291666666666666,32.25,0.0,91,0.0,0.05038,0.08959,0.05165
2023-08-14 01:00:00,0.0291666666666666,31.25,0.0,91,0.0,0.05038,0.08236,0.05165
2023-08-14 02:00:00,0.0286666666666666,30.0,0.0,91,0.0,0.05038,0.06935,0.05165
2023-08-14 03:00:00,0.0283333333333333,28.75,0.0,91,0.0,0.05038,0.06403,0.05165
2023-08-14 04:00:00,0.0335,28.25,0.0,91,0.0,0.05038,0.07006,0.05165
2023-08-14 05:00:00,0.0281666666666666,28.25,0.0,91,0.0,0.05038,0.08399,0.05165
2023-08-14 06:00:00,0.0283333333333333,31.5,0.0,91,0.0019104273337074,0.05919,0.10865999999999999,0.05165
2023-08-14 07:00:00,0.0285,30.25,0.0,91,0.0375916239746615,0.05919,0.11152,0.05165
2023-08-14 08:00:00,0.0283333333333333,28.0,0.0,91,0.084076239267985,0.05919,0.09924,0.05165
2023-08-14 09:00:00,0.0283333333333333,25.75,0.0,91,0.1383705990131084,0.05919,0.08367000000000001,0.05165
2023-08-14 10:00:00,0.0281666666666666,18.75,0.0,91,0.3319438459934332,0.05919,0.07731,0.05165
2023-08-14 11:00:00,0.0335,16.25,0.0,91,0.5632213657737797,0.05919,0.07069,0.05165
2023-08-14 12:00:00,0.0283333333333333,16.25,0.0,91,0.6283334148439587,0.05919,0.06368,0.05165
2023-08-14 13:00:00,0.0283333333333333,16.0,0.0,91,0.569868377294296,0.05919,0.06711,0.05165
2023-08-14 14:00:00,0.0283333333333333,15.75,0.0,91,0.5292146121946154,0.05919,0.0741,0.05165
2023-08-14 15:00:00,0.0285,16.25,0.0,91,0.5817155560876571,0.05919,0.07681,0.05165
2023-08-14 16:00:00,0.0286666666666666,16.0,0.0,91,0.4501127353896445,0.05919,0.08292000000000001,0.05165
2023-08-14 17:00:00,0.0285,16.75,0.0,91,0.3858908540774614,0.05919,0.09264,0.05165
2023-08-14 18:00:00,0.0288333333333333,20.5,0.0,91,0.2549768384297689,0.05919,0.10942,0.05165
2023-08-14 19:00:00,0.0336666666666666,34.5,0.0,91,0.0943049572268102,0.05919,0.11834,0.05165
2023-08-14 20:00:00,0.0286666666666666,39.25,0.0,91,0.0072064102637286,0.05919,0.12512,0.05165
2023-08-14 21:00:00,0.0288333333333333,39.75,0.0,91,0.0,0.05919,0.11098999999999999,0.05165
2023-08-14 22:00:00,0.029,41.5,0.0,91,0.0,0.05038,0.10106,0.05165
2023-08-14 23:00:00,0.029,42.25,0.0,91,0.0,0.05038,0.0996,0.05165
2023-08-15 00:00:00,0.029,37.25,0.0,91,0.0,0.05038,0.09265000000000001,0.05165
2023-08-15 01:00:00,0.029,31.25,0.0,91,0.0,0.05038,0.09211,0.05165
2023-08-15 02:00:00,0.0321666666666666,28.75,0.0,91,0.0,0.05038,0.08996,0.05165
2023-08-15 03:00:00,0.03,32.75,0.0,91,0.0,0.05038,0.08767,0.05165
2023-08-15 04:00:00,0.0281666666666666,34.0,0.0,91,0.0,0.05038,0.08876,0.05165
2023-08-15 05:00:00,0.0281666666666666,33.75,0.0,91,0.0,0.05038,0.07497,0.05165
2023-08-15 06:00:00,0.0283333333333333,32.75,0.0,91,0.0020306837711578,0.05919,0.08754,0.05165
2023-08-15 07:00:00,0.0283333333333333,31.0,0.0,91,0.0209685469081259,0.05919,0.10309,0.05165
2023-08-15 08:00:00,0.0288333333333333,28.75,0.0,91,0.1593520514985435,0.05919,0.087,0.05165
2023-08-15 09:00:00,0.0285,26.5,0.0,91,0.3021482055207602,0.05919,0.07925,0.05165
2023-08-15 10:00:00,0.0335,23.75,0.0,91,0.3628125626001602,0.05919,0.07412,0.05165
2023-08-15 11:00:00,0.0281666666666666,20.0,0.0,91,0.5268119668553018,0.05919,0.06605,0.05165
2023-08-15 12:00:00,0.0281666666666666,17.75,0.0,91,0.6655923096746463,0.05919,0.040619999999999996,0.05165
2023-08-15 13:00:00,0.0286666666666666,17.0,0.0,91,0.3931832494491186,0.05919,0.02354,0.05165
2023-08-15 14:00:00,0.0285,16.5,0.0,91,0.3197576927119849,0.05919,0.04585,0.05165
2023-08-15 15:00:00,0.0285,17.0,0.0,91,0.4750739311153058,0.05919,0.07026,0.05165
2023-08-15 16:00:00,0.0285,17.5,0.0,91,0.5065021358392175,0.05919,0.07621,0.05165
2023-08-15 17:00:00,0.029,19.5,0.0,91,0.3935135037674863,0.05919,0.0888,0.05165
2023-08-15 18:00:00,0.034,26.5,0.0,91,0.1753447010985806,0.05919,0.11757,0.05165
2023-08-15 19:00:00,0.0288333333333333,33.5,0.0,91,0.0655239319597554,0.05919,0.129,0.05165
2023-08-15 20:00:00,0.029,34.75,0.0,91,0.0040563247925164,0.05919,0.13304,0.05165
2023-08-15 21:00:00,0.029,34.75,0.0,91,0.0,0.05919,0.12525,0.05165
2023-08-15 22:00:00,0.029,33.5,0.0,91,0.0,0.05038,0.10789,0.05165
2023-08-15 23:00:00,0.0293333333333333,32.0,0.0,91,0.0,0.05038,0.10676000000000001,0.05165
2023-08-16 00:00:00,0.0291666666666666,32.25,0.0,91,0.0,0.05038,0.09745000000000001,0.05165
2023-08-16 01:00:00,0.0341666666666666,32.5,0.0,91,0.0,0.05038,0.09071,0.05165
2023-08-16 02:00:00,0.0291666666666666,29.75,0.0,91,0.0,0.05038,0.08345,0.05165
2023-08-16 03:00:00,0.0285,30.0,0.0,91,0.0,0.05038,0.07456,0.05165
2023-08-16 04:00:00,0.0285,30.0,0.0,91,0.0,0.05038,0.08644,0.05165
2023-08-16 05:00:00,0.0286666666666666,32.0,0.0,91,0.0,0.05038,0.10686,0.05165
2023-08-16 06:00:00,0.0285,32.75,0.0,91,0.0009203418745444,0.05919,0.1188,0.05165
2023-08-16 07:00:00,0.0281666666666666,31.25,0.0,91,0.0234202563558888,0.05919,0.12578,0.05165
2023-08-16 08:00:00,0.0281666666666666,29.5,0.0,91,0.1766146155707856,0.05919,0.10947,0.05165
2023-08-16 09:00:00,0.0338333333333333,27.75,0.0,91,0.3157581202189128,0.05919,0.09920999999999999,0.05165
2023-08-16 10:00:00,0.0286666666666666,27.5,0.0,91,0.455540084838867,0.05919,0.09409999999999999,0.05165
2023-08-16 11:00:00,0.0285,22.0,0.0,91,0.5590313655494624,0.05919,0.09032,0.05165
2023-08-16 12:00:00,0.0286666666666666,19.0,0.0,91,0.5925705960265593,0.05919,0.086,0.05165
2023-08-16 13:00:00,0.0283333333333333,19.0,0.0,91,0.6796197411952873,0.05919,0.08629,0.05165
2023-08-16 14:00:00,0.0283333333333333,19.5,0.0,91,0.6564731617462943,0.05919,0.08851,0.05165
2023-08-16 15:00:00,0.0285,19.75,0.0,91,0.5994923074836404,0.05919,0.09417,0.05165
2023-08-16 16:00:00,0.029,22.5,0.0,91,0.5131439319838828,0.05919,0.10314,0.05165
2023-08-16 17:00:00,0.0343333333333333,28.5,0.0,91,0.383679319528433,0.05919,0.1261,0.05165
2023-08-16 18:00:00,0.0288333333333333,37.25,0.0,91,0.2373205970698951,0.05919,0.15045,0.05165
2023-08-16 19:00:00,0.0289999999999999,39.0,0.0,91,0.0412393161170502,0.05919,0.13296,0.05165
2023-08-16 20:00:00,0.029,40.75,0.0,91,0.007754615408042,0.05919,0.1361,0.05165
2023-08-16 21:00:00,0.0293333333333333,42.25,0.0,91,0.0,0.05919,0.1199,0.05165
2023-08-16 22:00:00,0.0293333333333333,42.0,0.0,91,0.0,0.05038,0.09999,0.05165
2023-08-16 23:00:00,0.029,39.0,0.0,91,0.0,0.05038,0.10488,0.05165
2023-08-17 00:00:00,0.034,38.25,0.0,91,0.0,0.05038,0.09838,0.05165
2023-08-17 01:00:00,0.0283333333333333,30.75,0.0,91,0.0,0.05038,0.09795000000000001,0.05165
2023-08-17 02:00:00,0.0283333333333333,25.5,0.0,91,0.0,0.05038,0.09411,0.05165
2023-08-17 03:00:00,0.0285,27.25,0.0,91,0.0,0.05038,0.0783,0.05165
2023-08-17 04:00:00,0.0283333333333333,28.25,0.0,91,0.0,0.05038,0.0861,0.05165
2023-08-17 05:00:00,0.0283333333333333,27.75,0.0,91,0.0,0.05038,0.08499,0.05165
2023-08-17 06:00:00,0.0286666666666666,29.25,0.0,91,0.0011052991437096,0.05919,0.10301,0.05165
2023-08-17 07:00:00,0.0286666666666666,34.0,0.0,91,0.0108844444435885,0.05919,0.12109,0.05165
2023-08-17 08:00:00,0.0336666666666666,34.25,0.0,91,0.1071439322854718,0.05919,0.11093,0.05165
2023-08-17 09:00:00,0.0286666666666666,32.5,0.0,91,0.2299660672896948,0.05919,0.10187,0.05165
2023-08-17 10:00:00,0.0283333333333333,30.75,0.0,91,0.3746590604537572,0.05919,0.09526000000000001,0.05165
2023-08-17 11:00:00,0.0283333333333333,19.75,0.0,91,0.4948891445714186,0.05919,0.09162000000000001,0.05165
2023-08-17 12:00:00,0.0286666666666666,17.25,0.0,91,0.6239088870317507,0.05919,0.08998,0.05165
2023-08-17 13:00:00,0.0285,17.25,0.0,91,0.5780405986818492,0.05919,0.08998,0.05165
2023-08-17 14:00:00,0.0288333333333333,17.75,0.0,91,0.5620234158507781,0.05919,0.09232,0.05165
2023-08-17 15:00:00,0.0313333333333333,18.0,0.0,91,0.3845858973315638,0.05919,0.09397,0.05165
2023-08-17 16:00:00,0.0311666666666666,17.75,0.0,91,0.4932216239994407,0.05919,0.09436,0.05165
2023-08-17 17:00:00,0.0288333333333333,20.25,0.0,91,0.3848722242697692,0.05919,0.09551000000000001,0.05165
2023-08-17 18:00:00,0.029,24.0,0.0,91,0.2349486324929783,0.05919,0.12440000000000001,0.05165
2023-08-17 19:00:00,0.0291666666666666,31.0,0.0,91,0.0764585467892834,0.05919,0.13225,0.05165
2023-08-17 20:00:00,0.0291666666666666,32.25,0.0,91,0.0046503418925194,0.05919,0.12837,0.05165
2023-08-17 21:00:00,0.0291666666666666,32.75,0.0,91,0.0,0.05919,0.11663,0.05165
2023-08-17 22:00:00,0.029,28.0,0.0,91,0.0,0.05038,0.10407999999999999,0.05165
2023-08-17 23:00:00,0.0341666666666666,26.5,0.0,91,0.0,0.05038,0.10385,0.05165
2023-08-18 00:00:00,0.0288333333333333,26.0,0.0,91,0.0,0.05038,0.09059,0.05165
2023-08-18 01:00:00,0.0288333333333333,29.75,0.0,91,0.0,0.05038,0.09559999999999999,0.05165
2023-08-18 02:00:00,0.0285,30.0,0.0,91,0.0,0.05038,0.06809,0.05165
2023-08-18 03:00:00,0.0283333333333333,27.0,0.0,91,0.0,0.05038,0.07522,0.05165
2023-08-18 04:00:00,0.0286666666666666,27.75,0.0,91,0.0,0.05038,0.07991,0.05165
2023-08-18 05:00:00,0.0288333333333333,27.75,0.0,91,0.0,0.05038,0.09726,0.05165
2023-08-18 06:00:00,0.0285,28.5,0.0,91,0.0009152136844956,0.05919,0.08806,0.05165
2023-08-18 07:00:00,0.0336666666666666,31.25,0.0,91,0.0237429059774447,0.05919,0.10959999999999999,0.05165
2023-08-18 08:00:00,0.0283333333333333,29.75,0.0,91,0.1667942736699031,0.05919,0.10681,0.05165
2023-08-18 09:00:00,0.0281666666666666,29.0,0.0,91,0.323965213808239,0.05919,0.09584999999999999,0.05165
2023-08-18 10:00:00,0.0281666666666666,27.0,0.0,91,0.4746816221057859,0.05919,0.08904999999999999,0.05165
2023-08-18 11:00:00,0.0286666666666666,23.5,0.0,91,0.5551612821399654,0.05919,0.08628,0.05165
2023-08-18 12:00:00,0.0286666666666666,23.25,0.0,91,0.5862636758527188,0.05919,0.08285,0.05165
2023-08-18 13:00:00,0.0285,23.5,0.0,91,0.5631451288859048,0.05919,0.08416,0.05165
2023-08-18 14:00:00,0.0336666666666666,23.5,0.0,91,0.6063857295370512,0.05919,0.08549,0.05165
2023-08-18 15:00:00,0.0283333333333333,23.5,0.0,91,0.5910933365781085,0.05919,0.09559999999999999,0.05165
2023-08-18 16:00:00,0.0288333333333333,24.5,0.0,91,0.3624080341697758,0.05919,0.10808,0.05165
2023-08-18 17:00:00,0.0286666666666666,26.0,0.0,91,0.2540623073088817,0.05919,0.10990000000000001,0.05165
2023-08-18 18:00:00,0.0288333333333333,27.25,0.0,91,0.1836027354052943,0.05919,0.11932,0.05165
2023-08-18 19:00:00,0.0288333333333333,29.0,0.0,91,0.1223999997897025,0.05919,0.123,0.05165
2023-08-18 20:00:00,0.0291666666666666,30.0,0.0,91,0.0079530769283286,0.05919,0.11841,0.05165
2023-08-18 21:00:00,0.0293333333333333,30.75,0.0,91,0.0,0.05919,0.09948,0.05165
2023-08-18 22:00:00,0.0343333333333333,29.0,0.0,91,0.0,0.05038,0.08383,0.05165
2023-08-18 23:00:00,0.0291666666666666,29.5,0.0,91,0.0,0.05038,0.09667,0.05165
2023-08-19 00:00:00,0.0286666666666666,31.5,0.0,91,0.0,0.05038,0.07322,0.05165
2023-08-19 01:00:00,0.0286666666666666,24.5,0.0,91,0.0,0.05038,0.04807,0.05165
2023-08-19 02:00:00,0.0285,21.0,0.0,91,0.0,0.05038,0.02916,0.05165
2023-08-19 03:00:00,0.0286666666666666,19.5,0.0,91,0.0,0.05038,0.01064,0.05165
2023-08-19 04:00:00,0.0286666666666666,19.0,0.0,91,0.0,0.05038,0.02678,0.05165
2023-08-19 05:00:00,0.0286666666666666,18.75,0.0,91,0.0,0.05038,0.051609999999999996,0.05165
2023-08-19 06:00:00,0.034,19.0,0.0,91,0.0008876068367917,0.05919,0.07836,0.05165
2023-08-19 07:00:00,0.0283333333333333,18.75,0.0,91,0.0431718804591741,0.05919,0.08302,0.05165
2023-08-19 08:00:00,0.0283333333333333,17.75,0.0,91,0.1641405971233661,0.05919,0.07937000000000001,0.05165
2023-08-19 09:00:00,0.0285,17.0,0.0,91,0.2857178644033579,0.05919,0.0694,0.05165
2023-08-19 10:00:00,0.0286666666666666,16.5,0.0,91,0.44460692316039,0.05919,0.04183,0.05165
2023-08-19 11:00:00,0.0283333333333333,16.0,0.0,91,0.5250884595691646,0.05919,0.02545,0.05165
2023-08-19 12:00:00,0.0286666666666666,16.25,0.0,91,0.5941799985445467,0.05919,0.01486,0.05165
2023-08-19 13:00:00,0.0336666666666666,16.0,0.0,91,0.6251602564102564,0.05919,0.01259,0.05165
2023-08-19 14:00:00,0.0286666666666666,14.25,0.0,91,0.6259541894635586,0.05919,0.02501,0.05165
2023-08-19 15:00:00,0.0286666666666666,14.0,0.0,91,0.579327177390074,0.05919,0.06670999999999999,0.05165
2023-08-19 16:00:00,0.029,14.0,0.0,91,0.4904588878664195,0.05919,0.08632,0.05165
2023-08-19 17:00:00,0.0293333333333333,15.75,0.0,91,0.3656909388354701,0.05919,0.09872,0.05165
2023-08-19 18:00:00,0.0291666666666666,23.5,0.0,91,0.2223270082066201,0.05919,0.1225,0.05165
2023-08-19 19:00:00,0.0293333333333333,28.75,0.0,91,0.0716443592259007,0.05919,0.12935,0.05165
2023-08-19 20:00:00,0.0293333333333333,32.75,0.0,91,0.0054183760587858,0.05919,0.13253,0.05165
2023-08-19 21:00:00,0.0346666666666666,33.25,0.0,91,0.0,0.05919,0.12371,0.05165
2023-08-19 22:00:00,0.03,32.75,0.0,91,0.0,0.05038,0.11254,0.05165
2023-08-19 23:00:00,0.0301666666666666,32.75,0.0,91,0.0,0.05038,0.11399,0.05165
2023-08-20 00:00:00,0.0301666666666666,31.0,0.0,91,0.0,0.05038,0.11059000000000001,0.05165
2023-08-20 01:00:00,0.0301666666666666,29.5,0.0,91,0.0,0.05038,0.10517,0.05165
2023-08-20 02:00:00,0.0295,31.0,0.0,91,0.0,0.05038,0.10487,0.05165
2023-08-20 03:00:00,0.0298333333333333,28.75,0.0,91,0.0,0.05038,0.10214,0.05165
2023-08-20 04:00:00,0.0293333333333333,29.25,0.0,91,0.0,0.05038,0.10294,0.05165
2023-08-20 05:00:00,0.0345,29.75,0.0,91,0.0,0.05038,0.10183,0.05165
2023-08-20 06:00:00,0.0293333333333333,28.5,0.0,91,0.0008442735111611,0.05919,0.09969,0.05165
2023-08-20 07:00:00,0.029,26.0,0.0,91,0.0244582051191574,0.05919,0.09899,0.05165
2023-08-20 08:00:00,0.029,24.0,0.0,91,0.1561892304868779,0.05919,0.08662,0.05165
2023-08-20 09:00:00,0.0295,23.0,0.0,91,0.315803590106149,0.05919,0.07313,0.05165
2023-08-20 10:00:00,0.0293333333333333,16.0,0.0,91,0.4508582905826406,0.05919,0.044,0.05165
2023-08-20 11:00:00,0.0291666666666666,14.5,0.0,91,0.5426712857759919,0.05919,0.03,0.05165
2023-08-20 12:00:00,0.0343333333333333,14.0,0.0,91,0.5913776065141723,0.05919,0.01325,0.05165
2023-08-20 13:00:00,0.0291666666666666,14.0,0.0,91,0.613425982222598,0.05919,0.01384,0.05165
2023-08-20 14:00:00,0.029,14.5,0.0,91,0.6105616238585904,0.05919,0.03381,0.05165
2023-08-20 15:00:00,0.0293333333333333,16.5,0.0,91,0.5704953824556793,0.05919,0.07898000000000001,0.05165
2023-08-20 16:00:00,0.0298333333333333,16.5,0.0,91,0.4910620514959353,0.05919,0.09509999999999999,0.05165
2023-08-20 17:00:00,0.0303333333333333,19.75,0.0,91,0.3686128192477756,0.05919,0.112,0.05165
2023-08-20 18:00:00,0.03,28.25,0.0,91,0.2180837611663036,0.05919,0.1288,0.05165
2023-08-20 19:00:00,0.0298333333333333,33.75,0.0,91,0.0677246153252756,0.05919,0.1369,0.05165
2023-08-20 20:00:00,0.0351666666666666,34.5,0.0,91,0.0044995726734941,0.05919,0.13954,0.05165
2023-08-20 21:00:00,0.03,35.5,0.0,91,0.0,0.05919,0.12671,0.05165
2023-08-20 22:00:00,0.0303333333333333,34.5,0.0,91,0.0,0.05038,0.11195000000000001,0.05165
2023-08-20 23:00:00,0.0301666666666666,35.5,0.0,91,0.0,0.05038,0.11195000000000001,0.05165
2023-08-21 00:00:00,0.0301666666666666,37.75,0.0,91,0.0,0.05038,0.10167,0.05165
2023-08-21 01:00:00,0.03,35.0,0.0,91,0.0,0.05038,0.09870999999999999,0.05165
2023-08-21 02:00:00,0.0295,33.75,0.0,91,0.0,0.05038,0.09451999999999999,0.05165
2023-08-21 03:00:00,0.0293333333333333,35.0,0.0,91,0.0,0.05038,0.09056,0.05165
2023-08-21 04:00:00,0.0343333333333333,38.5,0.0,91,0.0,0.05038,0.1034,0.05165
2023-08-21 05:00:00,0.0291666666666666,38.5,0.0,91,0.0,0.05038,0.10923999999999999,0.05165
2023-08-21 06:00:00,0.0296666666666666,37.75,0.0,91,0.0003926495714192,0.05919,0.12709,0.05165
2023-08-21 07:00:00,0.0293333333333333,37.75,0.0,91,0.0185062394284794,0.05919,0.13331,0.05165
2023-08-21 08:00:00,0.0291666666666666,36.0,0.0,91,0.1531630768735184,0.05919,0.115,0.05165
2023-08-21 09:00:00,0.0295,33.0,0.0,91,0.3124331632434812,0.05919,0.10399,0.05165
2023-08-21 10:00:00,0.029,29.5,0.0,91,0.4475264107467782,0.05919,0.10151,0.05165
2023-08-21 11:00:00,0.0321666666666666,29.0,0.0,91,0.5438041008843315,0.05919,0.1011,0.05165
2023-08-21 12:00:00,0.0325,28.75,0.0,91,0.5858055571205598,0.05919,0.1011,0.05165
2023-08-21 13:00:00,0.0295,29.0,0.0,91,0.6150091428838226,0.05919,0.09751,0.05165
2023-08-21 14:00:00,0.0293333333333333,29.5,0.0,91,0.6152646141378287,0.05919,0.09709000000000001,0.05165
2023-08-21 15:00:00,0.0293333333333333,30.0,0.0,91,0.5658917105911127,0.05919,0.10108,0.05165
2023-08-21 16:00:00,0.0295,29.5,0.0,91,0.4844637611584785,0.05919,0.11871,0.05165
2023-08-21 17:00:00,0.0298333333333333,32.5,0.0,91,0.3627821359878931,0.05919,0.13569,0.05165
2023-08-21 18:00:00,0.0298333333333333,40.75,0.0,91,0.2172332486535748,0.05919,0.15566,0.05165
2023-08-21 19:00:00,0.0346666666666666,52.0,0.0,91,0.0647239314592801,0.05919,0.14965,0.05165
2023-08-21 20:00:00,0.0296666666666666,55.5,0.0,91,0.0043255555406053,0.05919,0.14930000000000002,0.05165
2023-08-21 21:00:00,0.0298333333333333,61.25,0.0,91,0.0,0.05919,0.13601,0.05165
2023-08-21 22:00:00,0.0298333333333333,59.75,0.0,91,0.0,0.05038,0.115,0.05165
2023-08-21 23:00:00,0.03,60.5,0.0,91,0.0,0.05038,0.11369,0.05165
2023-08-22 00:00:00,0.03,54.75,0.0,91,0.0,0.05038,0.10341,0.05165
2023-08-22 01:00:00,0.0291666666666666,49.0,0.0,91,0.0,0.05038,0.10115,0.05165
2023-08-22 02:00:00,0.0295,50.25,0.0,91,0.0,0.05038,0.09924,0.05165
2023-08-22 03:00:00,0.0343333333333333,50.0,0.0,91,0.0,0.05038,0.08777,0.05165
2023-08-22 04:00:00,0.029,49.5,0.0,91,0.0,0.05038,0.10586,0.05165
2023-08-22 05:00:00,0.0291666666666666,46.25,0.0,91,0.0,0.05038,0.10923999999999999,0.05165
2023-08-22 06:00:00,0.0295,47.0,0.0,91,0.0002235042690657,0.05919,0.13152,0.05165
2023-08-22 07:00:00,0.029,46.5,0.0,91,0.0165200854825158,0.05919,0.13598,0.05165
2023-08-22 08:00:00,0.029,45.75,0.0,91,0.1509398292883848,0.05919,0.11591,0.05165
2023-08-22 09:00:00,0.0298333333333333,44.25,0.0,91,0.3058161528497679,0.05919,0.1024,0.05165
2023-08-22 10:00:00,0.0349999999999999,41.25,0.0,91,0.4394300007616353,0.05919,0.09967000000000001,0.05165
2023-08-22 11:00:00,0.0295,39.5,0.0,91,0.5316874342698317,0.05919,0.09951,0.05165
2023-08-22 12:00:00,0.0301666666666666,41.0,0.0,91,0.576614016671466,0.05919,0.09528,0.05165
2023-08-22 13:00:00,0.0298333333333333,39.75,0.0,91,0.5987329916668753,0.05919,0.0955,0.05165
2023-08-22 14:00:00,0.0298333333333333,40.75,0.0,91,0.587500940306574,0.05919,0.09941,0.05165
2023-08-22 15:00:00,0.03,42.5,0.0,91,0.5530186351547892,0.05919,0.10217,0.05165
2023-08-22 16:00:00,0.0303333333333333,43.5,0.0,91,0.4728605945293719,0.05919,0.11045999999999999,0.05165
2023-08-22 17:00:00,0.0305,46.25,0.0,91,0.3539958986461672,0.05919,0.1386,0.05165
2023-08-22 18:00:00,0.0355,49.25,0.0,91,0.2093749576144749,0.05919,0.18819,0.05165
2023-08-22 19:00:00,0.0303333333333333,60.25,0.0,91,0.062214273285662,0.05919,0.17338,0.05165
2023-08-22 20:00:00,0.0306666666666666,62.5,0.0,91,0.004071367520035,0.05919,0.16531,0.05165
2023-08-22 21:00:00,0.0305,63.5,0.0,91,0.0,0.05919,0.1458,0.05165
2023-08-22 22:00:00,0.03,63.0,0.0,91,0.0,0.05038,0.1276,0.05165
2023-08-22 23:00:00,0.0301666666666666,62.0,0.0,91,0.0,0.05038,0.12389,0.05165
2023-08-23 00:00:00,0.0301666666666666,61.5,0.0,91,0.0,0.05038,0.11267,0.05165
2023-08-23 01:00:00,0.0303333333333333,49.75,0.0,91,0.0,0.05038,0.10990000000000001,0.05165
2023-08-23 02:00:00,0.0348333333333333,49.0,0.0,91,0.0,0.05038,0.10447,0.05165
2023-08-23 03:00:00,0.0295,48.5,0.0,91,0.0,0.05038,0.09403,0.05165
2023-08-23 04:00:00,0.0293333333333333,47.5,0.0,91,0.0,0.05038,0.10155,0.05165
2023-08-23 05:00:00,0.0295,47.25,0.0,91,0.0,0.05038,0.13833,0.05165
2023-08-23 06:00:00,0.0293333333333333,48.0,0.0,91,0.0003038461566862,0.05919,0.15378999999999998,0.05165
2023-08-23 07:00:00,0.0293333333333333,46.5,0.0,91,0.022047606839074,0.05919,0.15741,0.05165
2023-08-23 08:00:00,0.029,46.25,0.0,91,0.1454594872955583,0.05919,0.1365,0.05165
2023-08-23 09:00:00,0.0346666666666666,44.75,0.0,91,0.2980275211171207,0.05919,0.12076,0.05165
2023-08-23 10:00:00,0.0348333333333333,42.75,0.0,91,0.4281768388014573,0.05919,0.11589,0.05165
2023-08-23 11:00:00,0.0351666666666666,41.5,0.0,91,0.5198181217552249,0.05919,0.11418,0.05165
2023-08-23 12:00:00,0.0376666666666666,40.5,0.0,91,0.5697660690698869,0.05919,0.11435,0.05165
2023-08-23 13:00:00,0.0355,39.75,0.0,91,0.601658205863757,0.05919,0.11393,0.05165
2023-08-23 14:00:00,0.0353333333333333,39.5,0.0,91,0.5990578623714611,0.05919,0.11535,0.05165
2023-08-23 15:00:00,0.037,40.75,0.0,91,0.5516256407387236,0.05919,0.12004000000000001,0.05165
2023-08-23 16:00:00,0.04,41.75,0.0,91,0.4653876071506077,0.05919,0.14579,0.05165
2023-08-23 17:00:00,0.0361666666666666,42.25,0.0,91,0.3424331612872262,0.05919,0.2255,0.05165
2023-08-23 18:00:00,0.0361666666666666,46.25,0.0,91,0.1890095736837795,0.05919,0.27612000000000003,0.05165
2023-08-23 19:00:00,0.0358333333333333,46.75,0.0,91,0.0548959829053308,0.05919,0.27502,0.05165
2023-08-23 20:00:00,0.0361666666666666,47.75,0.0,91,0.0045535897504554,0.05919,0.24079,0.05165
2023-08-23 21:00:00,0.0363333333333333,47.5,0.0,91,0.0,0.05919,0.17282,0.05165
2023-08-23 22:00:00,0.0388333333333333,45.75,0.0,91,0.0,0.05038,0.13867,0.05165
2023-08-23 23:00:00,0.0395,46.25,0.0,91,0.0,0.05038,0.13382,0.05165
2023-08-24 00:00:00,0.0361666666666666,46.25,0.0,91,0.0,0.05038,0.12495,0.05165
2023-08-24 01:00:00,0.0363333333333333,48.5,0.0,91,0.0,0.05038,0.11805,0.05165
2023-08-24 02:00:00,0.0355,49.0,0.0,91,0.0,0.05038,0.10951999999999999,0.05165
2023-08-24 03:00:00,0.0353333333333333,47.25,0.0,91,0.0,0.05038,0.10414,0.05165
2023-08-24 04:00:00,0.0355,45.0,0.0,91,0.0,0.05038,0.10504999999999999,0.05165
2023-08-24 05:00:00,0.0391666666666666,47.0,0.0,91,0.0,0.05038,0.13756000000000002,0.05165
2023-08-24 06:00:00,0.0371666666666666,45.75,0.0,91,0.0001743589723721,0.05919,0.15253,0.05165
2023-08-24 07:00:00,0.035,44.0,0.0,91,0.0227274357712166,0.05919,0.15494,0.05165
2023-08-24 08:00:00,0.0811666666666666,43.75,0.0,91,0.1396887180947849,0.05919,0.13197,0.05165
2023-08-24 09:00:00,0.1355,41.0,0.0,91,0.2902860693646293,0.05919,0.12247,0.05165
2023-08-24 10:00:00,0.1376666666666667,40.0,0.0,91,0.4227760673588158,0.05919,0.11261,0.05165
2023-08-24 11:00:00,0.1418333333333333,39.0,0.0,91,0.5139534192207532,0.05919,0.115,0.05165
2023-08-24 12:00:00,0.1368333333333333,37.0,0.0,91,0.5757404275225781,0.05919,0.11227,0.05165
2023-08-24 13:00:00,0.1371666666666666,35.75,0.0,91,0.605211450299646,0.05919,0.113,0.05165
2023-08-24 14:00:00,0.1516666666666666,32.25,0.0,91,0.5959376917129913,0.05919,0.11794,0.05165
2023-08-24 15:00:00,0.1748333333333333,31.5,0.0,91,0.5232446975381965,0.05919,0.12478,0.05165
2023-08-24 16:00:00,0.2223333333333333,33.75,0.0,91,0.4528053003294855,0.05919,0.15994999999999998,0.05165
2023-08-24 17:00:00,0.236,37.25,0.0,91,0.3401384617732121,0.05919,0.21253999999999998,0.05165
2023-08-24 18:00:00,0.2358333333333333,40.0,0.0,91,0.1959350424546461,0.05919,0.26530000000000004,0.05165
2023-08-24 19:00:00,0.236,43.25,0.0,91,0.0578946151488866,0.05919,0.25,0.05165
2023-08-24 20:00:00,0.2361666666666666,44.25,0.0,91,0.0042043589466275,0.05919,0.18816,0.05165
2023-08-24 21:00:00,0.231,46.25,0.0,91,0.0,0.05919,0.15969999999999998,0.05165
2023-08-24 22:00:00,0.2363333333333333,47.25,0.0,91,0.0,0.05038,0.13033,0.05165
2023-08-24 23:00:00,0.2365,47.75,0.0,91,0.0,0.05038,0.10524,0.05165
2023-08-25 00:00:00,0.2365,48.75,0.0,91,0.0,0.05038,0.09686,0.05165
2023-08-25 01:00:00,0.2306666666666667,50.75,0.0,91,0.0,0.05038,0.09570999999999999,0.05165
2023-08-25 02:00:00,0.2361666666666666,52.5,0.0,91,0.0,0.05038,0.0959,0.05165
2023-08-25 03:00:00,0.2363333333333333,51.25,0.0,91,0.0,0.05038,0.0968,0.05165
2023-08-25 04:00:00,0.236,51.75,0.0,91,0.0,0.05038,0.10323,0.05165
2023-08-25 05:00:00,0.2365,51.25,0.0,91,0.0,0.05038,0.12422,0.05165
2023-08-25 06:00:00,0.231,48.25,0.0,91,0.0002113675211484,0.05919,0.13512000000000002,0.05165
2023-08-25 07:00:00,0.2365,47.5,0.0,91,0.0362907692204173,0.05919,0.13942,0.05165
2023-08-25 08:00:00,0.2371666666666666,46.75,0.0,91,0.1004361536563971,0.05919,0.12903,0.05165
2023-08-25 09:00:00,0.2391666666666666,45.5,0.0,91,0.0754064100216596,0.05919,0.11667,0.05165
2023-08-25 10:00:00,0.24,43.5,0.0,91,0.1351252135252341,0.05919,0.11062999999999999,0.05165
2023-08-25 11:00:00,0.239,41.25,0.0,91,0.3068420524271127,0.05919,0.10235999999999999,0.05165
2023-08-25 12:00:00,0.2391666666666666,41.25,0.0,91,0.6060446157210913,0.05919,0.10006,0.05165
2023-08-25 13:00:00,0.2333333333333333,39.25,0.0,91,0.4170800888844025,0.05919,0.09684999999999999,0.05165
2023-08-25 14:00:00,0.2388333333333333,39.75,0.0,91,0.5438773497557031,0.05919,0.0932,0.05165
2023-08-25 15:00:00,0.2391666666666666,39.75,0.0,91,0.5511911962786293,0.05919,0.09133,0.05165
2023-08-25 16:00:00,0.1918333333333333,38.0,0.0,91,0.4644830778725126,0.05919,0.09133,0.05165
2023-08-25 17:00:00,0.0786666666666666,36.75,0.0,91,0.2072779476948273,0.05919,0.09434999999999999,0.05165
2023-08-25 18:00:00,0.042,35.75,0.0,91,0.0480755558380713,0.05919,0.13028,0.05165
2023-08-25 19:00:00,0.036,35.75,0.0,91,0.008118119652773,0.05919,0.13969,0.05165
2023-08-25 20:00:00,0.0411666666666666,39.25,0.0,91,0.0,0.05919,0.14061,0.05165
2023-08-25 21:00:00,0.0365,43.0,0.0,91,0.0,0.05919,0.12878,0.05165
2023-08-25 22:00:00,0.0386666666666666,44.25,0.0,91,0.0,0.05038,0.10834,0.05165
2023-08-25 23:00:00,0.0388333333333333,42.75,0.0,91,0.0,0.05038,0.10990000000000001,0.05165
2023-08-26 00:00:00,0.036,43.25,0.0,91,0.0,0.05038,0.1041,0.05165
2023-08-26 01:00:00,0.0413333333333333,43.5,0.0,91,0.0,0.05038,0.10191,0.05165
2023-08-26 02:00:00,0.0358333333333333,44.0,0.0,91,0.0,0.05038,0.09952,0.05165
2023-08-26 03:00:00,0.0415,39.25,0.0,91,0.0,0.05038,0.09198999999999999,0.05165
2023-08-26 04:00:00,0.035,35.25,0.0,91,0.0,0.05038,0.08451,0.05165
2023-08-26 05:00:00,0.0416666666666666,36.0,0.0,91,0.0,0.05038,0.09548000000000001,0.05165
2023-08-26 06:00:00,0.0353333333333333,38.0,0.0,91,0.0001626495717682,0.05919,0.0959,0.05165
2023-08-26 07:00:00,0.0391666666666666,37.0,0.0,91,0.0284832478231853,0.05919,0.0983,0.05165
2023-08-26 08:00:00,0.038,35.75,0.0,91,0.1449639321188641,0.05919,0.09264,0.05165
2023-08-26 09:00:00,0.0356666666666666,35.5,0.0,91,0.0961947011132525,0.05919,0.08516,0.05165
2023-08-26 10:00:00,0.0408333333333333,34.25,0.0,91,0.0350704273606976,0.05919,0.08170000000000001,0.05165
2023-08-26 11:00:00,0.0351666666666666,29.75,0.0,91,0.0566076922416687,0.05919,0.08586,0.05165
2023-08-26 12:00:00,0.0418333333333333,27.0,0.0,91,0.043537863115979,0.05919,0.08108,0.05165
2023-08-26 13:00:00,0.0353333333333333,28.0,0.0,91,0.0478659827892596,0.05919,0.07876000000000001,0.05165
2023-08-26 14:00:00,0.0398333333333333,27.0,0.0,91,0.412237524211916,0.05919,0.08193,0.05165
2023-08-26 15:00:00,0.0373333333333333,28.75,0.0,91,0.4844523072854066,0.05919,0.08757,0.05165
2023-08-26 16:00:00,0.0358333333333333,29.25,0.0,91,0.4335770096738113,0.05919,0.095,0.05165
2023-08-26 17:00:00,0.042,33.75,0.0,91,0.294466497470171,0.05919,0.10447,0.05165
2023-08-26 18:00:00,0.0353333333333333,37.0,0.0,91,0.1394636750832582,0.05919,0.1227,0.05165
2023-08-26 19:00:00,0.0415,37.25,0.0,91,0.0477226496812624,0.05919,0.1205,0.05165
2023-08-26 20:00:00,0.0356666666666666,37.5,0.0,91,0.000110512819762,0.05919,0.12822,0.05165
2023-08-26 21:00:00,0.0391666666666666,37.75,0.0,91,0.0,0.05919,0.12298,0.05165
2023-08-26 22:00:00,0.038,34.25,0.0,91,0.0,0.05038,0.11062999999999999,0.05165
2023-08-26 23:00:00,0.0355,34.0,0.0,91,0.0,0.05038,0.10239,0.05165
2023-08-27 00:00:00,0.0415,36.0,0.0,91,0.0,0.05038,0.09292,0.05165
2023-08-27 01:00:00,0.0356666666666666,34.0,0.0,91,0.0,0.05038,0.0915,0.05165
2023-08-27 02:00:00,0.0418333333333333,33.5,0.0,91,0.0,0.05038,0.08982,0.05165
2023-08-27 03:00:00,0.0353333333333333,31.0,0.0,91,0.0,0.05038,0.08333,0.05165
2023-08-27 04:00:00,0.037,30.0,0.0,91,0.0,0.05038,0.0829,0.05165
2023-08-27 05:00:00,0.0391666666666666,29.75,0.0,91,0.0,0.05038,0.08273,0.05165
2023-08-27 06:00:00,0.0346666666666666,29.0,0.0,91,0.0,0.05919,0.0851,0.05165
2023-08-27 07:00:00,0.0405,28.0,0.0,91,0.0079307692058575,0.05919,0.09409999999999999,0.05165
2023-08-27 08:00:00,0.0346666666666666,27.0,0.0,91,0.0087378632003425,0.05919,0.09492,0.05165
2023-08-27 09:00:00,0.0385,26.75,0.0,91,0.0336892307517875,0.05919,0.09315999999999999,0.05165
2023-08-27 10:00:00,0.0363333333333333,20.25,0.0,91,0.0875025642427623,0.05919,0.09387000000000001,0.05165
2023-08-27 11:00:00,0.0345,19.25,0.0,91,0.2199199991144685,0.05919,0.08929000000000001,0.05165
2023-08-27 12:00:00,0.0406666666666666,18.5,0.0,91,0.274495982960758,0.05919,0.07872,0.05165
2023-08-27 13:00:00,0.0346666666666666,18.25,0.0,91,0.2585554696759607,0.05919,0.060719999999999996,0.05165
2023-08-27 14:00:00,0.0408333333333333,16.25,0.0,91,0.2610936750102247,0.05919,0.03726,0.05165
2023-08-27 15:00:00,0.0346666666666666,16.0,0.0,91,0.1651650432032398,0.05919,0.06197,0.05165
2023-08-27 16:00:00,0.0366666666666666,16.0,0.0,91,0.113090256177462,0.05919,0.063,0.05165
2023-08-27 17:00:00,0.0393333333333333,17.5,0.0,91,0.0353219660326965,0.05919,0.08967,0.05165
2023-08-27 18:00:00,0.0351666666666666,21.25,0.0,91,0.0226911112385937,0.05919,0.10439,0.05165
2023-08-27 19:00:00,0.0411666666666666,31.25,0.0,91,0.0061106837773297,0.05919,0.12434,0.05165
2023-08-27 20:00:00,0.0353333333333333,35.5,0.0,91,6.239316386417436e-06,0.05919,0.12755,0.05165
2023-08-27 21:00:00,0.0381666666666666,37.5,0.0,91,0.0,0.05919,0.119,0.05165
2023-08-27 22:00:00,0.0375,36.5,0.0,91,0.0,0.05038,0.10299,0.05165
2023-08-27 23:00:00,0.0348333333333333,32.5,0.0,91,0.0,0.05038,0.09331,0.05165
2023-08-28 00:00:00,0.0411666666666666,27.5,0.0,91,0.0,0.05038,0.08852,0.05165
2023-08-28 01:00:00,0.0341666666666666,24.25,0.0,91,0.0,0.05038,0.085,0.05165
2023-08-28 02:00:00,0.04,25.0,0.0,91,0.0,0.05038,0.08066,0.05165
2023-08-28 03:00:00,0.0348333333333333,25.5,0.0,91,0.0,0.05038,0.0722,0.05165
2023-08-28 04:00:00,0.0346666666666666,26.0,0.0,91,0.0,0.05038,0.0879,0.05165
2023-08-28 05:00:00,0.0393333333333333,28.25,0.0,91,0.0,0.05038,0.10748999999999999,0.05165
2023-08-28 06:00:00,0.0345,37.25,0.0,91,0.0,0.05919,0.11452,0.05165
2023-08-28 07:00:00,0.04,40.0,0.0,91,0.0015435897469775,0.05919,0.11987,0.05165
2023-08-28 08:00:00,0.081,41.0,0.0,91,0.0103042735044772,0.05919,0.12332,0.05165
2023-08-28 09:00:00,0.1343333333333333,40.0,0.0,91,0.0260893162499126,0.05919,0.11104,0.05165
2023-08-28 10:00:00,0.1303333333333333,38.0,0.0,91,0.0469688036502936,0.05919,0.10925,0.05165
2023-08-28 11:00:00,0.1545,36.0,0.0,91,0.1173622227530194,0.05919,0.10367,0.05165
2023-08-28 12:00:00,0.1991666666666667,30.5,0.0,91,0.1101433333372458,0.05919,0.10176,0.05165
2023-08-28 13:00:00,0.2299999999999999,22.75,0.0,91,0.1717993168953137,0.05919,0.1001,0.05165
2023-08-28 14:00:00,0.23,22.5,0.0,91,0.1534111119131756,0.05919,0.07289,0.05165
2023-08-28 15:00:00,0.2299999999999999,22.75,0.0,91,0.1851746996040018,0.05919,0.08001000000000001,0.05165
2023-08-28 16:00:00,0.23,22.75,0.0,91,0.0745881196372529,0.05919,0.09712,0.05165
2023-08-28 17:00:00,0.2276666666666666,26.25,0.0,91,0.0714551281725239,0.05919,0.10206,0.05165
2023-08-28 18:00:00,0.2268333333333333,33.25,0.0,91,0.0293688032362196,0.05919,0.12741,0.05165
2023-08-28 19:00:00,0.23,36.5,0.0,91,0.0092577777968512,0.05919,0.1389,0.05165
2023-08-28 20:00:00,0.23,37.75,0.0,91,0.0009064957216127,0.05919,0.13808,0.05165
2023-08-28 21:00:00,0.2301666666666666,38.75,0.0,91,0.0,0.05919,0.12372,0.05165
2023-08-28 22:00:00,0.2303333333333333,34.75,0.0,91,0.0,0.05038,0.10794,0.05165
2023-08-28 23:00:00,0.2305,33.25,0.0,91,0.0,0.05038,0.10319,0.05165
2023-08-29 00:00:00,0.2305,36.0,0.0,91,0.0,0.05038,0.09697,0.05165
2023-08-29 01:00:00,0.2306666666666667,32.75,0.0,91,0.0,0.05038,0.09504,0.05165
2023-08-29 02:00:00,0.2305,32.25,0.0,91,0.0,0.05038,0.08672,0.05165
2023-08-29 03:00:00,0.2305,35.5,0.0,91,0.0,0.05038,0.08527,0.05165
2023-08-29 04:00:00,0.2305,37.25,0.0,91,0.0,0.05038,0.0877,0.05165
2023-08-29 05:00:00,0.2306666666666666,40.25,0.0,91,0.0,0.05038,0.11072,0.05165
2023-08-29 06:00:00,0.2305,44.75,0.0,91,0.0,0.05919,0.12201000000000001,0.05165
2023-08-29 07:00:00,0.2305,45.5,0.0,91,0.0238706839008209,0.05919,0.13907,0.05165
2023-08-29 08:00:00,0.2306666666666667,44.75,0.0,91,0.0898139319460616,0.05919,0.13956,0.05165
2023-08-29 09:00:00,0.2303333333333333,42.5,0.0,91,0.2090972660749387,0.05919,0.12215000000000001,0.05165
2023-08-29 10:00:00,0.2303333333333333,39.75,0.0,91,0.2712033325586563,0.05919,0.10951000000000001,0.05165
2023-08-29 11:00:00,0.2303333333333333,40.75,0.0,91,0.2124940172831217,0.05919,0.10686,0.05165
2023-08-29 12:00:00,0.2303333333333333,37.25,0.0,91,0.2405270090673724,0.05919,0.09751,0.05165
2023-08-29 13:00:00,0.2301666666666666,36.75,0.0,91,0.386807605058719,0.05919,0.09516,0.05165
2023-08-29 14:00:00,0.2316666666666667,37.5,0.0,91,0.3375719650790222,0.05919,0.0848,0.05165
2023-08-29 15:00:00,0.2318333333333333,36.75,0.0,91,0.5770029090816141,0.05919,0.08219,0.05165
2023-08-29 16:00:00,0.2323333333333333,33.0,0.0,91,0.5663394008538664,0.05919,0.08985,0.05165
2023-08-29 17:00:00,0.2319999999999999,37.5,0.0,91,0.2961553850744524,0.05919,0.1259,0.05165
2023-08-29 18:00:00,0.2321666666666666,42.25,0.0,91,0.0701406835083268,0.05919,0.14195,0.05165
2023-08-29 19:00:00,0.2321666666666666,42.75,0.0,91,0.0247888034836858,0.05919,0.14107,0.05165
2023-08-29 20:00:00,0.2321666666666666,44.0,0.0,91,0.0014903418775488,0.05919,0.13668,0.05165
2023-08-29 21:00:00,0.2323333333333333,44.75,0.0,91,0.0,0.05919,0.12208,0.05165
2023-08-29 22:00:00,0.2326666666666667,41.5,0.0,91,0.0,0.05038,0.10281,0.05165
2023-08-29 23:00:00,0.2326666666666667,44.5,0.0,91,0.0,0.05038,0.10012,0.05165
2023-08-30 00:00:00,0.233,44.25,0.0,91,0.0,0.05038,0.0986,0.05165
2023-08-30 01:00:00,0.2328333333333333,38.25,0.0,91,0.0,0.05038,0.09636,0.05165
2023-08-30 02:00:00,0.2333333333333333,36.0,0.0,91,0.0,0.05038,0.09095,0.05165
2023-08-30 03:00:00,0.2345,37.5,0.0,91,0.0,0.05038,0.08737,0.05165
2023-08-30 04:00:00,0.2351666666666666,33.75,0.0,91,0.0,0.05038,0.09186,0.05165
2023-08-30 05:00:00,0.2338333333333333,33.5,0.0,91,0.0,0.05038,0.10189,0.05165
2023-08-30 06:00:00,0.2325,44.0,0.0,91,8.376068411729275e-05,0.05919,0.12487999999999999,0.05165
2023-08-30 07:00:00,0.2328333333333333,47.75,0.0,91,0.0291323080837217,0.05919,0.12916,0.05165
2023-08-30 08:00:00,0.2096666666666666,46.25,0.0,91,0.1099344440199371,0.05919,0.12251999999999999,0.05165
2023-08-30 09:00:00,0.1139999999999999,44.25,0.0,91,0.2355242724296374,0.05919,0.11039,0.05165
2023-08-30 10:00:00,0.0355,41.5,0.0,91,0.3637988884428627,0.05919,0.10015,0.05165
2023-08-30 11:00:00,0.0398333333333333,31.75,0.0,91,0.5047707686465012,0.05919,0.09787,0.05165
2023-08-30 12:00:00,0.042,29.0,0.0,91,0.5844264103816105,0.05919,0.09568,0.05165
2023-08-30 13:00:00,0.0416666666666666,29.75,0.0,91,0.5790193179529955,0.05919,0.09192,0.05165
2023-08-30 14:00:00,0.0388333333333333,31.0,0.0,91,0.459429571363661,0.05919,0.0887,0.05165
2023-08-30 15:00:00,0.038,31.25,0.0,91,0.5695622220813721,0.05919,0.08651,0.05165
2023-08-30 16:00:00,0.0421666666666666,30.75,0.0,91,0.5329229905870225,0.05919,0.08841,0.05165
2023-08-30 17:00:00,0.0416666666666666,33.25,0.0,91,0.3378864099225427,0.05919,0.10607,0.05165
2023-08-30 18:00:00,0.0423333333333333,39.5,0.0,91,0.1778524773752587,0.05919,0.12701,0.05165
2023-08-30 19:00:00,0.0371666666666666,41.5,0.0,91,0.0455119658127809,0.05919,0.13845,0.05165
2023-08-30 20:00:00,0.04,41.25,0.0,91,0.002453931615863,0.05919,0.13440000000000002,0.05165
2023-08-30 21:00:00,0.0423333333333333,42.0,0.0,91,0.0,0.05919,0.11949,0.05165
2023-08-30 22:00:00,0.0421666666666666,34.5,0.0,91,0.0,0.05038,0.10159,0.05165
2023-08-30 23:00:00,0.0396666666666666,34.25,0.0,91,0.0,0.05038,0.09631,0.05165
2023-08-31 00:00:00,0.0375,38.0,0.0,91,0.0,0.05038,0.09176000000000001,0.05165
2023-08-31 01:00:00,0.042,35.75,0.0,91,0.0,0.05038,0.09143000000000001,0.05165
2023-08-31 02:00:00,0.042,39.75,0.0,91,0.0,0.05038,0.09083,0.05165
2023-08-31 03:00:00,0.0418333333333333,41.0,0.0,91,0.0,0.05038,0.08838,0.05165
2023-08-31 04:00:00,0.0368333333333333,39.5,0.0,91,0.0,0.05038,0.09176000000000001,0.05165
2023-08-31 05:00:00,0.0395,41.0,0.0,91,0.0,0.05038,0.10543000000000001,0.05165
2023-08-31 06:00:00,0.0415,44.75,0.0,91,0.0,0.05919,0.10889,0.05165
2023-08-31 07:00:00,0.0423333333333333,44.0,0.0,91,0.0109574358615801,0.05919,0.1285,0.05165
2023-08-31 08:00:00,0.0393333333333333,43.5,0.0,91,0.1333057268664368,0.05919,0.11502,0.05165
2023-08-31 09:00:00,0.0373333333333333,41.0,0.0,91,0.3102361529097598,0.05919,0.09756000000000001,0.05165
2023-08-31 10:00:00,0.1078333333333333,39.5,0.0,91,0.4396658123048962,0.05919,0.09243000000000001,0.05165
2023-08-31 11:00:00,0.1386666666666666,29.75,0.0,91,0.5585252967247596,0.05919,0.09006,0.05165
2023-08-31 12:00:00,0.1895,26.25,0.0,91,0.6035095743032606,0.05919,0.08931,0.05165
2023-08-31 13:00:00,0.2301666666666666,26.5,0.0,91,0.6356399125319262,0.05919,0.0882,0.05165
2023-08-31 14:00:00,0.2305,25.75,0.0,91,0.6354218826946033,0.05919,0.088,0.05165
2023-08-31 15:00:00,0.2303333333333333,25.25,0.0,91,0.5738786283313725,0.05919,0.09043000000000001,0.05165
2023-08-31 16:00:00,0.2303333333333333,27.75,0.0,91,0.4909036756988266,0.05919,0.10103,0.05165
2023-08-31 17:00:00,0.2348333333333333,35.75,0.0,91,0.3589043592795348,0.05919,0.11381000000000001,0.05165
2023-08-31 18:00:00,0.2316666666666667,41.75,0.0,91,0.1769329908159044,0.05919,0.12501,0.05165
2023-08-31 19:00:00,0.2305,42.5,0.0,91,0.0387124786621484,0.05919,0.13666,0.05165
2023-08-31 20:00:00,0.2306666666666666,41.5,0.0,91,0.001814871799742,0.05919,0.12615,0.05165
2023-08-31 21:00:00,0.231,41.0,0.0,91,0.0,0.05919,0.10614,0.05165
2023-08-31 22:00:00,0.2346666666666666,42.25,0.0,91,0.0,0.05038,0.09689,0.05165
2023-08-31 23:00:00,0.2335,43.5,0.0,91,0.0,0.05038,0.0989,0.05165
2023-09-01 00:00:00,0.2308333333333333,36.0,0.0,91,0.0,0.05038,0.09597,0.05262
2023-09-01 01:00:00,0.231,27.5,0.0,91,0.0,0.05038,0.09329000000000001,0.05262
2023-09-01 02:00:00,0.2311666666666666,27.0,0.0,91,0.0,0.05038,0.08567,0.05262
2023-09-01 03:00:00,0.2366666666666666,26.75,0.0,91,0.0,0.05038,0.07818000000000001,0.05262
2023-09-01 04:00:00,0.2313333333333333,26.25,0.0,91,0.0,0.05038,0.08501,0.05262
2023-09-01 05:00:00,0.231,27.25,0.0,91,0.0,0.05038,0.10016,0.05262
2023-09-01 06:00:00,0.2311666666666666,30.5,0.0,91,0.0,0.05919,0.11546,0.05262
2023-09-01 07:00:00,0.2341666666666666,36.0,0.0,91,0.016175555592546,0.05919,0.11901,0.05262
2023-09-01 08:00:00,0.2356666666666667,36.0,0.0,91,0.1390825642887343,0.05919,0.11125,0.05262
2023-09-01 09:00:00,0.2325,35.0,0.0,91,0.3123686316074469,0.05919,0.10218,0.05262
2023-09-01 10:00:00,0.2328333333333333,33.5,0.0,91,0.4513869248088608,0.05919,0.09652,0.05262
2023-09-01 11:00:00,0.239,28.75,0.0,91,0.5413536730383198,0.05919,0.09201999999999999,0.05262
2023-09-01 12:00:00,0.2328333333333333,23.5,0.0,91,0.5906746980063938,0.05919,0.0889,0.05262
2023-09-01 13:00:00,0.2326666666666667,21.25,0.0,91,0.6245638483813688,0.05919,0.0805,0.05262
2023-09-01 14:00:00,0.2341666666666666,19.5,0.0,91,0.6117873480381112,0.05919,0.08170000000000001,0.05262
2023-09-01 15:00:00,0.1313333333333333,19.0,0.0,91,0.5782947879367405,0.05919,0.08034000000000001,0.05262
2023-09-01 16:00:00,0.0413333333333333,20.25,0.0,91,0.4863645302536142,0.05919,0.09595999999999999,0.05262
2023-09-01 17:00:00,0.0411666666666666,28.0,0.0,91,0.3464885480179746,0.05919,0.11411,0.05262
2023-09-01 18:00:00,0.0361666666666666,37.5,0.0,91,0.1734319659991142,0.05919,0.12318000000000001,0.05262
2023-09-01 19:00:00,0.0401666666666666,40.75,0.0,91,0.0381866666598197,0.05919,0.12673,0.05262
2023-09-01 20:00:00,0.0411666666666666,39.75,0.0,91,0.0013724786342065,0.05919,0.12782,0.05262
2023-09-01 21:00:00,0.0366666666666666,37.75,0.0,91,0.0,0.05919,0.11856,0.05262
2023-09-01 22:00:00,0.04,36.5,0.0,91,0.0,0.05038,0.11465,0.05262
2023-09-01 23:00:00,0.0418333333333333,37.5,0.0,91,0.0,0.05038,0.10746,0.05262
2023-09-02 00:00:00,0.0358333333333333,36.75,0.0,91,0.0,0.05038,0.1027,0.05262
2023-09-02 01:00:00,0.0408333333333333,38.25,0.0,91,0.0,0.05038,0.1,0.05262
2023-09-02 02:00:00,0.0418333333333333,37.5,0.0,91,0.0,0.05038,0.09143000000000001,0.05262
2023-09-02 03:00:00,0.0348333333333333,35.5,0.0,91,0.0,0.05038,0.07864,0.05262
2023-09-02 04:00:00,0.0416666666666666,35.0,0.0,91,0.0,0.05038,0.07162,0.05262
2023-09-02 05:00:00,0.0418333333333333,35.0,0.0,91,0.0,0.05038,0.09279000000000001,0.05262
2023-09-02 06:00:00,0.0348333333333333,34.75,0.0,91,0.0,0.05919,0.10109,0.05262
2023-09-02 07:00:00,0.0415,32.75,0.0,91,0.0183926494699767,0.05919,0.10022,0.05262
2023-09-02 08:00:00,0.039,32.25,0.0,91,0.130229743892311,0.05919,0.09458,0.05262
2023-09-02 09:00:00,0.037,31.25,0.0,91,0.2965965805705796,0.05919,0.08977,0.05262
2023-09-02 10:00:00,0.0415,24.5,0.0,91,0.439865468995184,0.05919,0.0799,0.05262
2023-09-02 11:00:00,0.0376666666666666,19.75,0.0,91,0.5359567524836615,0.05919,0.076,0.05262
2023-09-02 12:00:00,0.0383333333333333,19.0,0.0,91,0.5671289717845426,0.05919,0.06299,0.05262
2023-09-02 13:00:00,0.041,17.5,0.0,91,0.6365704287015475,0.05919,0.05535,0.05262
2023-09-02 14:00:00,0.0365,15.75,0.0,91,0.6299290590204746,0.05919,0.0694,0.05262
2023-09-02 15:00:00,0.0403333333333333,16.0,0.0,91,0.5706163233569544,0.05919,0.08001000000000001,0.05262
2023-09-02 16:00:00,0.0413333333333333,16.25,0.0,91,0.4749203412960738,0.05919,0.09345,0.05262
2023-09-02 17:00:00,0.0353333333333333,22.5,0.0,91,0.3177197444948376,0.05919,0.11,0.05262
2023-09-02 18:00:00,0.0415,29.75,0.0,91,0.1015241026267027,0.05919,0.12192,0.05262
2023-09-02 19:00:00,0.0416666666666666,30.25,0.0,91,0.0392043590341877,0.05919,0.12696,0.05262
2023-09-02 20:00:00,0.0346666666666666,27.25,0.0,91,0.0010777777717966,0.05919,0.1152,0.05262
2023-09-02 21:00:00,0.0416666666666666,26.0,0.0,91,0.0,0.05919,0.10564,0.05262
2023-09-02 22:00:00,0.0406666666666666,26.25,0.0,91,0.0,0.05038,0.09734000000000001,0.05262
2023-09-02 23:00:00,0.0366666666666666,26.5,0.0,91,0.0,0.05038,0.10528,0.05262
2023-09-03 00:00:00,0.0418333333333333,27.0,0.0,91,0.0,0.05038,0.1,0.05262
2023-09-03 01:00:00,0.0381666666666666,24.5,0.0,91,0.0,0.05038,0.0883,0.05262
2023-09-03 02:00:00,0.0388333333333333,17.75,0.0,91,0.0,0.05038,0.082,0.05262
2023-09-03 03:00:00,0.0418333333333333,17.5,0.0,91,0.0,0.05038,0.07995999999999999,0.05262
2023-09-03 04:00:00,0.0353333333333333,18.0,0.0,91,0.0,0.05038,0.07991,0.05262
2023-09-03 05:00:00,0.0401666666666666,17.5,0.0,91,0.0,0.05038,0.08031,0.05262
2023-09-03 06:00:00,0.0413333333333333,16.0,0.0,91,0.0,0.05919,0.08,0.05262
2023-09-03 07:00:00,0.0341666666666666,16.25,0.0,91,0.0131380342227271,0.05919,0.08,0.05262
2023-09-03 08:00:00,0.0415,15.5,0.0,91,0.1107347864167303,0.05919,0.078,0.05262
2023-09-03 09:00:00,0.0406666666666666,14.25,0.0,91,0.2715141015990168,0.05919,0.0603,0.05262
2023-09-03 10:00:00,0.0351666666666666,14.0,0.0,91,0.396633674099914,0.05919,0.043429999999999996,0.05262
2023-09-03 11:00:00,0.0413333333333333,13.25,0.0,91,0.5101138455643615,0.05919,0.02137,0.05262
2023-09-03 12:00:00,0.0401666666666666,13.0,0.0,91,0.5852092325585524,0.05919,0.01133,0.05262
2023-09-03 13:00:00,0.0363333333333333,13.0,0.0,91,0.597364016149798,0.05919,0.004940000000000001,0.05262
2023-09-03 14:00:00,0.0415,13.0,0.0,91,0.5978231628939634,0.05919,0.015710000000000002,0.05262
2023-09-03 15:00:00,0.0398333333333333,13.0,0.0,91,0.5136690625573838,0.05919,0.05366,0.05262
2023-09-03 16:00:00,0.0363333333333333,13.25,0.0,91,0.4015716265816973,0.05919,0.08011,0.05262
2023-09-03 17:00:00,0.042,12.75,0.0,91,0.2781997423090486,0.05919,0.09043000000000001,0.05262
2023-09-03 18:00:00,0.0411666666666666,13.5,0.0,91,0.1452097433856409,0.05919,0.10364,0.05262
2023-09-03 19:00:00,0.0356666666666666,15.5,0.0,91,0.0254477778968648,0.05919,0.10243000000000001,0.05262
2023-09-03 20:00:00,0.042,15.25,0.0,91,0.0007123077033549,0.05919,0.11078,0.05262
2023-09-03 21:00:00,0.042,14.5,0.0,91,0.0,0.05919,0.10337,0.05262
2023-09-03 22:00:00,0.0363333333333333,14.75,0.0,91,0.0,0.05038,0.09512000000000001,0.05262
2023-09-03 23:00:00,0.0411666666666666,14.75,0.0,91,0.0,0.05038,0.08302,0.05262
2023-09-04 00:00:00,0.0413333333333333,16.5,0.0,91,0.0,0.05038,0.07175,0.05262
2023-09-04 01:00:00,0.0388333333333333,15.0,0.0,91,0.0,0.05038,0.06257,0.05262
2023-09-04 02:00:00,0.0375,14.5,0.0,91,0.0,0.05038,0.054799999999999995,0.05262
2023-09-04 03:00:00,0.0413333333333333,15.0,0.0,91,0.0,0.05038,0.05286,0.05262
2023-09-04 04:00:00,0.0415,15.0,0.0,91,0.0,0.05038,0.05504,0.05262
2023-09-04 05:00:00,0.037,15.0,0.0,91,0.0,0.05038,0.086,0.05262
2023-09-04 06:00:00,0.0393333333333333,16.5,0.0,91,0.0,0.05919,0.114,0.05262
2023-09-04 07:00:00,0.0418333333333333,18.75,0.0,91,0.0130435898030797,0.05919,0.12029000000000001,0.05262
2023-09-04 08:00:00,0.0835,18.5,0.0,91,0.1233057249916924,0.05919,0.10936,0.05262
2023-09-04 09:00:00,0.1425,18.0,0.0,91,0.3025231623853373,0.05919,0.09287999999999999,0.05262
2023-09-04 10:00:00,0.1435,18.0,0.0,91,0.4392305103530232,0.05919,0.08206999999999999,0.05262
2023-09-04 11:00:00,0.1633333333333333,15.0,0.0,91,0.5420217067359857,0.05919,0.07769,0.05262
2023-09-04 12:00:00,0.2091666666666666,14.0,0.0,91,0.6014844447730954,0.05919,0.07253,0.05262
2023-09-04 13:00:00,0.2511666666666667,13.75,0.0,91,0.6150121359539847,0.05919,0.07205,0.05262
2023-09-04 14:00:00,0.304,13.25,0.0,91,0.5956346176017043,0.05919,0.07493999999999999,0.05262
2023-09-04 15:00:00,0.3486666666666667,14.0,0.0,91,0.5443662405421592,0.05919,0.07801000000000001,0.05262
2023-09-04 16:00:00,0.3223333333333333,15.0,0.0,91,0.4518029045039772,0.05919,0.08327,0.05262
2023-09-04 17:00:00,0.3056666666666667,16.75,0.0,91,0.2424946996900771,0.05919,0.10479000000000001,0.05262
2023-09-04 18:00:00,0.3088333333333333,19.25,0.0,91,0.092651795118283,0.05919,0.13112000000000001,0.05262
2023-09-04 19:00:00,0.3128333333333333,21.25,0.0,91,0.0217178633070399,0.05919,0.13833,0.05262
2023-09-04 20:00:00,0.3101666666666666,20.5,0.0,91,0.0006710256418038,0.05919,0.12237999999999999,0.05262
2023-09-04 21:00:00,0.31,19.75,0.0,91,0.0,0.05919,0.10495,0.05262
2023-09-04 22:00:00,0.3098333333333333,19.5,0.0,91,0.0,0.05038,0.09414,0.05262
2023-09-04 23:00:00,0.31,19.5,0.0,91,0.0,0.05038,0.08141,0.05262
2023-09-05 00:00:00,0.3098333333333333,18.25,0.0,91,0.0,0.05038,0.06633,0.05262
2023-09-05 01:00:00,0.31,18.5,0.0,91,0.0,0.05038,0.07212,0.05262
2023-09-05 02:00:00,0.3103333333333333,18.5,0.0,91,0.0,0.05038,0.07311,0.05262
2023-09-05 03:00:00,0.3101666666666666,18.75,0.0,91,0.0,0.05038,0.0546,0.05262
2023-09-05 04:00:00,0.3105,18.75,0.0,91,0.0,0.05038,0.08034000000000001,0.05262
2023-09-05 05:00:00,0.3128333333333333,19.25,0.0,91,0.0,0.05038,0.057,0.05262
2023-09-05 06:00:00,0.314,24.25,0.0,91,0.0,0.05919,0.11902,0.05262
2023-09-05 07:00:00,0.3108333333333333,28.25,0.0,91,0.0161670940152855,0.05919,0.11810999999999999,0.05262
2023-09-05 08:00:00,0.2646666666666666,31.0,0.0,91,0.1176978637418176,0.05919,0.09778,0.05262
2023-09-05 09:00:00,0.2768333333333333,30.5,0.0,91,0.2785288903652093,0.05919,0.088,0.05262
2023-09-05 10:00:00,0.3093333333333333,29.75,0.0,91,0.4187341869386853,0.05919,0.08184999999999999,0.05262
2023-09-05 11:00:00,0.3091666666666666,20.0,0.0,91,0.5224223092886117,0.05919,0.07911,0.05262
2023-09-05 12:00:00,0.3098333333333333,17.25,0.0,91,0.5887855562389408,0.05919,0.07523,0.05262
2023-09-05 13:00:00,0.2881666666666667,18.0,0.0,91,0.6195855582473625,0.05919,0.08048000000000001,0.05262
2023-09-05 14:00:00,0.2465,18.0,0.0,91,0.6016909424871463,0.05919,0.083,0.05262
2023-09-05 15:00:00,0.2426666666666666,18.25,0.0,91,0.5474952991192155,0.05919,0.08851,0.05262
2023-09-05 16:00:00,0.2443333333333333,20.75,0.0,91,0.4525509382720686,0.05919,0.10326,0.05262
2023-09-05 17:00:00,0.244,32.25,0.0,91,0.3151395712958442,0.05919,0.1291,0.05262
2023-09-05 18:00:00,0.241,37.75,0.0,91,0.1618040169609917,0.05919,0.15113,0.05262
2023-09-05 19:00:00,0.241,38.75,0.0,91,0.0259439316875914,0.05919,0.14923,0.05262
2023-09-05 20:00:00,0.2411666666666666,38.5,0.0,91,0.0003805128196811,0.05919,0.12195,0.05262
2023-09-05 21:00:00,0.2411666666666666,38.75,0.0,91,0.0,0.05919,0.10761,0.05262
2023-09-05 22:00:00,0.2433333333333333,38.25,0.0,91,0.0,0.05038,0.09603,0.05262
2023-09-05 23:00:00,0.2426666666666666,39.0,0.0,91,0.0,0.05038,0.08889,0.05262
2023-09-06 00:00:00,0.2425,29.75,0.0,91,0.0,0.05038,0.08552,0.05262
2023-09-06 01:00:00,0.2411666666666666,25.0,0.0,91,0.0,0.05038,0.07909000000000001,0.05262
2023-09-06 02:00:00,0.2411666666666666,26.25,0.0,91,0.0,0.05038,0.0728,0.05262
2023-09-06 03:00:00,0.241,24.25,0.0,91,0.0,0.05038,0.07411,0.05262
2023-09-06 04:00:00,0.2408333333333333,22.75,0.0,91,0.0,0.05038,0.08073999999999999,0.05262
2023-09-06 05:00:00,0.2406666666666666,25.25,0.0,91,0.0,0.05038,0.08988,0.05262
2023-09-06 06:00:00,0.2403333333333333,30.25,0.0,91,0.0,0.05919,0.12555,0.05262
2023-09-06 07:00:00,0.2401666666666666,37.75,0.0,91,0.0137164957082679,0.05919,0.11919,0.05262
2023-09-06 08:00:00,0.24,38.0,0.0,91,0.1123505983597192,0.05919,0.09773,0.05262
2023-09-06 09:00:00,0.2296666666666666,35.75,0.0,91,0.2651259831485585,0.05919,0.08865,0.05262
2023-09-06 10:00:00,0.0959999999999999,34.0,0.0,91,0.398653080606053,0.05919,0.08209999999999999,0.05262
2023-09-06 11:00:00,2.9476666666666667,29.0,0.0,91,0.5054691464676816,0.05919,0.07534,0.05262
2023-09-06 12:00:00,0.0996666666666666,23.75,0.0,91,0.5780970066429206,0.05919,0.07715000000000001,0.05262
2023-09-06 13:00:00,0.0916666666666666,19.0,0.0,91,0.608474361061031,0.05919,0.07548,0.05262
2023-09-06 14:00:00,0.0923333333333333,19.25,0.0,91,0.5931319655719988,0.05919,0.0825,0.05262
2023-09-06 15:00:00,1.889833333333333,21.25,0.0,91,0.5363146124945749,0.05919,0.09144,0.05262
2023-09-06 16:00:00,2.959,27.25,0.0,91,0.4393832469190288,0.05919,0.10587,0.05262
2023-09-06 17:00:00,0.072,33.5,0.0,91,0.3055596594525198,0.05919,0.14583000000000002,0.05262
2023-09-06 18:00:00,0.0706666666666666,36.0,0.0,91,0.1529984609489767,0.05919,0.18252000000000002,0.05262
2023-09-06 19:00:00,0.0676666666666666,37.0,0.0,91,0.0248576067146073,0.05919,0.16604,0.05262
2023-09-06 20:00:00,0.0681666666666666,37.0,0.0,91,0.0002764102587333,0.05919,0.12312999999999999,0.05262
2023-09-06 21:00:00,0.0731666666666666,35.5,0.0,91,0.0,0.05919,0.1055,0.05262
2023-09-06 22:00:00,0.0721666666666666,35.0,0.0,91,0.0,0.05038,0.09572,0.05262
2023-09-06 23:00:00,0.0656666666666666,35.25,0.0,91,0.0,0.05038,0.09542,0.05262
2023-09-07 00:00:00,0.0735,31.5,0.0,91,0.0,0.05038,0.09137,0.05262
2023-09-07 01:00:00,0.0745,31.0,0.0,91,0.0,0.05038,0.08906,0.05262
2023-09-07 02:00:00,0.0675,31.75,0.0,91,0.0,0.05038,0.08381,0.05262
2023-09-07 03:00:00,0.0696666666666666,32.75,0.0,91,0.0,0.05038,0.08015,0.05262
2023-09-07 04:00:00,0.0708333333333333,33.25,0.0,91,0.0,0.05038,0.08885,0.05262
2023-09-07 05:00:00,0.0655,35.0,0.0,91,0.0,0.05038,0.10335,0.05262
2023-09-07 06:00:00,0.0671666666666666,34.5,0.0,91,0.0,0.05919,0.13,0.05262
2023-09-07 07:00:00,0.0703333333333333,33.5,0.0,91,0.0127471795527694,0.05919,0.126,0.05262
2023-09-07 08:00:00,0.0856666666666666,32.5,0.0,91,0.1099586333983983,0.05919,0.10268000000000001,0.05262
2023-09-07 09:00:00,0.1671666666666666,30.5,0.0,91,0.2657611970819978,0.05919,0.08887,0.05262
2023-09-07 10:00:00,0.1836666666666666,27.5,0.0,91,0.4044808555668236,0.05919,0.08672,0.05262
2023-09-07 11:00:00,0.2199999999999999,20.5,0.0,91,0.5135713671822834,0.05919,0.07955,0.05262
2023-09-07 12:00:00,0.261,17.5,0.0,91,0.5820887169471153,0.05919,0.07442,0.05262
2023-09-07 13:00:00,0.2615,15.75,0.0,91,0.6134530743982037,0.05919,0.08094,0.05262
2023-09-07 14:00:00,0.2615,15.75,0.0,91,0.5967705125075121,0.05919,0.082,0.05262
2023-09-07 15:00:00,0.2616666666666666,17.0,0.0,91,0.537324958214393,0.05919,0.0883,0.05262
2023-09-07 16:00:00,0.2631666666666666,18.75,0.0,91,0.4374441867404514,0.05919,0.10314,0.05262
2023-09-07 17:00:00,0.2658333333333333,24.5,0.0,91,0.3048069241515592,0.05919,0.13353,0.05262
2023-09-07 18:00:00,0.2638333333333333,30.0,0.0,91,0.1532634185725807,0.05919,0.16727,0.05262
2023-09-07 19:00:00,0.262,30.5,0.0,91,0.0216307692700981,0.05919,0.14675,0.05262
2023-09-07 20:00:00,0.2625,30.25,0.0,91,0.000200598290206,0.05919,0.118,0.05262
2023-09-07 21:00:00,0.2635,30.5,0.0,91,0.0,0.05919,0.1014,0.05262
2023-09-07 22:00:00,0.2636666666666666,30.5,0.0,91,0.0,0.05038,0.0889,0.05262
2023-09-07 23:00:00,0.264,32.5,0.0,91,0.0,0.05038,0.08462,0.05262
2023-09-08 00:00:00,0.2638333333333333,32.75,0.0,91,0.0,0.05038,0.08152,0.05262
2023-09-08 01:00:00,0.2645,30.5,0.0,91,0.0,0.05038,0.08206000000000001,0.05262
2023-09-08 02:00:00,0.2638333333333333,33.5,0.0,91,0.0,0.05038,0.08209999999999999,0.05262
2023-09-08 03:00:00,0.2623333333333333,31.75,0.0,91,0.0,0.05038,0.07923000000000001,0.05262
2023-09-08 04:00:00,0.2623333333333333,31.25,0.0,91,0.0,0.05038,0.08301,0.05262
2023-09-08 05:00:00,0.263,31.5,0.0,91,0.0,0.05038,0.103,0.05262
2023-09-08 06:00:00,0.2623333333333333,33.75,0.0,91,0.0,0.05919,0.1215,0.05262
2023-09-08 07:00:00,0.2626666666666666,34.0,0.0,91,0.0118236752019988,0.05919,0.12247,0.05262
2023-09-08 08:00:00,0.264,32.75,0.0,91,0.1083258111660297,0.05919,0.10013,0.05262
2023-09-08 09:00:00,0.2643333333333333,30.5,0.0,91,0.2651843584500826,0.05919,0.09040000000000001,0.05262
2023-09-08 10:00:00,0.2625,31.0,0.0,91,0.4001162374121511,0.05919,0.08248,0.05262
2023-09-08 11:00:00,0.2615,21.5,0.0,91,0.5019757288745327,0.05919,0.07768000000000001,0.05262
2023-09-08 12:00:00,0.2611666666666666,17.75,0.0,91,0.5711426478980951,0.05919,0.0714,0.05262
2023-09-08 13:00:00,0.1773333333333332,16.25,0.0,91,0.6082004279764288,0.05919,0.07287,0.05262
2023-09-08 14:00:00,0.1288333333333333,17.5,0.0,91,0.5923494870438535,0.05919,0.08023000000000001,0.05262
2023-09-08 15:00:00,0.0646666666666666,18.5,0.0,91,0.5296765834449705,0.05919,0.08841,0.05262
2023-09-08 16:00:00,0.0675,21.5,0.0,91,0.4289943577693059,0.05919,0.10790000000000001,0.05262
2023-09-08 17:00:00,0.0688333333333333,30.25,0.0,91,0.2945950408674713,0.05919,0.1301,0.05262
2023-09-08 18:00:00,0.0679999999999999,33.5,0.0,91,0.1466608547960591,0.05919,0.16405,0.05262
2023-09-08 19:00:00,0.0628333333333333,35.5,0.0,91,0.0200082051804941,0.05919,0.15999000000000002,0.05262
2023-09-08 20:00:00,0.0693333333333333,36.75,0.0,91,0.0001337606829997,0.05919,0.13208,0.05262
2023-09-08 21:00:00,0.0703333333333333,36.0,0.0,91,0.0,0.05919,0.11393,0.05262
2023-09-08 22:00:00,0.0671666666666666,33.0,0.0,91,0.0,0.05038,0.10598,0.05262
2023-09-08 23:00:00,0.0665,32.25,0.0,91,0.0,0.05038,0.1052,0.05262
2023-09-09 00:00:00,0.0713333333333333,34.5,0.0,91,0.0,0.05038,0.10247,0.05262
2023-09-09 01:00:00,0.0718333333333333,36.5,0.0,91,0.0,0.05038,0.10001,0.05262
2023-09-09 02:00:00,0.0643333333333333,35.25,0.0,91,0.0,0.05038,0.1,0.05262
2023-09-09 03:00:00,0.0708333333333333,33.25,0.0,91,0.0,0.05038,0.09015000000000001,0.05262
2023-09-09 04:00:00,0.0703333333333333,33.75,0.0,91,0.0,0.05038,0.08734,0.05262
2023-09-09 05:00:00,0.0648333333333333,33.5,0.0,91,0.0,0.05038,0.10299,0.05262
2023-09-09 06:00:00,0.0673333333333333,32.75,0.0,91,0.0,0.05919,0.1026,0.05262
2023-09-09 07:00:00,0.0713333333333333,32.25,0.0,91,0.0112455556185072,0.05919,0.09609000000000001,0.05262
2023-09-09 08:00:00,0.0683333333333333,31.5,0.0,91,0.105590512569134,0.05919,0.08977,0.05262
2023-09-09 09:00:00,0.0648333333333333,20.25,0.0,91,0.2602258111676599,0.05919,0.07964,0.05262
2023-09-09 10:00:00,0.0701666666666666,15.75,0.0,91,0.3940603429028112,0.05919,0.06553,0.05262
2023-09-09 11:00:00,0.0698333333333333,13.75,0.0,91,0.4967819657284991,0.05919,0.06298,0.05262
2023-09-09 12:00:00,0.0633333333333333,13.5,0.0,91,0.564445299327883,0.05919,0.03201,0.05262
2023-09-09 13:00:00,0.0691666666666666,13.5,0.0,91,0.600284616193201,0.05919,0.02632,0.05262
2023-09-09 14:00:00,0.0698333333333333,14.0,0.0,91,0.587563245724409,0.05919,0.057890000000000004,0.05262
2023-09-09 15:00:00,0.0675,14.75,0.0,91,0.5248670946430957,0.05919,0.0788,0.05262
2023-09-09 16:00:00,0.0668333333333333,14.5,0.0,91,0.4248791438697749,0.05919,0.09454000000000001,0.05262
2023-09-09 17:00:00,0.0708333333333333,23.0,0.0,91,0.2907078640277569,0.05919,0.11663,0.05262
2023-09-09 18:00:00,0.0691666666666666,31.0,0.0,91,0.1401585469694219,0.05919,0.13982,0.05262
2023-09-09 19:00:00,0.0628333333333333,32.5,0.0,91,0.0169682903957163,0.05919,0.13767,0.05262
2023-09-09 20:00:00,0.0693333333333333,32.25,0.0,91,6.3247863863969e-05,0.05919,0.13178,0.05262
2023-09-09 21:00:00,0.0713333333333333,32.25,0.0,91,0.0,0.05919,0.11090000000000001,0.05262
2023-09-09 22:00:00,0.0686666666666666,32.5,0.0,91,0.0,0.05038,0.10316,0.05262
2023-09-09 23:00:00,0.0681666666666666,32.75,0.0,91,0.0,0.05038,0.10585,0.05262
2023-09-10 00:00:00,0.0716666666666666,32.25,0.0,91,0.0,0.05038,0.09988,0.05262
2023-09-10 01:00:00,0.0708333333333333,29.25,0.0,91,0.0,0.05038,0.09581,0.05262
2023-09-10 02:00:00,0.066,26.75,0.0,91,0.0,0.05038,0.08985,0.05262
2023-09-10 03:00:00,0.0708333333333333,20.75,0.0,91,0.0,0.05038,0.06793,0.05262
2023-09-10 04:00:00,0.071,15.0,0.0,91,0.0,0.05038,0.07973999999999999,0.05262
2023-09-10 05:00:00,0.0648333333333333,14.25,0.0,91,0.0,0.05038,0.08587,0.05262
2023-09-10 06:00:00,0.0693333333333333,14.5,0.0,91,0.0,0.05919,0.09131,0.05262
2023-09-10 07:00:00,0.0708333333333333,14.25,0.0,91,0.0102098290429601,0.05919,0.08706,0.05262
2023-09-10 08:00:00,0.067,13.0,0.0,91,0.1024382052869878,0.05919,0.08791,0.05262
2023-09-10 09:00:00,0.0673333333333333,12.75,0.0,91,0.2587529911139072,0.05919,0.055990000000000005,0.05262
2023-09-10 10:00:00,0.0708333333333333,12.0,0.0,91,0.3957382045648037,0.05919,0.018,0.05262
2023-09-10 11:00:00,0.0688333333333333,12.0,0.0,91,0.5017132470546624,0.05919,0.00828,0.05262
2023-09-10 12:00:00,0.0645,12.0,0.0,91,0.5526882895445216,0.05919,2.9999999999999997e-05,0.05262
2023-09-10 13:00:00,0.0699999999999999,12.25,0.0,91,0.5804947851458165,0.05919,0.0,0.05262
2023-09-10 14:00:00,0.0703333333333333,12.5,0.0,91,0.5781938458304123,0.05919,0.02644,0.05262
2023-09-10 15:00:00,0.0651666666666666,12.0,0.0,91,0.528380341489091,0.05919,0.079,0.05262
2023-09-10 16:00:00,0.0689999999999999,13.0,0.0,91,0.4285034192729199,0.05919,0.09706000000000001,0.05262
2023-09-10 17:00:00,0.0706666666666666,18.25,0.0,91,0.2905829056307801,0.05919,0.11574,0.05262
2023-09-10 18:00:00,0.0688333333333333,26.75,0.0,91,0.1348925633715768,0.05919,0.12104000000000001,0.05262
2023-09-10 19:00:00,0.0665,29.25,0.0,91,0.0142863247893814,0.05919,0.12994,0.05262
2023-09-10 20:00:00,0.0713333333333333,30.0,0.0,91,2.153846116847971e-05,0.05919,0.13157,0.05262
2023-09-10 21:00:00,0.072,30.75,0.0,91,0.0,0.05919,0.11393,0.05262
2023-09-10 22:00:00,0.0656666666666666,29.5,0.0,91,0.0,0.05038,0.10086,0.05262
2023-09-10 23:00:00,0.0721666666666666,29.75,0.0,91,0.0,0.05038,0.105,0.05262
2023-09-11 00:00:00,0.0723333333333333,28.25,0.0,91,0.0,0.05038,0.09603,0.05262
2023-09-11 01:00:00,0.0678333333333333,20.75,0.0,91,0.0,0.05038,0.09603,0.05262
2023-09-11 02:00:00,0.0694999999999999,21.25,0.0,91,0.0,0.05038,0.08517,0.05262
2023-09-11 03:00:00,0.0706666666666666,21.5,0.0,91,0.0,0.05038,0.07629000000000001,0.05262
2023-09-11 04:00:00,0.0678333333333333,21.5,0.0,91,0.0,0.05038,0.08793000000000001,0.05262
2023-09-11 05:00:00,0.0668333333333333,26.25,0.0,91,0.0,0.05038,0.09129999999999999,0.05262
2023-09-11 06:00:00,0.0699999999999999,34.75,0.0,91,0.0,0.05919,0.12916,0.05262
2023-09-11 07:00:00,0.0686666666666666,35.75,0.0,91,0.0113194016879822,0.05919,0.13644,0.05262
2023-09-11 08:00:00,0.1179999999999999,36.25,0.0,91,0.1009447008524185,0.05919,0.113,0.05262
2023-09-11 09:00:00,0.1713333333333332,34.5,0.0,91,0.2606190601577107,0.05919,0.09516,0.05262
2023-09-11 10:00:00,0.5753333333333334,30.75,0.0,91,0.3565940149421366,0.05919,0.09689,0.05262
2023-09-11 11:00:00,1.2286666666666666,22.75,0.0,91,0.4412897396902754,0.05919,0.09397,0.05262
2023-09-11 12:00:00,0.24,22.75,0.0,91,0.5572374347132497,0.05919,0.08846,0.05262
2023-09-11 13:00:00,2.889333333333333,21.5,0.0,91,0.5742574382032082,0.05919,0.09,0.05262
2023-09-11 14:00:00,3.7868333333333335,22.25,0.0,91,0.576422818827833,0.05919,0.09253,0.05262
2023-09-11 15:00:00,0.2633333333333333,24.75,0.0,91,0.5165347016163361,0.05919,0.10018,0.05262
2023-09-11 16:00:00,0.2701666666666666,27.25,0.0,91,0.416828119652903,0.05919,0.12251000000000001,0.05262
2023-09-11 17:00:00,0.2653333333333333,35.5,0.0,91,0.242919230257344,0.05919,0.18659,0.05262
2023-09-11 18:00:00,0.2691666666666666,39.25,0.0,91,0.0660570939381917,0.05919,0.22726,0.05262
2023-09-11 19:00:00,0.2675,39.0,0.0,91,0.0147267521142513,0.05919,0.18708000000000002,0.05262
2023-09-11 20:00:00,0.2655,38.25,0.0,91,7.1794872418937445e-06,0.05919,0.14880000000000002,0.05262
2023-09-11 21:00:00,0.2725,37.0,0.0,91,0.0,0.05919,0.13141,0.05262
2023-09-11 22:00:00,0.2678333333333333,33.0,0.0,91,0.0,0.05038,0.11993999999999999,0.05262
2023-09-11 23:00:00,0.2731666666666666,37.5,0.0,91,0.0,0.05038,0.10218,0.05262
2023-09-12 00:00:00,0.2668333333333333,34.0,0.0,91,0.0,0.05038,0.08408,0.05262
2023-09-12 01:00:00,0.2695,28.75,0.0,91,0.0,0.05038,0.08294,0.05262
2023-09-12 02:00:00,0.2708333333333333,27.25,0.0,91,0.0,0.05038,0.07534,0.05262
2023-09-12 03:00:00,0.2653333333333333,26.0,0.0,91,0.0,0.05038,0.07215,0.05262
2023-09-12 04:00:00,0.2715,27.0,0.0,91,0.0,0.05038,0.07399,0.05262
2023-09-12 05:00:00,0.2646666666666666,28.5,0.0,91,0.0,0.05038,0.09747,0.05262
2023-09-12 06:00:00,0.2723333333333333,35.0,0.0,91,0.0,0.05919,0.13513,0.05262
2023-09-12 07:00:00,0.2651666666666666,40.25,0.0,91,0.0088090598608693,0.05919,0.14078,0.05262
2023-09-12 08:00:00,0.2706666666666666,40.0,0.0,91,0.0537445299441997,0.05919,0.12322,0.05262
2023-09-12 09:00:00,0.3621666666666667,38.5,0.0,91,0.202860683946528,0.05919,0.11286,0.05262
2023-09-12 10:00:00,0.3711666666666666,37.25,0.0,91,0.3597205114772178,0.05919,0.10159,0.05262
2023-09-12 11:00:00,0.3691666666666666,34.75,0.0,91,0.4751964940780253,0.05919,0.097,0.05262
2023-09-12 12:00:00,0.371,34.75,0.0,91,0.5333124806330755,0.05919,0.09586,0.05262
2023-09-12 13:00:00,0.3729999999999999,32.75,0.0,91,0.5944172632592356,0.05919,0.09720000000000001,0.05262
2023-09-12 14:00:00,0.3553333333333333,32.25,0.0,91,0.6260184596135067,0.05919,0.0999,0.05262
2023-09-12 15:00:00,0.278,33.75,0.0,91,0.417866324726333,0.05919,0.10790999999999999,0.05262
2023-09-12 16:00:00,0.2758333333333333,34.5,0.0,91,0.181263076586601,0.05919,0.11731,0.05262
2023-09-12 17:00:00,0.2733333333333334,38.5,0.0,91,0.1134792317284478,0.05919,0.12940000000000002,0.05262
2023-09-12 18:00:00,0.2771666666666667,47.75,0.0,91,0.046212906144623,0.05919,0.1459,0.05262
2023-09-12 19:00:00,0.2751666666666666,48.5,0.0,91,0.0084269230890398,0.05919,0.14747,0.05262
2023-09-12 20:00:00,0.2745,45.5,0.0,91,0.0,0.05919,0.13662,0.05262
2023-09-12 21:00:00,0.2806666666666667,42.0,0.0,91,0.0,0.05919,0.11555,0.05262
2023-09-12 22:00:00,0.278,39.0,0.0,91,0.0,0.05038,0.09376999999999999,0.05262
2023-09-12 23:00:00,0.2761666666666666,42.0,0.0,91,0.0,0.05038,0.10645,0.05262
2023-09-13 00:00:00,0.2806666666666667,39.0,0.0,91,0.0,0.05038,0.0999,0.05262
2023-09-13 01:00:00,0.278,31.5,0.0,91,0.0,0.05038,0.09789,0.05262
2023-09-13 02:00:00,0.2746666666666666,35.75,0.0,91,0.0,0.05038,0.09384,0.05262
2023-09-13 03:00:00,0.2783333333333333,36.5,0.0,91,0.0,0.05038,0.07661,0.05262
2023-09-13 04:00:00,0.2783333333333333,36.0,0.0,91,0.0,0.05038,0.08685999999999999,0.05262
2023-09-13 05:00:00,0.2715,37.0,0.0,91,0.0,0.05038,0.10718000000000001,0.05262
2023-09-13 06:00:00,0.2785,41.25,0.0,91,0.0,0.05919,0.12326999999999999,0.05262
2023-09-13 07:00:00,0.2771666666666667,42.25,0.0,91,0.0038366666907428,0.05919,0.13772,0.05262
2023-09-13 08:00:00,0.2716666666666666,41.75,0.0,91,0.0150987179666502,0.05919,0.12491,0.05262
2023-09-13 09:00:00,0.2575,41.0,0.0,91,0.0327958119628775,0.05919,0.10321,0.05262
2023-09-13 10:00:00,0.2431666666666666,40.0,0.0,91,0.092653760502481,0.05919,0.09686,0.05262
2023-09-13 11:00:00,0.2428333333333333,38.75,0.0,91,0.1826347872742221,0.05919,0.09497,0.05262
2023-09-13 12:00:00,0.2448333333333333,36.25,0.0,91,0.1617777777125692,0.05919,0.093,0.05262
2023-09-13 13:00:00,0.2811666666666667,35.0,0.0,91,0.4005686337723691,0.05919,0.09176000000000001,0.05262
2023-09-13 14:00:00,0.3708333333333333,34.5,0.0,91,0.1027273500882662,0.05919,0.09054999999999999,0.05262
2023-09-13 15:00:00,0.3641666666666667,36.0,0.0,91,0.1031488038739587,0.05919,0.09193000000000001,0.05262
2023-09-13 16:00:00,1.68,35.5,0.0,91,0.0937206837254711,0.05919,0.10027,0.05262
2023-09-13 17:00:00,3.971,38.0,0.0,91,0.0554076065976395,0.05919,0.12326999999999999,0.05262
2023-09-13 18:00:00,0.3775,39.5,0.0,91,0.0150521367227929,0.05919,0.13001,0.05262
2023-09-13 19:00:00,4.8308333333333335,42.25,0.0,91,0.0086364958190526,0.05919,0.1375,0.05262
2023-09-13 20:00:00,0.3216666666666667,41.75,0.0,91,0.0,0.05919,0.12279000000000001,0.05262
2023-09-13 21:00:00,0.322,41.5,0.0,91,0.0,0.05919,0.10640999999999999,0.05262
2023-09-13 22:00:00,1.342,41.75,0.0,91,0.0,0.05038,0.09806999999999999,0.05262
2023-09-13 23:00:00,0.5225000000000001,42.25,0.0,91,0.0,0.05038,0.0963,0.05262
2023-09-14 00:00:00,0.3858333333333333,35.0,0.0,91,0.0,0.05038,0.09320999999999999,0.05262
2023-09-14 01:00:00,0.3848333333333333,24.0,0.0,91,0.0,0.05038,0.08342000000000001,0.05262
2023-09-14 02:00:00,2.4565,23.75,0.0,91,0.0,0.05038,0.07351,0.05262
2023-09-14 03:00:00,0.3995,24.0,0.0,91,0.0,0.05038,0.055,0.05262
2023-09-14 04:00:00,0.2808333333333333,24.0,0.0,91,0.0,0.05038,0.07631,0.05262
2023-09-14 05:00:00,0.2825,24.25,0.0,91,0.0,0.05038,0.10601999999999999,0.05262
2023-09-14 06:00:00,0.2806666666666667,31.0,0.0,91,0.0,0.05919,0.125,0.05262
2023-09-14 07:00:00,0.2793333333333334,37.75,0.0,91,0.0064423931530143,0.05919,0.12777,0.05262
2023-09-14 08:00:00,0.2748333333333333,36.0,0.0,91,0.0663166668476202,0.05919,0.11802,0.05262
2023-09-14 09:00:00,0.2711666666666666,33.25,0.0,91,0.090388888253106,0.05919,0.09681999999999999,0.05262
2023-09-14 10:00:00,0.3913333333333333,26.0,0.0,91,0.1218473503732273,0.05919,0.09087,0.05262
2023-09-14 11:00:00,0.3045,22.5,0.0,91,0.2487180338150415,0.05919,0.08899,0.05262
2023-09-14 12:00:00,4.006333333333333,20.0,0.0,91,0.5771060715373764,0.05919,0.08725,0.05262
2023-09-14 13:00:00,10.164166666666668,19.75,0.0,91,0.5897039322160249,0.05919,0.0892,0.05262
2023-09-14 14:00:00,10.983666666666666,19.5,0.0,91,0.5852092286460419,0.05919,0.0892,0.05262
2023-09-14 15:00:00,4.974,20.0,0.0,91,0.5674115374964528,0.05919,0.094,0.05262
2023-09-14 16:00:00,0.5383333333333333,20.25,0.0,91,0.4651464935041902,0.05919,0.09468,0.05262
2023-09-14 17:00:00,1.6388333333333334,26.0,0.0,91,0.1567287182604146,0.05919,0.1211,0.05262
2023-09-14 18:00:00,4.099833333333334,36.25,0.0,91,0.0803528204534807,0.05919,0.13144,0.05262
2023-09-14 19:00:00,8.132166666666667,39.25,0.0,91,0.0250908546634496,0.05919,0.14590999999999998,0.05262
2023-09-14 20:00:00,14.942166666666669,37.75,0.0,91,1.1538461917358582e-05,0.05919,0.12503,0.05262
2023-09-14 21:00:00,4.047,36.25,0.0,91,0.0,0.05919,0.11408,0.05262
2023-09-14 22:00:00,3.990166666666666,34.0,0.0,91,0.0,0.05038,0.09937,0.05262
2023-09-14 23:00:00,9.795333333333334,36.5,0.0,91,0.0,0.05038,0.10089000000000001,0.05262
2023-09-15 00:00:00,11.479166666666666,31.25,0.0,91,0.0,0.05038,0.09701,0.05262
2023-09-15 01:00:00,0.2938333333333333,22.5,0.0,91,0.0,0.05038,0.09484000000000001,0.05262
2023-09-15 02:00:00,0.2861666666666667,17.75,0.0,91,0.0,0.05038,0.07668000000000001,0.05262
2023-09-15 03:00:00,0.2855,16.75,0.0,91,0.0,0.05038,0.06335,0.05262
2023-09-15 04:00:00,0.2848333333333333,16.75,0.0,91,0.0,0.05038,0.08268,0.05262
2023-09-15 05:00:00,0.2838333333333333,16.0,0.0,91,0.0,0.05038,0.08076,0.05262
2023-09-15 06:00:00,0.2788333333333333,22.5,0.0,91,0.0,0.05919,0.11956,0.05262
2023-09-15 07:00:00,0.2775,31.25,0.0,91,0.0077989743455735,0.05919,0.12507,0.05262
2023-09-15 08:00:00,0.2786666666666667,29.5,0.0,91,0.0954279481040107,0.05919,0.10438,0.05262
2023-09-15 09:00:00,0.2661666666666666,23.5,0.0,91,0.258039317986904,0.05919,0.09358,0.05262
2023-09-15 10:00:00,0.3196666666666667,23.5,0.0,91,0.4026816258878789,0.05919,0.08946,0.05262
2023-09-15 11:00:00,0.4295,25.5,0.0,91,0.5100707694811699,0.05919,0.07909999999999999,0.05262
2023-09-15 12:00:00,0.5855,24.0,0.0,91,0.5624435053116238,0.05919,0.06422,0.05262
2023-09-15 13:00:00,1.838833333333333,19.0,0.0,91,0.5921387175209503,0.05919,0.07126,0.05262
2023-09-15 14:00:00,2.4246666666666665,13.5,0.0,91,0.570090340508355,0.05919,0.08194,0.05262
2023-09-15 15:00:00,1.324,14.0,0.0,91,0.5355347873003056,0.05919,0.09359,0.05262
2023-09-15 16:00:00,1.3918333333333337,14.75,0.0,91,0.3755123933971437,0.05919,0.10829000000000001,0.05262
2023-09-15 17:00:00,6.046,21.75,0.0,91,0.2425232465043027,0.05919,0.11896999999999999,0.05262
2023-09-15 18:00:00,11.271166666666666,30.25,0.0,91,0.0556805986420721,0.05919,0.124,0.05262
2023-09-15 19:00:00,11.792833333333334,30.75,0.0,91,0.0087548718237692,0.05919,0.12464,0.05262
2023-09-15 20:00:00,2.9506666666666668,27.0,0.0,91,0.0,0.05919,0.11284999999999999,0.05262
2023-09-15 21:00:00,7.783166666666666,23.5,0.0,91,0.0,0.05919,0.09584999999999999,0.05262
2023-09-15 22:00:00,14.3665,30.25,0.0,91,0.0,0.05038,0.09577,0.05262
2023-09-15 23:00:00,7.497333333333334,30.5,0.0,91,0.0,0.05038,0.09623999999999999,0.05262
2023-09-16 00:00:00,1.7518333333333336,28.0,0.0,91,0.0,0.05038,0.09401999999999999,0.05262
2023-09-16 01:00:00,5.587666666666666,23.0,0.0,91,0.0,0.05038,0.07587,0.05262
2023-09-16 02:00:00,10.850333333333332,15.75,0.0,91,0.0,0.05038,0.06011,0.05262
2023-09-16 03:00:00,14.135833333333332,15.0,0.0,91,0.0,0.05038,0.04407,0.05262
2023-09-16 04:00:00,0.3553333333333333,15.0,0.0,91,0.0,0.05038,0.07067,0.05262
2023-09-16 05:00:00,0.3623333333333333,14.0,0.0,91,0.0,0.05038,0.07282,0.05262
2023-09-16 06:00:00,0.5691666666666667,13.75,0.0,91,0.0,0.05919,0.05782,0.05262
2023-09-16 07:00:00,3.307833333333333,13.0,0.0,91,0.0220033334259294,0.05919,0.09786,0.05262
2023-09-16 08:00:00,0.2551666666666666,13.0,0.0,91,0.0626300854560656,0.05919,0.09079000000000001,0.05262
2023-09-16 09:00:00,0.3811666666666666,12.0,0.0,91,0.0306511111544747,0.05919,0.079,0.05262
2023-09-16 10:00:00,1.051,12.0,0.0,91,0.096583077031323,0.05919,0.06497,0.05262
2023-09-16 11:00:00,1.9321666666666664,12.0,0.0,91,0.1512126497937063,0.05919,0.054479999999999994,0.05262
2023-09-16 12:00:00,0.3333333333333333,12.0,0.0,91,0.1318836747683011,0.05919,0.03244,0.05262
2023-09-16 13:00:00,0.2713333333333333,12.0,0.0,91,0.5920516230917383,0.05919,0.0344,0.05262
2023-09-16 14:00:00,0.2443333333333332,12.0,0.0,91,0.3517808552277396,0.05919,0.07446,0.05262
2023-09-16 15:00:00,0.323,12.0,0.0,91,0.225771368629912,0.05919,0.076,0.05262
2023-09-16 16:00:00,0.3001666666666667,12.75,0.0,91,0.1242935046986637,0.05919,0.08168,0.05262
2023-09-16 17:00:00,1.3368333333333335,15.25,0.0,91,0.0336095725573026,0.05919,0.103,0.05262
2023-09-16 18:00:00,1.585,21.75,0.0,91,0.0548349572043133,0.05919,0.11859,0.05262
2023-09-16 19:00:00,0.2296666666666665,26.5,0.0,91,0.0236128205497168,0.05919,0.12157,0.05262
2023-09-16 20:00:00,0.2334999999999999,28.0,0.0,91,0.0,0.05919,0.11406999999999999,0.05262
2023-09-16 21:00:00,0.2304999999999999,28.0,0.0,91,0.0,0.05919,0.10503,0.05262
2023-09-16 22:00:00,0.2331666666666666,27.75,0.0,91,0.0,0.05038,0.09817000000000001,0.05262
2023-09-16 23:00:00,0.2301666666666666,28.5,0.0,91,0.0,0.05038,0.10898999999999999,0.05262
2023-09-17 00:00:00,0.2274999999999999,29.25,0.0,91,0.0,0.05038,0.10523,0.05262
2023-09-17 01:00:00,0.2334999999999999,29.5,0.0,91,0.0,0.05038,0.08755,0.05262
2023-09-17 02:00:00,0.2294999999999999,23.25,0.0,91,0.0,0.05038,0.07318999999999999,0.05262
2023-09-17 03:00:00,0.2288333333333332,16.5,0.0,91,0.0,0.05038,0.05779,0.05262
2023-09-17 04:00:00,0.2341666666666666,15.75,0.0,91,0.0,0.05038,0.07775,0.05262
2023-09-17 05:00:00,0.2259999999999999,15.25,0.0,91,0.0,0.05038,0.07905,0.05262
2023-09-17 06:00:00,0.2301666666666666,14.75,0.0,91,0.0,0.05919,0.07933,0.05262
2023-09-17 07:00:00,0.2245,14.5,0.0,91,0.0114805128291631,0.05919,0.07851000000000001,0.05262
2023-09-17 08:00:00,0.2318333333333333,14.0,0.0,91,0.1231909403026613,0.05919,0.07001,0.05262
2023-09-17 09:00:00,0.2318333333333333,14.0,0.0,91,0.2572698289105016,0.05919,0.05023,0.05262
2023-09-17 10:00:00,0.2795,13.25,0.0,91,0.390736070942675,0.05919,0.03799,0.05262
2023-09-17 11:00:00,0.4404999999999999,13.0,0.0,91,0.4800091448400774,0.05919,0.02121,0.05262
2023-09-17 12:00:00,0.6761666666666666,13.0,0.0,91,0.525258033622025,0.05919,0.00408,0.05262
2023-09-17 13:00:00,1.6216666666666668,13.0,0.0,91,0.5395039295946431,0.05919,0.0043,0.05262
2023-09-17 14:00:00,3.2230000000000003,13.25,0.0,91,0.4956733338445682,0.05919,0.038700000000000005,0.05262
2023-09-17 15:00:00,5.546833333333333,13.5,0.0,91,0.4327882918333396,0.05919,0.045399999999999996,0.05262
2023-09-17 16:00:00,8.671999999999999,13.0,0.0,91,0.2370299150189782,0.05919,0.06814,0.05262
2023-09-17 17:00:00,11.879,13.5,0.0,91,0.1486799144744873,0.05919,0.08109000000000001,0.05262
2023-09-17 18:00:00,12.441666666666668,13.75,0.0,91,0.0613993167469644,0.05919,0.12031,0.05262
2023-09-17 19:00:00,0.333,13.75,0.0,91,0.0148188889384842,0.05919,0.1258,0.05262
2023-09-17 20:00:00,0.3311666666666666,13.5,0.0,91,0.0,0.05919,0.11825,0.05262
2023-09-17 21:00:00,0.6998333333333333,14.0,0.0,91,0.0,0.05919,0.10890999999999999,0.05262
2023-09-17 22:00:00,3.8555,13.5,0.0,91,0.0,0.05038,0.09918,0.05262
2023-09-17 23:00:00,0.3376666666666666,13.0,0.0,91,0.0,0.05038,0.085,0.05262
2023-09-18 00:00:00,0.3326666666666666,14.0,0.0,91,0.0,0.05038,0.08251,0.05262
2023-09-18 01:00:00,0.3331666666666666,15.0,0.0,91,0.0,0.05038,0.08173,0.05262
2023-09-18 02:00:00,0.9698333333333332,15.0,0.0,91,0.0,0.05038,0.06689,0.05262
2023-09-18 03:00:00,0.3361666666666666,15.0,0.0,91,0.0,0.05038,0.04292,0.05262
2023-09-18 04:00:00,0.3776666666666666,18.0,0.0,91,0.0,0.05038,0.05907,0.05262
2023-09-18 05:00:00,4.883166666666667,18.75,0.0,91,0.0,0.05038,0.10696,0.05262
2023-09-18 06:00:00,1.5816666666666668,19.75,0.0,91,0.0,0.05919,0.1254,0.05262
2023-09-18 07:00:00,0.2328333333333333,20.75,0.0,91,0.0014358974356427,0.05919,0.129,0.05262
2023-09-18 08:00:00,0.2328333333333333,21.0,0.0,91,0.0212105984361762,0.05919,0.10585,0.05262
2023-09-18 09:00:00,0.2319999999999999,21.0,0.0,91,0.0450082906698569,0.05919,0.09065000000000001,0.05262
2023-09-18 10:00:00,0.2141666666666667,18.5,0.0,91,0.1321669232947195,0.05919,0.07429999999999999,0.05262
2023-09-18 11:00:00,0.2136666666666666,16.0,0.0,91,0.1122949570060795,0.05919,0.056850000000000005,0.05262
2023-09-18 12:00:00,0.2188333333333333,15.5,0.0,91,0.0631416241226033,0.05919,0.037020000000000004,0.05262
2023-09-18 13:00:00,0.2223333333333333,15.0,0.0,91,0.0316100857043877,0.05919,0.04088,0.05262
2023-09-18 14:00:00,0.2283333333333333,15.25,0.0,91,0.0632113676397209,0.05919,0.048409999999999995,0.05262
2023-09-18 15:00:00,0.2276666666666666,14.0,0.0,91,0.0278493163524529,0.05919,0.05141,0.05262
2023-09-18 16:00:00,0.243,14.5,0.0,91,0.0172428204666855,0.05919,0.05375,0.05262
2023-09-18 17:00:00,0.2516666666666666,14.5,0.0,91,0.1211433338100074,0.05919,0.10690000000000001,0.05262
2023-09-18 18:00:00,0.2543333333333333,15.75,0.0,91,0.1127132478127112,0.05919,0.12922,0.05262
2023-09-18 19:00:00,0.2533333333333333,18.0,0.0,91,0.013331196612766,0.05919,0.12575,0.05262
2023-09-18 20:00:00,0.2535,24.25,0.0,91,0.0,0.05919,0.09084,0.05262
2023-09-18 21:00:00,0.2498333333333333,25.25,0.0,91,0.0,0.05919,0.08738,0.05262
2023-09-18 22:00:00,0.2508333333333333,19.25,0.0,91,0.0,0.05038,0.06364,0.05262
2023-09-18 23:00:00,0.2543333333333333,18.75,0.0,91,0.0,0.05038,0.0014299999999999998,0.05262
2023-09-19 00:00:00,0.2541666666666666,16.5,0.0,91,0.0,0.05038,-1e-05,0.05262
2023-09-19 01:00:00,0.254,16.25,0.0,91,0.0,0.05038,-2.9999999999999997e-05,0.05262
2023-09-19 02:00:00,0.2506666666666666,16.25,0.0,91,0.0,0.05038,-8e-05,0.05262
2023-09-19 03:00:00,0.2498333333333333,17.0,0.0,91,0.0,0.05038,-5.9999999999999995e-05,0.05262
2023-09-19 04:00:00,0.2541666666666666,16.75,0.0,91,0.0,0.05038,-4e-05,0.05262
2023-09-19 05:00:00,0.254,16.5,0.0,91,0.0,0.05038,0.07223,0.05262
2023-09-19 06:00:00,0.254,16.25,0.0,91,0.0,0.05919,0.10633,0.05262
2023-09-19 07:00:00,0.2503333333333333,16.25,0.0,91,0.001834871789329,0.05919,0.11043,0.05262
2023-09-19 08:00:00,0.2494999999999999,16.5,0.0,91,0.0120016238933954,0.05919,0.08877,0.05262
2023-09-19 09:00:00,0.2608333333333333,18.25,0.0,91,0.0814388036727905,0.05919,0.020640000000000002,0.05262
2023-09-19 10:00:00,0.2721666666666666,19.5,0.0,91,0.3750743585570245,0.05919,0.00595,0.05262
2023-09-19 11:00:00,0.2751666666666666,21.0,0.0,91,0.5627852144811906,0.05919,0.00335,0.05262
2023-09-19 12:00:00,0.2781666666666667,20.5,0.0,91,0.503375041179168,0.05919,0.00033,0.05262
2023-09-19 13:00:00,0.2993333333333333,19.75,0.0,91,0.5358082036075428,0.05919,-1e-05,0.05262
2023-09-19 14:00:00,0.381,21.25,0.0,91,0.5031360675127081,0.05919,7.000000000000001e-05,0.05262
2023-09-19 15:00:00,0.3373333333333333,21.75,0.0,91,0.5441871780004255,0.05919,8e-05,0.05262
2023-09-19 16:00:00,0.3306666666666666,17.0,0.0,91,0.4333822214501536,0.05919,0.05,0.05262
2023-09-19 17:00:00,0.3228333333333333,21.0,0.0,91,0.2693276074401334,0.05919,0.09999,0.05262
2023-09-19 18:00:00,0.292,23.0,0.0,91,0.0670974355477553,0.05919,0.11561,0.05262
2023-09-19 19:00:00,0.983,23.75,0.0,91,0.0064528204755395,0.05919,0.11248000000000001,0.05262
2023-09-19 20:00:00,0.2868333333333333,23.25,0.0,91,0.0,0.05919,0.08921,0.05262
2023-09-19 21:00:00,7.190833333333333,19.5,0.0,91,0.0,0.05919,0.06902,0.05262
2023-09-19 22:00:00,0.2791666666666667,19.75,0.0,91,0.0,0.05038,0.02056,0.05262
2023-09-19 23:00:00,0.2793333333333334,22.25,0.0,91,0.0,0.05038,0.00635,0.05262
2023-09-20 00:00:00,0.278,24.0,0.0,91,0.0,0.05038,0.00276,0.05262
2023-09-20 01:00:00,0.2786666666666667,23.25,0.0,91,0.0,0.05038,0.0,0.05262
2023-09-20 02:00:00,0.283,24.0,0.0,91,0.0,0.05038,-8.999999999999999e-05,0.05262
2023-09-20 03:00:00,0.2775,25.5,0.0,91,0.0,0.05038,-8e-05,0.05262
2023-09-20 04:00:00,0.2771666666666667,26.0,0.0,91,0.0,0.05038,-5e-05,0.05262
2023-09-20 05:00:00,0.2773333333333334,24.75,0.0,91,0.0,0.05038,0.013859999999999999,0.05262
2023-09-20 06:00:00,0.2769999999999999,23.25,0.0,91,0.0,0.05919,0.09337000000000001,0.05262
2023-09-20 07:00:00,0.2765,24.0,0.0,91,0.0041049572430614,0.05919,0.10564,0.05262
2023-09-20 08:00:00,0.3193333333333333,24.75,0.0,91,0.0531907690080821,0.05919,0.08187,0.05262
2023-09-20 09:00:00,0.1978333333333333,22.5,0.0,91,0.1879470937679975,0.05919,0.01401,0.05262
2023-09-20 10:00:00,0.0903333333333333,15.5,0.0,91,0.3086597426324828,0.05919,0.0060999999999999995,0.05262
2023-09-20 11:00:00,0.2468333333333333,14.25,0.0,91,0.3943231611985427,0.05919,0.00314,0.05262
2023-09-20 12:00:00,0.4515,14.75,0.0,91,0.4262738464225052,0.05919,-1e-05,0.05262
2023-09-20 13:00:00,0.3051666666666666,15.5,0.0,91,0.5645192294650607,0.05919,-1e-05,0.05262
2023-09-20 14:00:00,0.2866666666666667,15.0,0.0,91,0.3257474354801015,0.05919,0.00085,0.05262
2023-09-20 15:00:00,3.0416666666666665,13.75,0.0,91,0.1525891450735238,0.05919,0.00916,0.05262
2023-09-20 16:00:00,2.9218333333333333,12.5,0.0,91,0.1056809408236772,0.05919,0.06091,0.05262
2023-09-20 17:00:00,0.3868333333333333,11.25,0.0,91,0.0701482904059255,0.05919,0.08173,0.05262
2023-09-20 18:00:00,4.783833333333333,12.75,0.0,91,0.0274048717103452,0.05919,0.11294,0.05262
2023-09-20 19:00:00,10.769,23.25,0.0,91,0.0030855555515577,0.05919,0.11545,0.05262
2023-09-20 20:00:00,4.147333333333333,26.0,0.0,91,0.0,0.05919,0.09693,0.05262
2023-09-20 21:00:00,6.174833333333333,22.0,0.0,91,0.0,0.05919,0.08723,0.05262
2023-09-20 22:00:00,11.554833333333336,19.0,0.0,91,0.0,0.05038,0.07692,0.05262
2023-09-20 23:00:00,0.3094999999999999,13.0,0.0,91,0.0,0.05038,0.06756000000000001,0.05262
2023-09-21 00:00:00,0.2821666666666667,13.5,0.0,91,0.0,0.05038,0.0381,0.05262
2023-09-21 01:00:00,0.2795,12.75,0.0,91,0.0,0.05038,0.03177,0.05262
2023-09-21 02:00:00,0.2825,12.5,0.0,91,0.0,0.05038,0.00207,0.05262
2023-09-21 03:00:00,0.2828333333333333,12.75,0.0,91,0.0,0.05038,8.999999999999999e-05,0.05262
2023-09-21 04:00:00,0.2823333333333333,13.0,0.0,91,0.0,0.05038,0.03308,0.05262
2023-09-21 05:00:00,0.2823333333333333,13.5,0.0,91,0.0,0.05038,0.07757,0.05262
2023-09-21 06:00:00,0.2783333333333333,16.0,0.0,91,0.0,0.05919,0.11011,0.05262
2023-09-21 07:00:00,0.2791666666666667,17.75,0.0,91,0.016301282055867,0.05919,0.11581999999999999,0.05262
2023-09-21 08:00:00,0.282,20.25,0.0,91,0.0634632481061495,0.05919,0.106,0.05262
2023-09-21 09:00:00,0.2795,20.5,0.0,91,0.1724117940919012,0.05919,0.10213,0.05262
2023-09-21 10:00:00,0.2733333333333334,21.25,0.0,91,0.1715844454317011,0.05919,0.09283,0.05262
2023-09-21 11:00:00,0.2741666666666666,21.25,0.0,91,0.2218631620488615,0.05919,0.08831,0.05262
2023-09-21 12:00:00,0.2743333333333333,21.5,0.0,91,0.370962137075571,0.05919,0.08625,0.05262
2023-09-21 13:00:00,0.2749999999999999,20.5,0.0,91,0.5199179491222418,0.05919,0.09087999999999999,0.05262
2023-09-21 14:00:00,0.2788333333333333,20.5,0.0,91,0.4925788021902754,0.05919,0.0938,0.05262
2023-09-21 15:00:00,0.2856666666666667,21.0,0.0,91,0.0845974360164414,0.05919,0.10498,0.05262
2023-09-21 16:00:00,0.3384999999999999,21.75,0.0,91,0.0812647008080767,0.05919,0.09602,0.05262
2023-09-21 17:00:00,1.4443333333333337,22.25,0.0,91,0.1285699141738761,0.05919,0.102,0.05262
2023-09-21 18:00:00,9.093166666666669,23.0,0.0,91,0.0555157262647253,0.05919,0.11953,0.05262
2023-09-21 19:00:00,11.508666666666665,26.0,0.0,91,0.0022891452934386,0.05919,0.12138,0.05262
2023-09-21 20:00:00,1.2515,26.0,0.0,91,0.0,0.05919,0.1148,0.05262
2023-09-21 21:00:00,2.079,31.75,0.0,91,0.0,0.05919,0.1001,0.05262
2023-09-21 22:00:00,2.2415,26.0,0.0,91,0.0,0.05038,0.09475,0.05262
2023-09-21 23:00:00,0.2866666666666667,25.75,0.0,91,0.0,0.05038,0.0884,0.05262
2023-09-22 00:00:00,0.2845,24.0,0.0,91,0.0,0.05038,0.08716,0.05262
2023-09-22 01:00:00,0.2841666666666667,14.0,0.0,91,0.0,0.05038,0.05112,0.05262
2023-09-22 02:00:00,0.2838333333333333,12.0,0.0,91,0.0,0.05038,0.02141,0.05262
2023-09-22 03:00:00,0.2816666666666667,12.5,0.0,91,0.0,0.05038,8e-05,0.05262
2023-09-22 04:00:00,0.2781666666666667,13.0,0.0,91,0.0,0.05038,0.04987,0.05262
2023-09-22 05:00:00,0.2761666666666666,13.5,0.0,91,0.0,0.05038,0.0625,0.05262
2023-09-22 06:00:00,0.2806666666666667,19.5,0.0,91,0.0,0.05919,0.11696,0.05262
2023-09-22 07:00:00,0.2815,25.0,0.0,91,0.003239487177159,0.05919,0.125,0.05262
2023-09-22 08:00:00,0.2833333333333333,26.75,0.0,91,0.0343551282801179,0.05919,0.11813,0.05262
2023-09-22 09:00:00,0.303,26.75,0.0,91,0.1753931624257666,0.05919,0.09964,0.05262
2023-09-22 10:00:00,1.0945,23.0,0.0,91,0.3979518759963859,0.05919,0.09093000000000001,0.05262
2023-09-22 11:00:00,0.7596666666666666,18.25,0.0,91,0.4395164952726447,0.05919,0.08565,0.05262
2023-09-22 12:00:00,0.2935,14.0,0.0,91,0.4973165851169161,0.05919,0.07711,0.05262
2023-09-22 13:00:00,0.4905,13.75,0.0,91,0.6152238435011643,0.05919,0.07077,0.05262
2023-09-22 14:00:00,0.7094999999999999,14.5,0.0,91,0.3887085495647202,0.05919,0.07141,0.05262
2023-09-22 15:00:00,1.4653333333333334,14.75,0.0,91,0.5323705125466373,0.05919,0.07690999999999999,0.05262
2023-09-22 16:00:00,4.273000000000001,14.5,0.0,91,0.2157858128017849,0.05919,0.07866,0.05262
2023-09-22 17:00:00,5.583166666666667,15.25,0.0,91,0.109256752128275,0.05919,0.105,0.05262
2023-09-22 18:00:00,0.6735000000000001,21.25,0.0,91,0.0219219658738718,0.05919,0.12127,0.05262
2023-09-22 19:00:00,3.3349999999999995,29.0,0.0,91,0.0,0.05919,0.13359000000000001,0.05262
2023-09-22 20:00:00,8.884333333333332,29.25,0.0,91,0.0,0.05919,0.1149,0.05262
2023-09-22 21:00:00,6.778666666666667,27.25,0.0,91,0.0,0.05919,0.10593000000000001,0.05262
2023-09-22 22:00:00,0.5795,26.25,0.0,91,0.0,0.05038,0.10306,0.05262
2023-09-22 23:00:00,2.418,29.75,0.0,91,0.0,0.05038,0.10904000000000001,0.05262
2023-09-23 00:00:00,7.044666666666667,25.0,0.0,91,0.0,0.05038,0.09813,0.05262
2023-09-23 01:00:00,9.6365,20.75,0.0,91,0.0,0.05038,0.09705,0.05262
2023-09-23 02:00:00,0.2898333333333333,20.0,0.0,91,0.0,0.05038,0.09172,0.05262
2023-09-23 03:00:00,0.2871666666666667,21.0,0.0,91,0.0,0.05038,0.08814,0.05262
2023-09-23 04:00:00,0.284,20.25,0.0,91,0.0,0.05038,0.09178,0.05262
2023-09-23 05:00:00,0.2876666666666667,20.75,0.0,91,0.0,0.05038,0.09888,0.05262
2023-09-23 06:00:00,0.2835,20.25,0.0,91,0.0,0.05919,0.1072,0.05262
2023-09-23 07:00:00,0.2846666666666667,20.75,0.0,91,0.0028865812183954,0.05919,0.10998999999999999,0.05262
2023-09-23 08:00:00,0.2895,19.75,0.0,91,0.1058449581953195,0.05919,0.10468000000000001,0.05262
2023-09-23 09:00:00,0.361,18.25,0.0,91,0.239818546425583,0.05919,0.09075,0.05262
2023-09-23 10:00:00,6.657333333333334,15.5,0.0,91,0.2267007694081364,0.05919,0.0849,0.05262
2023-09-23 11:00:00,0.3926666666666666,13.25,0.0,91,0.3898841895405045,0.05919,0.07989,0.05262
2023-09-23 12:00:00,0.7171666666666666,12.75,0.0,91,0.2172205116402389,0.05919,0.07055,0.05262
2023-09-23 13:00:00,6.962166666666666,13.0,0.0,91,0.2848964950365898,0.05919,0.05342,0.05262
2023-09-23 14:00:00,0.2976666666666667,13.0,0.0,91,0.453364871098445,0.05919,0.07201,0.05262
2023-09-23 15:00:00,0.2806666666666667,13.0,0.0,91,0.3633635913816274,0.05919,0.07823000000000001,0.05262
2023-09-23 16:00:00,0.2878333333333333,13.0,0.0,91,0.3180352140899398,0.05919,0.08755,0.05262
2023-09-23 17:00:00,0.2873333333333333,13.5,0.0,91,0.1614117948417989,0.05919,0.11782,0.05262
2023-09-23 18:00:00,0.2823333333333333,16.0,0.0,91,0.0729211107482258,0.05919,0.13964,0.05262
2023-09-23 19:00:00,0.2871666666666667,19.5,0.0,91,0.0076698290590101,0.05919,0.145,0.05262
2023-09-23 20:00:00,0.284,19.5,0.0,91,0.0,0.05919,0.11791,0.05262
2023-09-23 21:00:00,0.2858333333333333,19.75,0.0,91,0.0,0.05919,0.10692,0.05262
2023-09-23 22:00:00,0.2888333333333333,18.25,0.0,91,0.0,0.05038,0.10282,0.05262
2023-09-23 23:00:00,0.2845,18.5,0.0,91,0.0,0.05038,0.09870999999999999,0.05262
2023-09-24 00:00:00,0.2875,19.25,0.0,91,0.0,0.05038,0.08724,0.05262
2023-09-24 01:00:00,0.2873333333333333,18.75,0.0,91,0.0,0.05038,0.07773000000000001,0.05262
2023-09-24 02:00:00,0.2815,18.5,0.0,91,0.0,0.05038,0.059340000000000004,0.05262
2023-09-24 03:00:00,0.2898333333333333,19.25,0.0,91,0.0,0.05038,0.05688,0.05262
2023-09-24 04:00:00,0.2875,22.5,0.0,91,0.0,0.05038,0.04779,0.05262
2023-09-24 05:00:00,0.2815,23.0,0.0,91,0.0,0.05038,0.02981,0.05262
2023-09-24 06:00:00,0.288,22.0,0.0,91,0.0,0.05919,0.04187,0.05262
2023-09-24 07:00:00,0.2863333333333333,20.0,0.0,91,0.0040358974587204,0.05919,0.04417,0.05262
2023-09-24 08:00:00,0.2856666666666667,20.25,0.0,91,0.0765353845531105,0.05919,0.059359999999999996,0.05262
2023-09-24 09:00:00,0.2895,20.25,0.0,91,0.2484685467451046,0.05919,0.00106,0.05262
2023-09-24 10:00:00,0.2838333333333333,17.75,0.0,91,0.4035326496352497,0.05919,0.00085,0.05262
2023-09-24 11:00:00,0.287,15.5,0.0,91,0.5163358111259265,0.05919,-2e-05,0.05262
2023-09-24 12:00:00,0.289,14.75,0.0,91,0.5805372645712304,0.05919,-0.0005,0.05262
2023-09-24 13:00:00,0.2825,15.0,0.0,91,0.5942328206901881,0.05919,-0.00198,0.05262
2023-09-24 14:00:00,0.2883333333333333,15.25,0.0,91,0.5638130768343933,0.05919,-0.00011999999999999999,0.05262
2023-09-24 15:00:00,0.2883333333333333,15.0,0.0,91,0.4958572635487616,0.05919,0.00354,0.05262
2023-09-24 16:00:00,0.2815,14.25,0.0,91,0.3878414512699485,0.05919,0.02499,0.05262
2023-09-24 17:00:00,0.2895,13.5,0.0,91,0.2420280334277031,0.05919,0.0852,0.05262
2023-09-24 18:00:00,0.2873333333333333,13.25,0.0,91,0.0690924787928915,0.05919,0.12947,0.05262
2023-09-24 19:00:00,0.2823333333333333,12.5,0.0,91,0.0036615384761323,0.05919,0.13498,0.05262
2023-09-24 20:00:00,0.2745,12.25,0.0,91,0.0,0.05919,0.105,0.05262
2023-09-24 21:00:00,0.2735,12.25,0.0,91,0.0,0.05919,0.07603,0.05262
2023-09-24 22:00:00,0.2663333333333333,12.75,0.0,91,0.0,0.05038,0.06654,0.05262
2023-09-24 23:00:00,0.2731666666666666,13.75,0.0,91,0.0,0.05038,0.03463,0.05262
2023-09-25 00:00:00,0.2713333333333333,16.5,0.0,91,0.0,0.05038,0.01,0.05262
2023-09-25 01:00:00,0.2645,15.0,0.0,91,0.0,0.05038,0.00109,0.05262
2023-09-25 02:00:00,0.2716666666666666,16.25,0.0,91,0.0,0.05038,5e-05,0.05262
2023-09-25 03:00:00,0.173,17.5,0.0,91,0.0,0.05038,0.00049,0.05262
2023-09-25 04:00:00,0.0713333333333333,17.75,0.0,91,0.0,0.05038,0.047420000000000004,0.05262
2023-09-25 05:00:00,0.091,19.5,0.0,91,0.0,0.05038,0.08051,0.05262
2023-09-25 06:00:00,0.0906666666666666,17.75,0.0,91,0.0,0.05919,0.13915,0.05262
2023-09-25 07:00:00,0.1456666666666666,20.75,0.0,91,0.0,0.05919,0.143,0.05262
2023-09-25 08:00:00,0.2263333333333333,24.5,0.0,91,0.067342905937097,0.05919,0.11832,0.05262
2023-09-25 09:00:00,0.2645,25.0,0.0,91,0.2355443587669959,0.05919,0.09706999999999999,0.05262
2023-09-25 10:00:00,0.2858333333333333,24.5,0.0,91,0.3883401704445864,0.05919,0.08901,0.05262
2023-09-25 11:00:00,0.2868333333333333,23.25,0.0,91,0.5016060684073685,0.05919,0.08376,0.05262
2023-09-25 12:00:00,0.2791666666666667,20.75,0.0,91,0.5680967516776843,0.05919,0.07611,0.05262
2023-09-25 13:00:00,0.2666666666666666,18.0,0.0,91,0.5756296565390039,0.05919,0.08409,0.05262
2023-09-25 14:00:00,0.2695,17.75,0.0,91,0.5505033333281167,0.05919,0.09206,0.05262
2023-09-25 15:00:00,0.3543333333333333,20.25,0.0,91,0.4888811949379423,0.05919,0.09745999999999999,0.05262
2023-09-25 16:00:00,0.4626666666666667,24.5,0.0,91,0.3797190609141292,0.05919,0.103,0.05262
2023-09-25 17:00:00,0.2806666666666667,32.5,0.0,91,0.2339691450656988,0.05919,0.13007,0.05262
2023-09-25 18:00:00,0.2735,37.0,0.0,91,0.0646318804708301,0.05919,0.14987999999999999,0.05262
2023-09-25 19:00:00,0.2668333333333333,41.0,0.0,91,0.0044859828981849,0.05919,0.15659,0.05262
2023-09-25 20:00:00,0.2738333333333333,42.0,0.0,91,0.0,0.05919,0.12490000000000001,0.05262
2023-09-25 21:00:00,0.2749999999999999,42.25,0.0,91,0.0,0.05919,0.1192,0.05262
2023-09-25 22:00:00,0.2686666666666666,42.75,0.0,91,0.0,0.05038,0.11001999999999999,0.05262
2023-09-25 23:00:00,0.2763333333333333,43.5,0.0,91,0.0,0.05038,0.11408,0.05262
2023-09-26 00:00:00,0.2749999999999999,42.5,0.0,91,0.0,0.05038,0.10798999999999999,0.05262
2023-09-26 01:00:00,0.2713333333333333,39.0,0.0,91,0.0,0.05038,0.10493000000000001,0.05262
2023-09-26 02:00:00,0.2765,36.25,0.0,91,0.0,0.05038,0.10457999999999999,0.05262
2023-09-26 03:00:00,0.2713333333333333,35.0,0.0,91,0.0,0.05038,0.10079,0.05262
2023-09-26 04:00:00,0.2716666666666666,34.25,0.0,91,0.0,0.05038,0.10798999999999999,0.05262
2023-09-26 05:00:00,0.2751666666666666,32.0,0.0,91,0.0,0.05038,0.10715000000000001,0.05262
2023-09-26 06:00:00,0.268,29.75,0.0,91,0.0,0.05919,0.13663999999999998,0.05262
2023-09-26 07:00:00,0.2723333333333333,34.25,0.0,91,0.0036129914192307,0.05919,0.1466,0.05262
2023-09-26 08:00:00,0.2733333333333334,40.5,0.0,91,0.0733345297666696,0.05919,0.11804,0.05262
2023-09-26 09:00:00,0.2668333333333333,38.25,0.0,91,0.2329668362935384,0.05919,0.10096,0.05262
2023-09-26 10:00:00,0.2741666666666666,30.75,0.0,91,0.3853814534244374,0.05919,0.09619,0.05262
2023-09-26 11:00:00,0.2746666666666666,19.5,0.0,91,0.4961120501135149,0.05919,0.09185,0.05262
2023-09-26 12:00:00,0.2671666666666666,18.25,0.0,91,0.5484929063585066,0.05919,0.08456,0.05262
2023-09-26 13:00:00,0.3573333333333333,20.5,0.0,91,0.5580428190312837,0.05919,0.09034,0.05262
2023-09-26 14:00:00,0.3204999999999999,20.25,0.0,91,0.531281024900257,0.05919,0.09802,0.05262
2023-09-26 15:00:00,0.337,21.0,0.0,91,0.4661465838831714,0.05919,0.10451,0.05262
2023-09-26 16:00:00,0.3161666666666666,22.5,0.0,91,0.3608866689959143,0.05919,0.12247,0.05262
2023-09-26 17:00:00,0.3185,29.75,0.0,91,0.2243730783054971,0.05919,0.13541999999999998,0.05262
2023-09-26 18:00:00,0.3168333333333333,32.0,0.0,91,0.0559934184897659,0.05919,0.15069,0.05262
2023-09-26 19:00:00,0.3101666666666666,34.0,0.0,91,0.0024278632675209,0.05919,0.16034,0.05262
2023-09-26 20:00:00,0.3168333333333333,34.0,0.0,91,0.0,0.05919,0.12627,0.05262
2023-09-26 21:00:00,0.3185,32.25,0.0,91,0.0,0.05919,0.10806,0.05262
2023-09-26 22:00:00,0.3116666666666667,31.75,0.0,91,0.0,0.05038,0.10128,0.05262
2023-09-26 23:00:00,0.3195,32.25,0.0,91,0.0,0.05038,0.10551,0.05262
2023-09-27 00:00:00,0.3183333333333333,28.5,0.0,91,0.0,0.05038,0.102,0.05262
2023-09-27 01:00:00,0.3146666666666666,20.5,0.0,91,0.0,0.05038,0.10246,0.05262
2023-09-27 02:00:00,0.3195,21.25,0.0,91,0.0,0.05038,0.10147,0.05262
2023-09-27 03:00:00,0.3153333333333333,23.25,0.0,91,0.0,0.05038,0.10037,0.05262
2023-09-27 04:00:00,0.3175,23.0,0.0,91,0.0,0.05038,0.1043,0.05262
2023-09-27 05:00:00,0.319,27.5,0.0,91,0.0,0.05038,0.11957,0.05262
2023-09-27 06:00:00,0.311,30.0,0.0,91,0.0,0.05919,0.13323,0.05262
2023-09-27 07:00:00,0.3158333333333333,30.5,0.0,91,0.0037312820222642,0.05919,0.14001,0.05262
2023-09-27 08:00:00,0.3155,30.75,0.0,91,0.0666505132373581,0.05919,0.12837,0.05262
2023-09-27 09:00:00,0.3411666666666666,30.5,0.0,91,0.2192700855548565,0.05919,0.10233,0.05262
2023-09-27 10:00:00,0.3061666666666666,28.75,0.0,91,0.3623359823634481,0.05919,0.09326000000000001,0.05262
2023-09-27 11:00:00,0.31,26.25,0.0,91,0.4757288869222005,0.05919,0.0902,0.05262
2023-09-27 12:00:00,0.3181666666666666,22.0,0.0,91,0.5362253003242687,0.05919,0.08734,0.05262
2023-09-27 13:00:00,0.6986666666666667,20.0,0.0,91,0.5429465823703342,0.05919,0.08220000000000001,0.05262
2023-09-27 14:00:00,6.101166666666667,19.25,0.0,91,0.5182218796167617,0.05919,0.07714,0.05262
2023-09-27 15:00:00,5.197666666666667,20.5,0.0,91,0.4198729053725544,0.05919,0.08706,0.05262
2023-09-27 16:00:00,0.296,21.75,0.0,91,0.3588146157549997,0.05919,0.08763,0.05262
2023-09-27 17:00:00,0.29,34.0,0.0,91,0.1973466683249188,0.05919,0.11001999999999999,0.05262
2023-09-27 18:00:00,0.2956666666666667,39.75,0.0,91,0.0474302562281616,0.05919,0.13368,0.05262
2023-09-27 19:00:00,0.294,39.5,0.0,91,0.0032711111228817,0.05919,0.12209,0.05262
2023-09-27 20:00:00,0.2911666666666666,42.5,0.0,91,0.0,0.05919,0.10628,0.05262
2023-09-27 21:00:00,0.2948333333333333,35.5,0.0,91,0.0,0.05919,0.09638,0.05262
2023-09-27 22:00:00,0.2908333333333333,30.25,0.0,91,0.0,0.05038,0.07598,0.05262
2023-09-27 23:00:00,0.2915,27.25,0.0,91,0.0,0.05038,0.07961,0.05262
2023-09-28 00:00:00,0.2938333333333333,22.25,0.0,91,0.0,0.05038,0.06554,0.05262
2023-09-28 01:00:00,0.2878333333333333,21.75,0.0,91,0.0,0.05038,0.057640000000000004,0.05262
2023-09-28 02:00:00,0.2935,21.75,0.0,91,0.0,0.05038,0.00966,0.05262
2023-09-28 03:00:00,0.2943333333333333,20.0,0.0,91,0.0,0.05038,0.03773,0.05262
2023-09-28 04:00:00,0.2876666666666667,20.25,0.0,91,0.0,0.05038,0.055689999999999996,0.05262
2023-09-28 05:00:00,0.2945,21.5,0.0,91,0.0,0.05038,0.09376999999999999,0.05262
2023-09-28 06:00:00,0.2926666666666667,29.75,0.0,91,0.0,0.05919,0.12625,0.05262
2023-09-28 07:00:00,0.2885,33.5,0.0,91,0.0038245299210151,0.05919,0.12956,0.05262
2023-09-28 08:00:00,0.294,33.25,0.0,91,0.060118803285126,0.05919,0.11084999999999999,0.05262
2023-09-28 09:00:00,0.3305,31.5,0.0,91,0.2029735048408182,0.05919,0.09336,0.05262
2023-09-28 10:00:00,0.3085,28.75,0.0,91,0.3556035884628948,0.05919,0.08856,0.05262
2023-09-28 11:00:00,0.297,22.5,0.0,91,0.4235768368712856,0.05919,0.08373,0.05262
2023-09-28 12:00:00,0.2963333333333333,18.25,0.0,91,0.478438719398955,0.05919,0.08218,0.05262
2023-09-28 13:00:00,0.2948333333333333,16.25,0.0,91,0.4321969242585011,0.05919,0.0877,0.05262
2023-09-28 14:00:00,0.2821666666666667,17.25,0.0,91,0.5100595744858442,0.05919,0.09201999999999999,0.05262
2023-09-28 15:00:00,0.2983333333333333,20.5,0.0,91,0.4416098302857488,0.05919,0.09989,0.05262
2023-09-28 16:00:00,0.2956666666666667,20.0,0.0,91,0.3376816249097514,0.05919,0.097,0.05262
2023-09-28 17:00:00,0.2956666666666667,21.75,0.0,91,0.2040673498822073,0.05919,0.11977,0.05262
2023-09-28 18:00:00,0.2986666666666666,29.75,0.0,91,0.0475283760902209,0.05919,0.13366999999999998,0.05262
2023-09-28 19:00:00,0.2963333333333333,32.75,0.0,91,0.002379572631624,0.05919,0.14347,0.05262
2023-09-28 20:00:00,0.2956666666666667,33.0,0.0,91,0.0,0.05919,0.12006,0.05262
2023-09-28 21:00:00,0.2998333333333333,32.5,0.0,91,0.0,0.05919,0.11069,0.05262
2023-09-28 22:00:00,0.2956666666666667,31.75,0.0,91,0.0,0.05038,0.10309,0.05262
2023-09-28 23:00:00,0.298,33.25,0.0,91,0.0,0.05038,0.1085,0.05262
2023-09-29 00:00:00,0.2981666666666666,26.75,0.0,91,0.0,0.05038,0.09143000000000001,0.05262
2023-09-29 01:00:00,0.2903333333333333,15.5,0.0,91,0.0,0.05038,0.0581,0.05262
2023-09-29 02:00:00,0.2966666666666666,13.75,0.0,91,0.0,0.05038,0.0512,0.05262
2023-09-29 03:00:00,0.2973333333333333,13.0,0.0,91,0.0,0.05038,0.038990000000000004,0.05262
2023-09-29 04:00:00,0.2913333333333333,13.75,0.0,91,0.0,0.05038,0.04997,0.05262
2023-09-29 05:00:00,0.2975,14.0,0.0,91,0.0,0.05038,0.089,0.05262
2023-09-29 06:00:00,0.2956666666666667,17.75,0.0,91,0.0,0.05919,0.1221,0.05262
2023-09-29 07:00:00,0.294,23.25,0.0,91,0.0022925640910099,0.05919,0.13005,0.05262
2023-09-29 08:00:00,0.2983333333333333,23.0,0.0,91,0.0470757264561123,0.05919,0.10681,0.05262
2023-09-29 09:00:00,0.545,23.0,0.0,91,0.2045257274921123,0.05919,0.09207,0.05262
2023-09-29 10:00:00,0.4998333333333333,21.75,0.0,91,0.3514975207076113,0.05919,0.08737,0.05262
2023-09-29 11:00:00,0.4206666666666667,18.0,0.0,91,0.4584335072835286,0.05919,0.08205,0.05262
2023-09-29 12:00:00,0.4748333333333333,18.0,0.0,91,0.5161490565895015,0.05919,0.07244,0.05262
2023-09-29 13:00:00,0.4753333333333333,16.25,0.0,91,0.5191078655536359,0.05919,0.07704000000000001,0.05262
2023-09-29 14:00:00,1.1081666666666667,16.0,0.0,91,0.4337741887671317,0.05919,0.0907,0.05262
2023-09-29 15:00:00,5.060833333333333,17.25,0.0,91,0.2863718807187855,0.05919,0.09670999999999999,0.05262
2023-09-29 16:00:00,0.3856666666666666,18.25,0.0,91,0.3559200850918761,0.05919,0.112,0.05262
2023-09-29 17:00:00,0.2931666666666667,23.75,0.0,91,0.1754192301758333,0.05919,0.12145,0.05262
2023-09-29 18:00:00,0.2856666666666667,33.75,0.0,91,0.053696153632596,0.05919,0.14124,0.05262
2023-09-29 19:00:00,0.292,37.0,0.0,91,0.0018667521239775,0.05919,0.1331,0.05262
2023-09-29 20:00:00,0.291,38.0,0.0,91,0.0,0.05919,0.1134,0.05262
2023-09-29 21:00:00,0.2878333333333333,37.25,0.0,91,0.0,0.05919,0.10657,0.05262
2023-09-29 22:00:00,0.2921666666666667,35.5,0.0,91,0.0,0.05038,0.10107,0.05262
2023-09-29 23:00:00,0.29,35.75,0.0,91,0.0,0.05038,0.09498000000000001,0.05262
2023-09-30 00:00:00,0.2901666666666667,32.0,0.0,91,0.0,0.05038,0.09079000000000001,0.05262
2023-09-30 01:00:00,0.294,29.25,0.0,91,0.0,0.05038,0.08927,0.05262
2023-09-30 02:00:00,0.2891666666666666,29.75,0.0,91,0.0,0.05038,0.08872,0.05262
2023-09-30 03:00:00,0.2923333333333333,29.5,0.0,91,0.0,0.05038,0.08828,0.05262
2023-09-30 04:00:00,0.2941666666666666,25.75,0.0,91,0.0,0.05038,0.09209999999999999,0.05262
2023-09-30 05:00:00,0.2865,25.0,0.0,91,0.0,0.05038,0.10529999999999999,0.05262
2023-09-30 06:00:00,0.2921666666666667,24.5,0.0,91,0.0,0.05919,0.10945,0.05262
2023-09-30 07:00:00,0.292,21.0,0.0,91,0.0016617948644691,0.05919,0.11156,0.05262
2023-09-30 08:00:00,0.2851666666666667,19.0,0.0,91,0.0322936749662089,0.05919,0.10507999999999999,0.05262
2023-09-30 09:00:00,0.2928333333333333,17.0,0.0,91,0.0806420512892242,0.05919,0.0875,0.05262
2023-09-30 10:00:00,0.289,16.0,0.0,91,0.15498444434924,0.05919,0.0705,0.05262
2023-09-30 11:00:00,0.2868333333333333,13.75,0.0,91,0.3722356418055347,0.05919,0.04276,0.05262
2023-09-30 12:00:00,0.2915,13.0,0.0,91,0.4990694016676683,0.05919,0.01516,0.05262
2023-09-30 13:00:00,0.2875,13.0,0.0,91,0.5296311970246147,0.05919,0.01504,0.05262
2023-09-30 14:00:00,0.2898333333333333,12.75,0.0,91,0.4643916249071431,0.05919,0.056,0.05262
2023-09-30 15:00:00,0.2923333333333333,13.0,0.0,91,0.3727160683656351,0.05919,0.08501,0.05262
2023-09-30 16:00:00,0.2855,14.75,0.0,91,0.2857577778742863,0.05919,0.10043,0.05262
2023-09-30 17:00:00,0.2926666666666667,20.0,0.0,91,0.1603158124287923,0.05919,0.11372,0.05262
2023-09-30 18:00:00,0.2925,28.0,0.0,91,0.0562659828275696,0.05919,0.13203,0.05262
2023-09-30 19:00:00,0.285,31.5,0.0,91,0.0042411965936517,0.05919,0.12428,0.05262
2023-09-30 20:00:00,0.293,30.0,0.0,91,0.0,0.05919,0.10106,0.05262
2023-09-30 21:00:00,0.2921666666666667,27.0,0.0,91,0.0,0.05919,0.10740000000000001,0.05262
2023-09-30 22:00:00,0.2873333333333333,28.0,0.0,91,0.0,0.05038,0.10104,0.05262
2023-09-30 23:00:00,0.2931666666666666,30.5,0.0,91,0.0,0.05038,0.10273,0.05262
2023-10-01 00:00:00,0.2891666666666667,33.0,0.0,91,0.0,0.05038,0.09414,0.05225
2023-10-01 01:00:00,0.2891666666666667,27.25,0.0,91,0.0,0.05038,0.0886,0.05225
2023-10-01 02:00:00,0.292,24.75,0.0,91,0.0,0.05038,0.03615,0.05225
2023-10-01 03:00:00,0.2841666666666667,24.75,0.0,91,0.0,0.05038,0.04511,0.05225
2023-10-01 04:00:00,0.2893333333333333,23.75,0.0,91,0.0,0.05038,0.0621,0.05225
2023-10-01 05:00:00,0.2908333333333333,22.75,0.0,91,0.0,0.05038,0.06711,0.05225
2023-10-01 06:00:00,0.2846666666666667,22.5,0.0,91,0.0,0.05919,0.08807999999999999,0.05225
2023-10-01 07:00:00,0.292,18.0,0.0,91,0.0018357264925526,0.05919,0.08209999999999999,0.05225
2023-10-01 08:00:00,0.2903333333333333,16.0,0.0,91,0.058459743332659,0.05919,0.06273,0.05225
2023-10-01 09:00:00,0.3561666666666667,14.75,0.0,91,0.2044260686890692,0.05919,0.04,0.05225
2023-10-01 10:00:00,0.7181666666666667,13.0,0.0,91,0.3510303406022553,0.05919,0.00899,0.05225
2023-10-01 11:00:00,0.2905,13.25,0.0,91,0.4585748747475127,0.05919,4e-05,0.05225
2023-10-01 12:00:00,0.292,13.75,0.0,91,0.5175043578840729,0.05919,-1e-05,0.05225
2023-10-01 13:00:00,0.2933333333333333,14.5,0.0,91,0.5259053861177885,0.05919,-2e-05,0.05225
2023-10-01 14:00:00,0.2868333333333333,15.0,0.0,91,0.5070148709289028,0.05919,0.0015300000000000001,0.05225
2023-10-01 15:00:00,0.2931666666666667,13.25,0.0,91,0.4389893165001502,0.05919,0.06273,0.05225
2023-10-01 16:00:00,0.2933333333333333,14.5,0.0,91,0.3307380327404055,0.05919,0.09265000000000001,0.05225
2023-10-01 17:00:00,0.287,19.75,0.0,91,0.182120427677774,0.05919,0.12006,0.05225
2023-10-01 18:00:00,0.2941666666666667,29.0,0.0,91,0.0407629060337686,0.05919,0.13,0.05225
2023-10-01 19:00:00,0.291,32.75,0.0,91,0.00197290599776,0.05919,0.13,0.05225
2023-10-01 20:00:00,0.2893333333333334,31.5,0.0,91,0.0,0.05919,0.11516,0.05225
2023-10-01 21:00:00,0.2941666666666666,32.0,0.0,91,0.0,0.05919,0.10662,0.05225
2023-10-01 22:00:00,0.2893333333333333,32.5,0.0,91,0.0,0.05038,0.09997,0.05225
2023-10-01 23:00:00,0.2935,31.5,0.0,91,0.0,0.05038,0.09490000000000001,0.05225
2023-10-02 00:00:00,0.2886666666666667,27.75,0.0,91,0.0,0.05038,0.09317,0.05225
2023-10-02 01:00:00,0.282,24.5,0.0,91,0.0,0.05038,0.09340000000000001,0.05225
2023-10-02 02:00:00,0.2883333333333333,27.0,0.0,91,0.0,0.05038,0.09201999999999999,0.05225
2023-10-02 03:00:00,0.2861666666666667,28.0,0.0,91,0.0,0.05038,0.09568,0.05225
2023-10-02 04:00:00,0.2828333333333333,29.25,0.0,91,0.0,0.05038,0.09933,0.05225
2023-10-02 05:00:00,0.2866666666666667,37.5,0.0,91,0.0,0.05038,0.12331,0.05225
2023-10-02 06:00:00,0.2811666666666667,41.0,0.0,91,0.0,0.05919,0.13736,0.05225
2023-10-02 07:00:00,0.2828333333333333,39.75,0.0,91,0.0015529914327666,0.05919,0.1445,0.05225
2023-10-02 08:00:00,0.2851666666666667,38.75,0.0,91,0.0539726497169233,0.05919,0.128,0.05225
2023-10-02 09:00:00,0.2793333333333334,36.75,0.0,91,0.1943649577279376,0.05919,0.10532,0.05225
2023-10-02 10:00:00,0.2763333333333333,36.25,0.0,91,0.3402101731911683,0.05919,0.09209999999999999,0.05225
2023-10-02 11:00:00,0.2693333333333333,33.75,0.0,91,0.446996581248748,0.05919,0.09001,0.05225
2023-10-02 12:00:00,0.2645,29.25,0.0,91,0.5025339338514538,0.05919,0.0877,0.05225
2023-10-02 13:00:00,0.2701666666666666,20.5,0.0,91,0.5213982913025424,0.05919,0.08807,0.05225
2023-10-02 14:00:00,0.2668333333333333,20.75,0.0,91,0.509320256159856,0.05919,0.0905,0.05225
2023-10-02 15:00:00,0.2653333333333333,23.5,0.0,91,0.4360583769969451,0.05919,0.09973,0.05225
2023-10-02 16:00:00,0.2693333333333333,28.5,0.0,91,0.3228918812417576,0.05919,0.103,0.05225
2023-10-02 17:00:00,0.2636666666666666,34.75,0.0,91,0.1834598293467464,0.05919,0.135,0.05225
2023-10-02 18:00:00,0.2663333333333333,37.0,0.0,91,0.0329355557453938,0.05919,0.18202000000000002,0.05225
2023-10-02 19:00:00,0.2693333333333333,36.75,0.0,91,0.0013117094103915,0.05919,0.16007,0.05225
2023-10-02 20:00:00,0.2636666666666666,33.75,0.0,91,0.0,0.05919,0.12,0.05225
2023-10-02 21:00:00,0.2701666666666666,34.0,0.0,91,0.0,0.05919,0.10325,0.05225
2023-10-02 22:00:00,0.2696666666666666,30.25,0.0,91,0.0,0.05038,0.1,0.05225
2023-10-02 23:00:00,0.2636666666666666,29.0,0.0,91,0.0,0.05038,0.09758,0.05225
2023-10-03 00:00:00,0.2696666666666666,27.0,0.0,91,0.0,0.05038,0.051340000000000004,0.05225
2023-10-03 01:00:00,0.267,19.25,0.0,91,0.0,0.05038,0.04834,0.05225
2023-10-03 02:00:00,0.2651666666666666,18.5,0.0,91,0.0,0.05038,0.027870000000000002,0.05225
2023-10-03 03:00:00,0.2693333333333333,16.5,0.0,91,0.0,0.05038,0.0001,0.05225
2023-10-03 04:00:00,0.2646666666666666,17.0,0.0,91,0.0,0.05038,0.00701,0.05225
2023-10-03 05:00:00,0.2678333333333333,17.0,0.0,91,0.0,0.05038,0.012410000000000001,0.05225
2023-10-03 06:00:00,0.2685,16.25,0.0,91,0.0,0.05919,0.0549,0.05225
2023-10-03 07:00:00,0.2615,15.5,0.0,91,0.0023330769285113,0.05919,0.05796,0.05225
2023-10-03 08:00:00,0.2683333333333333,15.0,0.0,91,0.0423947007839496,0.05919,0.06240999999999999,0.05225
2023-10-03 09:00:00,0.2678333333333333,14.75,0.0,91,0.1920268379928719,0.05919,0.04861,0.05225
2023-10-03 10:00:00,0.2643333333333333,15.5,0.0,91,0.2660195733746912,0.05919,0.033659999999999995,0.05225
2023-10-03 11:00:00,0.2691666666666666,18.75,0.0,91,0.3167771794245793,0.05919,0.019510000000000003,0.05225
2023-10-03 12:00:00,0.2646666666666666,17.0,0.0,91,0.4857418813460911,0.05919,0.00232,0.05225
2023-10-03 13:00:00,0.2661666666666666,18.5,0.0,91,0.5353457269913112,0.05919,-1e-05,0.05225
2023-10-03 14:00:00,0.2775,23.5,0.0,91,0.496789059109158,0.05919,0.0009599999999999999,0.05225
2023-10-03 15:00:00,0.3296666666666666,22.5,0.0,91,0.4261302556747045,0.05919,0.00643,0.05225
2023-10-03 16:00:00,0.3105,17.75,0.0,91,0.2715162371774005,0.05919,0.03222,0.05225
2023-10-03 17:00:00,0.286,23.25,0.0,91,0.0870588033627241,0.05919,0.092,0.05225
2023-10-03 18:00:00,0.2801666666666667,25.5,0.0,91,0.0179568375532443,0.05919,0.1222,0.05225
2023-10-03 19:00:00,0.2863333333333333,27.0,0.0,91,0.0002541025680227,0.05919,0.13,0.05225
2023-10-03 20:00:00,0.287,28.0,0.0,91,0.0,0.05919,0.10229,0.05225
2023-10-03 21:00:00,0.2809999999999999,25.75,0.0,91,0.0,0.05919,0.09325,0.05225
2023-10-03 22:00:00,0.2871666666666667,23.0,0.0,91,0.0,0.05038,0.08395999999999999,0.05225
2023-10-03 23:00:00,0.2843333333333333,24.0,0.0,91,0.0,0.05038,0.07489,0.05225
2023-10-04 00:00:00,0.2833333333333334,21.0,0.0,91,0.0,0.05038,0.023219999999999998,0.05225
2023-10-04 01:00:00,0.2868333333333333,18.0,0.0,91,0.0,0.05038,0.023329999999999997,0.05225
2023-10-04 02:00:00,0.28,17.5,0.0,91,0.0,0.05038,0.01724,0.05225
2023-10-04 03:00:00,0.287,17.25,0.0,91,0.0,0.05038,0.02022,0.05225
2023-10-04 04:00:00,0.2855,17.5,0.0,91,0.0,0.05038,0.04871,0.05225
2023-10-04 05:00:00,0.2816666666666667,18.75,0.0,91,0.0,0.05038,0.09870999999999999,0.05225
2023-10-04 06:00:00,0.286,25.25,0.0,91,0.0,0.05919,0.11785,0.05225
2023-10-04 07:00:00,0.2791666666666667,28.75,0.0,91,0.0004973504246554,0.05919,0.12198,0.05225
2023-10-04 08:00:00,0.2841666666666667,31.75,0.0,91,0.0447949572811778,0.05919,0.10608,0.05225
2023-10-04 09:00:00,0.3228333333333333,31.75,0.0,91,0.0748508546291253,0.05919,0.07787999999999999,0.05225
2023-10-04 10:00:00,1.0561666666666667,41.0,0.0,91,0.1083607689947144,0.05919,0.06953,0.05225
2023-10-04 11:00:00,3.3565,27.5,0.0,91,0.3461155540922768,0.05919,0.06923,0.05225
2023-10-04 12:00:00,3.9505,21.0,0.0,91,0.2602330773508447,0.05919,0.045450000000000004,0.05225
2023-10-04 13:00:00,0.2851666666666667,20.0,0.0,91,0.2987473499265491,0.05919,0.0517,0.05225
2023-10-04 14:00:00,0.2865,20.0,0.0,91,0.3033888029440855,0.05919,0.06306,0.05225
2023-10-04 15:00:00,0.4728333333333332,20.0,0.0,91,0.3232732482649322,0.05919,0.08139,0.05225
2023-10-04 16:00:00,0.2848333333333333,23.0,0.0,91,0.1986316237490401,0.05919,0.092,0.05225
2023-10-04 17:00:00,1.6126666666666667,29.75,0.0,91,0.0892970086774255,0.05919,0.11112000000000001,0.05225
2023-10-04 18:00:00,0.6993333333333333,32.75,0.0,91,0.0355129914406018,0.05919,0.13002,0.05225
2023-10-04 19:00:00,0.0573333333333333,32.25,0.0,91,0.0014693162293356,0.05919,0.11686,0.05225
2023-10-04 20:00:00,0.052,31.25,0.0,91,0.0,0.05919,0.08845,0.05225
2023-10-04 21:00:00,0.0583333333333333,32.25,0.0,91,0.0,0.05919,0.08559,0.05225
2023-10-04 22:00:00,0.0525,33.0,0.0,91,0.0,0.05038,0.07790000000000001,0.05225
2023-10-04 23:00:00,0.0576666666666666,33.25,0.0,91,0.0,0.05038,0.08319,0.05225
2023-10-05 00:00:00,0.0523333333333333,30.75,0.0,91,0.0,0.05038,0.07751999999999999,0.05225
2023-10-05 01:00:00,0.0515,23.75,0.0,91,0.0,0.05038,0.07091,0.05225
2023-10-05 02:00:00,0.0568333333333333,24.0,0.0,91,0.0,0.05038,0.06197,0.05225
2023-10-05 03:00:00,0.0515,24.0,0.0,91,0.0,0.05038,0.06947,0.05225
2023-10-05 04:00:00,0.0551666666666666,24.5,0.0,91,0.0,0.05038,0.0792,0.05225
2023-10-05 05:00:00,0.0525,26.0,0.0,91,0.0,0.05038,0.09237000000000001,0.05225
2023-10-05 06:00:00,0.0511666666666666,33.75,0.0,91,0.0,0.05919,0.10858,0.05225
2023-10-05 07:00:00,0.0553333333333333,41.75,0.0,91,0.0011162393062542,0.05919,0.12275,0.05225
2023-10-05 08:00:00,0.0576666666666666,43.0,0.0,91,0.0575063250513158,0.05919,0.10711,0.05225
2023-10-05 09:00:00,0.0508333333333333,40.75,0.0,91,0.1778958969442253,0.05919,0.08733,0.05225
2023-10-05 10:00:00,0.0574999999999999,36.5,0.0,91,0.3240517976548937,0.05919,0.08422,0.05225
2023-10-05 11:00:00,0.0571666666666666,31.25,0.0,91,0.4319683772682124,0.05919,0.08105,0.05225
2023-10-05 12:00:00,0.0515,30.5,0.0,91,0.4757811984852848,0.05919,0.07701999999999999,0.05225
2023-10-05 13:00:00,0.0568333333333333,31.25,0.0,91,0.5153331606612247,0.05919,0.08003,0.05225
2023-10-05 14:00:00,0.0571666666666666,29.25,0.0,91,0.4644593158950154,0.05919,0.0838,0.05225
2023-10-05 15:00:00,0.054,29.25,0.0,91,0.390756839197925,0.05919,0.08356999999999999,0.05225
2023-10-05 16:00:00,0.0563333333333333,29.0,0.0,91,0.2975672638721955,0.05919,0.0852,0.05225
2023-10-05 17:00:00,0.0586666666666666,35.25,0.0,91,0.1668973508655515,0.05919,0.11294,0.05225
2023-10-05 18:00:00,0.0578333333333333,39.75,0.0,91,0.0316658975018395,0.05919,0.13795,0.05225
2023-10-05 19:00:00,0.0583333333333333,41.25,0.0,91,0.0006499145270731,0.05919,0.1394,0.05225
2023-10-05 20:00:00,0.0591666666666666,40.0,0.0,91,0.0,0.05919,0.10993,0.05225
2023-10-05 21:00:00,0.0574999999999999,39.75,0.0,91,0.0,0.05919,0.10098,0.05225
2023-10-05 22:00:00,0.0571666666666666,38.5,0.0,91,0.0,0.05038,0.09458,0.05225
2023-10-05 23:00:00,0.0583333333333333,38.25,0.0,91,0.0,0.05038,0.08739,0.05225
2023-10-06 00:00:00,0.0601666666666666,38.5,0.0,91,0.0,0.05038,0.08486,0.05225
2023-10-06 01:00:00,0.0598333333333333,35.0,0.0,91,0.0,0.05038,0.07872,0.05225
2023-10-06 02:00:00,0.0595,31.0,0.0,91,0.0,0.05038,0.07506,0.05225
2023-10-06 03:00:00,0.0598333333333333,24.25,0.0,91,0.0,0.05038,0.06656999999999999,0.05225
2023-10-06 04:00:00,0.0596666666666666,22.75,0.0,91,0.0,0.05038,0.07241,0.05225
2023-10-06 05:00:00,0.0593333333333333,22.25,0.0,91,0.0,0.05038,0.09611,0.05225
2023-10-06 06:00:00,0.0595,31.25,0.0,91,0.0,0.05919,0.12037,0.05225
2023-10-06 07:00:00,0.0579999999999999,35.5,0.0,91,0.0006672649544018,0.05919,0.12079999999999999,0.05225
2023-10-06 08:00:00,0.0548333333333333,36.0,0.0,91,0.0452708546014932,0.05919,0.10439,0.05225
2023-10-06 09:00:00,0.2481666666666666,35.25,0.0,91,0.1862976069328112,0.05919,0.08501,0.05225
2023-10-06 10:00:00,1.5768333333333333,31.75,0.0,91,0.3281200011163696,0.05919,0.06767000000000001,0.05225
2023-10-06 11:00:00,0.1281666666666666,21.25,0.0,91,0.4388342741615752,0.05919,0.06085,0.05225
2023-10-06 12:00:00,0.0538333333333333,18.75,0.0,91,0.5036341877472706,0.05919,0.03907,0.05225
2023-10-06 13:00:00,0.0538333333333333,18.0,0.0,91,0.5127931611150758,0.05919,0.03027,0.05225
2023-10-06 14:00:00,0.0578333333333333,17.75,0.0,91,0.4863515374599358,0.05919,0.048229999999999995,0.05225
2023-10-06 15:00:00,0.0556666666666666,19.25,0.0,91,0.4237631629878639,0.05919,0.06453,0.05225
2023-10-06 16:00:00,0.0538333333333333,21.0,0.0,91,0.3064044447026701,0.05919,0.08849,0.05225
2023-10-06 17:00:00,0.0581666666666666,30.0,0.0,91,0.165895213754768,0.05919,0.10692,0.05225
2023-10-06 18:00:00,0.0585,35.5,0.0,91,0.0234402564550057,0.05919,0.11628,0.05225
2023-10-06 19:00:00,0.0598333333333333,37.0,0.0,91,0.0006685470117049,0.05919,0.10364,0.05225
2023-10-06 20:00:00,0.0571666666666666,36.25,0.0,91,0.0,0.05919,0.0859,0.05225
2023-10-06 21:00:00,0.0576666666666666,34.0,0.0,91,0.0,0.05919,0.08547,0.05225
2023-10-06 22:00:00,0.0611666666666666,34.0,0.0,91,0.0,0.05038,0.09534000000000001,0.05225
2023-10-06 23:00:00,0.0561666666666666,36.5,0.0,91,0.0,0.05038,0.08294,0.05225
2023-10-07 00:00:00,0.0561666666666666,30.25,0.0,91,0.0,0.05038,0.033979999999999996,0.05225
2023-10-07 01:00:00,0.0573333333333333,23.75,0.0,91,0.0,0.05038,0.0109,0.05225
2023-10-07 02:00:00,0.0586666666666666,22.5,0.0,91,0.0,0.05038,0.00888,0.05225
2023-10-07 03:00:00,0.055,22.0,0.0,91,0.0,0.05038,0.00833,0.05225
2023-10-07 04:00:00,0.0548333333333333,20.75,0.0,91,0.0,0.05038,0.023600000000000003,0.05225
2023-10-07 05:00:00,0.0546666666666666,19.75,0.0,91,0.0,0.05038,0.054799999999999995,0.05225
2023-10-07 06:00:00,0.0548333333333333,19.0,0.0,91,0.0,0.05919,0.07028,0.05225
2023-10-07 07:00:00,0.0551666666666666,16.25,0.0,91,0.0009564957213707,0.05919,0.07293999999999999,0.05225
2023-10-07 08:00:00,0.0551666666666666,15.0,0.0,91,0.0474516238717951,0.05919,0.06958,0.05225
2023-10-07 09:00:00,0.0551666666666666,14.0,0.0,91,0.1861380339076376,0.05919,0.04679,0.05225
2023-10-07 10:00:00,0.0525,13.25,0.0,91,0.3326882057515984,0.05919,0.01966,0.05225
2023-10-07 11:00:00,0.0545,13.25,0.0,91,0.4450995707715678,0.05919,0.01041,0.05225
2023-10-07 12:00:00,0.0551666666666666,13.0,0.0,91,0.4982655569223257,0.05919,0.00022,0.05225
2023-10-07 13:00:00,0.0563333333333333,12.75,0.0,91,0.5032663211659488,0.05919,0.001,0.05225
2023-10-07 14:00:00,0.0561666666666666,13.0,0.0,91,0.4726441870795356,0.05919,0.022010000000000002,0.05225
2023-10-07 15:00:00,6.116333333333333,13.5,0.0,91,0.4008018787090595,0.05919,0.062130000000000005,0.05225
2023-10-07 16:00:00,6.191166666666667,15.0,0.0,91,0.2945720532409146,0.05919,0.08644,0.05225
2023-10-07 17:00:00,0.0699999999999999,19.0,0.0,91,0.1550231632004436,0.05919,0.10228,0.05225
2023-10-07 18:00:00,0.0611666666666666,25.25,0.0,91,0.0229052991439134,0.05919,0.10890999999999999,0.05225
2023-10-07 19:00:00,0.0608333333333333,26.75,0.0,91,0.0004264957250024,0.05919,0.1,0.05225
2023-10-07 20:00:00,0.0608333333333333,26.5,0.0,91,0.0,0.05919,0.08399,0.05225
2023-10-07 21:00:00,0.0628333333333333,26.25,0.0,91,0.0,0.05919,0.07619,0.05225
2023-10-07 22:00:00,0.0633333333333333,22.0,0.0,91,0.0,0.05038,0.072,0.05225
2023-10-07 23:00:00,0.0635,20.0,0.0,91,0.0,0.05038,0.08932999999999999,0.05225
2023-10-08 00:00:00,0.0626666666666666,20.75,0.0,91,0.0,0.05038,0.08022,0.05225
2023-10-08 01:00:00,0.0618333333333333,21.75,0.0,91,0.0,0.05038,0.07628,0.05225
2023-10-08 02:00:00,0.0618333333333333,24.0,0.0,91,0.0,0.05038,0.07343000000000001,0.05225
2023-10-08 03:00:00,0.0615,24.0,0.0,91,0.0,0.05038,0.07181,0.05225
2023-10-08 04:00:00,0.0611666666666666,24.0,0.0,91,0.0,0.05038,0.07709,0.05225
2023-10-08 05:00:00,0.0613333333333333,23.25,0.0,91,0.0,0.05038,0.08351,0.05225
2023-10-08 06:00:00,0.0611666666666666,23.0,0.0,91,0.0,0.05919,0.09999,0.05225
2023-10-08 07:00:00,0.0616666666666666,22.75,0.0,91,0.0009796581324985,0.05919,0.10114,0.05225
2023-10-08 08:00:00,0.0615,22.25,0.0,91,0.0444965813302586,0.05919,0.0995,0.05225
2023-10-08 09:00:00,0.0616666666666666,19.5,0.0,91,0.1768458972833095,0.05919,0.08595,0.05225
2023-10-08 10:00:00,0.0786666666666666,16.25,0.0,91,0.3209534177209577,0.05919,0.0757,0.05225
2023-10-08 11:00:00,5.828333333333333,15.5,0.0,91,0.4276990626408503,0.05919,0.06951,0.05225
2023-10-08 12:00:00,4.0035,15.0,0.0,91,0.4832785484118339,0.05919,0.05514,0.05225
2023-10-08 13:00:00,0.1591666666666666,14.5,0.0,91,0.4864882040431357,0.05919,0.05459000000000001,0.05225
2023-10-08 14:00:00,1.7625,15.0,0.0,91,0.4579183744772886,0.05919,0.0708,0.05225
2023-10-08 15:00:00,0.0623333333333333,16.0,0.0,91,0.3890629069010416,0.05919,0.07986,0.05225
2023-10-08 16:00:00,0.0611666666666666,18.5,0.0,91,0.2815823938092615,0.05919,0.087,0.05225
2023-10-08 17:00:00,0.0611666666666666,23.75,0.0,91,0.1479800005855723,0.05919,0.11669,0.05225
2023-10-08 18:00:00,0.0605,33.5,0.0,91,0.0220815385050243,0.05919,0.13901,0.05225
2023-10-08 19:00:00,0.0586666666666666,36.5,0.0,91,0.0003270085479936,0.05919,0.13185,0.05225
2023-10-08 20:00:00,0.06,34.0,0.0,91,0.0,0.05919,0.1102,0.05225
2023-10-08 21:00:00,0.0588333333333333,33.25,0.0,91,0.0,0.05919,0.10442,0.05225
2023-10-08 22:00:00,0.0613333333333333,34.0,0.0,91,0.0,0.05038,0.09634000000000001,0.05225
2023-10-08 23:00:00,0.0615,34.75,0.0,91,0.0,0.05038,0.09111,0.05225
2023-10-09 00:00:00,0.0616666666666666,33.25,0.0,91,0.0,0.05038,0.08745,0.05225
2023-10-09 01:00:00,0.061,26.5,0.0,91,0.0,0.05038,0.08244,0.05225
2023-10-09 02:00:00,0.0606666666666666,26.5,0.0,91,0.0,0.05038,0.07740000000000001,0.05225
2023-10-09 03:00:00,0.0596666666666666,25.75,0.0,91,0.0,0.05038,0.075,0.05225
2023-10-09 04:00:00,0.0596666666666666,24.75,0.0,91,0.0,0.05038,0.07905,0.05225
2023-10-09 05:00:00,0.0588333333333333,25.75,0.0,91,0.0,0.05038,0.09795999999999999,0.05225
2023-10-09 06:00:00,0.0573333333333333,35.25,0.0,91,0.0,0.05919,0.11384999999999999,0.05225
2023-10-09 07:00:00,0.0538333333333333,46.25,0.0,91,0.0008276068282305,0.05919,0.12881,0.05225
2023-10-09 08:00:00,0.0583333333333333,47.75,0.0,91,0.0433669230774936,0.05919,0.1222,0.05225
2023-10-09 09:00:00,0.0579999999999999,45.75,0.0,91,0.1737485461764865,0.05919,0.11178,0.05225
2023-10-09 10:00:00,0.0583333333333333,41.25,0.0,91,0.3120303422976763,0.05919,0.10538,0.05225
2023-10-09 11:00:00,0.0581666666666666,38.0,0.0,91,0.4174367523193359,0.05919,0.09933,0.05225
2023-10-09 12:00:00,7.199666666666666,37.75,0.0,91,0.4827236762413612,0.05919,0.09301999999999999,0.05225
2023-10-09 13:00:00,0.2505,38.0,0.0,91,0.4897221361470019,0.05919,0.09301999999999999,0.05225
2023-10-09 14:00:00,0.0584999999999999,38.75,0.0,91,0.4531543581709903,0.05919,0.093,0.05225
2023-10-09 15:00:00,0.0548333333333333,39.0,0.0,91,0.3818099988627638,0.05919,0.10368000000000001,0.05225
2023-10-09 16:00:00,4.848166666666667,40.5,0.0,91,0.2720524773230919,0.05919,0.12947,0.05225
2023-10-09 17:00:00,3.7035,43.0,0.0,91,0.1401131620977679,0.05919,0.18902000000000002,0.05225
2023-10-09 18:00:00,4.9383333333333335,43.0,0.0,91,0.020638376112677,0.05919,0.22169999999999998,0.05225
2023-10-09 19:00:00,2.5113333333333334,44.0,0.0,91,0.0002929059763908,0.05919,0.1845,0.05225
2023-10-09 20:00:00,0.0601666666666666,44.0,0.0,91,0.0,0.05919,0.13355,0.05225
2023-10-09 21:00:00,0.0608333333333333,42.25,0.0,91,0.0,0.05919,0.12,0.05225
2023-10-09 22:00:00,0.0613333333333333,41.25,0.0,91,0.0,0.05038,0.11270000000000001,0.05225
2023-10-09 23:00:00,0.0561666666666666,39.5,0.0,91,0.0,0.05038,0.104,0.05225
2023-10-10 00:00:00,0.06,39.5,0.0,91,0.0,0.05038,0.1006,0.05225
2023-10-10 01:00:00,0.0535,37.0,0.0,91,0.0,0.05038,0.0999,0.05225
2023-10-10 02:00:00,0.0584999999999999,36.75,0.0,91,0.0,0.05038,0.09952,0.05225
2023-10-10 03:00:00,0.053,40.75,0.0,91,0.0,0.05038,0.09733,0.05225
2023-10-10 04:00:00,0.0526666666666666,41.0,0.0,91,0.0,0.05038,0.083,0.05225
2023-10-10 05:00:00,0.0523333333333333,38.75,0.0,91,0.0,0.05038,0.12447,0.05225
2023-10-10 06:00:00,0.0556666666666666,41.0,0.0,91,0.0,0.05919,0.15109999999999998,0.05225
2023-10-10 07:00:00,0.0495,41.75,0.0,91,0.0005240171001507,0.05919,0.15947999999999998,0.05225
2023-10-10 08:00:00,0.0498333333333333,42.25,0.0,91,0.040064529812234,0.05919,0.13234,0.05225
2023-10-10 09:00:00,0.0506666666666666,43.0,0.0,91,0.165466495905167,0.05919,0.11535,0.05225
2023-10-10 10:00:00,0.0564999999999999,38.25,0.0,91,0.3049681215204744,0.05919,0.10545,0.05225
2023-10-10 11:00:00,0.0523333333333333,28.0,0.0,91,0.4138426475850945,0.05919,0.09665,0.05225
2023-10-10 12:00:00,0.053,22.0,0.0,91,0.4726480343810514,0.05919,0.08613,0.05225
2023-10-10 13:00:00,8.900166666666667,20.75,0.0,91,0.4787689750214927,0.05919,0.08752,0.05225
2023-10-10 14:00:00,3.8501666666666665,21.75,0.0,91,0.4504612836267194,0.05919,0.08736,0.05225
2023-10-10 15:00:00,5.732333333333333,23.5,0.0,91,0.3803914508656559,0.05919,0.08011,0.05225
2023-10-10 16:00:00,1.2498333333333334,24.0,0.0,91,0.2742888892410148,0.05919,0.11112999999999999,0.05225
2023-10-10 17:00:00,0.1575,33.25,0.0,91,0.1389113678076328,0.05919,0.12997999999999998,0.05225
2023-10-10 18:00:00,0.1516666666666666,36.5,0.0,91,0.0161136752519852,0.05919,0.14321,0.05225
2023-10-10 19:00:00,6.346333333333334,35.75,0.0,91,0.0001692307714181,0.05919,0.10872,0.05225
2023-10-10 20:00:00,0.0768333333333333,34.25,0.0,91,0.0,0.05919,0.08939,0.05225
2023-10-10 21:00:00,0.054,32.75,0.0,91,0.0,0.05919,0.09051999999999999,0.05225
2023-10-10 22:00:00,0.0536666666666666,22.75,0.0,91,0.0,0.05038,0.07063,0.05225
2023-10-10 23:00:00,0.0533333333333333,18.5,0.0,91,0.0,0.05038,0.06473999999999999,0.05225
2023-10-11 00:00:00,0.0583333333333333,16.75,0.0,91,0.0,0.05038,0.029,0.05225
2023-10-11 01:00:00,0.0526666666666666,15.5,0.0,91,0.0,0.05038,0.01194,0.05225
2023-10-11 02:00:00,0.0523333333333333,14.25,0.0,91,0.0,0.05038,0.00639,0.05225
2023-10-11 03:00:00,0.0523333333333333,15.0,0.0,91,0.0,0.05038,0.007549999999999999,0.05225
2023-10-11 04:00:00,0.0525,15.0,0.0,91,0.0,0.05038,0.01478,0.05225
2023-10-11 05:00:00,0.051,14.75,0.0,91,0.0,0.05038,0.08556,0.05225
2023-10-11 06:00:00,0.0513333333333333,15.75,0.0,91,0.0,0.05919,0.12985,0.05225
2023-10-11 07:00:00,0.0543333333333333,20.0,0.0,91,0.0004249572664754,0.05919,0.14242,0.05225
2023-10-11 08:00:00,0.05,28.0,0.0,91,0.0392180340310447,0.05919,0.12174,0.05225
2023-10-11 09:00:00,0.0405,28.25,0.0,91,0.1665105117080558,0.05919,0.09006,0.05225
2023-10-11 10:00:00,0.034,25.0,0.0,91,0.3068355553781884,0.05919,0.09648000000000001,0.05225
2023-10-11 11:00:00,0.034,24.25,0.0,91,0.4121084633851663,0.05919,0.09081,0.05225
2023-10-11 12:00:00,0.035,19.0,0.0,91,0.469668461726262,0.05919,0.048119999999999996,0.05225
2023-10-11 13:00:00,0.0403333333333333,18.75,0.0,91,0.4814215394370576,0.05919,0.02154,0.05225
2023-10-11 14:00:00,0.0346666666666666,19.0,0.0,91,0.4502906858004057,0.05919,0.04163,0.05225
2023-10-11 15:00:00,0.0343333333333333,16.75,0.0,91,0.3858587183504023,0.05919,0.06636,0.05225
2023-10-11 16:00:00,0.0448333333333333,17.5,0.0,91,0.2735297436184353,0.05919,0.10629999999999999,0.05225
2023-10-11 17:00:00,5.844,22.25,0.0,91,0.1348321364068577,0.05919,0.13212000000000002,0.05225
2023-10-11 18:00:00,3.658833333333333,26.75,0.0,91,0.0147947864068879,0.05919,0.14224,0.05225
2023-10-11 19:00:00,3.595833333333333,28.0,0.0,91,0.0001158119648551,0.05919,0.12756,0.05225
2023-10-11 20:00:00,5.795833333333333,25.25,0.0,91,0.0,0.05919,0.10759,0.05225
2023-10-11 21:00:00,0.07,19.5,0.0,91,0.0,0.05919,0.10493000000000001,0.05225
2023-10-11 22:00:00,0.0571666666666666,19.25,0.0,91,0.0,0.05038,0.10342,0.05225
2023-10-11 23:00:00,0.0571666666666666,19.75,0.0,91,0.0,0.05038,0.09323999999999999,0.05225
2023-10-12 00:00:00,0.0575,21.0,0.0,91,0.0,0.05038,0.09512999999999999,0.05225
2023-10-12 01:00:00,0.0568333333333333,21.75,0.0,91,0.0,0.05038,0.1006,0.05225
2023-10-12 02:00:00,0.0566666666666666,23.5,0.0,91,0.0,0.05038,0.09581,0.05225
2023-10-12 03:00:00,0.0625,25.25,0.0,91,0.0,0.05038,0.08904000000000001,0.05225
2023-10-12 04:00:00,0.0575,24.5,0.0,91,0.0,0.05038,0.1026,0.05225
2023-10-12 05:00:00,0.0563333333333333,27.75,0.0,91,0.0,0.05038,0.1265,0.05225
2023-10-12 06:00:00,0.0556666666666666,34.0,0.0,91,0.0,0.05919,0.13424,0.05225
2023-10-12 07:00:00,0.0551666666666666,30.75,0.0,91,0.000589316240074,0.05919,0.14839,0.05225
2023-10-12 08:00:00,0.0601666666666666,30.75,0.0,91,0.0486860683534899,0.05919,0.14538,0.05225
2023-10-12 09:00:00,0.0821666666666666,32.5,0.0,91,0.1896264107206947,0.05919,0.13066,0.05225
2023-10-12 10:00:00,0.0383333333333333,32.75,0.0,91,0.2245553851331401,0.05919,0.12454000000000001,0.05225
2023-10-12 11:00:00,0.2199999999999999,33.0,0.0,91,0.4121506793682392,0.05919,0.11106999999999999,0.05225
2023-10-12 12:00:00,0.0914999999999999,31.5,0.0,91,0.467644530728332,0.05919,0.10429000000000001,0.05225
2023-10-12 13:00:00,0.1978333333333333,31.0,0.0,91,0.4821061537000868,0.05919,0.10837999999999999,0.05225
2023-10-12 14:00:00,0.0979999999999999,30.5,0.0,91,0.4601253848605686,0.05919,0.12,0.05225
2023-10-12 15:00:00,0.2246666666666666,28.5,0.0,91,0.3797739322368915,0.05919,0.11387,0.05225
2023-10-12 16:00:00,0.4976666666666666,29.75,0.0,91,0.2575330771747817,0.05919,0.14438,0.05225
2023-10-12 17:00:00,5.381333333333333,33.0,0.0,91,0.1390519663818881,0.05919,0.17061,0.05225
2023-10-12 18:00:00,1.847,33.25,0.0,91,0.027719999993395,0.05919,0.22118000000000002,0.05225
2023-10-12 19:00:00,6.722166666666666,33.25,0.0,91,5.128205172781196e-07,0.05919,0.15203,0.05225
2023-10-12 20:00:00,0.087,32.75,0.0,91,0.0,0.05919,0.12936,0.05225
2023-10-12 21:00:00,0.0613333333333333,33.25,0.0,91,0.0,0.05919,0.1235,0.05225
2023-10-12 22:00:00,0.061,34.75,0.0,91,0.0,0.05038,0.10984000000000001,0.05225
2023-10-12 23:00:00,0.0608333333333333,34.25,0.0,91,0.0,0.05038,0.12398999999999999,0.05225
2023-10-13 00:00:00,0.0433333333333333,30.25,0.0,91,0.0,0.05038,0.115,0.05225
2023-10-13 01:00:00,0.0421666666666666,18.75,0.0,91,0.0,0.05038,0.10714,0.05225
2023-10-13 02:00:00,0.0473333333333333,16.0,0.0,91,0.0,0.05038,0.1014,0.05225
2023-10-13 03:00:00,0.042,14.0,0.0,91,0.0,0.05038,0.0973,0.05225
2023-10-13 04:00:00,0.0416666666666666,14.0,0.0,91,0.0,0.05038,0.07903,0.05225
2023-10-13 05:00:00,0.041,13.75,0.0,91,0.0,0.05038,0.11748,0.05225
2023-10-13 06:00:00,0.0401666666666666,12.5,0.0,91,0.0,0.05919,0.12459,0.05225
2023-10-13 07:00:00,0.0398333333333333,12.0,0.0,91,0.0003140170948627,0.05919,0.143,0.05225
2023-10-13 08:00:00,0.0778333333333333,12.0,0.0,91,0.0371570085256527,0.05919,0.13205,0.05225
2023-10-13 09:00:00,0.3411666666666666,13.0,0.0,91,0.1625252999199761,0.05919,0.099,0.05225
2023-10-13 10:00:00,0.52,13.25,0.0,91,0.2985162392640725,0.05919,0.07217,0.05225
2023-10-13 11:00:00,0.3033333333333333,13.0,0.0,91,0.4047545310778496,0.05919,0.03445,0.05225
2023-10-13 12:00:00,0.0421666666666666,13.0,0.0,91,0.4680773501925998,0.05919,0.007679999999999999,0.05225
2023-10-13 13:00:00,0.0973333333333333,12.75,0.0,91,0.4811992273575221,0.05919,0.00431,0.05225
2023-10-13 14:00:00,0.0304999999999999,13.0,0.0,91,0.4549111958039112,0.05919,0.00424,0.05225
2023-10-13 15:00:00,0.0128333333333333,12.5,0.0,91,0.3861296590169271,0.05919,0.01,0.05225
2023-10-13 16:00:00,4.8635,12.75,0.0,91,0.268212051065559,0.05919,0.05242,0.05225
2023-10-13 17:00:00,2.0025,12.25,0.0,91,0.1227399999667436,0.05919,0.08381,0.05225
2023-10-13 18:00:00,4.721,12.5,0.0,91,0.0120670084960949,0.05919,0.09207,0.05225
2023-10-13 19:00:00,0.0465,12.0,0.0,91,2.564102586390598e-07,0.05919,0.04155,0.05225
2023-10-13 20:00:00,0.0415,12.0,0.0,91,0.0,0.05919,0.01293,0.05225
2023-10-13 21:00:00,0.0413333333333333,12.0,0.0,91,0.0,0.05919,0.00786,0.05225
2023-10-13 22:00:00,0.041,12.0,0.0,91,0.0,0.05038,0.00519,0.05225
2023-10-13 23:00:00,0.0458333333333333,12.0,0.0,91,0.0,0.05038,0.00252,0.05225
2023-10-14 00:00:00,0.0568333333333333,13.0,0.0,91,0.0,0.05038,0.0007199999999999999,0.05225
2023-10-14 01:00:00,0.0566666666666666,13.75,0.0,91,0.0,0.05038,0.00017,0.05225
2023-10-14 02:00:00,0.058,13.25,0.0,91,0.0,0.05038,4e-05,0.05225
2023-10-14 03:00:00,0.0581666666666666,14.0,0.0,91,0.0,0.05038,4e-05,0.05225
2023-10-14 04:00:00,0.0578333333333333,14.0,0.0,91,0.0,0.05038,7.000000000000001e-05,0.05225
2023-10-14 05:00:00,0.0581666666666666,15.0,0.0,91,0.0,0.05038,0.00225,0.05225
2023-10-14 06:00:00,0.0571666666666666,15.0,0.0,91,0.0,0.05919,0.00525,0.05225
2023-10-14 07:00:00,0.0626666666666666,15.0,0.0,91,0.0,0.05919,0.023870000000000002,0.05225
2023-10-14 08:00:00,0.0573333333333333,14.0,0.0,91,0.0067515384883452,0.05919,0.03415,0.05225
2023-10-14 09:00:00,0.0673333333333333,13.25,0.0,91,0.0439984617477808,0.05919,0.03543,0.05225
2023-10-14 10:00:00,2.1166666666666667,13.75,0.0,91,0.0605257267422146,0.05919,0.02173,0.05225
2023-10-14 11:00:00,11.288333333333334,13.25,0.0,91,0.0816440173907157,0.05919,0.03735,0.05225
2023-10-14 12:00:00,0.9108333333333332,13.0,0.0,91,0.0878916235866709,0.05919,0.02249,0.05225
2023-10-14 13:00:00,7.585166666666666,13.25,0.0,91,0.1963919667301015,0.05919,0.01242,0.05225
2023-10-14 14:00:00,6.0365,14.25,0.0,91,0.1613868379185342,0.05919,0.00866,0.05225
2023-10-14 15:00:00,0.0611666666666666,15.0,0.0,91,0.2166105989309457,0.05919,0.00825,0.05225
2023-10-14 16:00:00,0.0608333333333333,14.25,0.0,91,0.1896113674457256,0.05919,0.07094,0.05225
2023-10-14 17:00:00,0.1233333333333332,14.75,0.0,91,0.0535689743971213,0.05919,0.1215,0.05225
2023-10-14 18:00:00,4.614833333333333,12.75,0.0,91,0.0193934186672171,0.05919,0.14221999999999999,0.05225
2023-10-14 19:00:00,9.377,12.0,0.0,91,0.0,0.05919,0.1382,0.05225
2023-10-14 20:00:00,0.0753333333333333,12.0,0.0,91,0.0,0.05919,0.10603,0.05225
2023-10-14 21:00:00,0.0653333333333333,13.0,0.0,91,0.0,0.05919,0.10167,0.05225
2023-10-14 22:00:00,0.066,13.0,0.0,91,0.0,0.05038,0.09738,0.05225
2023-10-14 23:00:00,0.1241666666666666,13.0,0.0,91,0.0,0.05038,0.03761,0.05225
2023-10-15 00:00:00,3.592166666666667,13.5,0.0,91,0.0,0.05038,0.01852,0.05225
2023-10-15 01:00:00,3.486,14.0,0.0,91,0.0,0.05038,0.00622,0.05225
2023-10-15 02:00:00,4.5255,14.25,0.0,91,0.0,0.05038,0.00949,0.05225
2023-10-15 03:00:00,12.154166666666669,15.0,0.0,91,0.0,0.05038,0.0061200000000000004,0.05225
2023-10-15 04:00:00,3.212666666666667,15.0,0.0,91,0.0,0.05038,0.00795,0.05225
2023-10-15 05:00:00,0.0691666666666666,15.0,0.0,91,0.0,0.05038,0.00643,0.05225
2023-10-15 06:00:00,0.0586666666666666,15.25,0.0,91,0.0,0.05919,0.03197,0.05225
2023-10-15 07:00:00,0.0591666666666666,14.75,0.0,91,0.0,0.05919,0.04211,0.05225
2023-10-15 08:00:00,0.0605,14.0,0.0,91,0.0171933332620522,0.05919,0.04995,0.05225
2023-10-15 09:00:00,0.0611666666666666,13.75,0.0,91,0.0843734188568898,0.05919,0.03724,0.05225
2023-10-15 10:00:00,0.923,13.0,0.0,91,0.1791176077035757,0.05919,0.01262,0.05225
2023-10-15 11:00:00,5.399166666666667,12.25,0.0,91,0.2646794027344793,0.05919,0.03264,0.05225
2023-10-15 12:00:00,0.1629999999999999,12.0,0.0,91,0.1696135900774572,0.05919,0.010320000000000001,0.05225
2023-10-15 13:00:00,0.5895,12.0,0.0,91,0.1852733349596333,0.05919,0.00707,0.05225
2023-10-15 14:00:00,4.100333333333333,12.75,0.0,91,0.254205469310793,0.05919,0.01063,0.05225
2023-10-15 15:00:00,3.325333333333333,13.0,0.0,91,0.2257875214275131,0.05919,0.02935,0.05225
2023-10-15 16:00:00,7.807333333333333,12.5,0.0,91,0.2506377772795848,0.05919,0.0916,0.05225
2023-10-15 17:00:00,9.254333333333332,12.25,0.0,91,0.1220429055303589,0.05919,0.14675,0.05225
2023-10-15 18:00:00,0.0608333333333333,12.0,0.0,91,0.0217523931238688,0.05919,0.15591,0.05225
2023-10-15 19:00:00,0.0964999999999999,12.0,0.0,91,0.0,0.05919,0.15522,0.05225
2023-10-15 20:00:00,3.1216666666666666,11.75,0.0,91,0.0,0.05919,0.1271,0.05225
2023-10-15 21:00:00,12.243666666666668,12.0,0.0,91,0.0,0.05919,0.12387999999999999,0.05225
2023-10-15 22:00:00,1.5083333333333335,12.0,0.0,91,0.0,0.05038,0.10645,0.05225
2023-10-15 23:00:00,2.2223333333333333,12.25,0.0,91,0.0,0.05038,0.10638,0.05225
2023-10-16 00:00:00,0.2013333333333332,13.0,0.0,91,0.0,0.05038,0.10068,0.05225
2023-10-16 01:00:00,1.6836666666666666,13.0,0.0,91,0.0,0.05038,0.1,0.05225
2023-10-16 02:00:00,9.685833333333331,13.0,0.0,91,0.0,0.05038,0.09826,0.05225
2023-10-16 03:00:00,2.5801666666666665,13.0,0.0,91,0.0,0.05038,0.09662000000000001,0.05225
2023-10-16 04:00:00,0.0598333333333333,13.5,0.0,91,0.0,0.05038,0.10135,0.05225
2023-10-16 05:00:00,0.0586666666666666,15.25,0.0,91,0.0,0.05038,0.13956,0.05225
2023-10-16 06:00:00,0.0566666666666666,18.5,0.0,91,0.0,0.05919,0.15937,0.05225
2023-10-16 07:00:00,0.0553333333333333,23.75,0.0,91,0.0,0.05919,0.17512,0.05225
2023-10-16 08:00:00,0.0556666666666666,29.5,0.0,91,0.0263288891544708,0.05919,0.15657,0.05225
2023-10-16 09:00:00,0.0566666666666666,33.0,0.0,91,0.130360599093967,0.05919,0.13388,0.05225
2023-10-16 10:00:00,0.0483333333333333,33.25,0.0,91,0.2102390589265741,0.05919,0.11758,0.05225
2023-10-16 11:00:00,0.0395,27.0,0.0,91,0.2416900853214101,0.05919,0.11414,0.05225
2023-10-16 12:00:00,0.1043333333333333,20.25,0.0,91,0.2791797439053527,0.05919,0.10604999999999999,0.05225
2023-10-16 13:00:00,2.189,16.25,0.0,91,0.2764858095870058,0.05919,0.10948999999999999,0.05225
2023-10-16 14:00:00,4.292666666666666,17.5,0.0,91,0.277362905975081,0.05919,0.11675,0.05225
2023-10-16 15:00:00,0.2883333333333333,18.25,0.0,91,0.2377986334124181,0.05919,0.13896,0.05225
2023-10-16 16:00:00,0.2238333333333333,19.5,0.0,91,0.2284801708123623,0.05919,0.14594,0.05225
2023-10-16 17:00:00,2.990833333333333,24.25,0.0,91,0.0779569232158172,0.05919,0.18580000000000002,0.05225
2023-10-16 18:00:00,2.5581666666666667,29.75,0.0,91,0.0129982051025264,0.05919,0.24,0.05225
2023-10-16 19:00:00,4.955333333333333,30.25,0.0,91,0.0,0.05919,0.16175,0.05225
2023-10-16 20:00:00,10.979333333333336,29.5,0.0,91,0.0,0.05919,0.14554,0.05225
2023-10-16 21:00:00,6.898833333333333,28.5,0.0,91,0.0,0.05919,0.1352,0.05225
2023-10-16 22:00:00,12.156,29.0,0.0,91,0.0,0.05038,0.11921999999999999,0.05225
2023-10-16 23:00:00,15.195333333333332,29.25,0.0,91,0.0,0.05038,0.12758,0.05225
2023-10-17 00:00:00,8.746666666666668,26.75,0.0,91,0.0,0.05038,0.11404,0.05225
2023-10-17 01:00:00,12.915333333333336,21.5,0.0,91,0.0,0.05038,0.10822,0.05225
2023-10-17 02:00:00,15.245333333333331,22.75,0.0,91,0.0,0.05038,0.0963,0.05225
2023-10-17 03:00:00,8.202,21.0,0.0,91,0.0,0.05038,0.0932,0.05225
2023-10-17 04:00:00,10.415666666666668,18.25,0.0,91,0.0,0.05038,0.09531999999999999,0.05225
2023-10-17 05:00:00,0.0668333333333333,17.75,0.0,91,0.0,0.05038,0.114,0.05225
2023-10-17 06:00:00,0.0571666666666666,19.0,0.0,91,0.0,0.05919,0.13887,0.05225
2023-10-17 07:00:00,0.0506666666666666,24.25,0.0,91,0.0,0.05919,0.16638999999999998,0.05225
2023-10-17 08:00:00,0.0828333333333333,28.0,0.0,91,0.0362867522459381,0.05919,0.15956,0.05225
2023-10-17 09:00:00,0.1301666666666666,29.0,0.0,91,0.1287479490296453,0.05919,0.13503,0.05225
2023-10-17 10:00:00,0.1313333333333333,28.25,0.0,91,0.2311882907508785,0.05919,0.11394,0.05225
2023-10-17 11:00:00,0.4703333333333333,27.75,0.0,91,0.3489502572605752,0.05919,0.10808,0.05225
2023-10-17 12:00:00,0.863,21.0,0.0,91,0.361139658088358,0.05919,0.09689,0.05225
2023-10-17 13:00:00,3.006833333333333,19.0,0.0,91,0.2842780352861453,0.05919,0.09045,0.05225
2023-10-17 14:00:00,2.568833333333333,19.75,0.0,91,0.3136090609558629,0.05919,0.09,0.05225
2023-10-17 15:00:00,4.429333333333333,19.5,0.0,91,0.2487683759183965,0.05919,0.09,0.05225
2023-10-17 16:00:00,2.689166666666667,20.0,0.0,91,0.127943846873748,0.05919,0.09179999999999999,0.05225
2023-10-17 17:00:00,0.0548333333333333,17.5,0.0,91,0.0653470085828732,0.05919,0.12172,0.05225
2023-10-17 18:00:00,0.0546666666666666,17.25,0.0,91,0.0095137605869457,0.05919,0.14504,0.05225
2023-10-17 19:00:00,0.0541666666666666,16.75,0.0,91,0.0,0.05919,0.12824000000000002,0.05225
2023-10-17 20:00:00,0.0605,15.75,0.0,91,0.0,0.05919,0.10399,0.05225
2023-10-17 21:00:00,0.056,15.5,0.0,91,0.0,0.05919,0.09209999999999999,0.05225
2023-10-17 22:00:00,0.0556666666666666,12.5,0.0,91,0.0,0.05038,0.08478,0.05225
2023-10-17 23:00:00,0.0555,12.0,0.0,91,0.0,0.05038,0.061369999999999994,0.05225
2023-10-18 00:00:00,0.0555,12.5,0.0,91,0.0,0.05038,0.038,0.05225
2023-10-18 01:00:00,0.0546666666666666,13.0,0.0,91,0.0,0.05038,0.027010000000000003,0.05225
2023-10-18 02:00:00,0.0551666666666666,13.0,0.0,91,0.0,0.05038,0.01,0.05225
2023-10-18 03:00:00,0.0603333333333333,13.0,0.0,91,0.0,0.05038,0.00098,0.05225
2023-10-18 04:00:00,0.0546666666666666,13.0,0.0,91,0.0,0.05038,0.00915,0.05225
2023-10-18 05:00:00,0.0543333333333333,13.0,0.0,91,0.0,0.05038,0.04708,0.05225
2023-10-18 06:00:00,0.0536666666666666,12.25,0.0,91,0.0,0.05919,0.07532,0.05225
2023-10-18 07:00:00,0.0533333333333333,12.0,0.0,91,0.0,0.05919,0.09874,0.05225
2023-10-18 08:00:00,0.0536666666666666,12.0,0.0,91,0.0216174357941644,0.05919,0.09527,0.05225
2023-10-18 09:00:00,0.0563333333333333,15.25,0.0,91,0.0871316238957592,0.05919,0.09032,0.05225
2023-10-18 10:00:00,0.0636666666666666,17.5,0.0,91,0.181228034516685,0.05919,0.07692,0.05225
2023-10-18 11:00:00,0.0928333333333333,19.25,0.0,91,0.2083052995469836,0.05919,0.07009,0.05225
2023-10-18 12:00:00,0.0954999999999999,18.5,0.0,91,0.4421345298310634,0.05919,0.064,0.05225
2023-10-18 13:00:00,0.0545,17.5,0.0,91,0.2256729072179549,0.05919,0.06012,0.05225
2023-10-18 14:00:00,0.0545,24.5,0.0,91,0.2238939309731508,0.05919,0.04555,0.05225
2023-10-18 15:00:00,0.0543333333333333,22.5,0.0,91,0.278396238669371,0.05919,0.04697,0.05225
2023-10-18 16:00:00,0.3906666666666666,21.75,0.0,91,0.1824870931185209,0.05919,0.061369999999999994,0.05225
2023-10-18 17:00:00,3.1588333333333334,22.25,0.0,91,0.0576982052509601,0.05919,0.08399,0.05225
2023-10-18 18:00:00,13.533333333333331,19.75,0.0,91,0.0049935042309678,0.05919,0.11347,0.05225
2023-10-18 19:00:00,9.6655,17.25,0.0,91,0.0,0.05919,0.1013,0.05225
2023-10-18 20:00:00,13.203666666666669,16.0,0.0,91,0.0,0.05919,0.08887,0.05225
2023-10-18 21:00:00,11.744833333333332,15.75,0.0,91,0.0,0.05919,0.07,0.05225
2023-10-18 22:00:00,13.832166666666666,14.75,0.0,91,0.0,0.05038,0.04014,0.05225
2023-10-18 23:00:00,10.973,13.0,0.0,91,0.0,0.05038,0.01168,0.05225
2023-10-19 00:00:00,9.911,12.5,0.0,91,0.0,0.05038,0.003,0.05225
2023-10-19 01:00:00,4.339666666666667,13.0,0.0,91,0.0,0.05038,0.00106,0.05225
2023-10-19 02:00:00,12.3615,13.5,0.0,91,0.0,0.05038,0.00346,0.05225
2023-10-19 03:00:00,0.0565,14.0,0.0,91,0.0,0.05038,0.0043,0.05225
2023-10-19 04:00:00,0.0563333333333333,14.0,0.0,91,0.0,0.05038,0.0065,0.05225
2023-10-19 05:00:00,0.0553333333333333,14.0,0.0,91,0.0,0.05038,0.05325,0.05225
2023-10-19 06:00:00,0.0535,13.75,0.0,91,0.0,0.05919,0.075,0.05225
2023-10-19 07:00:00,0.0588333333333333,16.75,0.0,91,0.0,0.05919,0.10909999999999999,0.05225
2023-10-19 08:00:00,0.0538333333333333,20.25,0.0,91,0.0194353847192902,0.05919,0.127,0.05225
2023-10-19 09:00:00,0.0563333333333333,20.0,0.0,91,0.0861823935386462,0.05919,0.11896999999999999,0.05225
2023-10-19 10:00:00,2.5176666666666665,19.75,0.0,91,0.1356892301282311,0.05919,0.11231000000000001,0.05225
2023-10-19 11:00:00,1.0931666666666666,19.75,0.0,91,0.1149519661960438,0.05919,0.1198,0.05225
2023-10-19 12:00:00,0.0545,21.0,0.0,91,0.2618088877099192,0.05919,0.1042,0.05225
2023-10-19 13:00:00,0.1741666666666667,22.5,0.0,91,0.3254000870794312,0.05919,0.10327,0.05225
2023-10-19 14:00:00,1.749,19.75,0.0,91,0.1363074364621415,0.05919,0.10690000000000001,0.05225
2023-10-19 15:00:00,0.0556666666666666,20.75,0.0,91,0.0605093162895267,0.05919,0.10423,0.05225
2023-10-19 16:00:00,0.0548333333333333,21.25,0.0,91,0.057660341874147,0.05919,0.1008,0.05225
2023-10-19 17:00:00,0.0543333333333333,20.5,0.0,91,0.0323516238856519,0.05919,0.14388,0.05225
2023-10-19 18:00:00,0.0545,20.0,0.0,91,0.0068306837253606,0.05919,0.1431,0.05225
2023-10-19 19:00:00,0.0546666666666666,20.0,0.0,91,0.0,0.05919,0.11681,0.05225
2023-10-19 20:00:00,0.0546666666666666,20.0,0.0,91,0.0,0.05919,0.09519,0.05225
2023-10-19 21:00:00,0.0615,17.25,0.0,91,0.0,0.05919,0.09789,0.05225
2023-10-19 22:00:00,0.0568333333333333,16.0,0.0,91,0.0,0.05038,0.08604,0.05225
2023-10-19 23:00:00,0.0565,16.25,0.0,91,0.0,0.05038,0.07759,0.05225
2023-10-20 00:00:00,0.0556666666666666,16.0,0.0,91,0.0,0.05038,0.05168,0.05225
2023-10-20 01:00:00,0.0555,14.0,0.0,91,0.0,0.05038,0.04136,0.05225
2023-10-20 02:00:00,0.0553333333333333,14.75,0.0,91,0.0,0.05038,0.0248,0.05225
2023-10-20 03:00:00,0.056,15.75,0.0,91,0.0,0.05038,0.0057,0.05225
2023-10-20 04:00:00,0.0605,16.0,0.0,91,0.0,0.05038,0.03218,0.05225
2023-10-20 05:00:00,0.0548333333333333,16.0,0.0,91,0.0,0.05038,0.06559000000000001,0.05225
2023-10-20 06:00:00,0.0536666666666666,15.0,0.0,91,0.0,0.05919,0.10812000000000001,0.05225
2023-10-20 07:00:00,0.0535,16.0,0.0,91,0.0,0.05919,0.12054999999999999,0.05225
2023-10-20 08:00:00,0.0536666666666666,18.75,0.0,91,0.0,0.05919,0.12476000000000001,0.05225
2023-10-20 09:00:00,0.054,18.75,0.0,91,0.0032845299025503,0.05919,0.11763,0.05225
2023-10-20 10:00:00,0.2788333333333333,21.5,0.0,91,0.0087930769543362,0.05919,0.11123999999999999,0.05225
2023-10-20 11:00:00,6.454166666666667,22.5,0.0,91,0.0154274357893528,0.05919,0.103,0.05225
2023-10-20 12:00:00,3.8235,22.5,0.0,91,0.0888565813374315,0.05919,0.09770999999999999,0.05225
2023-10-20 13:00:00,0.7713333333333333,22.75,0.0,91,0.2735851282951159,0.05919,0.09436,0.05225
2023-10-20 14:00:00,14.0445,21.25,0.0,91,0.3988158961239025,0.05919,0.09559000000000001,0.05225
2023-10-20 15:00:00,7.714666666666666,21.0,0.0,91,0.3655043582427196,0.05919,0.09931999999999999,0.05225
2023-10-20 16:00:00,12.3875,19.75,0.0,91,0.1656070938273372,0.05919,0.112,0.05225
2023-10-20 17:00:00,13.987166666666669,18.5,0.0,91,0.0157113674845801,0.05919,0.1235,0.05225
2023-10-20 18:00:00,11.259333333333332,18.25,0.0,91,0.0030691452645975,0.05919,0.12778,0.05225
2023-10-20 19:00:00,11.129833333333332,18.25,0.0,91,0.0,0.05919,0.10678,0.05225
2023-10-20 20:00:00,11.5215,19.75,0.0,91,0.0,0.05919,0.08636,0.05225
2023-10-20 21:00:00,0.0698333333333333,19.5,0.0,91,0.0,0.05919,0.08188,0.05225
2023-10-20 22:00:00,0.0565,16.5,0.0,91,0.0,0.05038,0.05715,0.05225
2023-10-20 23:00:00,0.0568333333333333,15.75,0.0,91,0.0,0.05038,0.0531,0.05225
2023-10-21 00:00:00,0.056,15.75,0.0,91,0.0,0.05038,0.037270000000000005,0.05225
2023-10-21 01:00:00,0.0553333333333333,13.25,0.0,91,0.0,0.05038,0.039740000000000004,0.05225
2023-10-21 02:00:00,0.0591666666666666,13.25,0.0,91,0.0,0.05038,0.025,0.05225
2023-10-21 03:00:00,0.0576666666666666,13.75,0.0,91,0.0,0.05038,0.01635,0.05225
2023-10-21 04:00:00,0.055,13.75,0.0,91,0.0,0.05038,0.01635,0.05225
2023-10-21 05:00:00,0.0551666666666666,13.0,0.0,91,0.0,0.05038,0.02963,0.05225
2023-10-21 06:00:00,0.055,13.25,0.0,91,0.0,0.05919,0.0516,0.05225
2023-10-21 07:00:00,0.0551666666666666,13.0,0.0,91,0.0,0.05919,0.055,0.05225
2023-10-21 08:00:00,0.0555,12.75,0.0,91,0.0138869230844016,0.05919,0.0567,0.05225
2023-10-21 09:00:00,0.0556666666666666,12.5,0.0,91,0.0894480340908735,0.05919,0.044829999999999995,0.05225
2023-10-21 10:00:00,0.0605,12.0,0.0,91,0.2698225634322207,0.05919,0.031100000000000003,0.05225
2023-10-21 11:00:00,0.0553333333333333,12.0,0.0,91,0.3762543611444979,0.05919,0.0208,0.05225
2023-10-21 12:00:00,0.0561666666666666,12.75,0.0,91,0.3638935920519707,0.05919,0.01,0.05225
2023-10-21 13:00:00,0.0561666666666666,14.25,0.0,91,0.3959490588587573,0.05919,0.013210000000000001,0.05225
2023-10-21 14:00:00,0.0555,15.0,0.0,91,0.4294536753597424,0.05919,0.01705,0.05225
2023-10-21 15:00:00,0.0558333333333333,15.0,0.0,91,0.2957751282259949,0.05919,0.01775,0.05225
2023-10-21 16:00:00,0.056,15.0,0.0,91,0.1391300850240593,0.05919,0.05009,0.05225
2023-10-21 17:00:00,0.0616666666666666,15.0,0.0,91,0.0949523931283217,0.05919,0.08947,0.05225
2023-10-21 18:00:00,0.056,14.5,0.0,91,0.0074178632665186,0.05919,0.11495999999999999,0.05225
2023-10-21 19:00:00,0.0553333333333333,12.0,0.0,91,0.0,0.05919,0.09094,0.05225
2023-10-21 20:00:00,0.056,12.25,0.0,91,0.0,0.05919,0.05518,0.05225
2023-10-21 21:00:00,0.0566666666666666,13.25,0.0,91,0.0,0.05919,0.05127,0.05225
2023-10-21 22:00:00,0.0573333333333333,15.75,0.0,91,0.0,0.05038,0.04015,0.05225
2023-10-21 23:00:00,0.0578333333333333,16.75,0.0,91,0.0,0.05038,0.04142,0.05225
2023-10-22 00:00:00,0.057,15.75,0.0,91,0.0,0.05038,0.030359999999999998,0.05225
2023-10-22 01:00:00,0.0623333333333333,13.75,0.0,91,0.0,0.05038,0.018600000000000002,0.05225
2023-10-22 02:00:00,0.0561666666666666,14.0,0.0,91,0.0,0.05038,0.01563,0.05225
2023-10-22 03:00:00,0.0563333333333333,14.0,0.0,91,0.0,0.05038,0.01835,0.05225
2023-10-22 04:00:00,0.0563333333333333,15.0,0.0,91,0.0,0.05038,0.03432,0.05225
2023-10-22 05:00:00,0.0565,14.5,0.0,91,0.0,0.05038,0.030260000000000002,0.05225
2023-10-22 06:00:00,0.0565,14.0,0.0,91,0.0,0.05919,0.0582,0.05225
2023-10-22 07:00:00,0.056,13.75,0.0,91,0.0,0.05919,0.05604,0.05225
2023-10-22 08:00:00,0.0568333333333333,13.25,0.0,91,0.0217524785895505,0.05919,0.06454,0.05225
2023-10-22 09:00:00,2.1866666666666665,13.0,0.0,91,0.1343997435284475,0.05919,0.053149999999999996,0.05225
2023-10-22 10:00:00,14.331166666666666,13.0,0.0,91,0.2638893160045656,0.05919,0.04963,0.05225
2023-10-22 11:00:00,11.958666666666666,13.0,0.0,91,0.3600529920137846,0.05919,0.04499,0.05225
2023-10-22 12:00:00,10.327166666666669,12.75,0.0,91,0.3505474367712298,0.05919,0.02919,0.05225
2023-10-22 13:00:00,14.088333333333331,12.75,0.0,91,0.3547694866473858,0.05919,0.03296,0.05225
2023-10-22 14:00:00,13.220333333333334,13.0,0.0,91,0.297734616271451,0.05919,0.052399999999999995,0.05225
2023-10-22 15:00:00,7.461500000000001,13.5,0.0,91,0.2175194882123898,0.05919,0.06855,0.05225
2023-10-22 16:00:00,15.5755,14.75,0.0,91,0.1666789746080708,0.05919,0.09784000000000001,0.05225
2023-10-22 17:00:00,0.9176666666666669,16.75,0.0,91,0.0694265813501471,0.05919,0.13421,0.05225
2023-10-22 18:00:00,0.0551666666666666,22.5,0.0,91,0.0093971794586963,0.05919,0.14059,0.05225
2023-10-22 19:00:00,0.056,24.0,0.0,91,0.0,0.05919,0.12773,0.05225
2023-10-22 20:00:00,0.0561666666666666,23.5,0.0,91,0.0,0.05919,0.11247,0.05225
2023-10-22 21:00:00,0.0555,20.0,0.0,91,0.0,0.05919,0.10218,0.05225
2023-10-22 22:00:00,0.0561666666666666,18.0,0.0,91,0.0,0.05038,0.09774,0.05225
2023-10-22 23:00:00,0.0575,18.75,0.0,91,0.0,0.05038,0.10431,0.05225
2023-10-23 00:00:00,0.0635,18.75,0.0,91,0.0,0.05038,0.10044,0.05225
2023-10-23 01:00:00,0.0576666666666666,19.25,0.0,91,0.0,0.05038,0.10128,0.05225
2023-10-23 02:00:00,0.0568333333333333,21.75,0.0,91,0.0,0.05038,0.09927,0.05225
2023-10-23 03:00:00,0.0565,23.0,0.0,91,0.0,0.05038,0.0969,0.05225
2023-10-23 04:00:00,0.0563333333333333,21.25,0.0,91,0.0,0.05038,0.10068,0.05225
2023-10-23 05:00:00,0.056,19.75,0.0,91,0.0,0.05038,0.10431,0.05225
2023-10-23 06:00:00,0.0558333333333333,21.25,0.0,91,0.0,0.05919,0.13681000000000001,0.05225
2023-10-23 07:00:00,0.0555,24.25,0.0,91,0.0,0.05919,0.15747,0.05225
2023-10-23 08:00:00,0.0579999999999999,27.0,0.0,91,0.0102817094185922,0.05919,0.15046,0.05225
2023-10-23 09:00:00,0.0535,29.25,0.0,91,0.023393504283367,0.05919,0.12807,0.05225
2023-10-23 10:00:00,0.0538333333333333,29.0,0.0,91,0.1372682908050015,0.05919,0.10903,0.05225
2023-10-23 11:00:00,0.0543333333333333,30.25,0.0,91,0.2055973502917167,0.05919,0.10226,0.05225
2023-10-23 12:00:00,0.0551666666666666,29.25,0.0,91,0.2389775215866219,0.05919,0.10321999999999999,0.05225
2023-10-23 13:00:00,0.0551666666666666,31.75,0.0,91,0.2836556406917735,0.05919,0.107,0.05225
2023-10-23 14:00:00,0.0555,33.75,0.0,91,0.3171598268166567,0.05919,0.11112000000000001,0.05225
2023-10-23 15:00:00,0.0603333333333333,34.75,0.0,91,0.1770624781877566,0.05919,0.1148,0.05225
2023-10-23 16:00:00,0.0546666666666666,32.0,0.0,91,0.1410556410112951,0.05919,0.12687,0.05225
2023-10-23 17:00:00,0.0543333333333333,33.0,0.0,91,0.0714825639154156,0.05919,0.13651,0.05225
2023-10-23 18:00:00,0.054,32.75,0.0,91,0.0036708547272042,0.05919,0.15791,0.05225
2023-10-23 19:00:00,0.0545,31.25,0.0,91,0.0,0.05919,0.12994999999999998,0.05225
2023-10-23 20:00:00,0.055,29.75,0.0,91,0.0,0.05919,0.10535,0.05225
2023-10-23 21:00:00,0.0563333333333333,28.75,0.0,91,0.0,0.05919,0.10895999999999999,0.05225
2023-10-23 22:00:00,0.0608333333333333,24.75,0.0,91,0.0,0.05038,0.09276000000000001,0.05225
2023-10-23 23:00:00,0.0593333333333333,24.25,0.0,91,0.0,0.05038,0.10133,0.05225
2023-10-24 00:00:00,0.0558333333333333,21.0,0.0,91,0.0,0.05038,0.09720999999999999,0.05225
2023-10-24 01:00:00,0.0555,21.25,0.0,91,0.0,0.05038,0.09454000000000001,0.05225
2023-10-24 02:00:00,0.0551666666666666,21.75,0.0,91,0.0,0.05038,0.08946,0.05225
2023-10-24 03:00:00,0.0551666666666666,20.75,0.0,91,0.0,0.05038,0.09067,0.05225
2023-10-24 04:00:00,0.0543333333333333,21.5,0.0,91,0.0,0.05038,0.09506,0.05225
2023-10-24 05:00:00,0.054,20.75,0.0,91,0.0,0.05038,0.10404000000000001,0.05225
2023-10-24 06:00:00,0.0591666666666666,22.5,0.0,91,0.0,0.05919,0.12296,0.05225
2023-10-24 07:00:00,0.0538333333333333,29.5,0.0,91,0.0,0.05919,0.13213,0.05225
2023-10-24 08:00:00,0.0538333333333333,35.25,0.0,91,0.0015890598207966,0.05919,0.13635,0.05225
2023-10-24 09:00:00,0.0545,36.0,0.0,91,0.0074351282277677,0.05919,0.12837,0.05225
2023-10-24 10:00:00,0.0538333333333333,36.75,0.0,91,0.0216089743222945,0.05919,0.125,0.05225
2023-10-24 11:00:00,0.0536666666666666,35.5,0.0,91,0.065698034416916,0.05919,0.11899,0.05225
2023-10-24 12:00:00,0.0596666666666666,32.0,0.0,91,0.1181209403633052,0.05919,0.11254,0.05225
2023-10-24 13:00:00,0.1501666666666666,27.75,0.0,91,0.0500929060552874,0.05919,0.10945,0.05225
2023-10-24 14:00:00,0.1558333333333333,26.25,0.0,91,0.0438062390710553,0.05919,0.10348,0.05225
2023-10-24 15:00:00,0.0816666666666666,28.75,0.0,91,0.1221265804258167,0.05919,0.11824,0.05225
2023-10-24 16:00:00,0.0548333333333333,31.0,0.0,91,0.1954260680614373,0.05919,0.12793000000000002,0.05225
2023-10-24 17:00:00,0.0548333333333333,33.0,0.0,91,0.0604337604229266,0.05919,0.15019,0.05225
2023-10-24 18:00:00,0.0584999999999999,35.0,0.0,91,0.0052565811925894,0.05919,0.15412,0.05225
2023-10-24 19:00:00,0.0535,34.75,0.0,91,0.0,0.05919,0.13344999999999999,0.05225
2023-10-24 20:00:00,0.0543333333333333,34.0,0.0,91,0.0,0.05919,0.11931,0.05225
2023-10-24 21:00:00,0.0558333333333333,30.75,0.0,91,0.0,0.05919,0.1141,0.05225
2023-10-24 22:00:00,0.0558333333333333,25.75,0.0,91,0.0,0.05038,0.10278,0.05225
2023-10-24 23:00:00,0.056,24.75,0.0,91,0.0,0.05038,0.09906999999999999,0.05225
2023-10-25 00:00:00,0.0548333333333333,22.75,0.0,91,0.0,0.05038,0.09456,0.05225
2023-10-25 01:00:00,0.0561666666666666,16.5,0.0,91,0.0,0.05038,0.08948,0.05225
2023-10-25 02:00:00,0.0571666666666666,16.75,0.0,91,0.0,0.05038,0.08504,0.05225
2023-10-25 03:00:00,0.0546666666666666,17.0,0.0,91,0.0,0.05038,0.045590000000000006,0.05225
2023-10-25 04:00:00,0.0548333333333333,18.0,0.0,91,0.0,0.05038,0.07364,0.05225
2023-10-25 05:00:00,0.0538333333333333,17.75,0.0,91,0.0,0.05038,0.09183,0.05225
2023-10-25 06:00:00,0.0543333333333333,16.5,0.0,91,0.0,0.05919,0.11048000000000001,0.05225
2023-10-25 07:00:00,0.0541666666666666,18.5,0.0,91,0.0,0.05919,0.11838,0.05225
2023-10-25 08:00:00,0.0546666666666666,23.0,0.0,91,0.0087979487183257,0.05919,0.14051,0.05225
2023-10-25 09:00:00,0.1719999999999999,29.5,0.0,91,0.0396775211432041,0.05919,0.12761,0.05225
2023-10-25 10:00:00,0.1498333333333333,31.75,0.0,91,0.2142190588437594,0.05919,0.12296,0.05225
2023-10-25 11:00:00,0.1498333333333333,31.5,0.0,91,0.2018582898327428,0.05919,0.11741,0.05225
2023-10-25 12:00:00,0.1501666666666666,26.0,0.0,91,0.1399102576166137,0.05919,0.11494,0.05225
2023-10-25 13:00:00,0.151,28.75,0.0,91,0.2345498283907899,0.05919,0.10679000000000001,0.05225
2023-10-25 14:00:00,0.236,25.75,0.0,91,0.3753803406413804,0.05919,0.09426999999999999,0.05225
2023-10-25 15:00:00,3.345333333333334,22.75,0.0,91,0.1450730772099943,0.05919,0.08915000000000001,0.05225
2023-10-25 16:00:00,2.643666666666667,21.75,0.0,91,0.0344756409653231,0.05919,0.07695,0.05225
2023-10-25 17:00:00,0.678,24.25,0.0,91,0.0085832478322534,0.05919,0.14828,0.05225
2023-10-25 18:00:00,0.6435000000000001,28.75,0.0,91,8.743589807651994e-05,0.05919,0.15819999999999998,0.05225
2023-10-25 19:00:00,0.6098333333333333,29.5,0.0,91,0.0,0.05919,0.13725,0.05225
2023-10-25 20:00:00,0.2498333333333333,27.0,0.0,91,0.0,0.05919,0.12376999999999999,0.05225
2023-10-25 21:00:00,0.2498333333333333,23.25,0.0,91,0.0,0.05919,0.12006,0.05225
2023-10-25 22:00:00,0.2501666666666666,23.25,0.0,91,0.0,0.05038,0.1128,0.05225
2023-10-25 23:00:00,0.2508333333333333,22.75,0.0,91,0.0,0.05038,0.09253,0.05225
2023-10-26 00:00:00,0.2508333333333333,22.0,0.0,91,0.0,0.05038,0.09343000000000001,0.05225
2023-10-26 01:00:00,0.2511666666666667,18.75,0.0,91,0.0,0.05038,0.09257,0.05225
2023-10-26 02:00:00,0.2503333333333333,20.75,0.0,91,0.0,0.05038,0.09,0.05225
2023-10-26 03:00:00,0.2494999999999999,21.5,0.0,91,0.0,0.05038,0.09156,0.05225
2023-10-26 04:00:00,0.2493333333333333,21.0,0.0,91,0.0,0.05038,0.1,0.05225
2023-10-26 05:00:00,0.2588333333333333,21.0,0.0,91,0.0,0.05038,0.11708,0.05225
2023-10-26 06:00:00,0.248,23.5,0.0,91,0.0,0.05919,0.13366,0.05225
2023-10-26 07:00:00,0.2515,31.0,0.0,91,0.0,0.05919,0.14385,0.05225
2023-10-26 08:00:00,0.2515,34.25,0.0,91,0.0068944444055231,0.05919,0.149,0.05225
2023-10-26 09:00:00,0.2518333333333333,37.5,0.0,91,0.0250687179198631,0.05919,0.14637,0.05225
2023-10-26 10:00:00,0.3443333333333333,38.0,0.0,91,0.0322962393312372,0.05919,0.14,0.05225
2023-10-26 11:00:00,0.4136666666666666,37.5,0.0,91,0.0376040171761798,0.05919,0.13111,0.05225
2023-10-26 12:00:00,0.4368333333333332,37.25,0.383985,91,0.0526666670171623,0.05919,0.12009,0.05225
2023-10-26 13:00:00,0.4371666666666665,36.5,0.48374,91,0.1148017940358219,0.05919,0.1196,0.05225
2023-10-26 14:00:00,0.4791666666666666,36.5,0.196705,91,0.1425182053981683,0.05919,0.1083,0.05225
2023-10-26 15:00:00,11.4865,37.5,0.1879849999999999,91,0.0752073509672768,0.05919,0.10198,0.05225
2023-10-26 16:00:00,5.251,38.75,0.2474799999999999,91,0.0372084615169427,0.05919,0.11470999999999999,0.05225
2023-10-26 17:00:00,3.921833333333333,38.75,0.195045,91,0.0214015385432121,0.05919,0.15109,0.05225
2023-10-26 18:00:00,8.014833333333334,35.25,0.03947,91,0.0025929059861944,0.05919,0.15141,0.05225
2023-10-26 19:00:00,3.8225,33.25,0.001055,91,0.0,0.05919,0.13129,0.05225
2023-10-26 20:00:00,0.3739999999999999,32.75,0.0001849999999999,91,0.0,0.05919,0.11906,0.05225
2023-10-26 21:00:00,12.834166666666668,34.5,0.0,91,0.0,0.05919,0.11706,0.05225
2023-10-26 22:00:00,18.5255,33.0,0.0,91,0.0,0.05038,0.10485,0.05225
2023-10-26 23:00:00,6.815833333333334,31.25,0.0,91,0.0,0.05038,0.10456,0.05225
2023-10-27 00:00:00,0.0555,23.25,0.0,91,0.0,0.05038,0.09505,0.05225
2023-10-27 01:00:00,0.0556666666666666,15.75,0.0,91,0.0,0.05038,0.07795999999999999,0.05225
2023-10-27 02:00:00,0.0556666666666666,15.0,0.0,91,0.0,0.05038,0.06397,0.05225
2023-10-27 03:00:00,0.0556666666666666,16.75,0.0,91,0.0,0.05038,0.04537,0.05225
2023-10-27 04:00:00,0.061,14.75,0.0,91,0.0,0.05038,0.07013,0.05225
2023-10-27 05:00:00,0.0553333333333333,15.5,0.0,91,0.0,0.05038,0.08744,0.05225
2023-10-27 06:00:00,0.0548333333333333,15.25,0.382855,91,0.0,0.05919,0.12293000000000001,0.05225
2023-10-27 07:00:00,0.0533333333333333,15.75,0.713745,91,0.0,0.05919,0.15143,0.05225
2023-10-27 08:00:00,0.0528333333333333,17.25,0.5857849999999999,91,0.0055997435888673,0.05919,0.1527,0.05225
2023-10-27 09:00:00,0.065,17.75,0.44683,91,0.0271737607116373,0.05919,0.1272,0.05225
2023-10-27 10:00:00,4.0485,16.5,0.33835,91,0.1135432477690215,0.05919,0.10392,0.05225
2023-10-27 11:00:00,7.737500000000001,17.0,0.2643049999999999,91,0.2087070069761357,0.05919,0.09508,0.05225
2023-10-27 12:00:00,4.124333333333333,17.0,0.21527,91,0.3845212812505217,0.05919,0.09211,0.05225
2023-10-27 13:00:00,7.585,16.75,0.105045,91,0.4501068363026677,0.05919,0.06867,0.05225
2023-10-27 14:00:00,5.851500000000001,16.5,0.0082849999999999,91,0.2774727376302082,0.05919,0.08456999999999999,0.05225
2023-10-27 15:00:00,3.729,16.5,0.09257,91,0.168463675181071,0.05919,0.06397,0.05225
2023-10-27 16:00:00,5.792833333333333,18.0,0.15446,91,0.0868835894266764,0.05919,0.11604,0.05225
2023-10-27 17:00:00,4.997833333333333,20.25,0.064625,91,0.0395315385068583,0.05919,0.1403,0.05225
2023-10-27 18:00:00,4.268,18.75,0.002645,91,0.0044897435482941,0.05919,0.14092,0.05225
2023-10-27 19:00:00,0.0713333333333333,15.0,0.00053,91,0.0,0.05919,0.12168000000000001,0.05225
2023-10-27 20:00:00,0.0556666666666666,18.25,0.0,91,0.0,0.05919,0.10038,0.05225
2023-10-27 21:00:00,0.056,18.0,0.0,91,0.0,0.05919,0.09695000000000001,0.05225
2023-10-27 22:00:00,0.0563333333333333,15.5,0.0,91,0.0,0.05038,0.0937,0.05225
2023-10-27 23:00:00,0.057,20.75,0.0,91,0.0,0.05038,0.0846,0.05225
2023-10-28 00:00:00,0.0555,19.0,0.0,91,0.0,0.05038,0.06861,0.05225
2023-10-28 01:00:00,0.0598333333333333,13.0,0.0,91,0.0,0.05038,0.06459000000000001,0.05225
2023-10-28 02:00:00,0.0545,12.5,0.0,91,0.0,0.05038,0.055,0.05225
2023-10-28 03:00:00,0.0545,13.0,0.0,91,0.0,0.05038,0.04596,0.05225
2023-10-28 04:00:00,0.0543333333333333,13.0,0.0,91,0.0,0.05038,0.03419,0.05225
2023-10-28 05:00:00,0.054,13.0,0.0,91,0.0,0.05038,0.060039999999999996,0.05225
2023-10-28 06:00:00,0.0546666666666666,13.0,0.0,91,0.0,0.05919,0.05773,0.05225
2023-10-28 07:00:00,0.0548333333333333,12.5,0.0,91,0.0,0.05919,0.08749,0.05225
2023-10-28 08:00:00,0.06,11.5,0.0,91,0.0200743589486576,0.05919,0.08917,0.05225
2023-10-28 09:00:00,0.0553333333333333,11.0,0.0,91,0.0870692314245761,0.05919,0.08701,0.05225
2023-10-28 10:00:00,0.0551666666666666,11.0,0.0,91,0.1690115380898499,0.05919,0.06919,0.05225
2023-10-28 11:00:00,0.0546666666666666,11.0,0.0,91,0.2456281195746527,0.05919,0.039009999999999996,0.05225
2023-10-28 12:00:00,0.055,11.0,0.0,91,0.349031621492826,0.05919,0.03,0.05225
2023-10-28 13:00:00,0.0551666666666666,10.75,0.0,91,0.1904794008303911,0.05919,0.016989999999999998,0.05225
2023-10-28 14:00:00,0.0551666666666666,11.0,0.0,91,0.497379401769394,0.05919,0.02504,0.05225
2023-10-28 15:00:00,0.0606666666666666,11.0,0.0,91,0.3489811947814419,0.05919,0.0148,0.05225
2023-10-28 16:00:00,0.0551666666666666,11.25,0.0,91,0.2174447866586538,0.05919,0.036950000000000004,0.05225
2023-10-28 17:00:00,0.0558333333333333,11.75,0.0,91,0.0545963246801979,0.05919,0.07690000000000001,0.05225
2023-10-28 18:00:00,0.0555,11.0,0.0,91,0.0028077777630339,0.05919,0.0635,0.05225
2023-10-28 19:00:00,0.0561666666666666,11.0,0.0,91,0.0,0.05919,0.0412,0.05225
2023-10-28 20:00:00,0.0561666666666666,11.0,0.0,91,0.0,0.05919,0.02426,0.05225
2023-10-28 21:00:00,0.0555,11.0,0.0,91,0.0,0.05919,0.01682,0.05225
2023-10-28 22:00:00,0.0616666666666666,11.0,0.0,91,0.0,0.05038,0.00456,0.05225
2023-10-28 23:00:00,0.0565,11.0,0.0,91,0.0,0.05038,0.00807,0.05225
2023-10-29 00:00:00,0.0568333333333333,12.25,0.0,91,0.0,0.05038,0.00138,0.05225
2023-10-29 01:00:00,0.0561666666666666,13.75,0.0,91,0.0,0.05038,2e-05,0.05225
2023-10-29 02:00:00,0.0560833333333333,14.0,0.0,91,0.0,0.05038,0.0,0.05225
2023-10-29 03:00:00,0.0558333333333333,15.0,0.0,91,0.0,0.05038,0.0,0.05225
2023-10-29 04:00:00,0.0613333333333333,15.0,0.0,91,0.0,0.05038,0.0,0.05225
2023-10-29 05:00:00,0.0555,14.5,0.0,91,0.0,0.05038,0.0,0.05225
2023-10-29 06:00:00,0.0555,14.0,0.0,91,0.0,0.05919,5e-05,0.05225
2023-10-29 07:00:00,0.0565,13.25,0.0,91,0.0058093162568715,0.05919,0.00069,0.05225
2023-10-29 08:00:00,0.0568333333333333,13.0,0.0,91,0.0593332479957841,0.05919,0.00091,0.05225
2023-10-29 09:00:00,0.057,12.5,0.0,91,0.1650359843327448,0.05919,0.00086,0.05225
2023-10-29 10:00:00,0.057,12.0,0.0,91,0.2569283747876811,0.05919,0.0006,0.05225
2023-10-29 11:00:00,0.0625,11.75,0.0,91,0.2797196588760767,0.05919,0.00066,0.05225
2023-10-29 12:00:00,0.0571666666666666,11.5,0.0,91,0.285559231684758,0.05919,0.0009599999999999999,0.05225
2023-10-29 13:00:00,0.057,11.25,0.0,91,0.2199317097460102,0.05919,0.0014199999999999998,0.05225
2023-10-29 14:00:00,0.0565,11.75,0.0,91,0.1424848719539805,0.05919,0.01035,0.05225
2023-10-29 15:00:00,0.0563333333333333,11.5,0.0,91,0.0698325643783961,0.05919,0.01456,0.05225
2023-10-29 16:00:00,0.0565,11.75,0.0,91,0.0355562390425266,0.05919,0.007690000000000001,0.05225
2023-10-29 17:00:00,0.0561666666666666,12.0,0.0,91,0.0028076068462772,0.05919,0.02158,0.05225
2023-10-29 18:00:00,0.0611666666666666,11.25,0.0,91,0.0,0.05919,0.048299999999999996,0.05225
2023-10-29 19:00:00,0.0561666666666666,11.0,0.0,91,0.0,0.05919,0.06420999999999999,0.05225
2023-10-29 20:00:00,0.0571666666666666,11.25,0.0,91,0.0,0.05919,0.06381,0.05225
2023-10-29 21:00:00,0.0581666666666666,11.5,0.0,91,0.0,0.05919,0.05621,0.05225
2023-10-29 22:00:00,0.0568333333333333,12.0,0.0,91,0.0,0.05038,0.052469999999999996,0.05225
2023-10-29 23:00:00,0.0566666666666666,12.0,0.0,91,0.0,0.05038,0.039310000000000005,0.05225
2023-10-30 00:00:00,0.0565,13.75,0.0,91,0.0,0.05038,0.008,0.05225
2023-10-30 01:00:00,0.0608333333333333,14.75,0.0,91,0.0,0.05038,0.008199999999999999,0.05225
2023-10-30 02:00:00,0.0555,14.5,0.0,91,0.0,0.05038,0.00836,0.05225
2023-10-30 03:00:00,0.0545,15.0,0.0,91,0.0,0.05038,0.01002,0.05225
2023-10-30 04:00:00,0.0543333333333333,15.25,0.0,91,0.0,0.05038,0.01391,0.05225
2023-10-30 05:00:00,0.0543333333333333,16.0,0.0,91,0.0,0.05038,0.0212,0.05225
2023-10-30 06:00:00,0.0538333333333333,16.25,0.0,91,0.0,0.05919,0.07765000000000001,0.05225
2023-10-30 07:00:00,0.053,16.5,0.0,91,0.0057226496450921,0.05919,0.10625,0.05225
2023-10-30 08:00:00,0.0586666666666666,16.75,0.0,91,0.0302779488685803,0.05919,0.111,0.05225
2023-10-30 09:00:00,0.0846666666666666,17.0,0.0,91,0.0340460686398367,0.05919,0.103,0.05225
2023-10-30 10:00:00,0.1201666666666666,17.0,0.0,91,0.0935129917177379,0.05919,0.09,0.05225
2023-10-30 11:00:00,0.1105,16.25,0.0,91,0.0827220509602473,0.05919,0.09617,0.05225
2023-10-30 12:00:00,0.0291666666666666,15.75,0.0,91,0.0272611965481032,0.05919,0.10254,0.05225
2023-10-30 13:00:00,0.024,16.25,0.0,91,0.0080047863059573,0.05919,0.11462,0.05225
2023-10-30 14:00:00,0.0238333333333333,18.0,0.0,91,0.0035928205165088,0.05919,0.12398,0.05225
2023-10-30 15:00:00,0.024,20.75,0.0,91,0.0014523931602254,0.05919,0.13945,0.05225
2023-10-30 16:00:00,0.0241666666666666,23.0,0.0,91,0.0017260683924118,0.05919,0.14032,0.05225
2023-10-30 17:00:00,0.0293333333333333,33.75,0.0,91,0.0,0.05919,0.16584000000000002,0.05225
2023-10-30 18:00:00,0.0238333333333333,37.0,0.0,91,0.0,0.05919,0.171,0.05225
2023-10-30 19:00:00,0.0238333333333333,35.75,0.0,91,0.0,0.05919,0.15122,0.05225
2023-10-30 20:00:00,0.024,34.75,0.0,91,0.0,0.05919,0.12905,0.05225
2023-10-30 21:00:00,0.0241666666666666,28.5,0.0,91,0.0,0.05919,0.10698,0.05225
2023-10-30 22:00:00,0.0243333333333333,23.5,0.0,91,0.0,0.05038,0.11435,0.05225
2023-10-30 23:00:00,0.0233333333333333,24.0,0.0,91,0.0,0.05038,0.09999,0.05225
2023-10-31 00:00:00,0.0223333333333333,24.75,0.0,91,0.0,0.05038,0.08605,0.05225
2023-10-31 01:00:00,0.0295,21.25,0.0,91,0.0,0.05038,0.0792,0.05225
2023-10-31 02:00:00,0.024,18.75,0.0,91,0.0,0.05038,0.07196,0.05225
2023-10-31 03:00:00,0.0238333333333333,18.0,0.0,91,0.0,0.05038,0.0648,0.05225
2023-10-31 04:00:00,0.024,18.0,0.0,91,0.0,0.05038,0.0655,0.05225
2023-10-31 05:00:00,0.024,18.0,0.0,91,0.0,0.05038,0.07526000000000001,0.05225
2023-10-31 06:00:00,0.0245,17.25,0.93146,91,0.0,0.05919,0.0948,0.05225
2023-10-31 07:00:00,0.0245,19.75,1.402945,91,0.0022267521204602,0.05919,0.1142,0.05225
2023-10-31 08:00:00,0.0293333333333333,20.0,0.867515,91,0.0161790598967136,0.05919,0.12947,0.05225
2023-10-31 09:00:00,0.0231666666666666,18.25,0.5973350000000001,91,0.0373118806496644,0.05919,0.11501,0.05225
2023-10-31 10:00:00,0.0445,19.0,0.3865449999999999,91,0.07612923120841,0.05919,0.10524,0.05225
2023-10-31 11:00:00,0.0133333333333333,20.0,0.313525,91,0.1161827343345707,0.05919,0.1045,0.05225
2023-10-31 12:00:00,0.0133333333333333,16.75,0.2446199999999999,91,0.1975317099155523,0.05919,0.10264,0.05225
2023-10-31 13:00:00,0.0133333333333333,16.75,0.216885,91,0.1637068376785669,0.05919,0.10194,0.05225
2023-10-31 14:00:00,0.0121666666666666,16.5,0.138335,91,0.1844791446587978,0.05919,0.10992,0.05225
2023-10-31 15:00:00,0.0096666666666666,21.75,0.1875,91,0.1177388031462318,0.05919,0.11907,0.05225
2023-10-31 16:00:00,0.0015,29.25,0.20919,91,0.0772094875523167,0.05919,0.13511,0.05225
2023-10-31 17:00:00,0.0001666666666666,31.75,0.060395,91,0.0031916239647131,0.05919,0.16181,0.05225
2023-10-31 18:00:00,0.0,30.75,0.0011599999999999,91,0.0,0.05919,0.17204,0.05225
2023-10-31 19:00:00,0.0001666666666666,27.0,0.0002399999999999,91,0.0,0.05919,0.15292,0.05225
2023-10-31 20:00:00,0.0,26.75,0.0,91,0.0,0.05919,0.12588,0.05225
2023-10-31 21:00:00,0.0001666666666666,24.5,0.0,91,0.0,0.05919,0.11592,0.05225
2023-10-31 22:00:00,0.0,20.75,0.0,91,0.0,0.05038,0.10931,0.05225
2023-10-31 23:00:00,0.0001666666666666,22.75,0.0,91,0.0,0.05038,0.09843,0.05225
2023-11-01 00:00:00,0.0,25.75,0.0,91,0.0,0.05735,0.0634,0.06943
2023-11-01 01:00:00,0.0,19.75,0.0,91,0.0,0.05735,0.01702,0.06943
2023-11-01 02:00:00,0.0,19.75,0.0,91,0.0,0.05735,0.0079,0.06943
2023-11-01 03:00:00,0.0,20.75,0.0,91,0.0,0.05735,0.00992,0.06943
2023-11-01 04:00:00,0.0,22.5,0.0,91,0.0,0.05735,0.00679,0.06943
2023-11-01 05:00:00,0.0,22.75,0.0,91,0.0,0.05735,0.01273,0.06943
2023-11-01 06:00:00,0.0,21.5,0.0,91,0.0,0.22622,0.033049999999999996,0.06943
2023-11-01 07:00:00,0.0,20.25,0.0,91,0.0107466666878033,0.22622,0.05973,0.06943
2023-11-01 08:00:00,0.0,20.0,0.0,91,0.0532176923344277,0.22622,0.057,0.06943
2023-11-01 09:00:00,0.0,20.0,0.0,91,0.1188006837958963,0.22622,0.06923,0.06943
2023-11-01 10:00:00,0.0,20.0,0.0,91,0.1478299145820813,0.22622,0.040100000000000004,0.06943
2023-11-01 11:00:00,0.0,18.5,0.0,91,0.1843868369730109,0.22622,0.03971,0.06943
2023-11-01 12:00:00,0.0,17.0,0.0,91,0.0935455558646438,0.22622,0.04764,0.06943
2023-11-01 13:00:00,0.0,18.25,0.0,91,0.056058290432661,0.22622,0.0305,0.06943
2023-11-01 14:00:00,0.0,17.0,0.0,91,0.0349368374979394,0.22622,0.01796,0.06943
2023-11-01 15:00:00,0.0,17.5,0.0,91,0.0114568375267534,0.22622,0.01632,0.06943
2023-11-01 16:00:00,0.0,17.75,0.0,91,0.0066242735189759,0.22622,0.038079999999999996,0.06943
2023-11-01 17:00:00,0.0,21.0,0.0,91,0.0005064102585435,0.22622,0.047020000000000006,0.06943
2023-11-01 18:00:00,0.0,20.25,0.0,91,0.0,0.22622,0.08153,0.06943
2023-11-01 19:00:00,0.0,17.5,0.0,91,0.0,0.22622,0.0719,0.06943
2023-11-01 20:00:00,0.0,17.5,0.0,91,0.0,0.22622,0.05659,0.06943
2023-11-01 21:00:00,0.0,18.25,0.0,91,0.0,0.22622,0.04087,0.06943
2023-11-01 22:00:00,0.0,18.25,0.0,91,0.0,0.05735,0.038829999999999996,0.06943
2023-11-01 23:00:00,0.0,18.25,0.0,91,0.0,0.05735,0.02168,0.06943
2023-11-02 00:00:00,0.0,19.5,0.0,91,0.0,0.05735,0.019149999999999997,0.06943
2023-11-02 01:00:00,0.0,20.0,0.0,91,0.0,0.05735,0.0043,0.06943
2023-11-02 02:00:00,0.0,20.5,0.0,91,0.0,0.05735,0.0007700000000000001,0.06943
2023-11-02 03:00:00,0.0,20.75,0.0,91,0.0,0.05735,5.9999999999999995e-05,0.06943
2023-11-02 04:00:00,0.0,20.75,0.0,91,0.0,0.05735,8.999999999999999e-05,0.06943
2023-11-02 05:00:00,0.0,20.5,0.0,91,0.0,0.05735,0.0016,0.06943
2023-11-02 06:00:00,0.0,19.5,0.32069,91,0.0,0.22622,0.01477,0.06943
2023-11-02 07:00:00,0.0,18.75,0.534695,91,0.0002733333300576,0.22622,0.07656,0.06943
2023-11-02 08:00:00,0.0,18.0,0.3457,91,0.0085149572343907,0.22622,0.08533,0.06943
2023-11-02 09:00:00,0.0,17.75,0.51219,91,0.0046454700802126,0.22622,0.07179,0.06943
2023-11-02 10:00:00,0.0,17.0,0.6871100000000001,91,0.0118845298504218,0.22622,0.06063,0.06943
2023-11-02 11:00:00,0.0,17.0,0.6795300000000001,91,0.031384016978435,0.22622,0.062270000000000006,0.06943
2023-11-02 12:00:00,0.0,17.0,0.4641362409845448,91,0.0331887179969722,0.22622,0.06185,0.06943
2023-11-02 13:00:00,0.0,17.0,0.4196512409845449,91,0.0246217094017909,0.22622,0.061340000000000006,0.06943
2023-11-02 14:00:00,0.0,16.5,0.58079,91,0.2546757262792343,0.22622,0.075,0.06943
2023-11-02 15:00:00,0.0,16.0,0.46237,91,0.1456263246291723,0.22622,0.087,0.06943
2023-11-02 16:00:00,0.0,17.0,0.4308,91,0.052659743830689,0.22622,0.09376999999999999,0.06943
2023-11-02 17:00:00,0.0,16.75,0.478305,91,0.002235213661821,0.22622,0.10102,0.06943
2023-11-02 18:00:00,0.0,16.5,0.357605,91,0.0,0.22622,0.11155,0.06943
2023-11-02 19:00:00,0.0,16.0,0.100815,91,0.0,0.22622,0.09655,0.06943
2023-11-02 20:00:00,0.0,17.0,0.00094,91,0.0,0.22622,0.08814,0.06943
2023-11-02 21:00:00,0.0,17.25,0.000215,91,0.0,0.22622,0.07617,0.06943
2023-11-02 22:00:00,0.0,17.75,0.0,91,0.0,0.05735,0.07227,0.06943
2023-11-02 23:00:00,0.0,17.75,0.0,91,0.0,0.05735,0.05704,0.06943
2023-11-03 00:00:00,0.0,19.25,0.0,91,0.0,0.05735,0.01517,0.06943
2023-11-03 01:00:00,0.0,20.25,0.0,91,0.0,0.05735,0.011470000000000001,0.06943
2023-11-03 02:00:00,0.0,21.0,0.0,91,0.0,0.05735,0.01,0.06943
2023-11-03 03:00:00,0.0,21.0,0.0,91,0.0,0.05735,0.005730000000000001,0.06943
2023-11-03 04:00:00,0.0,21.5,0.0,91,0.0,0.05735,0.00973,0.06943
2023-11-03 05:00:00,0.0,20.5,0.0,91,0.0,0.05735,0.023600000000000003,0.06943
2023-11-03 06:00:00,0.0,19.75,0.44224,91,0.0,0.22622,0.06204,0.06943
2023-11-03 07:00:00,0.0,17.75,1.30451,91,0.0147600854563916,0.22622,0.09098,0.06943
2023-11-03 08:00:00,0.0,17.0,1.28294,91,0.1184783757853711,0.22622,0.09525,0.06943
2023-11-03 09:00:00,0.0,17.0,0.6738750000000001,91,0.1458219669211624,0.22622,0.08959,0.06943
2023-11-03 10:00:00,0.0,17.0,0.52342,91,0.282545900263338,0.22622,0.08298,0.06943
2023-11-03 11:00:00,0.0,16.5,0.4926149999999999,91,0.3106031616732606,0.22622,0.0727,0.06943
2023-11-03 12:00:00,0.0,17.25,0.4344699999999999,91,0.2771380336468036,0.22622,0.06261,0.06943
2023-11-03 13:00:00,0.0,18.0,0.3769799999999999,91,0.2647507691994691,0.22622,0.061619999999999994,0.06943
2023-11-03 14:00:00,0.0,19.0,0.3434399999999999,91,0.190159401282286,0.22622,0.06555,0.06943
2023-11-03 15:00:00,0.0,20.25,0.3990849999999999,91,0.0312848716923314,0.22622,0.06984,0.06943
2023-11-03 16:00:00,0.0,21.75,0.4641849999999999,91,0.0087476068531346,0.22622,0.08234999999999999,0.06943
2023-11-03 17:00:00,0.0,27.75,0.531125,91,0.0006440170992436,0.22622,0.08406999999999999,0.06943
2023-11-03 18:00:00,0.0,33.25,0.43682,91,0.0,0.22622,0.09333,0.06943
2023-11-03 19:00:00,0.0,34.75,0.2127499999999999,91,0.0,0.22622,0.08965999999999999,0.06943
2023-11-03 20:00:00,0.0,29.75,0.0939299999999999,91,0.0,0.22622,0.07024,0.06943
2023-11-03 21:00:00,0.0,21.75,0.0593449999999999,91,0.0,0.22622,0.05361,0.06943
2023-11-03 22:00:00,0.0,17.5,0.02977,91,0.0,0.05735,0.04553,0.06943
2023-11-03 23:00:00,0.0,18.0,0.001175,91,0.0,0.05735,0.022879999999999998,0.06943
2023-11-04 00:00:00,0.0,18.25,0.04887,91,0.0,0.05735,0.04572,0.06943
2023-11-04 01:00:00,0.0,19.75,0.202005,91,0.0,0.05735,0.032060000000000005,0.06943
2023-11-04 02:00:00,0.0,20.0,0.1990149999999999,91,0.0,0.05735,0.03,0.06943
2023-11-04 03:00:00,0.0,20.0,0.0996549999999999,91,0.0,0.05735,0.022010000000000002,0.06943
2023-11-04 04:00:00,0.0,21.0,0.12947,91,0.0,0.05735,0.019190000000000002,0.06943
2023-11-04 05:00:00,0.0,21.25,0.2831,91,0.0,0.05735,0.0154,0.06943
2023-11-04 06:00:00,0.0,20.25,0.266225,91,0.0,0.22622,0.01613,0.06943
2023-11-04 07:00:00,0.0,18.5,0.078705,91,0.0027701709591425,0.22622,0.025079999999999998,0.06943
2023-11-04 08:00:00,0.0,17.25,0.0210449999999999,91,0.0246787180350376,0.22622,0.02585,0.06943
2023-11-04 09:00:00,0.0,17.5,0.001105,91,0.0389301710862379,0.22622,0.02,0.06943
2023-11-04 10:00:00,0.0,17.25,0.0001899999999999,91,0.05909538468744,0.22622,0.013949999999999999,0.06943
2023-11-04 11:00:00,0.0,17.5,0.0,91,0.2347554699172321,0.22622,0.0152,0.06943
2023-11-04 12:00:00,0.0,17.0,0.0,91,0.3944338443136624,0.22622,0.02,0.06943
2023-11-04 13:00:00,0.0,17.0,0.0,91,0.2210167534330971,0.22622,0.02114,0.06943
2023-11-04 14:00:00,0.0,17.0,0.0,91,0.0836420510772965,0.22622,0.030789999999999998,0.06943
2023-11-04 15:00:00,0.0,17.0,0.0,91,0.0342517095549493,0.22622,0.03775,0.06943
2023-11-04 16:00:00,0.0,17.0,0.0,91,0.0328462394205932,0.22622,0.02696,0.06943
2023-11-04 17:00:00,0.0,17.0,0.0,91,0.0002492307674171,0.22622,0.031149999999999997,0.06943
2023-11-04 18:00:00,0.0,16.75,0.0,91,0.0,0.22622,0.046979999999999994,0.06943
2023-11-04 19:00:00,0.0,17.0,0.0,91,0.0,0.22622,0.03689,0.06943
2023-11-04 20:00:00,0.0,17.75,0.0,91,0.0,0.22622,0.02205,0.06943
2023-11-04 21:00:00,0.0,18.0,0.0,91,0.0,0.22622,0.016210000000000002,0.06943
2023-11-04 22:00:00,0.0,19.0,0.0,91,0.0,0.05735,0.01173,0.06943
2023-11-04 23:00:00,0.0,18.75,0.0,91,0.0,0.05735,0.00705,0.06943
2023-11-05 00:00:00,0.0,20.25,0.0,91,0.0,0.05735,0.00871,0.06943
2023-11-05 01:00:00,0.0,21.25,0.0,91,0.0,0.05735,0.0065899999999999995,0.06943
2023-11-05 02:00:00,0.0,21.25,0.0,91,0.0,0.05735,0.00518,0.06943
2023-11-05 03:00:00,0.0,22.25,0.0,91,0.0,0.05735,0.00298,0.06943
2023-11-05 04:00:00,0.0,22.75,0.0,91,0.0,0.05735,0.00424,0.06943
2023-11-05 05:00:00,0.0,22.0,0.0,91,0.0,0.05735,0.00799,0.06943
2023-11-05 06:00:00,0.0,22.0,0.0,91,0.0,0.22622,0.00782,0.06943
2023-11-05 07:00:00,0.0,20.75,0.0,91,0.0008223076935252,0.22622,0.01129,0.06943
2023-11-05 08:00:00,0.0,19.75,0.0,91,0.0130200855039123,0.22622,0.01438,0.06943
2023-11-05 09:00:00,0.0,18.25,0.0,91,0.0790017946357401,0.22622,0.020300000000000002,0.06943
2023-11-05 10:00:00,0.0,17.75,0.0,91,0.0959326491396651,0.22622,0.013269999999999999,0.06943
2023-11-05 11:00:00,0.0,17.5,0.0,91,0.1650313667558197,0.22622,0.01297,0.06943
2023-11-05 12:00:00,0.0,17.0,0.0,91,0.1989735057211329,0.22622,0.013689999999999999,0.06943
2023-11-05 13:00:00,0.0,17.0,0.0,91,0.3478018801436464,0.22622,0.004900000000000001,0.06943
2023-11-05 14:00:00,0.0,17.5,0.0,91,0.2637685460310716,0.22622,0.0038,0.06943
2023-11-05 15:00:00,0.0,18.0,0.0,91,0.0221006837563636,0.22622,0.01462,0.06943
2023-11-05 16:00:00,0.0,18.25,0.0,91,0.0231134187971424,0.22622,0.033,0.06943
2023-11-05 17:00:00,0.0,18.0,0.0,91,0.0013943589860016,0.22622,0.03968,0.06943
2023-11-05 18:00:00,0.0,17.5,0.0,91,0.0,0.22622,0.07277,0.06943
2023-11-05 19:00:00,0.0,17.0,0.0,91,0.0,0.22622,0.05926,0.06943
2023-11-05 20:00:00,0.0,18.0,0.0,91,0.0,0.22622,0.047020000000000006,0.06943
2023-11-05 21:00:00,0.0,19.0,0.0,91,0.0,0.22622,0.0273,0.06943
2023-11-05 22:00:00,0.0,19.25,0.0,91,0.0,0.05735,0.02286,0.06943
2023-11-05 23:00:00,0.0,20.25,0.0,91,0.0,0.05735,0.01642,0.06943
2023-11-06 00:00:00,0.0,22.0,0.0,91,0.0,0.05735,0.0141,0.06943
2023-11-06 01:00:00,0.0,23.5,0.0,91,0.0,0.05735,0.00943,0.06943
2023-11-06 02:00:00,0.0,23.75,0.0,91,0.0,0.05735,0.0043,0.06943
2023-11-06 03:00:00,0.0,24.0,0.0,91,0.0,0.05735,0.00177,0.06943
2023-11-06 04:00:00,0.0,23.75,0.0,91,0.0,0.05735,0.0043,0.06943
2023-11-06 05:00:00,0.0,23.25,0.382945,91,0.0,0.05735,0.01693,0.06943
2023-11-06 06:00:00,0.0,23.5,1.0363,91,0.0,0.22622,0.07357,0.06943
2023-11-06 07:00:00,0.0,23.75,1.136835,91,0.0023186324683264,0.22622,0.09664,0.06943
2023-11-06 08:00:00,0.0,25.25,0.92509,91,0.0285688033674517,0.22622,0.09858,0.06943
2023-11-06 09:00:00,0.0,25.5,0.79296,91,0.0447647861741546,0.22622,0.07829000000000001,0.06943
2023-11-06 10:00:00,0.0,27.25,0.654365,91,0.1695632481371235,0.22622,0.0613,0.06943
2023-11-06 11:00:00,0.0,26.0,0.48286,91,0.3228729901762089,0.22622,0.057460000000000004,0.06943
2023-11-06 12:00:00,0.0,25.5,0.282965,91,0.4173905106894992,0.22622,0.05805,0.06943
2023-11-06 13:00:00,0.0,25.5,0.22979,91,0.1662387179513263,0.22622,0.06698,0.06943
2023-11-06 14:00:00,0.0,27.25,0.2180499999999999,91,0.2647553843310756,0.22622,0.08053,0.06943
2023-11-06 15:00:00,0.0,32.0,0.1906299999999999,91,0.1488885477669218,0.22622,0.10008,0.06943
2023-11-06 16:00:00,0.0,36.75,0.102495,91,0.0621329914402758,0.22622,0.11329,0.06943
2023-11-06 17:00:00,0.0,40.5,0.00387,91,0.0060179487307372,0.22622,0.1388,0.06943
2023-11-06 18:00:00,0.0,36.75,0.000625,91,0.0,0.22622,0.15174,0.06943
2023-11-06 19:00:00,0.0,36.5,0.0,91,0.0,0.22622,0.14031,0.06943
2023-11-06 20:00:00,0.0,38.75,0.0,91,0.0,0.22622,0.11248000000000001,0.06943
2023-11-06 21:00:00,0.0,37.25,0.0,91,0.0,0.22622,0.10699,0.06943
2023-11-06 22:00:00,0.0,37.5,0.0,91,0.0,0.05735,0.10011,0.06943
2023-11-06 23:00:00,0.0,35.5,0.0,91,0.0,0.05735,0.08936,0.06943
2023-11-07 00:00:00,0.0,28.5,0.0,91,0.0,0.05735,0.08219,0.06943
2023-11-07 01:00:00,0.0,21.75,0.0,91,0.0,0.05735,0.07662999999999999,0.06943
2023-11-07 02:00:00,0.0,23.0,0.0,91,0.0,0.05735,0.07096,0.06943
2023-11-07 03:00:00,0.0,23.75,0.0,91,0.0,0.05735,0.06801,0.06943
2023-11-07 04:00:00,0.0,24.5,0.0,91,0.0,0.05735,0.07025,0.06943
2023-11-07 05:00:00,0.0,26.5,0.55733,91,0.0,0.05735,0.0838,0.06943
2023-11-07 06:00:00,0.0,32.75,0.99977,91,0.0,0.22622,0.10333,0.06943
2023-11-07 07:00:00,0.0,41.5,1.09405,91,0.0069195726817935,0.22622,0.13305,0.06943
2023-11-07 08:00:00,0.0,44.75,1.087085,91,0.1200162391173534,0.22622,0.13657,0.06943
2023-11-07 09:00:00,0.0,43.25,0.695285,91,0.2513397428724501,0.22622,0.11905,0.06943
2023-11-07 10:00:00,0.0,37.5,0.509685,91,0.2066588028475769,0.22622,0.09955,0.06943
2023-11-07 11:00:00,0.0,34.0,0.5084650000000001,91,0.2186227358304537,0.22622,0.08903,0.06943
2023-11-07 12:00:00,0.0,34.0,0.476805,91,0.3480002567910741,0.22622,0.08621,0.06943
2023-11-07 13:00:00,0.0,34.5,0.4217549999999999,91,0.1645740163428151,0.22622,0.08879000000000001,0.06943
2023-11-07 14:00:00,0.0,34.75,0.377815,91,0.1914712820297632,0.22622,0.09838,0.06943
2023-11-07 15:00:00,0.0,39.5,0.381205,91,0.0829099997495993,0.22622,0.10890999999999999,0.06943
2023-11-07 16:00:00,0.0,43.75,0.39215,91,0.0715435897794544,0.22622,0.1152,0.06943
2023-11-07 17:00:00,0.0,47.0,0.40626,91,0.0038528205259328,0.22622,0.13888,0.06943
2023-11-07 18:00:00,0.0,45.5,0.4214849999999999,91,0.0,0.22622,0.15059,0.06943
2023-11-07 19:00:00,0.0,44.25,0.2630949999999999,91,0.0,0.22622,0.13388999999999998,0.06943
2023-11-07 20:00:00,0.0,39.75,0.12376,91,0.0,0.22622,0.10584,0.06943
2023-11-07 21:00:00,0.0,32.75,0.09803,91,0.0,0.22622,0.09298000000000001,0.06943
2023-11-07 22:00:00,0.0,27.25,0.03797,91,0.0,0.05735,0.09239,0.06943
2023-11-07 23:00:00,0.0,27.25,0.05412,91,0.0,0.05735,0.08651,0.06943
2023-11-08 00:00:00,0.0,26.0,0.10772,91,0.0,0.05735,0.09334999999999999,0.06943
2023-11-08 01:00:00,0.0,26.5,0.111765,91,0.0,0.05735,0.07939,0.06943
2023-11-08 02:00:00,0.0,27.75,0.118435,91,0.0,0.05735,0.07798999999999999,0.06943
2023-11-08 03:00:00,0.0,28.25,0.129485,91,0.0,0.05735,0.07629999999999999,0.06943
2023-11-08 04:00:00,0.0,28.5,0.145335,91,0.0,0.05735,0.06676,0.06943
2023-11-08 05:00:00,0.0,28.5,0.4404999999999999,91,0.0,0.05735,0.07501000000000001,0.06943
2023-11-08 06:00:00,0.0,26.75,0.94322,91,0.0,0.22622,0.08498,0.06943
2023-11-08 07:00:00,0.0,24.25,1.31511,91,0.003971965845324,0.22622,0.10792,0.06943
2023-11-08 08:00:00,0.0,24.5,1.22387,91,0.0744025643462808,0.22622,0.11147,0.06943
2023-11-08 09:00:00,0.0,23.5,0.87764,91,0.2026755556285891,0.22622,0.09392,0.06943
2023-11-08 10:00:00,0.0,21.25,0.7359249999999999,91,0.3120849593072874,0.22622,0.08524,0.06943
2023-11-08 11:00:00,0.0,20.25,0.65398,91,0.3798222220657218,0.22622,0.07884999999999999,0.06943
2023-11-08 12:00:00,0.0,17.5,0.556985,91,0.3944236748850244,0.22622,0.0762,0.06943
2023-11-08 13:00:00,0.0,21.0,0.440325,91,0.3618170117109249,0.22622,0.0765,0.06943
2023-11-08 14:00:00,0.0,21.25,0.3506999999999999,91,0.283818718347794,0.22622,0.08378000000000001,0.06943
2023-11-08 15:00:00,0.0,21.0,0.3472899999999999,91,0.1683724786481286,0.22622,0.10218,0.06943
2023-11-08 16:00:00,0.0,22.25,0.417315,91,0.0348860679936205,0.22622,0.09644,0.06943
2023-11-08 17:00:00,0.0,22.0,0.47478,91,0.0011904273491002,0.22622,0.11972,0.06943
2023-11-08 18:00:00,0.0,22.25,0.399705,91,0.0,0.22622,0.12743000000000002,0.06943
2023-11-08 19:00:00,0.0,22.5,0.235295,91,0.0,0.22622,0.12131,0.06943
2023-11-08 20:00:00,0.0,21.75,0.13292,91,0.0,0.22622,0.11517000000000001,0.06943
2023-11-08 21:00:00,0.0,22.75,0.08939,91,0.0,0.22622,0.099,0.06943
2023-11-08 22:00:00,0.0,22.75,0.03754,91,0.0,0.05735,0.0923,0.06943
2023-11-08 23:00:00,0.0,22.0,0.071015,91,0.0,0.05735,0.08068,0.06943
2023-11-09 00:00:00,0.0,23.5,0.13212,91,0.0,0.05735,0.0768,0.06943
2023-11-09 01:00:00,0.0,25.5,0.12413,91,0.0,0.05735,0.07779000000000001,0.06943
2023-11-09 02:00:00,0.0001666666666666,26.0,0.16335,91,0.0,0.05735,0.07589,0.06943
2023-11-09 03:00:00,0.0,26.0,0.258265,91,0.0,0.05735,0.07715999999999999,0.06943
2023-11-09 04:00:00,0.0001666666666666,26.0,0.286095,91,0.0,0.05735,0.07867,0.06943
2023-11-09 05:00:00,0.0,26.0,0.4925,91,0.0,0.05735,0.08463,0.06943
2023-11-09 06:00:00,0.0001666666666666,29.0,0.850175,91,0.0,0.22622,0.10961,0.06943
2023-11-09 07:00:00,0.0,36.5,0.8077350000000001,91,0.0004893162346675,0.22622,0.12006,0.06943
2023-11-09 08:00:00,0.0,38.25,0.650645,91,0.0056117948367554,0.22622,0.12635,0.06943
2023-11-09 09:00:00,0.0001666666666666,37.25,0.702645,91,0.020188034110599,0.22622,0.11425,0.06943
2023-11-09 10:00:00,0.0,36.25,0.769915,91,0.0272517948476677,0.22622,0.10008,0.06943
2023-11-09 11:00:00,0.0001666666666666,36.5,0.7740649999999999,91,0.0315411113266252,0.22622,0.095,0.06943
2023-11-09 12:00:00,0.0,32.25,0.7207699999999999,91,0.0346850427399333,0.22622,0.09015999999999999,0.06943
2023-11-09 13:00:00,0.0001666666666666,30.75,0.6898399999999999,91,0.044692564132886,0.22622,0.09232,0.06943
2023-11-09 14:00:00,0.0,32.0,0.68899,91,0.0454900000645564,0.22622,0.10061,0.06943
2023-11-09 15:00:00,0.0001666666666666,34.0,0.6741699999999998,91,0.0308157265084421,0.22622,0.11474,0.06943
2023-11-09 16:00:00,0.0,35.0,0.654925,91,0.0388917093399243,0.22622,0.09775,0.06943
2023-11-09 17:00:00,0.0001666666666666,36.25,0.6605150000000001,91,0.0014303418795745,0.22622,0.13231,0.06943
2023-11-09 18:00:00,0.0,37.25,0.617725,91,0.0,0.22622,0.12874000000000002,0.06943
2023-11-09 19:00:00,0.0001666666666666,37.0,0.347195,91,0.0,0.22622,0.11222,0.06943
2023-11-09 20:00:00,0.0,36.25,0.12977,91,0.0,0.22622,0.10363,0.06943
2023-11-09 21:00:00,0.0001666666666666,31.25,0.0964,91,0.0,0.22622,0.0925,0.06943
2023-11-09 22:00:00,0.0,24.75,0.034065,91,0.0,0.05735,0.08404,0.06943
2023-11-09 23:00:00,0.0001666666666666,24.75,0.04964,91,0.0,0.05735,0.07436,0.06943
2023-11-10 00:00:00,0.0,24.75,0.08327,91,0.0,0.05735,0.06431999999999999,0.06943
2023-11-10 01:00:00,0.0,23.5,0.07549,91,0.0,0.05735,0.05973,0.06943
2023-11-10 02:00:00,0.0001666666666666,24.25,0.08132,91,0.0,0.05735,0.05374,0.06943
2023-11-10 03:00:00,0.0,24.5,0.09015,91,0.0,0.05735,0.04836,0.06943
2023-11-10 04:00:00,0.0001666666666666,24.0,0.102735,91,0.0,0.05735,0.05,0.06943
2023-11-10 05:00:00,0.0,24.0,0.362025,91,0.0,0.05735,0.06776,0.06943
2023-11-10 06:00:00,0.0001666666666666,24.25,0.71287,91,0.0,0.22622,0.08522,0.06943
2023-11-10 07:00:00,0.0,25.0,0.925635,91,0.0,0.22622,0.10690000000000001,0.06943
2023-11-10 08:00:00,0.0001666666666666,29.5,0.926905,91,0.0191667522082471,0.22622,0.113,0.06943
2023-11-10 09:00:00,0.0,28.75,0.714785,91,0.1023700000485803,0.22622,0.11105,0.06943
2023-11-10 10:00:00,0.0001666666666666,28.5,0.59505,91,0.1598291450891739,0.22622,0.09938,0.06943
2023-11-10 11:00:00,0.0,25.25,0.4843,91,0.3018214545290693,0.22622,0.09221,0.06943
2023-11-10 12:00:00,0.0,25.75,0.362295,91,0.2282299144451434,0.22622,0.08536,0.06943
2023-11-10 13:00:00,0.0001666666666666,26.75,0.368245,91,0.2449418811309032,0.22622,0.09015000000000001,0.06943
2023-11-10 14:00:00,0.0,27.0,0.379365,91,0.1540303425096039,0.22622,0.09595000000000001,0.06943
2023-11-10 15:00:00,0.0001666666666666,27.5,0.4253149999999999,91,0.0938028199448544,0.22622,0.10695,0.06943
2023-11-10 16:00:00,0.0,28.5,0.4742949999999999,91,0.036158375933639,0.22622,0.10998999999999999,0.06943
2023-11-10 17:00:00,0.0001666666666666,31.5,0.539645,91,0.0003599999996268,0.22622,0.12922,0.06943
2023-11-10 18:00:00,0.0,31.0,0.51718,91,0.0,0.22622,0.1351,0.06943
2023-11-10 19:00:00,0.0001666666666666,32.25,0.2609649999999999,91,0.0,0.22622,0.12358,0.06943
2023-11-10 20:00:00,0.0,33.0,0.10051,91,0.0,0.22622,0.11293,0.06943
2023-11-10 21:00:00,0.0001666666666666,29.75,0.06492,91,0.0,0.22622,0.1051,0.06943
2023-11-10 22:00:00,0.0,32.0,0.02513,91,0.0,0.05735,0.10396999999999999,0.06943
2023-11-10 23:00:00,0.0,34.25,0.001165,91,0.0,0.05735,0.0932,0.06943
2023-11-11 00:00:00,0.0001666666666666,34.0,0.0373949999999999,91,0.0,0.05735,0.0873,0.06943
2023-11-11 01:00:00,0.0,33.5,0.0763099999999998,91,0.0,0.05735,0.08589,0.06943
2023-11-11 02:00:00,0.0001666666666666,31.5,0.0693549999999999,91,0.0,0.05735,0.08588,0.06943
2023-11-11 03:00:00,0.0,26.75,0.06599,91,0.0,0.05735,0.08320999999999999,0.06943
2023-11-11 04:00:00,0.0001666666666666,27.5,0.05811,91,0.0,0.05735,0.08270999999999999,0.06943
2023-11-11 05:00:00,0.0,28.0,0.1761049999999999,91,0.0,0.05735,0.08544,0.06943
2023-11-11 06:00:00,0.0001666666666666,27.25,0.1767499999999999,91,0.0,0.22622,0.0863,0.06943
2023-11-11 07:00:00,0.0,27.5,0.08677,91,0.0025073504479777,0.22622,0.088,0.06943
2023-11-11 08:00:00,0.0001666666666666,28.75,0.1184449999999999,91,0.0601788033175672,0.22622,0.092,0.06943
2023-11-11 09:00:00,0.0,33.25,0.0933049999999999,91,0.196186838231535,0.22622,0.09489,0.06943
2023-11-11 10:00:00,0.0,33.25,0.060015,91,0.3044083759927342,0.22622,0.09128,0.06943
2023-11-11 11:00:00,0.0001666666666666,32.5,0.05397,91,0.3459239322303707,0.22622,0.09022,0.06943
2023-11-11 12:00:00,0.0,32.0,0.0519699999999999,91,0.4071901720813198,0.22622,0.08794,0.06943
2023-11-11 13:00:00,0.0001666666666666,32.25,0.0217849999999999,91,0.3134788050203242,0.22622,0.0878,0.06943
2023-11-11 14:00:00,0.0,34.5,0.02265,91,0.2756188880072699,0.22622,0.0915,0.06943
2023-11-11 15:00:00,0.0001666666666666,41.75,0.051155,91,0.1555917952610896,0.22622,0.10287,0.06943
2023-11-11 16:00:00,0.0,47.25,0.075025,91,0.0373565811784858,0.22622,0.11578000000000001,0.06943
2023-11-11 17:00:00,0.0001666666666666,48.0,0.079465,91,0.0006370085509669,0.22622,0.12798,0.06943
2023-11-11 18:00:00,0.0,46.75,0.0833749999999999,91,0.0,0.22622,0.13576,0.06943
2023-11-11 19:00:00,0.0001666666666666,46.0,0.0956549999999999,91,0.0,0.22622,0.12447,0.06943
2023-11-11 20:00:00,0.0,46.0,0.092165,91,0.0,0.22622,0.11351,0.06943
2023-11-11 21:00:00,0.0,45.75,0.063245,91,0.0,0.22622,0.10258,0.06943
2023-11-11 22:00:00,0.0001666666666666,44.5,0.01972,91,0.0,0.05735,0.09237999999999999,0.06943
2023-11-11 23:00:00,0.0,46.0,0.011245,91,0.0,0.05735,0.08741,0.06943
2023-11-12 00:00:00,0.0001666666666666,39.75,0.0521799999999999,91,0.0,0.05735,0.08965000000000001,0.06943
2023-11-12 01:00:00,0.0,30.5,0.0754099999999999,91,0.0,0.05735,0.08536,0.06943
2023-11-12 02:00:00,0.0001666666666666,30.5,0.08476,91,0.0,0.05735,0.08341,0.06943
2023-11-12 03:00:00,0.0,30.25,0.08032,91,0.0,0.05735,0.07077,0.06943
2023-11-12 04:00:00,0.0001666666666666,29.5,0.268935,91,0.0,0.05735,0.041460000000000004,0.06943
2023-11-12 05:00:00,0.0,29.0,0.4408499999999999,91,0.0,0.05735,0.06826,0.06943
2023-11-12 06:00:00,0.0001666666666666,28.75,0.25871,91,0.0,0.22622,0.07395,0.06943
2023-11-12 07:00:00,0.0,28.25,0.143745,91,0.0003420512804872,0.22622,0.07321,0.06943
2023-11-12 08:00:00,0.0001666666666666,27.25,0.1747999999999999,91,0.025908204958989,0.22622,0.08134999999999999,0.06943
2023-11-12 09:00:00,0.0,24.5,0.1660149999999999,91,0.0465689743889702,0.22622,0.08975,0.06943
2023-11-12 10:00:00,0.0001666666666666,23.25,0.1452499999999999,91,0.1544300856141962,0.22622,0.08796,0.06943
2023-11-12 11:00:00,0.0,23.25,0.128455,91,0.0842298291687272,0.22622,0.08284,0.06943
2023-11-12 12:00:00,0.0,23.75,0.113105,91,0.2591705977611053,0.22622,0.08809,0.06943
2023-11-12 13:00:00,0.0001666666666666,26.0,0.09984,91,0.223353675695566,0.22622,0.07501000000000001,0.06943
2023-11-12 14:00:00,0.0,28.5,0.07708,91,0.2046817088330913,0.22622,0.07359,0.06943
2023-11-12 15:00:00,0.0001666666666666,33.0,0.0552799999999999,91,0.0631308549897283,0.22622,0.09529,0.06943
2023-11-12 16:00:00,0.0,38.25,0.066715,91,0.0101025641144404,0.22622,0.09748,0.06943
2023-11-12 17:00:00,0.0001666666666666,38.25,0.0784899999999999,91,0.0,0.22622,0.08052,0.06943
2023-11-12 18:00:00,0.0,37.5,0.07859,91,0.0,0.22622,0.11456000000000001,0.06943
2023-11-12 19:00:00,0.0001666666666666,40.75,0.08566,91,0.0,0.22622,0.1007,0.06943
2023-11-12 20:00:00,0.0,40.25,0.0910949999999999,91,0.0,0.22622,0.0778,0.06943
2023-11-12 21:00:00,0.0001666666666666,40.75,0.0761099999999999,91,0.0,0.22622,0.10733,0.06943
2023-11-12 22:00:00,0.0,37.5,0.030225,91,0.0,0.05735,0.10014,0.06943
2023-11-12 23:00:00,0.0001666666666666,36.75,0.0126799999999999,91,0.0,0.05735,0.08802,0.06943
2023-11-13 00:00:00,0.0,35.0,0.062635,91,0.0,0.05735,0.09126000000000001,0.06943
2023-11-13 01:00:00,0.0001666666666666,33.75,0.097235,91,0.0,0.05735,0.08682,0.06943
2023-11-13 02:00:00,0.0,35.0,0.120355,91,0.0,0.05735,0.087,0.06943
2023-11-13 03:00:00,0.0,31.5,0.1669699999999999,91,0.0,0.05735,0.08097,0.06943
2023-11-13 04:00:00,0.0001666666666666,30.5,0.5052599999999999,91,0.0,0.05735,0.06203,0.06943
2023-11-13 05:00:00,0.0,29.5,0.867245,91,0.0,0.05735,0.06694,0.06943
2023-11-13 06:00:00,0.0001666666666666,27.75,0.749545,91,0.0,0.22622,0.05005,0.06943
2023-11-13 07:00:00,0.0,27.5,0.8422649999999999,91,0.0040173504832718,0.22622,0.09,0.06943
2023-11-13 08:00:00,0.0001666666666666,27.75,0.974955,91,0.0350669231985369,0.22622,0.107,0.06943
2023-11-13 09:00:00,0.0,25.75,0.8016700000000001,91,0.0982259833507048,0.22622,0.09059,0.06943
2023-11-13 10:00:00,0.0001666666666666,23.75,0.6649550000000001,91,0.2015458954705132,0.22622,0.10376,0.06943
2023-11-13 11:00:00,0.0,24.0,0.56957,91,0.077081026012062,0.22622,0.0887,0.06943
2023-11-13 12:00:00,0.0001666666666666,25.0,0.545335,91,0.056823675204546,0.22622,0.07756,0.06943
2023-11-13 13:00:00,0.0,24.75,0.5280649999999999,91,0.153615641064114,0.22622,0.05925,0.06943
2023-11-13 14:00:00,0.0001666666666666,25.25,0.444665,91,0.0518194874331482,0.22622,0.05841,0.06943
2023-11-13 15:00:00,0.0,27.0,0.4282999999999999,91,0.0135877777266706,0.22622,0.040100000000000004,0.06943
2023-11-13 16:00:00,0.0,27.0,0.4746999999999999,91,0.0015224786262768,0.22622,0.05109,0.06943
2023-11-13 17:00:00,0.0001666666666666,29.0,0.4241399999999999,91,0.0,0.22622,0.08622,0.06943
2023-11-13 18:00:00,0.0,32.0,0.2927599999999999,91,0.0,0.22622,0.09401999999999999,0.06943
2023-11-13 19:00:00,0.0001666666666666,34.25,0.16383,91,0.0,0.22622,0.10457,0.06943
2023-11-13 20:00:00,0.0,35.75,0.123475,91,0.0,0.22622,0.08699,0.06943
2023-11-13 21:00:00,0.0001666666666666,35.25,0.0959699999999999,91,0.0,0.22622,0.06398,0.06943
2023-11-13 22:00:00,0.0,29.25,0.0393399999999999,91,0.0,0.05735,0.0551,0.06943
2023-11-13 23:00:00,0.0001666666666666,26.25,0.033165,91,0.0,0.05735,0.04592,0.06943
2023-11-14 00:00:00,0.0,27.0,0.06123,91,0.0,0.05735,0.01249,0.06943
2023-11-14 01:00:00,0.0,27.0,0.050905,91,0.0,0.05735,0.0033,0.06943
2023-11-14 02:00:00,0.0001666666666666,25.75,0.046095,91,0.0,0.05735,0.0019,0.06943
2023-11-14 03:00:00,0.0,25.75,0.05064,91,0.0,0.05735,0.0013,0.06943
2023-11-14 04:00:00,0.0001666666666666,27.0,0.049205,91,0.0,0.05735,0.0016,0.06943
2023-11-14 05:00:00,0.0,26.25,0.29697,91,0.0,0.05735,0.00474,0.06943
2023-11-14 06:00:00,0.0001666666666666,27.0,0.5622550000000001,91,0.0,0.22622,0.052,0.06943
2023-11-14 07:00:00,0.0,29.75,0.5930449999999999,91,0.0,0.22622,0.08161,0.06943
2023-11-14 08:00:00,0.0,29.25,0.57038,91,0.0075417094123669,0.22622,0.08942,0.06943
2023-11-14 09:00:00,0.0001666666666666,27.75,0.4965,91,0.0375635042761126,0.22622,0.08175,0.06943
2023-11-14 10:00:00,0.0,26.5,0.378625,91,0.0931043588198148,0.22622,0.07376,0.06943
2023-11-14 11:00:00,0.0001666666666666,26.25,0.2696199999999999,91,0.2780764961242676,0.22622,0.07282,0.06943
2023-11-14 12:00:00,0.0,24.75,0.14168,91,0.1944618807083521,0.22622,0.07508,0.06943
2023-11-14 13:00:00,0.0001666666666666,25.0,0.09508,91,0.1644708542130951,0.22622,0.07553,0.06943
2023-11-14 14:00:00,0.0,26.25,0.0781549999999999,91,0.1592380340282733,0.22622,0.08170999999999999,0.06943
2023-11-14 15:00:00,0.0,27.75,0.003265,91,0.050891794873099,0.22622,0.08755,0.06943
2023-11-14 16:00:00,0.0001666666666666,26.5,0.000525,91,0.0142088033102102,0.22622,0.07983,0.06943
2023-11-14 17:00:00,0.0,32.25,0.0,91,0.0,0.22622,0.09779,0.06943
2023-11-14 18:00:00,0.0001666666666666,36.0,0.0,91,0.0,0.22622,0.11814,0.06943
2023-11-14 19:00:00,0.0,35.25,0.0,91,0.0,0.22622,0.11702,0.06943
2023-11-14 20:00:00,0.0,35.5,0.0,91,0.0,0.22622,0.10043,0.06943
2023-11-14 21:00:00,0.0001666666666666,37.25,0.0,91,0.0,0.22622,0.08852,0.06943
2023-11-14 22:00:00,0.0,35.0,0.0,91,0.0,0.05735,0.09129000000000001,0.06943
2023-11-14 23:00:00,0.0001666666666666,34.0,0.0,91,0.0,0.05735,0.0855,0.06943
2023-11-15 00:00:00,0.0,32.75,0.0,91,0.0,0.05735,0.08109999999999999,0.06943
2023-11-15 01:00:00,0.0,30.0,0.0,91,0.0,0.05735,0.07642,0.06943
2023-11-15 02:00:00,0.0001666666666666,30.5,0.0,91,0.0,0.05735,0.0729,0.06943
2023-11-15 03:00:00,0.0,29.75,0.0,91,0.0,0.05735,0.07069,0.06943
2023-11-15 04:00:00,0.0001666666666666,30.25,0.0,91,0.0,0.05735,0.07445,0.06943
2023-11-15 05:00:00,0.0,31.75,0.30576,91,0.0,0.05735,0.08068,0.06943
2023-11-15 06:00:00,0.0,39.25,0.602135,91,0.0,0.22622,0.09355,0.06943
2023-11-15 07:00:00,0.0001666666666666,41.25,0.7066500000000001,91,0.0007699999951908,0.22622,0.11267,0.06943
2023-11-15 08:00:00,0.0,41.75,0.7094550000000001,91,0.0189614529793079,0.22622,0.11772,0.06943
2023-11-15 09:00:00,0.0001666666666666,41.0,0.54848,91,0.0820142737820617,0.22622,0.10341,0.06943
2023-11-15 10:00:00,0.0,39.25,0.42088,91,0.1766871791415744,0.22622,0.09259,0.06943
2023-11-15 11:00:00,0.0,35.75,0.316135,91,0.2542204271626269,0.22622,0.0855,0.06943
2023-11-15 12:00:00,0.0001666666666666,35.25,0.245035,91,0.4151287170149322,0.22622,0.08442,0.06943
2023-11-15 13:00:00,0.0,34.0,0.101825,91,0.3623927339733157,0.22622,0.08335,0.06943
2023-11-15 14:00:00,0.0001666666666666,36.75,0.001655,91,0.2802652988270816,0.22622,0.08251,0.06943
2023-11-15 15:00:00,0.0,39.25,0.00031,91,0.1471647867382082,0.22622,0.08452,0.06943
2023-11-15 16:00:00,0.0,43.75,0.0,91,0.0215302563579673,0.22622,0.10294,0.06943
2023-11-15 17:00:00,0.0001666666666666,45.75,0.0,91,0.0005264102568865,0.22622,0.1202,0.06943
2023-11-15 18:00:00,0.0,46.0,0.0,91,0.0,0.22622,0.12990000000000002,0.06943
2023-11-15 19:00:00,0.0,47.0,0.0,91,0.0,0.22622,0.12109,0.06943
2023-11-15 20:00:00,0.0001666666666666,47.75,0.0,91,0.0,0.22622,0.11051000000000001,0.06943
2023-11-15 21:00:00,0.0,46.75,0.0,91,0.0,0.22622,0.09776,0.06943
2023-11-15 22:00:00,0.0001666666666666,43.5,0.0,91,0.0,0.05735,0.09165999999999999,0.06943
2023-11-15 23:00:00,0.0,45.75,0.0,91,0.0,0.05735,0.08421,0.06943
2023-11-16 00:00:00,0.0,39.5,0.0,91,0.0,0.05735,0.08548,0.06943
2023-11-16 01:00:00,0.0001666666666666,33.25,0.30755,91,0.0,0.05735,0.08329,0.06943
2023-11-16 02:00:00,0.0,34.75,0.310225,91,0.0,0.05735,0.08206000000000001,0.06943
2023-11-16 03:00:00,0.0001666666666666,34.75,0.06045,91,0.0,0.05735,0.0799,0.06943
2023-11-16 04:00:00,0.0,33.25,0.1205049999999999,91,0.0,0.05735,0.08481,0.06943
2023-11-16 05:00:00,0.0001666666666666,35.0,0.3664,91,0.0,0.05735,0.09121,0.06943
2023-11-16 06:00:00,0.0,39.0,0.7519049999999999,91,0.0,0.22622,0.10252,0.06943
2023-11-16 07:00:00,0.0,43.25,1.09494,91,1.6923076831377446e-05,0.22622,0.1269,0.06943
2023-11-16 08:00:00,0.0001666666666666,44.75,1.01967,91,0.0028180341779166,0.22622,0.12999000000000002,0.06943
2023-11-16 09:00:00,0.0,44.25,0.7312500000000001,91,0.0187476923424973,0.22622,0.12859,0.06943
2023-11-16 10:00:00,0.0001666666666666,43.0,0.706875,91,0.03372598285349,0.22622,0.1201,0.06943
2023-11-16 11:00:00,0.0,42.0,0.6819299999999999,91,0.0399550428961077,0.22622,0.11662,0.06943
2023-11-16 12:00:00,0.0,40.0,0.600885,91,0.0771362391496315,0.22622,0.12262999999999999,0.06943
2023-11-16 13:00:00,0.0001666666666666,37.0,0.453135,91,0.2401640166584243,0.22622,0.10315,0.06943
2023-11-16 14:00:00,0.0,36.0,0.34913,91,0.2676362400380974,0.22622,0.09028,0.06943
2023-11-16 15:00:00,0.0001666666666666,35.25,0.317985,91,0.1391541879605024,0.22622,0.08479,0.06943
2023-11-16 16:00:00,0.0,38.5,0.32765,91,0.0209255556265513,0.22622,0.08961,0.06943
2023-11-16 17:00:00,0.0001666666666666,43.5,0.36904,91,0.0006494017028146,0.22622,0.1114,0.06943
2023-11-16 18:00:00,0.0,43.5,0.35334,91,0.0,0.22622,0.12052,0.06943
2023-11-16 19:00:00,0.0001666666666666,44.25,0.179605,91,0.0,0.22622,0.12528,0.06943
2023-11-16 20:00:00,0.0,44.25,0.06453,91,0.0,0.22622,0.1212,0.06943
2023-11-16 21:00:00,0.0,46.0,0.051805,91,0.0,0.22622,0.115,0.06943
2023-11-16 22:00:00,0.0001666666666666,45.5,0.0104149999999999,91,0.0,0.05735,0.1102,0.06943
2023-11-16 23:00:00,0.0,46.25,0.00132,91,0.0,0.05735,0.10085,0.06943
2023-11-17 00:00:00,0.0001666666666666,40.0,0.00028,91,0.0,0.05735,0.106,0.06943
2023-11-17 01:00:00,0.0,35.0,0.02819,91,0.0,0.05735,0.1,0.06943
2023-11-17 02:00:00,0.0001666666666666,32.75,0.06841,91,0.0,0.05735,0.09693,0.06943
2023-11-17 03:00:00,0.0,32.75,0.07796,91,0.0,0.05735,0.09279000000000001,0.06943
2023-11-17 04:00:00,0.0,33.25,0.066085,91,0.0,0.05735,0.09570000000000001,0.06943
2023-11-17 05:00:00,0.0001666666666666,36.25,0.29879,91,0.0,0.05735,0.1032,0.06943
2023-11-17 06:00:00,0.0,46.25,0.601965,91,0.0,0.22622,0.11966,0.06943
2023-11-17 07:00:00,0.0001666666666666,53.0,0.7424249999999999,91,0.0008175213596759,0.22622,0.13103,0.06943
2023-11-17 08:00:00,0.0,55.5,0.78423,91,0.0311397435624375,0.22622,0.14192,0.06943
2023-11-17 09:00:00,0.0001666666666666,55.25,0.65989,91,0.1107812813815908,0.22622,0.13475,0.06943
2023-11-17 10:00:00,0.0,53.5,0.54808,91,0.2838043584579077,0.22622,0.12787,0.06943
2023-11-17 11:00:00,0.0001666666666666,51.75,0.47452,91,0.180736324603741,0.22622,0.12518,0.06943
2023-11-17 12:00:00,0.0,50.75,0.434495,91,0.2369332468407785,0.22622,0.11963,0.06943
2023-11-17 13:00:00,0.0,49.25,0.405205,91,0.3258316216102013,0.22622,0.11278,0.06943
2023-11-17 14:00:00,0.0001666666666666,51.0,0.3406499999999999,91,0.2730327355148446,0.22622,0.12390999999999999,0.06943
2023-11-17 15:00:00,0.0,49.25,0.3265999999999999,91,0.1311067526564638,0.22622,0.12781,0.06943
2023-11-17 16:00:00,0.0001666666666666,50.5,0.4069,91,0.0190737606928898,0.22622,0.12744,0.06943
2023-11-17 17:00:00,0.0,53.75,0.49421,91,0.0005482051199158,0.22622,0.14632,0.06943
2023-11-17 18:00:00,0.0001666666666666,55.75,0.424635,91,0.0,0.22622,0.15033000000000002,0.06943
2023-11-17 19:00:00,0.0,57.25,0.23778,91,0.0,0.22622,0.14192,0.06943
2023-11-17 20:00:00,0.0,57.0,0.108955,91,0.0,0.22622,0.12853,0.06943
2023-11-17 21:00:00,0.0001666666666666,55.0,0.06413,91,0.0,0.22622,0.12049,0.06943
2023-11-17 22:00:00,0.0,55.0,0.026065,91,0.0,0.05735,0.11853,0.06943
2023-11-17 23:00:00,0.0001666666666666,50.0,0.04371,91,0.0,0.05735,0.11293,0.06943
2023-11-18 00:00:00,0.0,45.75,0.08818,91,0.0,0.05735,0.11056,0.06943
2023-11-18 01:00:00,0.0001666666666666,31.25,0.09395,91,0.0,0.05735,0.09738,0.06943
2023-11-18 02:00:00,0.0,27.25,0.0992,91,0.0,0.05735,0.09061,0.06943
2023-11-18 03:00:00,0.0001666666666666,25.5,0.10098,91,0.0,0.05735,0.08587,0.06943
2023-11-18 04:00:00,0.0,25.25,0.1009999999999999,91,0.0,0.05735,0.08236,0.06943
2023-11-18 05:00:00,0.0,24.75,0.21714,91,0.0,0.05735,0.08245000000000001,0.06943
2023-11-18 06:00:00,0.0001666666666666,24.5,0.193595,91,0.0,0.22622,0.08541,0.06943
2023-11-18 07:00:00,0.0,22.25,0.288785,91,0.0020097435988549,0.22622,0.09208,0.06943
2023-11-18 08:00:00,0.0001666666666666,22.5,0.3641399999999999,91,0.0577415383065867,0.22622,0.1,0.06943
2023-11-18 09:00:00,0.0,21.75,0.13693,91,0.0988958979875613,0.22622,0.09412000000000001,0.06943
2023-11-18 10:00:00,0.0001666666666666,20.75,0.086,91,0.2652001692290999,0.22622,0.0892,0.06943
2023-11-18 11:00:00,0.0,20.75,0.081865,91,0.1998927347884218,0.22622,0.07269,0.06943
2023-11-18 12:00:00,0.0001666666666666,21.5,0.0556899999999999,91,0.0858472653739473,0.22622,0.07773999999999999,0.06943
2023-11-18 13:00:00,0.0,21.0,0.068995,91,0.0749288035661746,0.22622,0.0708,0.06943
2023-11-18 14:00:00,0.0001666666666666,20.75,0.08224,91,0.1943875208471575,0.22622,0.06605,0.06943
2023-11-18 15:00:00,0.0,22.25,0.054405,91,0.1604247001908783,0.22622,0.06769,0.06943
2023-11-18 16:00:00,0.0001666666666666,23.0,0.068185,91,0.0228863248712996,0.22622,0.08367000000000001,0.06943
2023-11-18 17:00:00,0.0,22.25,0.090025,91,7.23076920606132e-05,0.22622,0.10564,0.06943
2023-11-18 18:00:00,0.0001666666666666,21.25,0.081165,91,0.0,0.22622,0.10867,0.06943
2023-11-18 19:00:00,0.0,21.0,0.089005,91,0.0,0.22622,0.09387000000000001,0.06943
2023-11-18 20:00:00,0.0001666666666666,21.75,0.22355,91,0.0,0.22622,0.08484,0.06943
2023-11-18 21:00:00,0.0,22.0,0.179575,91,0.0,0.22622,0.07848000000000001,0.06943
2023-11-18 22:00:00,0.0001666666666666,21.75,0.009475,91,0.0,0.05735,0.0737,0.06943
2023-11-18 23:00:00,0.0,20.5,0.08166,91,0.0,0.05735,0.05787,0.06943
2023-11-19 00:00:00,0.0001666666666666,21.0,0.10958,91,0.0,0.05735,0.01964,0.06943
2023-11-19 01:00:00,0.0,22.5,0.074015,91,0.0,0.05735,0.00604,0.06943
2023-11-19 02:00:00,0.0001666666666666,23.0,0.162195,91,0.0,0.05735,0.0040999999999999995,0.06943
2023-11-19 03:00:00,0.0,23.75,0.191015,91,0.0,0.05735,0.00013000000000000002,0.06943
2023-11-19 04:00:00,0.0001666666666666,24.0,0.14989,91,0.0,0.05735,7.000000000000001e-05,0.06943
2023-11-19 05:00:00,0.0,24.0,0.28867,91,0.0,0.05735,8.999999999999999e-05,0.06943
2023-11-19 06:00:00,0.0001666666666666,24.0,0.273665,91,0.0,0.22622,0.00233,0.06943
2023-11-19 07:00:00,0.0,23.0,0.151195,91,0.0005294871785574,0.22622,0.0055899999999999995,0.06943
2023-11-19 08:00:00,0.0,21.75,0.16207,91,0.0479942733202225,0.22622,0.01449,0.06943
2023-11-19 09:00:00,0.0001666666666666,20.5,0.107445,91,0.1565804263057871,0.22622,0.01878,0.06943
2023-11-19 10:00:00,0.0,20.0,0.0577399999999999,91,0.2582401702750442,0.22622,0.01262,0.06943
2023-11-19 11:00:00,0.0001666666666666,19.5,0.046355,91,0.3197709394927718,0.22622,0.01268,0.06943
2023-11-19 12:00:00,0.0,19.0,0.04174,91,0.3323170937432183,0.22622,0.011699999999999999,0.06943
2023-11-19 13:00:00,0.0001666666666666,19.0,0.03754,91,0.3146537591657068,0.22622,0.0038599999999999997,0.06943
2023-11-19 14:00:00,0.0,19.25,0.0138,91,0.1843519664829612,0.22622,0.018600000000000002,0.06943
2023-11-19 15:00:00,0.0001666666666666,19.0,0.000705,91,0.0565382903661483,0.22622,0.04206,0.06943
2023-11-19 16:00:00,0.0,19.0,0.058445,91,0.0212188033823274,0.22622,0.0677,0.06943
2023-11-19 17:00:00,0.0001666666666666,19.5,0.1074299999999999,91,0.0002197435878726,0.22622,0.09157,0.06943
2023-11-19 18:00:00,0.0,21.25,0.0860599999999999,91,0.0,0.22622,0.10468000000000001,0.06943
2023-11-19 19:00:00,0.0001666666666666,21.75,0.07432,91,0.0,0.22622,0.10401,0.06943
2023-11-19 20:00:00,0.0,21.25,0.078845,91,0.0,0.22622,0.0891,0.06943
2023-11-19 21:00:00,0.0001666666666666,21.75,0.0624599999999999,91,0.0,0.22622,0.08455,0.06943
2023-11-19 22:00:00,0.0,21.75,0.0217849999999999,91,0.0,0.05735,0.08805,0.06943
2023-11-19 23:00:00,0.0001666666666666,22.5,0.052795,91,0.0,0.05735,0.08005,0.06943
2023-11-20 00:00:00,0.0,24.0,0.10097,91,0.0,0.05735,0.0683,0.06943
2023-11-20 01:00:00,0.0001666666666666,23.0,0.1043199999999999,91,0.0,0.05735,0.06268,0.06943
2023-11-20 02:00:00,0.0,23.75,0.1314249999999999,91,0.0,0.05735,0.05991,0.06943
2023-11-20 03:00:00,0.0001666666666666,24.75,0.2238649999999999,91,0.0,0.05735,0.046740000000000004,0.06943
2023-11-20 04:00:00,0.0,25.25,0.566635,91,0.0,0.05735,0.05729,0.06943
2023-11-20 05:00:00,0.0001666666666666,27.25,0.921235,91,0.0,0.05735,0.08043,0.06943
2023-11-20 06:00:00,0.0,30.5,0.976745,91,0.0,0.22622,0.101,0.06943
2023-11-20 07:00:00,0.0001666666666666,35.25,0.928875,91,0.0003380341877221,0.22622,0.12571,0.06943
2023-11-20 08:00:00,0.0,37.75,0.88606,91,0.0254062392721828,0.22622,0.12301000000000001,0.06943
2023-11-20 09:00:00,0.0,36.75,0.82634,91,0.194071879672189,0.22622,0.11381000000000001,0.06943
2023-11-20 10:00:00,0.0001666666666666,35.75,0.6721699999999999,91,0.2969476928058852,0.22622,0.10402,0.06943
2023-11-20 11:00:00,0.0,35.0,0.52103,91,0.1941169238294292,0.22622,0.10640999999999999,0.06943
2023-11-20 12:00:00,0.0001666666666666,33.75,0.512935,91,0.1820965809292263,0.22622,0.09075,0.06943
2023-11-20 13:00:00,0.0,35.0,0.477675,91,0.2249527354118151,0.22622,0.10477,0.06943
2023-11-20 14:00:00,0.0001666666666666,36.25,0.2986749999999999,91,0.2119847876393897,0.22622,0.11402,0.06943
2023-11-20 15:00:00,0.0,37.0,0.336735,91,0.1011415381309313,0.22622,0.10445,0.06943
2023-11-20 16:00:00,0.0001666666666666,39.5,0.458045,91,0.0177885469093791,0.22622,0.10428,0.06943
2023-11-20 17:00:00,0.0,42.25,0.403535,91,6.0000000282740026e-05,0.22622,0.1154,0.06943
2023-11-20 18:00:00,0.0001666666666666,42.0,0.3508349999999999,91,0.0,0.22622,0.13998,0.06943
2023-11-20 19:00:00,0.0,41.25,0.1982599999999999,91,0.0,0.22622,0.13008,0.06943
2023-11-20 20:00:00,0.0001666666666666,45.5,0.06422,91,0.0,0.22622,0.12004000000000001,0.06943
2023-11-20 21:00:00,0.0,46.75,0.042355,91,0.0,0.22622,0.10701000000000001,0.06943
2023-11-20 22:00:00,0.0001666666666666,46.0,0.018275,91,0.0,0.05735,0.10805,0.06943
2023-11-20 23:00:00,0.0,48.75,0.00102,91,0.0,0.05735,0.09834999999999999,0.06943
2023-11-21 00:00:00,0.0,49.25,0.04483,91,0.0,0.05735,0.10275,0.06943
2023-11-21 01:00:00,0.0001666666666666,49.75,0.0773249999999999,91,0.0,0.05735,0.09820000000000001,0.06943
2023-11-21 02:00:00,0.0,51.5,0.0633,91,0.0,0.05735,0.09612000000000001,0.06943
2023-11-21 03:00:00,0.0001666666666666,51.25,0.094885,91,0.0,0.05735,0.09117,0.06943
2023-11-21 04:00:00,0.0,51.0,0.1316449999999999,91,0.0,0.05735,0.09094,0.06943
2023-11-21 05:00:00,0.0001666666666666,48.75,0.428865,91,0.0,0.05735,0.10117,0.06943
2023-11-21 06:00:00,0.0,51.25,0.752205,91,0.0,0.22622,0.1197,0.06943
2023-11-21 07:00:00,0.0001666666666666,56.75,0.90241,91,0.0,0.22622,0.12830000000000003,0.06943
2023-11-21 08:00:00,0.0,58.75,0.91772,91,0.0185350427642846,0.22622,0.12627,0.06943
2023-11-21 09:00:00,0.0001666666666666,58.75,0.7277800000000001,91,0.0745464101612058,0.22622,0.13138,0.06943
2023-11-21 10:00:00,0.0,58.25,0.6380450000000001,91,0.1164223930163261,0.22622,0.135,0.06943
2023-11-21 11:00:00,0.0,54.25,0.599745,91,0.111475469801161,0.22622,0.13099,0.06943
2023-11-21 12:00:00,0.0001666666666666,55.0,0.57774,91,0.1102989738823002,0.22622,0.12987,0.06943
2023-11-21 13:00:00,0.0,56.25,0.577615,91,0.0991224783709925,0.22622,0.12587,0.06943
2023-11-21 14:00:00,0.0001666666666666,60.25,0.56113,91,0.0901188035296578,0.22622,0.13184,0.06943
2023-11-21 15:00:00,0.0,61.0,0.62342,91,0.0602236754262549,0.22622,0.12465999999999999,0.06943
2023-11-21 16:00:00,0.0001666666666666,59.25,0.6508349999999999,91,0.0171049573126002,0.22622,0.12688,0.06943
2023-11-21 17:00:00,0.0,57.5,0.62473,91,5.692307590546767e-05,0.22622,0.14046,0.06943
2023-11-21 18:00:00,0.0001666666666666,55.5,0.544275,91,0.0,0.22622,0.14208,0.06943
2023-11-21 19:00:00,0.0,52.25,0.293085,91,0.0,0.22622,0.13235,0.06943
2023-11-21 20:00:00,0.0001666666666666,51.25,0.1048199999999999,91,0.0,0.22622,0.12479000000000001,0.06943
2023-11-21 21:00:00,0.0,55.5,0.05993,91,0.0,0.22622,0.11052,0.06943
2023-11-21 22:00:00,0.0,56.25,0.0242399999999999,91,0.0,0.05735,0.11091,0.06943
2023-11-21 23:00:00,0.0001666666666666,55.0,0.043225,91,0.0,0.05735,0.09804,0.06943
2023-11-22 00:00:00,0.0,47.5,0.0786849999999999,91,0.0,0.05735,0.098,0.06943
2023-11-22 01:00:00,0.0001666666666666,37.5,0.0788599999999999,91,0.0,0.05735,0.09501000000000001,0.06943
2023-11-22 02:00:00,0.0,39.0,0.0843549999999999,91,0.0,0.05735,0.09501000000000001,0.06943
2023-11-22 03:00:00,0.0001666666666666,39.75,0.1044449999999999,91,0.0,0.05735,0.092,0.06943
2023-11-22 04:00:00,0.0,41.5,0.11365,91,0.0,0.05735,0.09242,0.06943
2023-11-22 05:00:00,0.0001666666666666,43.25,0.434425,91,0.0,0.05735,0.0938,0.06943
2023-11-22 06:00:00,0.0,49.25,0.7754499999999999,91,0.0,0.22622,0.11523,0.06943
2023-11-22 07:00:00,0.0001666666666666,52.25,0.93258,91,0.0,0.22622,0.11838,0.06943
2023-11-22 08:00:00,0.0,53.0,0.965515,91,0.0022843589608231,0.22622,0.13616999999999999,0.06943
2023-11-22 09:00:00,0.0001666666666666,52.75,0.79365,91,0.0253701707542452,0.22622,0.13116,0.06943
2023-11-22 10:00:00,0.0,53.5,0.7219700000000001,91,0.1120962394812168,0.22622,0.11487,0.06943
2023-11-22 11:00:00,0.0001666666666666,51.0,0.63559,91,0.1490475212814461,0.22622,0.1034,0.06943
2023-11-22 12:00:00,0.0,49.0,0.575375,91,0.1347088892031938,0.22622,0.09531999999999999,0.06943
2023-11-22 13:00:00,0.0,45.5,0.55892,91,0.0942380343543158,0.22622,0.10257,0.06943
2023-11-22 14:00:00,0.0001666666666666,47.25,0.5275599999999999,91,0.1610054690206152,0.22622,0.11691,0.06943
2023-11-22 15:00:00,0.0,53.25,0.5095999999999999,91,0.0669839320223555,0.22622,0.12011,0.06943
2023-11-22 16:00:00,0.0001666666666666,56.5,0.6080550000000001,91,0.0171989744443159,0.22622,0.12745,0.06943
2023-11-22 17:00:00,0.0,57.5,0.7409150000000001,91,0.000101709401426,0.22622,0.13311,0.06943
2023-11-22 18:00:00,0.0001666666666666,54.75,0.647155,91,0.0,0.22622,0.12988999999999998,0.06943
2023-11-22 19:00:00,0.0,53.5,0.3595449999999999,91,0.0,0.22622,0.11886,0.06943
2023-11-22 20:00:00,0.0001666666666666,51.0,0.1415849999999999,91,0.0,0.22622,0.11694,0.06943
2023-11-22 21:00:00,0.0,40.5,0.07187,91,0.0,0.22622,0.09737,0.06943
2023-11-22 22:00:00,0.0001666666666666,35.25,0.0356149999999999,91,0.0,0.05735,0.09953000000000001,0.06943
2023-11-22 23:00:00,0.0,35.0,0.0772899999999999,91,0.0,0.05735,0.08697,0.06943
2023-11-23 00:00:00,0.0001666666666666,32.5,0.123765,91,0.0,0.05735,0.06497,0.06943
2023-11-23 01:00:00,0.0,33.5,0.11657,91,0.0,0.05735,0.046049999999999994,0.06943
2023-11-23 02:00:00,0.0001666666666666,32.75,0.119285,91,0.0,0.05735,0.04112,0.06943
2023-11-23 03:00:00,0.0,33.25,0.16278,91,0.0,0.05735,0.03013,0.06943
2023-11-23 04:00:00,0.0001666666666666,33.75,0.35765,91,0.0,0.05735,0.023960000000000002,0.06943
2023-11-23 05:00:00,0.0,33.25,0.6502,91,0.0,0.05735,0.03857,0.06943
2023-11-23 06:00:00,0.0001666666666666,31.75,1.112385,91,0.0,0.22622,0.08562,0.06943
2023-11-23 07:00:00,0.0,31.0,1.3229,91,0.0,0.22622,0.11659,0.06943
2023-11-23 08:00:00,0.0001666666666666,30.0,1.1351950000000002,91,0.0051816239004206,0.22622,0.12852000000000002,0.06943
2023-11-23 09:00:00,0.0,30.0,1.046405,91,0.0211656411081297,0.22622,0.1187,0.06943
2023-11-23 10:00:00,0.0001666666666666,31.5,1.02482,91,0.0393210252533611,0.22622,0.10091,0.06943
2023-11-23 11:00:00,0.0,30.5,0.95457,91,0.0647504275069277,0.22622,0.08119,0.06943
2023-11-23 12:00:00,0.0001666666666666,30.0,0.87475,91,0.12394410157815,0.22622,0.07024,0.06943
2023-11-23 13:00:00,0.0,30.0,0.81252,91,0.3189202571118999,0.22622,0.07812999999999999,0.06943
2023-11-23 14:00:00,0.0001666666666666,30.75,0.6972200000000001,91,0.2387474355127057,0.22622,0.08284,0.06943
2023-11-23 15:00:00,0.0,31.0,0.68031,91,0.1077589743361513,0.22622,0.08737,0.06943
2023-11-23 16:00:00,0.0001666666666666,31.0,0.83817,91,0.0208400856353278,0.22622,0.09389,0.06943
2023-11-23 17:00:00,0.0,31.0,0.927515,91,0.0001476923083392,0.22622,0.11837,0.06943
2023-11-23 18:00:00,0.0001666666666666,30.25,0.8347349999999999,91,0.0,0.22622,0.12938,0.06943
2023-11-23 19:00:00,0.0,27.75,0.479585,91,0.0,0.22622,0.12576,0.06943
2023-11-23 20:00:00,0.0001666666666666,28.25,0.1744249999999999,91,0.0,0.22622,0.10467,0.06943
2023-11-23 21:00:00,0.0,29.25,0.11353,91,0.0,0.22622,0.08794,0.06943
2023-11-23 22:00:00,0.0001666666666666,28.5,0.099715,91,0.0,0.05735,0.075,0.06943
2023-11-23 23:00:00,0.0001666666666666,29.0,0.12997,91,0.0,0.05735,0.039020000000000006,0.06943
2023-11-24 00:00:00,0.0,30.25,0.148255,91,0.0,0.05735,0.03593,0.06943
2023-11-24 01:00:00,0.0001666666666666,29.5,0.1647499999999999,91,0.0,0.05735,0.01078,0.06943
2023-11-24 02:00:00,0.0,28.25,0.3230099999999999,91,0.0,0.05735,0.012410000000000001,0.06943
2023-11-24 03:00:00,0.0001666666666666,29.25,0.4151649999999999,91,0.0,0.05735,0.00163,0.06943
2023-11-24 04:00:00,0.0,30.0,0.3379,91,0.0,0.05735,0.0024,0.06943
2023-11-24 05:00:00,0.0001666666666666,27.5,0.571975,91,0.0,0.05735,0.03188,0.06943
2023-11-24 06:00:00,0.0,21.25,1.13402,91,0.0,0.22622,0.07196,0.06943
2023-11-24 07:00:00,0.0001666666666666,20.75,1.31598,91,0.0,0.22622,0.09681000000000001,0.06943
2023-11-24 08:00:00,0.0,20.75,1.080175,91,0.0227832479271878,0.22622,0.11697,0.06943
2023-11-24 09:00:00,0.0001666666666666,22.0,0.95375,91,0.0639955555679452,0.22622,0.111,0.06943
2023-11-24 10:00:00,0.0,22.75,0.8805,91,0.1209150422740186,0.22622,0.09801,0.06943
2023-11-24 11:00:00,0.0001666666666666,22.25,0.76172,91,0.1728988891992812,0.22622,0.09151999999999999,0.06943
2023-11-24 12:00:00,0.0,22.0,0.6702749999999998,91,0.2348702577444223,0.22622,0.07873999999999999,0.06943
2023-11-24 13:00:00,0.0001666666666666,22.0,0.62076,91,0.2768305130493946,0.22622,0.07659999999999999,0.06943
2023-11-24 14:00:00,0.0001666666666666,22.25,0.508945,91,0.2782748722826314,0.22622,0.08412,0.06943
2023-11-24 15:00:00,0.0,25.25,0.454005,91,0.0935060681237114,0.22622,0.08672,0.06943
2023-11-24 16:00:00,0.0001666666666666,26.25,0.555315,91,0.0146873503706903,0.22622,0.10026,0.06943
2023-11-24 17:00:00,0.0,24.25,0.62742,91,1.2649572414592795e-05,0.22622,0.11084000000000001,0.06943
2023-11-24 18:00:00,0.0001666666666666,23.75,0.5216700000000001,91,0.0,0.22622,0.1128,0.06943
2023-11-24 19:00:00,0.0,23.75,0.29805,91,0.0,0.22622,0.10559,0.06943
2023-11-24 20:00:00,0.0001666666666666,23.25,0.170335,91,0.0,0.22622,0.09770999999999999,0.06943
2023-11-24 21:00:00,0.0,24.0,0.10658,91,0.0,0.22622,0.08341,0.06943
2023-11-24 22:00:00,0.0001666666666666,24.5,0.0937149999999999,91,0.0,0.05735,0.08313,0.06943
2023-11-24 23:00:00,0.0,25.0,0.1039199999999999,91,0.0,0.05735,0.07919,0.06943
2023-11-25 00:00:00,0.0001666666666666,26.5,0.1073749999999999,91,0.0,0.05735,0.07806999999999999,0.06943
2023-11-25 01:00:00,0.0,25.75,0.116995,91,0.0,0.05735,0.07403,0.06943
2023-11-25 02:00:00,0.0001666666666666,25.75,0.108095,91,0.0,0.05735,0.07207,0.06943
2023-11-25 03:00:00,0.0,26.75,0.2139299999999999,91,0.0,0.05735,0.07161,0.06943
2023-11-25 04:00:00,0.0001666666666666,26.0,0.261385,91,0.0,0.05735,0.06999,0.06943
2023-11-25 05:00:00,0.0,26.25,0.3473249999999999,91,0.0,0.05735,0.07418999999999999,0.06943
2023-11-25 06:00:00,0.0001666666666666,26.75,0.3262849999999999,91,0.0,0.22622,0.07981,0.06943
2023-11-25 07:00:00,0.0001666666666666,26.75,0.205365,91,0.0,0.22622,0.08708,0.06943
2023-11-25 08:00:00,0.0,25.75,0.24541,91,0.0114945298395095,0.22622,0.09429000000000001,0.06943
2023-11-25 09:00:00,0.0001666666666666,25.25,0.239625,91,0.0713625637690226,0.22622,0.09195,0.06943
2023-11-25 10:00:00,0.0,23.25,0.2187649999999999,91,0.1416299152374267,0.22622,0.08917,0.06943
2023-11-25 11:00:00,0.0001666666666666,22.5,0.2145999999999999,91,0.2212817966428577,0.22622,0.08706,0.06943
2023-11-25 12:00:00,0.0,23.25,0.1952199999999999,91,0.2106215381622314,0.22622,0.08492,0.06943
2023-11-25 13:00:00,0.0001666666666666,21.75,0.174315,91,0.2803835030906221,0.22622,0.08316,0.06943
2023-11-25 14:00:00,0.0,22.75,0.16274,91,0.2601219648377508,0.22622,0.09009,0.06943
2023-11-25 15:00:00,0.0001666666666666,26.5,0.13366,91,0.0964983763654008,0.22622,0.09616,0.06943
2023-11-25 16:00:00,0.0,31.0,0.133825,91,0.0136537606975971,0.22622,0.11505,0.06943
2023-11-25 17:00:00,0.0001666666666666,36.25,0.1412449999999999,91,0.0001174358972626,0.22622,0.12409999999999999,0.06943
2023-11-25 18:00:00,0.0001666666666666,38.25,0.141155,91,0.0,0.22622,0.13026,0.06943
2023-11-25 19:00:00,0.0,39.25,0.25367,91,0.0,0.22622,0.12755,0.06943
2023-11-25 20:00:00,0.0001666666666666,41.0,0.314355,91,0.0,0.22622,0.12731,0.06943
2023-11-25 21:00:00,0.0,42.0,0.207955,91,0.0,0.22622,0.11881,0.06943
2023-11-25 22:00:00,0.0001666666666666,41.75,0.2090349999999999,91,0.0,0.05735,0.11896,0.06943
2023-11-25 23:00:00,0.0,41.75,0.26716,91,0.0,0.05735,0.11686,0.06943
2023-11-26 00:00:00,0.0001666666666666,41.75,0.266275,91,0.0,0.05735,0.11288,0.06943
2023-11-26 01:00:00,0.0,41.0,0.2643049999999999,91,0.0,0.05735,0.1077,0.06943
2023-11-26 02:00:00,0.0001666666666666,41.5,0.256515,91,0.0,0.05735,0.105,0.06943
2023-11-26 03:00:00,0.0001666666666666,42.0,0.24284,91,0.0,0.05735,0.10235999999999999,0.06943
2023-11-26 04:00:00,0.0,42.0,0.243475,91,0.0,0.05735,0.099,0.06943
2023-11-26 05:00:00,0.0001666666666666,42.75,0.430105,91,0.0,0.05735,0.09968,0.06943
2023-11-26 06:00:00,0.0,39.25,0.45381,91,0.0,0.22622,0.10344,0.06943
2023-11-26 07:00:00,0.0001666666666666,37.5,0.2919299999999999,91,0.0003282905924014,0.22622,0.11327,0.06943
2023-11-26 08:00:00,0.0,38.75,0.304835,91,0.0388435897358462,0.22622,0.11348,0.06943
2023-11-26 09:00:00,0.0001666666666666,39.25,0.271715,91,0.1385774356483394,0.22622,0.11766,0.06943
2023-11-26 10:00:00,0.0001666666666666,36.5,0.2031349999999999,91,0.2347389736338558,0.22622,0.1161,0.06943
2023-11-26 11:00:00,0.0,36.5,0.206365,91,0.3064432473467965,0.22622,0.11428,0.06943
2023-11-26 12:00:00,0.0001666666666666,37.0,0.23051,91,0.3269465790447007,0.22622,0.11362,0.06943
2023-11-26 13:00:00,0.0,36.75,0.22585,91,0.2989453835772653,0.22622,0.11009999999999999,0.06943
2023-11-26 14:00:00,0.0001666666666666,39.0,0.1891749999999999,91,0.1979515383793758,0.22622,0.1151,0.06943
2023-11-26 15:00:00,0.0,44.25,0.18449,91,0.0822210256462423,0.22622,0.12326000000000001,0.06943
2023-11-26 16:00:00,0.0001666666666666,49.25,0.2453249999999999,91,0.0228075213310046,0.22622,0.13415000000000002,0.06943
2023-11-26 17:00:00,0.0001666666666666,51.25,0.2793949999999999,91,4.07692306062095e-05,0.22622,0.14435,0.06943
2023-11-26 18:00:00,0.0,51.0,0.2953349999999999,91,0.0,0.22622,0.15668,0.06943
2023-11-26 19:00:00,0.0001666666666666,50.75,0.327775,91,0.0,0.22622,0.1461,0.06943
2023-11-26 20:00:00,0.0,51.25,0.3363799999999999,91,0.0,0.22622,0.13591,0.06943
2023-11-26 21:00:00,0.0001666666666666,51.75,0.28547,91,0.0,0.22622,0.12240999999999999,0.06943
2023-11-26 22:00:00,0.0,46.0,0.286605,91,0.0,0.05735,0.11899,0.06943
2023-11-26 23:00:00,0.0001666666666666,47.0,0.3419799999999999,91,0.0,0.05735,0.10256,0.06943
2023-11-27 00:00:00,0.0,38.75,0.3492099999999999,91,0.0,0.05735,0.09947,0.06943
2023-11-27 01:00:00,0.0,31.0,0.39574,91,0.0,0.05735,0.09429000000000001,0.06943
2023-11-27 02:00:00,0.0,31.25,0.510865,91,0.0,0.05735,0.08990000000000001,0.06943
2023-11-27 03:00:00,0.0,34.0,0.83512,91,0.0,0.05735,0.08882,0.06943
2023-11-27 04:00:00,0.0,31.75,1.033465,91,0.0,0.05735,0.08791,0.06943
2023-11-27 05:00:00,0.0,35.0,1.095155,91,0.0,0.05735,0.09409000000000001,0.06943
2023-11-27 06:00:00,0.0,41.25,1.278465,91,0.0,0.22622,0.12201000000000001,0.06943
2023-11-27 07:00:00,0.0,53.0,1.316555,91,1.675213631401718e-05,0.22622,0.12875,0.06943
2023-11-27 08:00:00,0.0,56.75,1.286825,91,0.0231783760205293,0.22622,0.14499,0.06943
2023-11-27 09:00:00,0.0,57.25,1.246705,91,0.0773794018509042,0.22622,0.13941,0.06943
2023-11-27 10:00:00,0.0,57.25,1.231065,91,0.0748011963999169,0.22622,0.138,0.06943
2023-11-27 11:00:00,0.0,57.0,1.18345,91,0.0581354703658666,0.22622,0.13694,0.06943
2023-11-27 12:00:00,0.0,56.0,1.13253,91,0.0474593164574386,0.22622,0.13397,0.06943
2023-11-27 13:00:00,0.0,56.5,1.11229,91,0.0404219657946855,0.22622,0.13266999999999998,0.06943
2023-11-27 14:00:00,0.0,56.5,1.045165,91,0.01807418798789,0.22622,0.13,0.06943
2023-11-27 15:00:00,0.0,54.25,1.045395,91,0.010182307714071,0.22622,0.1221,0.06943
2023-11-27 16:00:00,0.0,52.75,1.08037,91,0.003939316234607,0.22622,0.11948,0.06943
2023-11-27 17:00:00,0.0,50.5,1.077825,91,0.0,0.22622,0.1272,0.06943
2023-11-27 18:00:00,0.0,45.5,0.948915,91,0.0,0.22622,0.12890000000000001,0.06943
2023-11-27 19:00:00,0.0,47.25,0.557025,91,0.0,0.22622,0.12733,0.06943
2023-11-27 20:00:00,0.0,41.5,0.29382,91,0.0,0.22622,0.11844,0.06943
2023-11-27 21:00:00,0.0,29.25,0.227285,91,0.0,0.22622,0.1028,0.06943
2023-11-27 22:00:00,0.0,24.5,0.17156,91,0.0,0.05735,0.1,0.06943
2023-11-27 23:00:00,0.0,25.25,0.20801,91,0.0,0.05735,0.08511,0.06943
2023-11-28 00:00:00,0.0,26.75,0.225905,91,0.0,0.05735,0.07773999999999999,0.06943
2023-11-28 01:00:00,0.0,25.75,0.216605,91,0.0,0.05735,0.07049,0.06943
2023-11-28 02:00:00,0.0,25.25,0.28417,91,0.0,0.05735,0.06747,0.06943
2023-11-28 03:00:00,0.0,26.25,0.318725,91,0.0,0.05735,0.06447,0.06943
2023-11-28 04:00:00,0.0,26.0,0.273775,91,0.0,0.05735,0.06829,0.06943
2023-11-28 05:00:00,0.0,28.0,0.68867,91,0.0,0.05735,0.08015,0.06943
2023-11-28 06:00:00,0.0,33.0,1.2223050000000002,91,0.0,0.22622,0.0955,0.06943
2023-11-28 07:00:00,0.0,47.25,1.269265,91,0.0,0.22622,0.11838,0.06943
2023-11-28 08:00:00,0.0,53.25,1.14929,91,0.0029129914442698,0.22622,0.12841999999999998,0.06943
2023-11-28 09:00:00,0.0,54.5,1.10952,91,0.0312036752064003,0.22622,0.13858,0.06943
2023-11-28 10:00:00,0.0,54.75,1.0875549999999998,91,0.1301717096312433,0.22622,0.13921,0.06943
2023-11-28 11:00:00,0.0,54.5,0.965765,91,0.0983132476480598,0.22622,0.13852,0.06943
2023-11-28 12:00:00,0.0,55.0,0.8704,91,0.1366326496743748,0.22622,0.13563999999999998,0.06943
2023-11-28 13:00:00,0.0,54.5,0.97204,91,0.0574152136664105,0.22622,0.13774,0.06943
2023-11-28 14:00:00,0.0,55.75,1.01301,91,0.0484864957923563,0.22622,0.14392,0.06943
2023-11-28 15:00:00,0.0,57.0,0.93542,91,0.0403962393499847,0.22622,0.15,0.06943
2023-11-28 16:00:00,0.0,58.0,0.89,91,0.018778632396243,0.22622,0.16401,0.06943
2023-11-28 17:00:00,0.0,59.75,0.957345,91,0.0,0.22622,0.18997999999999998,0.06943
2023-11-28 18:00:00,0.0,64.5,0.8980049999999999,91,0.0,0.22622,0.177,0.06943
2023-11-28 19:00:00,0.0,60.25,0.4684650000000001,91,0.0,0.22622,0.16199000000000002,0.06943
2023-11-28 20:00:00,0.0,56.75,0.19157,91,0.0,0.22622,0.14098,0.06943
2023-11-28 21:00:00,0.0,57.0,0.16289,91,0.0,0.22622,0.1293,0.06943
2023-11-28 22:00:00,0.0,57.0,0.138615,91,0.0,0.05735,0.11976,0.06943
2023-11-28 23:00:00,0.0,55.5,0.1687649999999999,91,0.0,0.05735,0.10908,0.06943
2023-11-29 00:00:00,0.0,52.25,0.20221,91,0.0,0.05735,0.09841,0.06943
2023-11-29 01:00:00,0.0,45.25,0.326615,91,0.0,0.05735,0.09487000000000001,0.06943
2023-11-29 02:00:00,0.0,43.75,0.417245,91,0.0,0.05735,0.09217,0.06943
2023-11-29 03:00:00,0.0,40.25,0.355515,91,0.0,0.05735,0.08674,0.06943
2023-11-29 04:00:00,0.0,41.0,0.330895,91,0.0,0.05735,0.0851,0.06943
2023-11-29 05:00:00,0.0,42.75,0.801265,91,0.0,0.05735,0.09570000000000001,0.06943
2023-11-29 06:00:00,0.0,49.25,1.3535899999999998,91,0.0,0.22622,0.10507,0.06943
2023-11-29 07:00:00,0.0,56.25,1.38453,91,0.0,0.22622,0.13448,0.06943
2023-11-29 08:00:00,0.0,57.5,1.300655,91,0.0154977777383775,0.22622,0.14993,0.06943
2023-11-29 09:00:00,0.0,56.5,1.21199,91,0.0662709402426695,0.22622,0.14647,0.06943
2023-11-29 10:00:00,0.0,56.25,1.105725,91,0.2075722226525983,0.22622,0.13394,0.06943
2023-11-29 11:00:00,0.0,55.0,1.001325,91,0.2570662384359246,0.22622,0.12996000000000002,0.06943
2023-11-29 12:00:00,0.0,56.5,0.933405,91,0.3009916227291792,0.22622,0.12836,0.06943
2023-11-29 13:00:00,0.0,56.75,0.902235,91,0.3013070939544938,0.22622,0.13259,0.06943
2023-11-29 14:00:00,0.0,57.75,0.84653,91,0.2189205130552634,0.22622,0.14695,0.06943
2023-11-29 15:00:00,0.0,61.75,0.7806850000000001,91,0.1051841885004288,0.22622,0.168,0.06943
2023-11-29 16:00:00,0.0,64.25,0.799025,91,0.026445811985172,0.22622,0.2,0.06943
2023-11-29 17:00:00,0.0,64.25,0.85086,91,0.0,0.22622,0.25,0.06943
2023-11-29 18:00:00,0.0,67.5,0.750965,91,0.0,0.22622,0.25,0.06943
2023-11-29 19:00:00,0.0,72.25,0.405085,91,0.0,0.22622,0.2,0.06943
2023-11-29 20:00:00,0.0,71.75,0.1364749999999999,91,0.0,0.22622,0.161,0.06943
2023-11-29 21:00:00,0.0,67.25,0.09587,91,0.0,0.22622,0.13901,0.06943
2023-11-29 22:00:00,0.0,67.0,0.064875,91,0.0,0.05735,0.1285,0.06943
2023-11-29 23:00:00,0.0,65.5,0.09948,91,0.0,0.05735,0.11427,0.06943
2023-11-30 00:00:00,0.0,63.25,0.241935,91,0.0,0.05735,0.10479000000000001,0.06943
2023-11-30 01:00:00,0.0,61.0,0.263465,91,0.0,0.05735,0.10452,0.06943
2023-11-30 02:00:00,0.0,63.25,0.2213049999999999,91,0.0,0.05735,0.1022,0.06943
2023-11-30 03:00:00,0.0,63.0,0.24724,91,0.0,0.05735,0.1,0.06943
2023-11-30 04:00:00,0.0,62.75,0.2592999999999999,91,0.0,0.05735,0.10163,0.06943
2023-11-30 05:00:00,0.0,62.0,0.68757,91,0.0,0.05735,0.10629999999999999,0.06943
2023-11-30 06:00:00,0.0,64.5,1.23253,91,0.0,0.22622,0.12941,0.06943
2023-11-30 07:00:00,0.0,67.75,1.3286,91,0.0,0.22622,0.16809000000000002,0.06943
2023-11-30 08:00:00,0.0,69.75,1.2063499999999998,91,0.0007280341828735,0.22622,0.21927000000000002,0.06943
2023-11-30 09:00:00,0.0,69.5,1.0794499999999998,91,0.0119301709660098,0.22622,0.23701,0.06943
2023-11-30 10:00:00,0.0,68.5,1.000975,91,0.0509177776483388,0.22622,0.22213,0.06943
2023-11-30 11:00:00,0.0,69.0,0.8841199999999999,91,0.0921258120251517,0.22622,0.22296000000000002,0.06943
2023-11-30 12:00:00,0.0,67.0,0.804115,91,0.0784264959840693,0.22622,0.195,0.06943
2023-11-30 13:00:00,0.0,63.75,0.7835550000000001,91,0.0542745302885006,0.22622,0.18963,0.06943
2023-11-30 14:00:00,0.0,64.5,0.77997,91,0.0399418804380628,0.22622,0.195,0.06943
2023-11-30 15:00:00,0.0,65.5,0.76283,91,0.0300064956021105,0.22622,0.195,0.06943
2023-11-30 16:00:00,0.0,69.5,0.738425,91,0.0042499145615097,0.22622,0.226,0.06943
2023-11-30 17:00:00,0.0,68.0,0.75259,91,0.0,0.22622,0.26095,0.06943
2023-11-30 18:00:00,0.0,72.5,0.667135,91,0.0,0.22622,0.24934,0.06943
2023-11-30 19:00:00,0.0,72.0,0.349195,91,0.0,0.22622,0.1974,0.06943
2023-11-30 20:00:00,0.0,66.5,0.1036399999999999,91,0.0,0.22622,0.15381999999999998,0.06943
2023-11-30 21:00:00,0.0,65.5,0.068365,91,0.0,0.22622,0.13266,0.06943
2023-11-30 22:00:00,0.0,65.5,0.026005,91,0.0,0.05735,0.12448999999999999,0.06943
2023-11-30 23:00:00,0.0,65.75,0.0554999999999999,91,0.0,0.05735,0.11351,0.06943
2023-12-01 00:00:00,0.0,62.25,0.1031349999999999,91,0.0,0.05735,0.10690999999999999,0.07064
2023-12-01 01:00:00,0.0,61.5,0.056335,91,0.0,0.05735,0.10263,0.07064
2023-12-01 02:00:00,0.0,61.0,0.00848,91,0.0,0.05735,0.0991,0.07064
2023-12-01 03:00:00,0.0,62.25,0.000555,91,0.0,0.05735,0.09587999999999999,0.07064
2023-12-01 04:00:00,0.0,61.25,2e-05,91,0.0,0.05735,0.09606999999999999,0.07064
2023-12-01 05:00:00,0.0,60.25,0.37961,91,0.0,0.05735,0.10222,0.07064
2023-12-01 06:00:00,0.0,64.75,0.778975,91,0.0,0.22622,0.1199,0.07064
2023-12-01 07:00:00,0.0,68.0,1.000575,91,0.0,0.22622,0.15197,0.07064
2023-12-01 08:00:00,0.0,69.75,1.20793,91,0.0018147008617719,0.22622,0.20293,0.07064
2023-12-01 09:00:00,0.0,69.0,1.04092,91,0.018424871854293,0.22622,0.22156,0.07064
2023-12-01 10:00:00,0.0,68.25,0.829215,91,0.0245090598734016,0.22622,0.21391,0.07064
2023-12-01 11:00:00,0.0,68.0,0.79252,91,0.0275403417073763,0.22622,0.21195,0.07064
2023-12-01 12:00:00,0.0,68.0,0.77682,91,0.0219962393931853,0.22622,0.19565000000000002,0.07064
2023-12-01 13:00:00,0.0,67.75,0.77984,91,0.0252423933428576,0.22622,0.17201,0.07064
2023-12-01 14:00:00,0.0,67.0,0.845155,91,0.0204801707593803,0.22622,0.17352,0.07064
2023-12-01 15:00:00,0.0,67.5,0.880605,91,0.0111700854087487,0.22622,0.18001,0.07064
2023-12-01 16:00:00,0.0,66.75,0.89751,91,0.0007854700897637,0.22622,0.19986,0.07064
2023-12-01 17:00:00,0.0,65.25,0.970995,91,0.0,0.22622,0.23009000000000002,0.07064
2023-12-01 18:00:00,0.0,65.75,0.8622700000000001,91,0.0,0.22622,0.19849,0.07064
2023-12-01 19:00:00,0.0,62.5,0.47456,91,0.0,0.22622,0.16823,0.07064
2023-12-01 20:00:00,0.0,61.75,0.1944699999999999,91,0.0,0.22622,0.14216,0.07064
2023-12-01 21:00:00,0.0,63.0,0.1214499999999998,91,0.0,0.22622,0.125,0.07064
2023-12-01 22:00:00,0.0,62.25,0.0663049999999999,91,0.0,0.05735,0.118,0.07064
2023-12-01 23:00:00,0.0,61.25,0.0820799999999999,91,0.0,0.05735,0.10807,0.07064
2023-12-02 00:00:00,0.0,56.0,0.1245049999999999,91,0.0,0.05735,0.10587,0.07064
2023-12-02 01:00:00,0.0,57.0,0.12804,91,0.0,0.05735,0.10365,0.07064
2023-12-02 02:00:00,0.0,56.5,0.288625,91,0.0,0.05735,0.10357999999999999,0.07064
2023-12-02 03:00:00,0.0,56.75,0.346925,91,0.0,0.05735,0.10172,0.07064
2023-12-02 04:00:00,0.0,56.5,0.2422849999999999,91,0.0,0.05735,0.09958,0.07064
2023-12-02 05:00:00,0.0,57.0,0.345925,91,0.0,0.05735,0.09849,0.07064
2023-12-02 06:00:00,0.0,58.25,0.357035,91,0.0,0.22622,0.0996,0.07064
2023-12-02 07:00:00,0.0,62.5,0.32004,91,0.0,0.22622,0.10632,0.07064
2023-12-02 08:00:00,0.0,62.75,0.382125,91,0.0041364102345755,0.22622,0.12034,0.07064
2023-12-02 09:00:00,0.0,60.75,0.34508,91,0.0339211113228757,0.22622,0.12799,0.07064
2023-12-02 10:00:00,0.0,58.25,0.300655,91,0.0732640168605706,0.22622,0.13075,0.07064
2023-12-02 11:00:00,0.0,57.5,0.3294449999999999,91,0.0743191452922984,0.22622,0.127,0.07064
2023-12-02 12:00:00,0.0,57.25,0.3354049999999999,91,0.1071564959664629,0.22622,0.12115000000000001,0.07064
2023-12-02 13:00:00,0.0,58.25,0.3062449999999999,91,0.138000512652927,0.22622,0.11458,0.07064
2023-12-02 14:00:00,0.0,59.25,0.3410899999999999,91,0.1114717098382803,0.22622,0.11852,0.07064
2023-12-02 15:00:00,0.0,59.75,0.3314499999999999,91,0.0245930768078209,0.22622,0.1235,0.07064
2023-12-02 16:00:00,0.0,59.75,0.30805,91,0.0162774358868089,0.22622,0.12979,0.07064
2023-12-02 17:00:00,0.0,59.75,0.3293,91,3.333333402107923e-06,0.22622,0.14395,0.07064
2023-12-02 18:00:00,0.0,65.5,0.3552349999999999,91,0.0,0.22622,0.14490999999999998,0.07064
2023-12-02 19:00:00,0.0,66.75,0.39092,91,0.0,0.22622,0.12963999999999998,0.07064
2023-12-02 20:00:00,0.0,63.75,0.3612249999999999,91,0.0,0.22622,0.12262999999999999,0.07064
2023-12-02 21:00:00,0.0,60.25,0.262335,91,0.0,0.22622,0.11683,0.07064
2023-12-02 22:00:00,0.0,59.25,0.2409199999999999,91,0.0,0.05735,0.11278,0.07064
2023-12-02 23:00:00,0.0,60.0,0.3408849999999999,91,0.0,0.05735,0.11,0.07064
2023-12-03 00:00:00,0.0,58.0,0.420895,91,0.0,0.05735,0.1092,0.07064
2023-12-03 01:00:00,0.0,51.25,0.411085,91,0.0,0.05735,0.10479999999999999,0.07064
2023-12-03 02:00:00,0.0,46.0,0.43775,91,0.0,0.05735,0.10339,0.07064
2023-12-03 03:00:00,0.0,42.25,0.43303,91,0.0,0.05735,0.10123,0.07064
2023-12-03 04:00:00,0.0,39.25,0.375235,91,0.0,0.05735,0.09656,0.07064
2023-12-03 05:00:00,0.0,38.0,0.481805,91,0.0,0.05735,0.09309999999999999,0.07064
2023-12-03 06:00:00,0.0,37.75,0.66321,91,0.0,0.22622,0.08965000000000001,0.07064
2023-12-03 07:00:00,0.0,38.0,0.7425350000000001,91,0.0,0.22622,0.09283,0.07064
2023-12-03 08:00:00,0.0,40.0,0.6376050000000001,91,0.0075626495365913,0.22622,0.09702,0.07064
2023-12-03 09:00:00,0.0,45.5,0.462965,91,0.0220515384837093,0.22622,0.10015,0.07064
2023-12-03 10:00:00,0.0,43.75,0.3998249999999999,91,0.0982684606568426,0.22622,0.10496,0.07064
2023-12-03 11:00:00,0.0,42.25,0.411545,91,0.1292956412551749,0.22622,0.10507,0.07064
2023-12-03 12:00:00,0.0,41.75,0.662535,91,0.1602902568914951,0.22622,0.10291,0.07064
2023-12-03 13:00:00,0.0,42.0,0.697295,91,0.2936529911073864,0.22622,0.1,0.07064
2023-12-03 14:00:00,0.0,43.25,0.411215,91,0.2366432476858807,0.22622,0.10568000000000001,0.07064
2023-12-03 15:00:00,0.0,48.5,0.3247999999999999,91,0.0802476075979379,0.22622,0.115,0.07064
2023-12-03 16:00:00,0.0,50.25,0.5926,91,0.0108844444754286,0.22622,0.1222,0.07064
2023-12-03 17:00:00,0.0,50.0,0.646335,91,3.914529863649448e-05,0.22622,0.1279,0.07064
2023-12-03 18:00:00,0.0,49.0,0.5949249999999999,91,0.0,0.22622,0.12905,0.07064
2023-12-03 19:00:00,0.0,48.25,0.593455,91,0.0,0.22622,0.12607,0.07064
2023-12-03 20:00:00,0.0,47.75,0.628115,91,0.0,0.22622,0.11233,0.07064
2023-12-03 21:00:00,0.0,43.25,0.572495,91,0.0,0.22622,0.1,0.07064
2023-12-03 22:00:00,0.0,37.0,0.5952099999999999,91,0.0,0.05735,0.09909,0.07064
2023-12-03 23:00:00,0.0,36.75,0.8561049999999999,91,0.0,0.05735,0.089,0.07064
2023-12-04 00:00:00,0.0,34.0,0.755395,91,0.0,0.05735,0.09386,0.07064
2023-12-04 01:00:00,0.0,31.25,0.72797,91,0.0,0.05735,0.08981,0.07064
2023-12-04 02:00:00,0.0,33.0,0.75832,91,0.0,0.05735,0.08802,0.07064
2023-12-04 03:00:00,0.0,34.5,0.8873000000000001,91,0.0,0.05735,0.08538,0.07064
2023-12-04 04:00:00,0.0,34.5,1.131495,91,0.0,0.05735,0.08583,0.07064
2023-12-04 05:00:00,0.0,35.25,1.207825,91,0.0,0.05735,0.09204000000000001,0.07064
2023-12-04 06:00:00,0.0,39.75,1.291,91,0.0,0.22622,0.10373,0.07064
2023-12-04 07:00:00,0.0,48.75,1.37266,91,0.0,0.22622,0.11667,0.07064
2023-12-04 08:00:00,0.0,50.0,1.3432849999999998,91,0.0048061538455832,0.22622,0.12315999999999999,0.07064
2023-12-04 09:00:00,0.0,49.25,1.3344949999999998,91,0.0091267521666665,0.22622,0.12667,0.07064
2023-12-04 10:00:00,0.0,48.0,1.3113400000000002,91,0.0215188034986838,0.22622,0.12816,0.07064
2023-12-04 11:00:00,0.0,47.5,1.220995,91,0.0276360682136992,0.22622,0.13069999999999998,0.07064
2023-12-04 12:00:00,0.0,47.0,1.12002,91,0.0360982052892701,0.22622,0.12645,0.07064
2023-12-04 13:00:00,0.0,46.0,1.108315,91,0.0309125641472319,0.22622,0.11999,0.07064
2023-12-04 14:00:00,0.0,44.5,1.057895,91,0.0212844445155217,0.22622,0.12761,0.07064
2023-12-04 15:00:00,0.0,45.75,1.017395,91,0.0224903418263818,0.22622,0.12595,0.07064
2023-12-04 16:00:00,0.0,46.5,1.02899,91,0.0141839316041551,0.22622,0.12612,0.07064
2023-12-04 17:00:00,0.0,45.25,1.04419,91,4.273504257584222e-06,0.22622,0.13244999999999998,0.07064
2023-12-04 18:00:00,0.0,44.75,0.8677849999999999,91,0.0,0.22622,0.12922,0.07064
2023-12-04 19:00:00,0.0,47.0,0.422825,91,0.0,0.22622,0.12301999999999999,0.07064
2023-12-04 20:00:00,0.0,48.75,0.1712649999999999,91,0.0,0.22622,0.115,0.07064
2023-12-04 21:00:00,0.0,47.0,0.1239949999999999,91,0.0,0.22622,0.10554999999999999,0.07064
2023-12-04 22:00:00,0.0,43.5,0.087725,91,0.0,0.05735,0.1,0.07064
2023-12-04 23:00:00,0.0,40.0,0.11295,91,0.0,0.05735,0.09176000000000001,0.07064
2023-12-05 00:00:00,0.0,36.75,0.146885,91,0.0,0.05735,0.09085,0.07064
2023-12-05 01:00:00,0.0,32.75,0.276265,91,0.0,0.05735,0.08801,0.07064
2023-12-05 02:00:00,0.0,32.25,0.337885,91,0.0,0.05735,0.08573,0.07064
2023-12-05 03:00:00,0.0,33.5,0.26883,91,0.0,0.05735,0.08362,0.07064
2023-12-05 04:00:00,0.0,34.5,0.3945099999999999,91,0.0,0.05735,0.08471,0.07064
2023-12-05 05:00:00,0.0,36.0,0.868845,91,0.0,0.05735,0.09101999999999999,0.07064
2023-12-05 06:00:00,0.0,44.75,1.232295,91,0.0,0.22622,0.108,0.07064
2023-12-05 07:00:00,0.0,46.0,1.247895,91,0.0,0.22622,0.11395999999999999,0.07064
2023-12-05 08:00:00,0.0,48.25,1.298875,91,0.0096018802587133,0.22622,0.12332,0.07064
2023-12-05 09:00:00,0.0,47.75,1.247255,91,0.05411102572058,0.22622,0.12287999999999999,0.07064
2023-12-05 10:00:00,0.0,47.25,1.067975,91,0.0876947004367143,0.22622,0.12054999999999999,0.07064
2023-12-05 11:00:00,0.0,46.5,0.96856,91,0.1157575209527953,0.22622,0.11846999999999999,0.07064
2023-12-05 12:00:00,0.0,46.5,0.917405,91,0.1234177781781579,0.22622,0.1161,0.07064
2023-12-05 13:00:00,0.0,47.25,0.88958,91,0.1306071799840682,0.22622,0.1161,0.07064
2023-12-05 14:00:00,0.0,47.75,0.8454999999999999,91,0.0669630767545129,0.22622,0.11525,0.07064
2023-12-05 15:00:00,0.0,48.5,0.821285,91,0.0491708544788197,0.22622,0.12209,0.07064
2023-12-05 16:00:00,0.0,49.0,0.862945,91,0.0096106837778232,0.22622,0.12924000000000002,0.07064
2023-12-05 17:00:00,0.0,49.25,0.90857,91,0.0,0.22622,0.14679,0.07064
2023-12-05 18:00:00,0.0,47.5,0.790285,91,0.0,0.22622,0.14747,0.07064
2023-12-05 19:00:00,0.0,47.5,0.40892,91,0.0,0.22622,0.14156,0.07064
2023-12-05 20:00:00,0.0,48.5,0.147545,91,0.0,0.22622,0.12863,0.07064
2023-12-05 21:00:00,0.0,50.25,0.1003749999999999,91,0.0,0.22622,0.11783,0.07064
2023-12-05 22:00:00,0.0,51.25,0.051785,91,0.0,0.05735,0.11155,0.07064
2023-12-05 23:00:00,0.0,51.0,0.079745,91,0.0,0.05735,0.10328,0.07064
2023-12-06 00:00:00,0.0,50.75,0.261805,91,0.0,0.05735,0.09497,0.07064
2023-12-06 01:00:00,0.0,49.0,0.300845,91,0.0,0.05735,0.09309999999999999,0.07064
2023-12-06 02:00:00,0.0,48.75,0.2504,91,0.0,0.05735,0.09257,0.07064
2023-12-06 03:00:00,0.0,47.0,0.296045,91,0.0,0.05735,0.09096,0.07064
2023-12-06 04:00:00,0.0,48.25,0.31844,91,0.0,0.05735,0.09059,0.07064
2023-12-06 05:00:00,0.0,49.5,0.8008350000000001,91,0.0,0.05735,0.09389,0.07064
2023-12-06 06:00:00,0.0,52.25,1.335615,91,0.0,0.22622,0.10703,0.07064
2023-12-06 07:00:00,0.0,54.25,1.400615,91,0.0,0.22622,0.13361,0.07064
2023-12-06 08:00:00,0.0,54.0,1.4120099999999998,91,0.0284718803558339,0.22622,0.167,0.07064
2023-12-06 09:00:00,0.0,57.25,1.368785,91,0.1179187178000425,0.22622,0.16654,0.07064
2023-12-06 10:00:00,0.0,57.0,1.226235,91,0.2072641871525691,0.22622,0.15,0.07064
2023-12-06 11:00:00,0.0,54.0,1.0419699999999998,91,0.2544874362456493,0.22622,0.14629,0.07064
2023-12-06 12:00:00,0.0,49.25,0.861145,91,0.2811672661447117,0.22622,0.13717,0.07064
2023-12-06 13:00:00,0.0,48.0,0.7772450000000001,91,0.0762405987274952,0.22622,0.13137000000000001,0.07064
2023-12-06 14:00:00,0.0,50.75,0.7889900000000001,91,0.0901229915455875,0.22622,0.13725,0.07064
2023-12-06 15:00:00,0.0,52.0,0.841355,91,0.0542062389748727,0.22622,0.14399,0.07064
2023-12-06 16:00:00,0.0,55.75,0.88775,91,0.0128564956602759,0.22622,0.164,0.07064
2023-12-06 17:00:00,0.0,61.25,0.918405,91,1.538461472234154e-06,0.22622,0.17807,0.07064
2023-12-06 18:00:00,0.0,63.75,0.8877799999999999,91,0.0,0.22622,0.16528,0.07064
2023-12-06 19:00:00,0.0,64.5,1.0186,91,0.0,0.22622,0.14993,0.07064
2023-12-06 20:00:00,0.0,65.5,1.078585,91,0.0,0.22622,0.12991,0.07064
2023-12-06 21:00:00,0.0,66.0,0.8306,91,0.0,0.22622,0.11568,0.07064
2023-12-06 22:00:00,0.0,65.75,0.8074699999999999,91,0.0,0.05735,0.10733,0.07064
2023-12-06 23:00:00,0.0,61.5,0.898265,91,0.0,0.05735,0.10044,0.07064
2023-12-07 00:00:00,0.0,51.75,0.89466,91,0.0,0.05735,0.0992,0.07064
2023-12-07 01:00:00,0.0,51.0,0.9255,91,0.0,0.05735,0.09784999999999999,0.07064
2023-12-07 02:00:00,0.0,50.25,0.96045,91,0.0,0.05735,0.09686,0.07064
2023-12-07 03:00:00,0.0,48.75,0.99722,91,0.0,0.05735,0.09181,0.07064
2023-12-07 04:00:00,0.0,46.5,1.029695,91,0.0,0.05735,0.08992,0.07064
2023-12-07 05:00:00,0.0,48.75,1.116265,91,0.0,0.05735,0.09453,0.07064
2023-12-07 06:00:00,0.0,51.25,1.23309,91,0.0,0.22622,0.11005,0.07064
2023-12-07 07:00:00,0.0,49.0,0.6346649999999999,91,0.0,0.22622,0.13013,0.07064
2023-12-07 08:00:00,0.0,48.0,0.0,91,0.0211420513294701,0.22622,0.15,0.07064
2023-12-07 09:00:00,0.0,47.25,0.0,91,0.1112767518687452,0.22622,0.1377,0.07064
2023-12-07 10:00:00,0.0,47.25,0.0,91,0.1983227353218274,0.22622,0.1255,0.07064
2023-12-07 11:00:00,0.0,47.25,0.0,91,0.2509855550782293,0.22622,0.1097,0.07064
2023-12-07 12:00:00,0.0,47.0,0.0,91,0.2242121372059879,0.22622,0.10488,0.07064
2023-12-07 13:00:00,0.0,47.75,0.8898800000000001,91,0.1612328200054983,0.22622,0.0984,0.07064
2023-12-07 14:00:00,0.0,49.0,1.43003,91,0.1135435892577863,0.22622,0.09434000000000001,0.07064
2023-12-07 15:00:00,0.0,49.75,1.093155,91,0.0660850421791402,0.22622,0.08913,0.07064
2023-12-07 16:00:00,0.0,49.0,1.03392,91,0.0141123932267292,0.22622,0.085,0.07064
2023-12-07 17:00:00,0.0,48.75,0.94091,91,0.0,0.22622,0.10890999999999999,0.07064
2023-12-07 18:00:00,0.0,51.0,0.81022,91,0.0,0.22622,0.12143999999999999,0.07064
2023-12-07 19:00:00,0.0,51.25,0.44216,91,0.0,0.22622,0.10543000000000001,0.07064
2023-12-07 20:00:00,0.0,51.0,0.151515,91,0.0,0.22622,0.10075,0.07064
2023-12-07 21:00:00,0.0,51.75,0.1002649999999999,91,0.0,0.22622,0.097,0.07064
2023-12-07 22:00:00,0.0,49.25,0.041545,91,0.0,0.05735,0.09642,0.07064
2023-12-07 23:00:00,0.0,47.5,0.065405,91,0.0,0.05735,0.08708,0.07064
2023-12-08 00:00:00,0.0,40.75,0.114415,91,0.0,0.05735,0.08709,0.07064
2023-12-08 01:00:00,0.0,29.5,0.112465,91,0.0,0.05735,0.08326,0.07064
2023-12-08 02:00:00,0.0,29.5,0.214085,91,0.0,0.05735,0.08143,0.07064
2023-12-08 03:00:00,0.0,30.5,0.20153,91,0.0,0.05735,0.07952,0.07064
2023-12-08 04:00:00,0.0,31.0,0.14123,91,0.0,0.05735,0.08,0.07064
2023-12-08 05:00:00,0.0,34.0,0.5509799999999999,91,0.0,0.05735,0.08704,0.07064
2023-12-08 06:00:00,0.0,42.75,1.170065,91,0.0,0.22622,0.1004,0.07064
2023-12-08 07:00:00,0.0,48.0,1.330775,91,0.0,0.22622,0.10840000000000001,0.07064
2023-12-08 08:00:00,0.0,50.0,1.18416,91,0.0029760683856458,0.22622,0.1134,0.07064
2023-12-08 09:00:00,0.0,50.25,1.10313,91,0.0231220513123732,0.22622,0.11891,0.07064
2023-12-08 10:00:00,0.0,51.5,1.058195,91,0.0425541879376794,0.22622,0.11892,0.07064
2023-12-08 11:00:00,0.0,53.25,1.018995,91,0.0500529914024548,0.22622,0.1183,0.07064
2023-12-08 12:00:00,0.0,53.75,0.987575,91,0.0532868376756325,0.22622,0.11704,0.07064
2023-12-08 13:00:00,0.0,52.75,0.938905,91,0.0544619658869555,0.22622,0.11229,0.07064
2023-12-08 14:00:00,0.0,52.0,0.86239,91,0.0658193161548712,0.22622,0.11328,0.07064
2023-12-08 15:00:00,0.0,52.0,0.8306600000000001,91,0.0206798292123354,0.22622,0.09816,0.07064
2023-12-08 16:00:00,0.0,53.75,0.840445,91,0.0040908547025969,0.22622,0.1019,0.07064
2023-12-08 17:00:00,0.0,56.25,0.8150149999999999,91,0.0,0.22622,0.1151,0.07064
2023-12-08 18:00:00,0.0,55.5,0.73828,91,0.0,0.22622,0.1186,0.07064
2023-12-08 19:00:00,0.0,56.0,0.4239799999999999,91,0.0,0.22622,0.10632,0.07064
2023-12-08 20:00:00,0.0,54.5,0.130435,91,0.0,0.22622,0.10490000000000001,0.07064
2023-12-08 21:00:00,0.0,46.75,0.0773249999999999,91,0.0,0.22622,0.10112,0.07064
2023-12-08 22:00:00,0.0,42.25,0.02796,91,0.0,0.05735,0.09885,0.07064
2023-12-08 23:00:00,0.0,40.5,0.045735,91,0.0,0.05735,0.09058,0.07064
2023-12-09 00:00:00,0.0,29.0,0.08925,91,0.0,0.05735,0.095,0.07064
2023-12-09 01:00:00,0.0,22.0,0.0884999999999999,91,0.0,0.05735,0.0851,0.07064
2023-12-09 02:00:00,0.0,22.0,0.0902449999999999,91,0.0,0.05735,0.07948999999999999,0.07064
2023-12-09 03:00:00,0.0,22.0,0.0926249999999999,91,0.0,0.05735,0.07307,0.07064
2023-12-09 04:00:00,0.0,23.0,0.08788,91,0.0,0.05735,0.06182,0.07064
2023-12-09 05:00:00,0.0,22.25,0.20403,91,0.0,0.05735,0.06747,0.07064
2023-12-09 06:00:00,0.0,21.25,0.38213,91,0.0,0.22622,0.07604000000000001,0.07064
2023-12-09 07:00:00,0.0,20.25,0.291785,91,0.0,0.22622,0.08270000000000001,0.07064
2023-12-09 08:00:00,0.0,20.0,0.167845,91,0.0206679488756717,0.22622,0.08565,0.07064
2023-12-09 09:00:00,0.0,19.75,0.1986149999999999,91,0.0551274357494126,0.22622,0.09237000000000001,0.07064
2023-12-09 10:00:00,0.0,19.0,0.207505,91,0.0476288887578198,0.22622,0.08695,0.07064
2023-12-09 11:00:00,0.0,19.0,0.15407,91,0.0897308545234876,0.22622,0.08214,0.07064
2023-12-09 12:00:00,0.0,18.25,0.085725,91,0.0539753844595362,0.22622,0.07368000000000001,0.07064
2023-12-09 13:00:00,0.0,18.75,0.07736,91,0.0356359829861893,0.22622,0.08047,0.07064
2023-12-09 14:00:00,0.0,19.0,0.1642599999999999,91,0.0242419658563075,0.22622,0.08751,0.07064
2023-12-09 15:00:00,0.0,19.0,0.1844199999999999,91,0.0087545299106954,0.22622,0.06272,0.07064
2023-12-09 16:00:00,0.0,19.0,0.1615299999999999,91,8.316239326173424e-05,0.22622,0.06916,0.07064
2023-12-09 17:00:00,0.0,19.0,0.18557,91,0.0,0.22622,0.08254,0.07064
2023-12-09 18:00:00,0.0,20.75,0.18296,91,0.0,0.22622,0.08320999999999999,0.07064
2023-12-09 19:00:00,0.0,21.0,0.1614799999999999,91,0.0,0.22622,0.07626999999999999,0.07064
2023-12-09 20:00:00,0.0,20.75,0.1241399999999999,91,0.0,0.22622,0.06843,0.07064
2023-12-09 21:00:00,0.0,20.75,0.0941199999999999,91,0.0,0.22622,0.06326,0.07064
2023-12-09 22:00:00,0.0,21.0,0.0649899999999999,91,0.0,0.05735,0.05787,0.07064
2023-12-09 23:00:00,0.0,21.75,0.1058499999999999,91,0.0,0.05735,0.04618,0.07064
2023-12-10 00:00:00,0.0,21.25,0.1670999999999999,91,0.0,0.05735,0.03402,0.07064
2023-12-10 01:00:00,0.0,22.0,0.0943899999999999,91,0.0,0.05735,0.02221,0.07064
2023-12-10 02:00:00,0.0,22.0,0.05316,91,0.0,0.05735,0.01396,0.07064
2023-12-10 03:00:00,0.0,22.75,0.086445,91,0.0,0.05735,0.00736,0.07064
2023-12-10 04:00:00,0.0,23.5,0.07069,91,0.0,0.05735,0.01065,0.07064
2023-12-10 05:00:00,0.0,23.25,0.07069,91,0.0,0.05735,0.01853,0.07064
2023-12-10 06:00:00,0.0,22.75,0.07069,91,0.0,0.22622,0.02432,0.07064
2023-12-10 07:00:00,0.0,22.0,0.07069,91,0.0,0.22622,0.0421,0.07064
2023-12-10 08:00:00,0.0,21.75,0.07069,91,0.0134843590011836,0.22622,0.059770000000000004,0.07064
2023-12-10 09:00:00,0.0,21.0,0.07069,91,0.0997111961984227,0.22622,0.06573000000000001,0.07064
2023-12-10 10:00:00,0.0,20.0,0.07069,91,0.1967402567415156,0.22622,0.06923,0.07064
2023-12-10 11:00:00,0.0,19.75,0.07069,91,0.267307008596567,0.22622,0.05385,0.07064
2023-12-10 12:00:00,0.0,19.0,0.07069,91,0.2822257258749416,0.22622,0.0621,0.07064
2023-12-10 13:00:00,0.0,19.0,0.07069,91,0.2477120515220185,0.22622,0.05094,0.07064
2023-12-10 14:00:00,0.0,20.0,0.07069,91,0.1666926488305768,0.22622,0.06531999999999999,0.07064
2023-12-10 15:00:00,0.0,20.0,0.07069,91,0.0701595722100673,0.22622,0.06319,0.07064
2023-12-10 16:00:00,0.0,20.0,0.07069,91,0.0177670085046472,0.22622,0.04932,0.07064
2023-12-10 17:00:00,0.0,19.5,0.07069,91,0.0,0.22622,0.05,0.07064
2023-12-10 18:00:00,0.0,19.0,0.07069,91,0.0,0.22622,0.05706,0.07064
2023-12-10 19:00:00,0.0,19.0,0.07069,91,0.0,0.22622,0.0624,0.07064
2023-12-10 20:00:00,0.0,19.0,0.07069,91,0.0,0.22622,0.0554,0.07064
2023-12-10 21:00:00,0.0,19.75,0.07069,91,0.0,0.22622,0.05,0.07064
2023-12-10 22:00:00,0.0,20.0,0.07069,91,0.0,0.05735,0.047,0.07064
2023-12-10 23:00:00,0.0,20.5,0.07069,91,0.0,0.05735,0.053880000000000004,0.07064
2023-12-11 00:00:00,0.0,20.75,0.07069,91,0.0,0.05735,0.035,0.07064
2023-12-11 01:00:00,0.0,21.0,0.07069,91,0.0,0.05735,0.01666,0.07064
2023-12-11 02:00:00,0.0,21.0,0.07069,91,0.0,0.05735,0.013980000000000001,0.07064
2023-12-11 03:00:00,0.0,22.0,0.07069,91,0.0,0.05735,0.01,0.07064
2023-12-11 04:00:00,0.0,22.0,0.45358,91,0.0,0.05735,0.01324,0.07064
2023-12-11 05:00:00,0.0,21.25,1.039905,91,0.0,0.05735,0.037020000000000004,0.07064
2023-12-11 06:00:00,0.0,21.5,1.09055,91,0.0,0.22622,0.07643000000000001,0.07064
2023-12-11 07:00:00,0.0,23.75,1.01983,91,0.0,0.22622,0.09648999999999999,0.07064
2023-12-11 08:00:00,0.0,28.0,1.058115,91,0.0006433333348259,0.22622,0.10165,0.07064
2023-12-11 09:00:00,0.0,32.5,0.93398,91,0.0086876923151505,0.22622,0.10012,0.07064
2023-12-11 10:00:00,0.0,33.75,0.852755,91,0.0160869231896522,0.22622,0.09456999999999999,0.07064
2023-12-11 11:00:00,0.0,33.75,0.795335,91,0.0245529913698506,0.22622,0.09226000000000001,0.07064
2023-12-11 12:00:00,0.0,34.75,0.7379599999999998,91,0.0292844442832164,0.22622,0.0851,0.07064
2023-12-11 13:00:00,0.0,35.0,0.7300599999999999,91,0.0386133332945342,0.22622,0.08358,0.07064
2023-12-11 14:00:00,0.0,38.0,0.6871300000000001,91,0.0221287179808331,0.22622,0.09326999999999999,0.07064
2023-12-11 15:00:00,0.0,45.25,0.6626200000000001,91,0.0098196580343776,0.22622,0.09942000000000001,0.07064
2023-12-11 16:00:00,0.0,48.25,0.67274,91,0.0009346153910279,0.22622,0.10884,0.07064
2023-12-11 17:00:00,0.0,46.75,0.6461,91,0.0,0.22622,0.11973,0.07064
2023-12-11 18:00:00,0.0,46.0,0.51221,91,0.0,0.22622,0.12357,0.07064
2023-12-11 19:00:00,0.0,46.0,0.2484199999999999,91,0.0,0.22622,0.12201000000000001,0.07064
2023-12-11 20:00:00,0.0,49.0,0.065655,91,0.0,0.22622,0.11441,0.07064
2023-12-11 21:00:00,0.0,50.0,0.0512149999999999,91,0.0,0.22622,0.09997,0.07064
2023-12-11 22:00:00,0.0,51.5,0.033065,91,0.0,0.05735,0.09659999999999999,0.07064
2023-12-11 23:00:00,0.0,47.0,0.0011599999999999,91,0.0,0.05735,0.08769,0.07064
2023-12-12 00:00:00,0.0,41.75,0.0002099999999999,91,0.0,0.05735,0.08809,0.07064
2023-12-12 01:00:00,0.0,36.5,0.03119,91,0.0,0.05735,0.08706,0.07064
2023-12-12 02:00:00,0.0,35.75,0.04251,91,0.0,0.05735,0.08562,0.07064
2023-12-12 03:00:00,0.0,31.5,0.056135,91,0.0,0.05735,0.08442,0.07064
2023-12-12 04:00:00,0.0,29.5,0.0840699999999999,91,0.0,0.05735,0.0777,0.07064
2023-12-12 05:00:00,0.0,30.5,0.367605,91,0.0,0.05735,0.07717,0.07064
2023-12-12 06:00:00,0.0,36.0,0.7880950000000001,91,0.0,0.22622,0.09298000000000001,0.07064
2023-12-12 07:00:00,0.0,43.75,1.00129,91,0.0,0.22622,0.10607,0.07064
2023-12-12 08:00:00,0.0,43.75,0.962735,91,0.008082905974653,0.22622,0.10308,0.07064
2023-12-12 09:00:00,0.0,42.25,0.788925,91,0.0312222222792796,0.22622,0.10479000000000001,0.07064
2023-12-12 10:00:00,0.0,41.25,0.724475,91,0.0387065813276502,0.22622,0.08422,0.07064
2023-12-12 11:00:00,0.0,38.25,0.6955450000000001,91,0.062582991265843,0.22622,0.08907,0.07064
2023-12-12 12:00:00,0.0,33.5,0.60971,91,0.0798473508948953,0.22622,0.08575,0.07064
2023-12-12 13:00:00,0.0,31.75,0.54663,91,0.0590940168576362,0.22622,0.06784,0.07064
2023-12-12 14:00:00,0.0,31.75,0.557485,91,0.0275756408618046,0.22622,0.07873000000000001,0.07064
2023-12-12 15:00:00,0.0,32.0,0.5466799999999999,91,0.0210962392733647,0.22622,0.08472,0.07064
2023-12-12 16:00:00,0.0,32.25,0.511425,91,0.0048900000152424,0.22622,0.09076000000000001,0.07064
2023-12-12 17:00:00,0.0,36.5,0.48663,91,0.0,0.22622,0.09947,0.07064
2023-12-12 18:00:00,0.0,36.0,0.4104699999999999,91,0.0,0.22622,0.10634,0.07064
2023-12-12 19:00:00,0.0,36.0,0.2125049999999999,91,0.0,0.22622,0.09462999999999999,0.07064
2023-12-12 20:00:00,0.0,35.0,0.0672649999999999,91,0.0,0.22622,0.09087999999999999,0.07064
2023-12-12 21:00:00,0.0,32.5,0.0493849999999999,91,0.0,0.22622,0.0841,0.07064
2023-12-12 22:00:00,0.0,27.5,0.02523,91,0.0,0.05735,0.077,0.07064
2023-12-12 23:00:00,0.0,27.25,0.0012,91,0.0,0.05735,0.07712000000000001,0.07064
2023-12-13 00:00:00,0.0,27.25,0.00025,91,0.0,0.05735,0.07569,0.07064
2023-12-13 01:00:00,0.0,26.75,0.0297599999999999,91,0.0,0.05735,0.07293999999999999,0.07064
2023-12-13 02:00:00,0.0,24.75,0.0491249999999999,91,0.0,0.05735,0.07378,0.07064
2023-12-13 03:00:00,0.0,24.25,0.0624149999999999,91,0.0,0.05735,0.07157,0.07064
2023-12-13 04:00:00,0.0,23.75,0.0738549999999999,91,0.0,0.05735,0.07317,0.07064
2023-12-13 05:00:00,0.0,25.5,0.3466149999999999,91,0.0,0.05735,0.07592,0.07064
2023-12-13 06:00:00,0.0,32.5,0.4070312409845449,91,0.0,0.22622,0.08223,0.07064
2023-12-13 07:00:00,0.0,44.5,0.6337012409845448,91,0.0,0.22622,0.10001,0.07064
2023-12-13 08:00:00,0.0,49.75,0.93386,91,0.0048150426900794,0.22622,0.09770000000000001,0.07064
2023-12-13 09:00:00,0.0,51.0,0.7458049999999999,91,0.0285788032438001,0.22622,0.10123,0.07064
2023-12-13 10:00:00,0.0,51.0,0.701475,91,0.079325128049932,0.22622,0.09878,0.07064
2023-12-13 11:00:00,0.0,49.0,0.60751,91,0.077514615466452,0.22622,0.09834,0.07064
2023-12-13 12:00:00,0.0,51.25,0.6039849999999999,91,0.1356670935133583,0.22622,0.09701,0.07064
2023-12-13 13:00:00,0.0,50.25,0.57931,91,0.105370684199863,0.22622,0.091,0.07064
2023-12-13 14:00:00,0.0,46.75,0.515975,91,0.0549776920905479,0.22622,0.09963,0.07064
2023-12-13 15:00:00,0.0,47.5,0.58902,91,0.0678520509931776,0.22622,0.09706999999999999,0.07064
2023-12-13 16:00:00,0.0,50.5,0.6195849999999999,91,0.0151889743602985,0.22622,0.09778,0.07064
2023-12-13 17:00:00,0.0,50.5,0.62007,91,0.0,0.22622,0.10834,0.07064
2023-12-13 18:00:00,0.0,52.5,0.47763,91,0.0,0.22622,0.10559,0.07064
2023-12-13 19:00:00,0.0,49.5,0.2871849999999999,91,0.0,0.22622,0.10241,0.07064
2023-12-13 20:00:00,0.0,50.0,0.1842349999999999,91,0.0,0.22622,0.09468,0.07064
2023-12-13 21:00:00,0.0,51.25,0.0885299999999999,91,0.0,0.22622,0.09087999999999999,0.07064
2023-12-13 22:00:00,0.0,51.75,0.0239649999999999,91,0.0,0.05735,0.09234999999999999,0.07064
2023-12-13 23:00:00,0.0,51.25,0.040665,91,0.0,0.05735,0.08425,0.07064
2023-12-14 00:00:00,0.0,44.5,0.0783199999999999,91,0.0,0.05735,0.07734,0.07064
2023-12-14 01:00:00,0.0,43.0,0.0803699999999999,91,0.0,0.05735,0.07526999999999999,0.07064
2023-12-14 02:00:00,0.0,43.75,0.07464,91,0.0,0.05735,0.07227,0.07064
2023-12-14 03:00:00,0.0,44.75,0.1015949999999999,91,0.0,0.05735,0.07135,0.07064
2023-12-14 04:00:00,0.0,44.75,0.124195,91,0.0,0.05735,0.06899,0.07064
2023-12-14 05:00:00,0.0,42.25,0.38005,91,0.0,0.05735,0.07848000000000001,0.07064
2023-12-14 06:00:00,0.0,47.0,0.8713799999999999,91,0.0,0.22622,0.08525,0.07064
2023-12-14 07:00:00,0.0,56.25,1.17346,91,0.0,0.22622,0.09720000000000001,0.07064
2023-12-14 08:00:00,0.0,57.25,1.12381,91,0.0004923931681192,0.22622,0.10003000000000001,0.07064
2023-12-14 09:00:00,0.0,57.25,0.99208,91,0.0355078633524413,0.22622,0.10498,0.07064
2023-12-14 10:00:00,0.0,57.5,0.920285,91,0.1274067519261287,0.22622,0.10245,0.07064
2023-12-14 11:00:00,0.0,54.25,0.795465,91,0.1362388891236395,0.22622,0.09594,0.07064
2023-12-14 12:00:00,0.0,54.75,0.7634599999999999,91,0.1483824780456021,0.22622,0.10197,0.07064
2023-12-14 13:00:00,0.0,56.5,0.720795,91,0.2107309406639164,0.22622,0.08685,0.07064
2023-12-14 14:00:00,0.0,55.75,0.65963,91,0.1630009400131356,0.22622,0.09294,0.07064
2023-12-14 15:00:00,0.0,57.25,0.670155,91,0.0716720512993315,0.22622,0.09461,0.07064
2023-12-14 16:00:00,0.0,57.0,0.74539,91,0.010135128242481,0.22622,0.11064,0.07064
2023-12-14 17:00:00,0.0,57.5,0.8088500000000001,91,0.0,0.22622,0.12554,0.07064
2023-12-14 18:00:00,0.0,58.25,0.6992350000000002,91,0.0,0.22622,0.12521,0.07064
2023-12-14 19:00:00,0.0,60.0,0.364315,91,0.0,0.22622,0.11443,0.07064
2023-12-14 20:00:00,0.0,60.5,0.11233,91,0.0,0.22622,0.10237,0.07064
2023-12-14 21:00:00,0.0,56.75,0.079695,91,0.0,0.22622,0.09620000000000001,0.07064
2023-12-14 22:00:00,0.0,59.0,0.03494,91,0.0,0.05735,0.09445999999999999,0.07064
2023-12-14 23:00:00,0.0,61.0,0.041865,91,0.0,0.05735,0.08557,0.07064
2023-12-15 00:00:00,0.0,56.75,0.0687549999999999,91,0.0,0.05735,0.08604,0.07064
2023-12-15 01:00:00,0.0,48.75,0.0686749999999999,91,0.0,0.05735,0.08285,0.07064
2023-12-15 02:00:00,0.0,48.25,0.095705,91,0.0,0.05735,0.08,0.07064
2023-12-15 03:00:00,0.0,47.5,0.10805,91,0.0,0.05735,0.07644,0.07064
2023-12-15 04:00:00,0.0,47.25,0.1175499999999999,91,0.0,0.05735,0.07515999999999999,0.07064
2023-12-15 05:00:00,0.0,52.0,0.3759349999999999,91,0.0,0.05735,0.08041,0.07064
2023-12-15 06:00:00,0.0,58.75,0.941955,91,0.0,0.22622,0.09597,0.07064
2023-12-15 07:00:00,0.0,61.5,1.279965,91,0.0,0.22622,0.10653,0.07064
2023-12-15 08:00:00,0.0,62.0,1.24647,91,0.013388888858195,0.22622,0.1215,0.07064
2023-12-15 09:00:00,0.0,60.75,1.099745,91,0.0700850428882827,0.22622,0.11758,0.07064
2023-12-15 10:00:00,0.0,57.25,0.968125,91,0.1781788887936844,0.22622,0.10998000000000001,0.07064
2023-12-15 11:00:00,0.0,56.75,0.893995,91,0.272992051931528,0.22622,0.10282,0.07064
2023-12-15 12:00:00,0.0,53.5,0.749615,91,0.2858279482523601,0.22622,0.09434000000000001,0.07064
2023-12-15 13:00:00,0.0,50.75,0.6324850000000001,91,0.2839284609933185,0.22622,0.08851,0.07064
2023-12-15 14:00:00,0.0,49.75,0.614455,91,0.227462906144623,0.22622,0.08749,0.07064
2023-12-15 15:00:00,0.0,52.5,0.594495,91,0.0774903417652488,0.22622,0.08882,0.07064
2023-12-15 16:00:00,0.0,53.75,0.6653950000000001,91,0.0227144443619455,0.22622,0.09895,0.07064
2023-12-15 17:00:00,0.0,55.5,0.8122950000000001,91,4.666666691310892e-05,0.22622,0.10462,0.07064
2023-12-15 18:00:00,0.0,55.5,0.7567149999999999,91,0.0,0.22622,0.10219,0.07064
2023-12-15 19:00:00,0.0,55.5,0.3990249999999999,91,0.0,0.22622,0.09369,0.07064
2023-12-15 20:00:00,0.0,50.75,0.122525,91,0.0,0.22622,0.09336,0.07064
2023-12-15 21:00:00,0.0,43.5,0.068145,91,0.0,0.22622,0.08836,0.07064
2023-12-15 22:00:00,0.0,40.5,0.0273899999999999,91,0.0,0.05735,0.08677,0.07064
2023-12-15 23:00:00,0.0,40.75,0.06232,91,0.0,0.05735,0.07671,0.07064
2023-12-16 00:00:00,0.0,34.5,0.11979,91,0.0,0.05735,0.06720000000000001,0.07064
2023-12-16 01:00:00,0.0,27.0,0.1317949999999999,91,0.0,0.05735,0.06321,0.07064
2023-12-16 02:00:00,0.0,26.5,0.1498699999999999,91,0.0,0.05735,0.06037,0.07064
2023-12-16 03:00:00,0.0,27.75,0.314745,91,0.0,0.05735,0.058,0.07064
2023-12-16 04:00:00,0.0,26.0,0.35122,91,0.0,0.05735,0.0541,0.07064
2023-12-16 05:00:00,0.0,26.5,0.296505,91,0.0,0.05735,0.05564,0.07064
2023-12-16 06:00:00,0.0,26.75,0.253345,91,0.0,0.22622,0.059340000000000004,0.07064
2023-12-16 07:00:00,0.0,26.25,0.25764,91,0.0,0.22622,0.06509999999999999,0.07064
2023-12-16 08:00:00,0.0,26.0,0.30744,91,0.0047943589829991,0.22622,0.07989,0.07064
2023-12-16 09:00:00,0.0,24.75,0.242375,91,0.0761234187264727,0.22622,0.0855,0.07064
2023-12-16 10:00:00,0.0,23.25,0.2067649999999999,91,0.1155514526367187,0.22622,0.08243,0.07064
2023-12-16 11:00:00,0.0,23.25,0.16769,91,0.0954540166284284,0.22622,0.07637000000000001,0.07064
2023-12-16 12:00:00,0.0,23.25,0.134095,91,0.1514094021789029,0.22622,0.07192,0.07064
2023-12-16 13:00:00,0.0,22.75,0.106805,91,0.3066470095642611,0.22622,0.0708,0.07064
2023-12-16 14:00:00,0.0,23.5,0.0965549999999999,91,0.2539790595291007,0.22622,0.07574,0.07064
2023-12-16 15:00:00,0.0,25.75,0.0900999999999999,91,0.1019442735166631,0.22622,0.0805,0.07064
2023-12-16 16:00:00,0.0,32.25,0.1053549999999999,91,0.0127342735317686,0.22622,0.08433,0.07064
2023-12-16 17:00:00,0.0,33.75,0.1189799999999999,91,2.564102586390598e-07,0.22622,0.09337999999999999,0.07064
2023-12-16 18:00:00,0.0,33.75,0.1221849999999999,91,0.0,0.22622,0.09751,0.07064
2023-12-16 19:00:00,0.0,31.75,0.1155399999999999,91,0.0,0.22622,0.09356999999999999,0.07064
2023-12-16 20:00:00,0.0,32.25,0.126395,91,0.0,0.22622,0.08354,0.07064
2023-12-16 21:00:00,0.0,29.5,0.277835,91,0.0,0.22622,0.07667,0.07064
2023-12-16 22:00:00,0.0,26.5,0.325125,91,0.0,0.05735,0.08252,0.07064
2023-12-16 23:00:00,0.0,25.75,0.25659,91,0.0,0.05735,0.06906,0.07064
2023-12-17 00:00:00,0.0,23.75,0.242205,91,0.0,0.05735,0.0465,0.07064
2023-12-17 01:00:00,0.0,24.0,0.25979,91,0.0,0.05735,0.04519,0.07064
2023-12-17 02:00:00,0.0,24.0,0.321085,91,0.0,0.05735,0.04879,0.07064
2023-12-17 03:00:00,0.0,24.0,0.331405,91,0.0,0.05735,0.02877,0.07064
2023-12-17 04:00:00,0.0,24.0,0.341045,91,0.0,0.05735,0.02639,0.07064
2023-12-17 05:00:00,0.0,24.0,0.49208,91,0.0,0.05735,0.02993,0.07064
2023-12-17 06:00:00,0.0,24.0,0.4797099999999999,91,0.0,0.22622,0.03915999999999999,0.07064
2023-12-17 07:00:00,0.0,23.75,0.457675,91,0.0,0.22622,0.0471,0.07064
2023-12-17 08:00:00,0.0,23.0,0.4993100000000001,91,0.0109376068607482,0.22622,0.05772,0.07064
2023-12-17 09:00:00,0.0,22.25,0.35342,91,0.0899700854374812,0.22622,0.05917,0.07064
2023-12-17 10:00:00,0.0,21.25,0.304235,91,0.1874482052142803,0.22622,0.05443,0.07064
2023-12-17 11:00:00,0.0,21.0,0.36507,91,0.2613311108972272,0.22622,0.049,0.07064
2023-12-17 12:00:00,0.0,20.75,0.324635,91,0.2952736742068559,0.22622,0.04371,0.07064
2023-12-17 13:00:00,0.0,21.0,0.1615099999999999,91,0.2721423079009749,0.22622,0.04034,0.07064
2023-12-17 14:00:00,0.0,20.75,0.0896399999999999,91,0.2041335042317708,0.22622,0.0475,0.07064
2023-12-17 15:00:00,0.0,21.0,0.0831949999999999,91,0.0642412819617834,0.22622,0.05812,0.07064
2023-12-17 16:00:00,0.0,21.0,0.1016099999999999,91,0.0092239316075276,0.22622,0.067,0.07064
2023-12-17 17:00:00,0.0,20.75,0.14512,91,5.4188035388723856e-05,0.22622,0.08317000000000001,0.07064
2023-12-17 18:00:00,0.0,20.0,0.3002099999999999,91,0.0,0.22622,0.08891,0.07064
2023-12-17 19:00:00,0.0,20.0,0.3071149999999999,91,0.0,0.22622,0.09337000000000001,0.07064
2023-12-17 20:00:00,0.0,19.75,0.1960299999999999,91,0.0,0.22622,0.0886,0.07064
2023-12-17 21:00:00,0.0,20.0,0.2422199999999999,91,0.0,0.22622,0.08807999999999999,0.07064
2023-12-17 22:00:00,0.0,20.25,0.40301,91,0.0,0.05735,0.09248999999999999,0.07064
2023-12-17 23:00:00,0.0,21.0,0.54998,91,0.0,0.05735,0.07068,0.07064
2023-12-18 00:00:00,0.0,22.5,0.4889349999999999,91,0.0,0.05735,0.06805,0.07064
2023-12-18 01:00:00,0.0,21.25,0.38381,91,0.0,0.05735,0.062329999999999997,0.07064
2023-12-18 02:00:00,0.0,21.5,0.427355,91,0.0,0.05735,0.06498000000000001,0.07064
2023-12-18 03:00:00,0.0,22.25,0.82567,91,0.0,0.05735,0.05341,0.07064
2023-12-18 04:00:00,0.0,22.0,1.1202949999999998,91,0.0,0.05735,0.056350000000000004,0.07064
2023-12-18 05:00:00,0.0,23.0,1.15699,91,0.0,0.05735,0.06972,0.07064
2023-12-18 06:00:00,0.0,29.25,1.274365,91,0.0,0.22622,0.08479,0.07064
2023-12-18 07:00:00,0.0,38.5,1.371115,91,0.0,0.22622,0.10424,0.07064
2023-12-18 08:00:00,0.0,49.25,1.406245,91,0.0113995726162997,0.22622,0.10986,0.07064
2023-12-18 09:00:00,0.0,55.25,1.375745,91,0.0908847865895328,0.22622,0.10449,0.07064
2023-12-18 10:00:00,0.0,54.0,1.42081,91,0.1872887172861995,0.22622,0.08903,0.07064
2023-12-18 11:00:00,0.0,47.5,1.3079,91,0.2631041887071397,0.22622,0.08117,0.07064
2023-12-18 12:00:00,0.0,45.5,1.069285,91,0.2938668379824385,0.22622,0.07489,0.07064
2023-12-18 13:00:00,0.0,45.5,0.927945,91,0.2728380330403646,0.22622,0.07515999999999999,0.07064
2023-12-18 14:00:00,0.0,46.75,0.828605,91,0.2041674372681186,0.22622,0.08175,0.07064
2023-12-18 15:00:00,0.0,47.75,0.763255,91,0.0650143585653386,0.22622,0.0843,0.07064
2023-12-18 16:00:00,0.0,49.25,0.8066599999999999,91,0.0094049573021057,0.22622,0.09583,0.07064
2023-12-18 17:00:00,0.0,50.0,0.900265,91,6.393162418220544e-05,0.22622,0.10466,0.07064
2023-12-18 18:00:00,0.0,49.75,0.84563,91,0.0,0.22622,0.10374,0.07064
2023-12-18 19:00:00,0.0,49.75,0.46552,91,0.0,0.22622,0.09677,0.07064
2023-12-18 20:00:00,0.0,49.5,0.147315,91,0.0,0.22622,0.08206999999999999,0.07064
2023-12-18 21:00:00,0.0,38.75,0.11334,91,0.0,0.22622,0.07793000000000001,0.07064
2023-12-18 22:00:00,0.0,31.5,0.055975,91,0.0,0.05735,0.0832,0.07064
2023-12-18 23:00:00,0.0,29.75,0.0922199999999999,91,0.0,0.05735,0.07945999999999999,0.07064
2023-12-19 00:00:00,0.0,25.5,0.225555,91,0.0,0.05735,0.07851000000000001,0.07064
2023-12-19 01:00:00,0.0,23.0,0.300655,91,0.0,0.05735,0.07391,0.07064
2023-12-19 02:00:00,0.0,22.5,0.3088749999999999,91,0.0,0.05735,0.07614,0.07064
2023-12-19 03:00:00,0.0,22.75,0.3068399999999999,91,0.0,0.05735,0.0582,0.07064
2023-12-19 04:00:00,0.0,23.5,0.3368549999999999,91,0.0,0.05735,0.05931,0.07064
2023-12-19 05:00:00,0.0,23.0,0.8029699999999999,91,0.0,0.05735,0.06534000000000001,0.07064
2023-12-19 06:00:00,0.0,26.0,1.310535,91,0.0,0.22622,0.08191,0.07064
2023-12-19 07:00:00,0.0,35.75,1.37604,91,0.0,0.22622,0.09502,0.07064
2023-12-19 08:00:00,0.0,43.0,1.3899800000000002,91,0.0111570084203257,0.22622,0.10115,0.07064
2023-12-19 09:00:00,0.0,42.5,1.34473,91,0.0898464952778612,0.22622,0.09437999999999999,0.07064
2023-12-19 10:00:00,0.0,40.75,1.23529,91,0.1884474364712706,0.22622,0.0861,0.07064
2023-12-19 11:00:00,0.0,40.25,1.13041,91,0.2621089733156383,0.22622,0.07970999999999999,0.07064
2023-12-19 12:00:00,0.0,40.25,0.9873,91,0.2885141030336037,0.22622,0.0765,0.07064
2023-12-19 13:00:00,0.0,37.25,0.82737,91,0.2678807690612271,0.22622,0.07531,0.07064
2023-12-19 14:00:00,0.0,33.5,0.71019,91,0.2067349588769114,0.22622,0.081,0.07064
2023-12-19 15:00:00,0.0,34.25,0.6930299999999999,91,0.0664042731839367,0.22622,0.08578,0.07064
2023-12-19 16:00:00,0.0,33.75,0.791065,91,0.0094080341499075,0.22622,0.08988,0.07064
2023-12-19 17:00:00,0.0,34.5,0.873825,91,6.076923085965654e-05,0.22622,0.09555,0.07064
2023-12-19 18:00:00,0.0,30.0,0.84811,91,0.0,0.22622,0.09378,0.07064
2023-12-19 19:00:00,0.0,32.25,0.47525,91,0.0,0.22622,0.09234999999999999,0.07064
2023-12-19 20:00:00,0.0,33.5,0.116935,91,0.0,0.22622,0.08608,0.07064
2023-12-19 21:00:00,0.0,25.5,0.082715,91,0.0,0.22622,0.08036,0.07064
2023-12-19 22:00:00,0.0,19.0,0.03208,91,0.0,0.05735,0.07659,0.07064
2023-12-19 23:00:00,0.0,19.75,0.0704,91,0.0,0.05735,0.0599,0.07064
2023-12-20 00:00:00,0.0,19.75,0.122985,91,0.0,0.05735,0.05785,0.07064
2023-12-20 01:00:00,0.0,20.0,0.1055249999999999,91,0.0,0.05735,0.05048,0.07064
2023-12-20 02:00:00,0.0,20.5,0.1210999999999999,91,0.0,0.05735,0.048,0.07064
2023-12-20 03:00:00,0.0,21.25,0.1640299999999999,91,0.0,0.05735,0.039979999999999995,0.07064
2023-12-20 04:00:00,0.0,23.25,0.4195549999999999,91,0.0,0.05735,0.03388,0.07064
2023-12-20 05:00:00,0.0,25.25,0.848805,91,0.0,0.05735,0.042159999999999996,0.07064
2023-12-20 06:00:00,0.0,24.5,1.115595,91,0.0,0.22622,0.0517,0.07064
2023-12-20 07:00:00,0.0,23.5,1.301315,91,0.0,0.22622,0.07357999999999999,0.07064
2023-12-20 08:00:00,0.0,22.75,1.27807,91,9.743589748684188e-06,0.22622,0.08581,0.07064
2023-12-20 09:00:00,0.0,22.0,1.1072,91,0.0064572649340853,0.22622,0.09037,0.07064
2023-12-20 10:00:00,0.0,22.5,1.035135,91,0.0611249572395259,0.22622,0.08220000000000001,0.07064
2023-12-20 11:00:00,0.0,23.5,0.919665,91,0.1138152137984577,0.22622,0.07565000000000001,0.07064
2023-12-20 12:00:00,0.0,24.25,0.8590650000000001,91,0.0685706836341792,0.22622,0.06466,0.07064
2023-12-20 13:00:00,0.0,24.0,0.856485,91,0.0827878634134928,0.22622,0.06564,0.07064
2023-12-20 14:00:00,0.0,25.0,0.8368699999999999,91,0.1009341028001573,0.22622,0.07403,0.07064
2023-12-20 15:00:00,0.0,27.0,0.86719,91,0.073464700503227,0.22622,0.07866,0.07064
2023-12-20 16:00:00,0.0,27.0,0.89946,91,0.018339487163939,0.22622,0.08281999999999999,0.07064
2023-12-20 17:00:00,0.0,26.75,0.92257,91,4.290598293400224e-05,0.22622,0.09034,0.07064
2023-12-20 18:00:00,0.0,26.5,0.808325,91,0.0,0.22622,0.08806,0.07064
2023-12-20 19:00:00,0.0,26.75,0.41619,91,0.0,0.22622,0.08444,0.07064
2023-12-20 20:00:00,0.0,25.5,0.1588099999999999,91,0.0,0.22622,0.07837000000000001,0.07064
2023-12-20 21:00:00,0.0,25.25,0.1217999999999999,91,0.0,0.22622,0.06719,0.07064
2023-12-20 22:00:00,0.0,24.75,0.04622,91,0.0,0.05735,0.06142,0.07064
2023-12-20 23:00:00,0.0,23.75,0.050775,91,0.0,0.05735,0.049100000000000005,0.07064
2023-12-21 00:00:00,0.0,22.75,0.0970499999999999,91,0.0,0.05735,0.030699999999999998,0.07064
2023-12-21 01:00:00,0.0,22.25,0.0956549999999999,91,0.0,0.05735,0.0259,0.07064
2023-12-21 02:00:00,0.0,21.0,0.12373,91,0.0,0.05735,0.02149,0.07064
2023-12-21 03:00:00,0.0,21.0,0.320065,91,0.0,0.05735,0.00462,0.07064
2023-12-21 04:00:00,0.0,21.0,0.4766549999999999,91,0.0,0.05735,0.00148,0.07064
2023-12-21 05:00:00,0.0,21.25,0.70558,91,0.0,0.05735,0.00501,0.07064
2023-12-21 06:00:00,0.0,20.25,1.161225,91,0.0,0.22622,0.02993,0.07064
2023-12-21 07:00:00,0.0,18.25,1.39752,91,0.0,0.22622,0.052270000000000004,0.07064
2023-12-21 08:00:00,0.0,18.0,1.31213,91,0.0103600854662239,0.22622,0.061329999999999996,0.07064
2023-12-21 09:00:00,0.0,18.5,1.18462,91,0.0428436751650948,0.22622,0.05422,0.07064
2023-12-21 10:00:00,0.0,17.75,1.063815,91,0.1314581194494524,0.22622,0.05183,0.07064
2023-12-21 11:00:00,0.0,18.0,0.90119,91,0.0789064964066204,0.22622,0.0448,0.07064
2023-12-21 12:00:00,0.0,18.0,0.90932,91,0.069842905875964,0.22622,0.04218,0.07064
2023-12-21 13:00:00,0.0,18.25,0.94649,91,0.0484143591334677,0.22622,0.03269,0.07064
2023-12-21 14:00:00,0.0,17.5,0.92431,91,0.0719689742520324,0.22622,0.03473,0.07064
2023-12-21 15:00:00,0.0,17.0,0.961585,91,0.0513141026048578,0.22622,0.04028,0.07064
2023-12-21 16:00:00,0.0,17.75,0.963745,91,0.0138909401548389,0.22622,0.040060000000000005,0.07064
2023-12-21 17:00:00,0.0,17.25,0.942415,91,0.0,0.22622,0.05779,0.07064
2023-12-21 18:00:00,0.0,17.25,0.8047049999999999,91,0.0,0.22622,0.05899,0.07064
2023-12-21 19:00:00,0.0,17.75,0.420355,91,0.0,0.22622,0.06242,0.07064
2023-12-21 20:00:00,0.0,18.75,0.156435,91,0.0,0.22622,0.05529,0.07064
2023-12-21 21:00:00,0.0,19.0,0.10435,91,0.0,0.22622,0.042140000000000004,0.07064
2023-12-21 22:00:00,0.0,19.75,0.0376,91,0.0,0.05735,0.03465,0.07064
2023-12-21 23:00:00,0.0,20.25,0.06375,91,0.0,0.05735,0.011789999999999998,0.07064
2023-12-22 00:00:00,0.0,20.0,0.097285,91,0.0,0.05735,0.0007199999999999999,0.07064
2023-12-22 01:00:00,0.0,20.5,0.07081,91,0.0,0.05735,0.00035,0.07064
2023-12-22 02:00:00,0.0,20.75,0.086305,91,0.0,0.05735,0.00014000000000000001,0.07064
2023-12-22 03:00:00,0.0,20.75,0.1117849999999999,91,0.0,0.05735,0.0,0.07064
2023-12-22 04:00:00,0.0,21.0,0.22476,91,0.0,0.05735,0.0,0.07064
2023-12-22 05:00:00,0.0,20.75,0.4532449999999999,91,0.0,0.05735,0.00145,0.07064
2023-12-22 06:00:00,0.0,19.5,0.792085,91,0.0,0.22622,0.00443,0.07064
2023-12-22 07:00:00,0.0,18.25,1.130645,91,0.0,0.22622,0.034,0.07064
2023-12-22 08:00:00,0.0,18.0,1.10031,91,0.0061986324802423,0.22622,0.049659999999999996,0.07064
2023-12-22 09:00:00,0.0,18.0,0.91587,91,0.0262116239009759,0.22622,0.05093,0.07064
2023-12-22 10:00:00,0.0,18.0,0.85474,91,0.0391904273807492,0.22622,0.03648,0.07064
2023-12-22 11:00:00,0.0,18.0,0.74777,91,0.1021576060596694,0.22622,0.03447,0.07064
2023-12-22 12:00:00,0.0,18.0,0.6846800000000001,91,0.1558337609380738,0.22622,0.03386,0.07064
2023-12-22 13:00:00,0.0,17.25,0.7048000000000001,91,0.1017972655174059,0.22622,0.033229999999999996,0.07064
2023-12-22 14:00:00,0.0,16.0,0.74259,91,0.0442047862517528,0.22622,0.03796,0.07064
2023-12-22 15:00:00,0.0,16.0,0.75246,91,0.0230987177954779,0.22622,0.0426,0.07064
2023-12-22 16:00:00,0.0,16.0,0.7183,91,0.0087322222552875,0.22622,0.045149999999999996,0.07064
2023-12-22 17:00:00,0.0,16.0,0.729135,91,0.0,0.22622,0.04643,0.07064
2023-12-22 18:00:00,0.0,16.0,0.581625,91,0.0,0.22622,0.05465,0.07064
2023-12-22 19:00:00,0.0,16.0,0.2760499999999999,91,0.0,0.22622,0.046700000000000005,0.07064
2023-12-22 20:00:00,0.0,17.0,0.121675,91,0.0,0.22622,0.03405,0.07064
2023-12-22 21:00:00,0.0,17.75,0.092165,91,0.0,0.22622,0.03034,0.07064
2023-12-22 22:00:00,0.0,18.0,0.04409,91,0.0,0.05735,0.03041,0.07064
2023-12-22 23:00:00,0.0,18.75,0.053425,91,0.0,0.05735,0.012,0.07064
2023-12-23 00:00:00,0.0,19.25,0.1003999999999999,91,0.0,0.05735,0.0035600000000000002,0.07064
2023-12-23 01:00:00,0.0,20.25,0.09521,91,0.0,0.05735,0.00145,0.07064
2023-12-23 02:00:00,0.0,21.25,0.0954599999999999,91,0.0,0.05735,5.9999999999999995e-05,0.07064
2023-12-23 03:00:00,0.0,22.0,0.09762,91,0.0,0.05735,0.0,0.07064
2023-12-23 04:00:00,0.0,23.0,0.20603,91,0.0,0.05735,-1e-05,0.07064
2023-12-23 05:00:00,0.0,22.0,0.19708,91,0.0,0.05735,0.0,0.07064
2023-12-23 06:00:00,0.0,21.0,0.092,91,0.0,0.22622,0.0001,0.07064
2023-12-23 07:00:00,0.0,20.25,0.288545,91,0.0,0.22622,0.00743,0.07064
2023-12-23 08:00:00,0.0,18.75,0.26718,91,0.0143577777616616,0.22622,0.02,0.07064
2023-12-23 09:00:00,0.0,18.0,0.089665,91,0.0973225639212844,0.22622,0.04208,0.07064
2023-12-23 10:00:00,0.0,17.25,0.060335,91,0.1983594023875701,0.22622,0.04015,0.07064
2023-12-23 11:00:00,0.0,17.0,0.001025,91,0.2135397443200788,0.22622,0.0361,0.07064
2023-12-23 12:00:00,0.0,17.0,0.00017,91,0.3517582055442353,0.22622,0.03499,0.07064
2023-12-23 13:00:00,0.0,17.0,0.0,91,0.2206805119962774,0.22622,0.027260000000000003,0.07064
2023-12-23 14:00:00,0.0,17.0,0.0,91,0.122962564240154,0.22622,0.03,0.07064
2023-12-23 15:00:00,0.0,17.25,0.0,91,0.0579682052237355,0.22622,0.023170000000000003,0.07064
2023-12-23 16:00:00,0.0,17.5,0.0,91,0.016823418874007,0.22622,0.03016,0.07064
2023-12-23 17:00:00,0.0,17.25,0.0,91,4.4358973590354527e-05,0.22622,0.01871,0.07064
2023-12-23 18:00:00,0.0,17.0,0.0,91,0.0,0.22622,0.0346,0.07064
2023-12-23 19:00:00,0.0,16.75,0.0,91,0.0,0.22622,0.03767,0.07064
2023-12-23 20:00:00,0.0,16.75,0.0,91,0.0,0.22622,0.01839,0.07064
2023-12-23 21:00:00,0.0,17.25,0.0,91,0.0,0.22622,0.02076,0.07064
2023-12-23 22:00:00,0.0,17.75,0.2664049999999999,91,0.0,0.05735,0.020309999999999998,0.07064
2023-12-23 23:00:00,0.0,18.75,0.2681649999999999,91,0.0,0.05735,0.007940000000000001,0.07064
2023-12-24 00:00:00,0.0,19.5,0.06214,91,0.0,0.05735,0.00062,0.07064
2023-12-24 01:00:00,0.0,21.0,0.120575,91,0.0,0.05735,0.00013000000000000002,0.07064
2023-12-24 02:00:00,0.0,21.5,0.269455,91,0.0,0.05735,5.9999999999999995e-05,0.07064
2023-12-24 03:00:00,0.0,23.25,0.340395,91,0.0,0.05735,-0.0006,0.07064
2023-12-24 04:00:00,0.0,23.0,0.35742,91,0.0,0.05735,-0.00315,0.07064
2023-12-24 05:00:00,0.0,23.25,0.33338,91,0.0,0.05735,-0.00396,0.07064
2023-12-24 06:00:00,0.0,23.25,0.25857,91,0.0,0.22622,-0.00234,0.07064
2023-12-24 07:00:00,0.0,23.0,0.30723,91,0.0,0.22622,-7.000000000000001e-05,0.07064
2023-12-24 08:00:00,0.0,20.75,0.285585,91,0.0090570085944655,0.22622,2e-05,0.07064
2023-12-24 09:00:00,0.0,20.0,0.132265,91,0.0868595727284749,0.22622,0.00075,0.07064
2023-12-24 10:00:00,0.0,19.25,0.00295,91,0.1836447027809599,0.22622,5.9999999999999995e-05,0.07064
2023-12-24 11:00:00,0.0,18.75,0.000515,91,0.2589563258896526,0.22622,0.00032,0.07064
2023-12-24 12:00:00,0.0,18.0,0.0,91,0.2899123940101036,0.22622,0.00069,0.07064
2023-12-24 13:00:00,0.0,19.0,0.0,91,0.2719016236525315,0.22622,8e-05,0.07064
2023-12-24 14:00:00,0.0,19.0,0.0,91,0.2071222209115313,0.22622,0.00114,0.07064
2023-12-24 15:00:00,0.0,19.75,0.0,91,0.0715948719244736,0.22622,0.0020099999999999996,0.07064
2023-12-24 16:00:00,0.0,20.0,0.0,91,0.0100059828798995,0.22622,0.00164,0.07064
2023-12-24 17:00:00,0.0,19.25,0.47201,91,0.0001329914539351,0.22622,0.00754,0.07064
2023-12-24 18:00:00,0.0,19.0,0.60139,91,0.0,0.22622,0.00611,0.07064
2023-12-24 19:00:00,0.0,19.75,0.24683,91,0.0,0.22622,0.004200000000000001,0.07064
2023-12-24 20:00:00,0.0,21.0,0.1955949999999999,91,0.0,0.22622,-2e-05,0.07064
2023-12-24 21:00:00,0.0,22.0,0.2956049999999999,91,0.0,0.22622,-4e-05,0.07064
2023-12-24 22:00:00,0.0,22.0,0.25955,91,0.0,0.05735,-7.000000000000001e-05,0.07064
2023-12-24 23:00:00,0.0,22.0,0.195315,91,0.0,0.05735,-8e-05,0.07064
2023-12-25 00:00:00,0.0,23.5,0.370855,91,0.0,0.05735,-8.999999999999999e-05,0.07064
2023-12-25 01:00:00,0.0,24.0,0.37182,91,0.0,0.05735,-0.00232,0.07064
2023-12-25 02:00:00,0.0,24.5,0.341515,91,0.0,0.05735,-0.00725,0.07064
2023-12-25 03:00:00,0.0,26.0,0.670295,91,0.0,0.05735,-0.00915,0.07064
2023-12-25 04:00:00,0.0,26.25,1.104255,91,0.0,0.05735,-0.01193,0.07064
2023-12-25 05:00:00,0.0,26.0,0.93038,91,0.0,0.05735,-0.00658,0.07064
2023-12-25 06:00:00,0.0,26.0,0.5535,91,0.0,0.22622,-0.00741,0.07064
2023-12-25 07:00:00,0.0,25.25,0.4217299999999999,91,0.0,0.22622,-0.00432,0.07064
2023-12-25 08:00:00,0.0,25.0,0.3716399999999999,91,0.0087177777269648,0.22622,-5.9999999999999995e-05,0.07064
2023-12-25 09:00:00,0.0,22.5,0.3709849999999999,91,0.0847900854420458,0.22622,0.00092,0.07064
2023-12-25 10:00:00,0.0,21.5,0.322285,91,0.180478888943664,0.22622,0.00197,0.07064
2023-12-25 11:00:00,0.0,21.0,0.266765,91,0.2556138467381143,0.22622,0.0004,0.07064
2023-12-25 12:00:00,0.0,20.25,0.238115,91,0.2868213673127003,0.22622,1e-05,0.07064
2023-12-25 13:00:00,0.0,20.75,0.20513,91,0.2716581197885367,0.22622,0.0,0.07064
2023-12-25 14:00:00,0.0,21.0,0.161985,91,0.2083967520232893,0.22622,2e-05,0.07064
2023-12-25 15:00:00,0.0,21.0,0.14115,91,0.0727332477080516,0.22622,5e-05,0.07064
2023-12-25 16:00:00,0.0,21.0,0.1672799999999999,91,0.0103105982526754,0.22622,8.999999999999999e-05,0.07064
2023-12-25 17:00:00,0.0,20.0,0.20461,91,0.0001582905996001,0.22622,0.0016699999999999998,0.07064
2023-12-25 18:00:00,0.0,19.5,0.208055,91,0.0,0.22622,0.018449999999999998,0.07064
2023-12-25 19:00:00,0.0,20.0,0.29935,91,0.0,0.22622,0.01431,0.07064
2023-12-25 20:00:00,0.0,20.0,0.44496,91,0.0,0.22622,0.010060000000000001,0.07064
2023-12-25 21:00:00,0.0,20.25,0.3566199999999999,91,0.0,0.22622,0.00537,0.07064
2023-12-25 22:00:00,0.0,20.75,0.362355,91,0.0,0.05735,0.00505,0.07064
2023-12-25 23:00:00,0.0,21.25,0.44086,91,0.0,0.05735,8e-05,0.07064
2023-12-26 00:00:00,0.0,22.0,0.432925,91,0.0,0.05735,0.0,0.07064
2023-12-26 01:00:00,0.0,24.5,0.4517549999999999,91,0.0,0.05735,-1e-05,0.07064
2023-12-26 02:00:00,0.0,25.0,0.485685,91,0.0,0.05735,-5.9999999999999995e-05,0.07064
2023-12-26 03:00:00,0.0,25.0,0.464705,91,0.0,0.05735,-0.00237,0.07064
2023-12-26 04:00:00,0.0,25.5,0.791205,91,0.0,0.05735,-0.00342,0.07064
2023-12-26 05:00:00,0.0,25.25,1.218705,91,0.0,0.05735,-0.00147,0.07064
2023-12-26 06:00:00,0.0,24.25,0.92978,91,0.0,0.22622,0.0,0.07064
2023-12-26 07:00:00,0.0,23.25,0.50173,91,0.0,0.22622,0.00095,0.07064
2023-12-26 08:00:00,0.0,22.25,0.38169,91,0.0082342735206724,0.22622,0.01122,0.07064
2023-12-26 09:00:00,0.0,21.75,0.3600399999999999,91,0.0851475214346861,0.22622,0.02177,0.07064
2023-12-26 10:00:00,0.0,20.75,0.292515,91,0.1854297439053527,0.22622,0.01776,0.07064
2023-12-26 11:00:00,0.0,20.25,0.253865,91,0.2821101718478732,0.22622,0.009609999999999999,0.07064
2023-12-26 12:00:00,0.0,20.0,0.240645,91,0.1969603421137883,0.22622,0.0028799999999999997,0.07064
2023-12-26 13:00:00,0.0,20.25,0.2078449999999999,91,0.1895920508947128,0.22622,0.0009599999999999999,0.07064
2023-12-26 14:00:00,0.0,20.5,0.1717649999999999,91,0.2034227341871995,0.22622,0.01456,0.07064
2023-12-26 15:00:00,0.0,21.0,0.1646549999999999,91,0.0752728205460768,0.22622,0.03308,0.07064
2023-12-26 16:00:00,0.0,21.0,0.1872549999999999,91,0.0112717948459152,0.22622,0.06403,0.07064
2023-12-26 17:00:00,0.0,20.75,0.1845149999999999,91,0.0002782051289915,0.22622,0.07156,0.07064
2023-12-26 18:00:00,0.0,20.0,0.199635,91,0.0,0.22622,0.07701999999999999,0.07064
2023-12-26 19:00:00,0.0,19.75,0.2997249999999999,91,0.0,0.22622,0.07697,0.07064
2023-12-26 20:00:00,0.0,20.25,0.3852549999999999,91,0.0,0.22622,0.07273,0.07064
2023-12-26 21:00:00,0.0,20.25,0.29812,91,0.0,0.22622,0.05798,0.07064
2023-12-26 22:00:00,0.0,21.0,0.329835,91,0.0,0.05735,0.06118,0.07064
2023-12-26 23:00:00,0.0,21.0,0.46995,91,0.0,0.05735,0.06315,0.07064
2023-12-27 00:00:00,0.0,20.5,0.6041799999999999,91,0.0,0.05735,0.06003,0.07064
2023-12-27 01:00:00,0.0,20.75,0.7554250000000001,91,0.0,0.05735,0.05886,0.07064
2023-12-27 02:00:00,0.0,21.0,0.577685,91,0.0,0.05735,0.05668,0.07064
2023-12-27 03:00:00,0.0,22.5,0.45299,91,0.0,0.05735,0.05092,0.07064
2023-12-27 04:00:00,0.0,23.0,0.87521,91,0.0,0.05735,0.04917,0.07064
2023-12-27 05:00:00,0.0,22.75,1.2487350000000002,91,0.0,0.05735,0.05243,0.07064
2023-12-27 06:00:00,0.0,21.0,0.973415,91,0.0,0.22622,0.06506,0.07064
2023-12-27 07:00:00,0.0,20.0,0.540485,91,0.0,0.22622,0.06719,0.07064
2023-12-27 08:00:00,0.0,19.0,0.3751899999999999,91,0.0093429059614865,0.22622,0.06520999999999999,0.07064
2023-12-27 09:00:00,0.0,18.25,0.34338,91,0.0829886323162632,0.22622,0.07742,0.07064
2023-12-27 10:00:00,0.0,17.0,0.315295,91,0.1857888019594371,0.22622,0.06451000000000001,0.07064
2023-12-27 11:00:00,0.0,17.0,0.26696,91,0.2646712829720261,0.22622,0.068,0.07064
2023-12-27 12:00:00,0.0,17.0,0.216005,91,0.2947212828937758,0.22622,0.06439,0.07064
2023-12-27 13:00:00,0.0,17.5,0.14905,91,0.275561282818134,0.22622,0.06298,0.07064
2023-12-27 14:00:00,0.0,18.0,0.109415,91,0.2146204271887102,0.22622,0.06439,0.07064
2023-12-27 15:00:00,0.0,18.0,0.1161199999999999,91,0.0771066667483403,0.22622,0.06564,0.07064
2023-12-27 16:00:00,0.0,17.75,0.1386149999999999,91,0.010532735041064,0.22622,0.074,0.07064
2023-12-27 17:00:00,0.0,17.25,0.182435,91,0.0002069230773685,0.22622,0.08051,0.07064
2023-12-27 18:00:00,0.0,17.0,0.285065,91,0.0,0.22622,0.07454999999999999,0.07064
2023-12-27 19:00:00,0.0,17.25,0.416205,91,0.0,0.22622,0.06520999999999999,0.07064
2023-12-27 20:00:00,0.0,17.5,0.306765,91,0.0,0.22622,0.054729999999999994,0.07064
2023-12-27 21:00:00,0.0,18.0,0.26184,91,0.0,0.22622,0.02537,0.07064
2023-12-27 22:00:00,0.0,19.0,0.321005,91,0.0,0.05735,0.01767,0.07064
2023-12-27 23:00:00,0.0,19.5,0.398485,91,0.0,0.05735,0.0011899999999999999,0.07064
2023-12-28 00:00:00,0.0,20.0,0.705085,91,0.0,0.05735,0.0014299999999999998,0.07064
2023-12-28 01:00:00,0.0,20.0,0.69288,91,0.0,0.05735,0.00069,0.07064
2023-12-28 02:00:00,0.0,20.5,0.533675,91,0.0,0.05735,5.9999999999999995e-05,0.07064
2023-12-28 03:00:00,0.0,22.0,0.60183,91,0.0,0.05735,-1e-05,0.07064
2023-12-28 04:00:00,0.0,22.0,0.98057,91,0.0,0.05735,1e-05,0.07064
2023-12-28 05:00:00,0.0,21.0,1.266535,91,0.0,0.05735,0.00158,0.07064
2023-12-28 06:00:00,0.0,20.75,0.916345,91,0.0,0.22622,0.00269,0.07064
2023-12-28 07:00:00,0.0,20.0,0.4999699999999999,91,0.0,0.22622,0.01856,0.07064
2023-12-28 08:00:00,0.0,19.0,0.3645399999999999,91,0.006658461609712,0.22622,0.038560000000000004,0.07064
2023-12-28 09:00:00,0.0,18.75,0.3184099999999999,91,0.0163384620959942,0.22622,0.03882,0.07064
2023-12-28 10:00:00,0.0,18.0,0.307305,91,0.0163384620959942,0.22622,0.02983,0.07064
2023-12-28 11:00:00,0.0,18.0,0.329675,91,0.0163384620959942,0.22622,0.02203,0.07064
2023-12-28 12:00:00,0.0,18.0,0.311465,91,183.66110811958964,0.22622,0.01132,0.07064
2023-12-28 13:00:00,0.0,17.75,0.25475,91,0.1761091468680618,0.22622,0.00948,0.07064
2023-12-28 14:00:00,0.0,18.0,0.1870349999999999,91,0.1211288034814036,0.22622,0.020059999999999998,0.07064
2023-12-28 15:00:00,0.0,17.75,0.176095,91,0.0540047006117992,0.22622,0.0304,0.07064
2023-12-28 16:00:00,0.0,17.5,0.292565,91,0.0187417948077249,0.22622,0.04307,0.07064
2023-12-28 17:00:00,0.0,17.0,0.5664399999999999,91,5.5555555905796575e-06,0.22622,0.056909999999999995,0.07064
2023-12-28 18:00:00,0.0,17.0,0.45751,91,0.0,0.22622,0.055479999999999995,0.07064
2023-12-28 19:00:00,0.0,17.0,0.1767649999999999,91,0.0,0.22622,0.04728,0.07064
2023-12-28 20:00:00,0.0,17.75,0.209705,91,0.0,0.22622,0.03475,0.07064
2023-12-28 21:00:00,0.0,19.0,0.19677,91,0.0,0.22622,0.032049999999999995,0.07064
2023-12-28 22:00:00,0.0,19.5,0.27679,91,0.0,0.05735,0.02764,0.07064
2023-12-28 23:00:00,0.0,19.75,0.334875,91,0.0,0.05735,0.00409,0.07064
2023-12-29 00:00:00,0.0,20.25,0.46909,91,0.0,0.05735,0.00025,0.07064
2023-12-29 01:00:00,0.0,20.75,0.61393,91,0.0,0.05735,8e-05,0.07064
2023-12-29 02:00:00,0.0,21.75,0.4905949999999999,91,0.0,0.05735,-1e-05,0.07064
2023-12-29 03:00:00,0.0,23.25,0.4729349999999999,91,0.0,0.05735,-8.999999999999999e-05,0.07064
2023-12-29 04:00:00,0.0,24.0,0.85114,91,0.0,0.05735,-0.00045,0.07064
2023-12-29 05:00:00,0.0,23.5,1.01629,91,0.0,0.05735,-1e-05,0.07064
2023-12-29 06:00:00,0.0,21.5,0.6851250000000001,91,0.0,0.22622,0.00065,0.07064
2023-12-29 07:00:00,0.0,20.5,0.38824,91,0.0,0.22622,0.00068,0.07064
2023-12-29 08:00:00,0.0,19.5,0.257405,91,0.00563991453021,0.22622,0.01072,0.07064
2023-12-29 09:00:00,0.0,19.0,0.144885,91,0.0356661537773588,0.22622,0.02183,0.07064
2023-12-29 10:00:00,0.0,18.0,0.02377,91,0.0896154695494562,0.22622,0.02151,0.07064
2023-12-29 11:00:00,0.0,18.0,0.0006949999999999,91,0.199588632176065,0.22622,0.01779,0.07064
2023-12-29 12:00:00,0.0,17.75,5.999999999994999e-05,91,0.2680013684329824,0.22622,0.01165,0.07064
2023-12-29 13:00:00,0.0,18.0,0.0,91,0.2500929913969121,0.22622,0.00743,0.07064
2023-12-29 14:00:00,0.0,18.0,0.0,91,0.1020549579359527,0.22622,0.01746,0.07064
2023-12-29 15:00:00,0.0,18.0,0.0,91,0.0509356409056573,0.22622,0.02533,0.07064
2023-12-29 16:00:00,0.0,18.0,0.0,91,0.0158235897187493,0.22622,0.02981,0.07064
2023-12-29 17:00:00,0.0,17.75,0.0,91,0.0005560683783812,0.22622,0.039020000000000006,0.07064
2023-12-29 18:00:00,0.0,17.5,0.0,91,0.0,0.22622,0.03893,0.07064
2023-12-29 19:00:00,0.0,18.0,0.0,91,0.0,0.22622,0.03448,0.07064
2023-12-29 20:00:00,0.0,18.0,0.0,91,0.0,0.22622,0.02573,0.07064
2023-12-29 21:00:00,0.0,19.0,0.0,91,0.0,0.22622,0.01991,0.07064
2023-12-29 22:00:00,0.0,19.5,0.46944,91,0.0,0.05735,0.02666,0.07064
2023-12-29 23:00:00,0.0,20.0,0.78448,91,0.0,0.05735,0.019010000000000003,0.07064
2023-12-30 00:00:00,0.0,20.25,0.48664,91,0.0,0.05735,0.01354,0.07064
2023-12-30 01:00:00,0.0,21.75,0.3433649999999999,91,0.0,0.05735,0.010119999999999999,0.07064
2023-12-30 02:00:00,0.0,22.5,0.4605999999999999,91,0.0,0.05735,0.00888,0.07064
2023-12-30 03:00:00,0.0,22.75,0.4295049999999999,91,0.0,0.05735,0.00563,0.07064
2023-12-30 04:00:00,0.0,24.0,0.468615,91,0.0,0.05735,0.00574,0.07064
2023-12-30 05:00:00,0.0,23.5,0.4732699999999999,91,0.0,0.05735,0.00845,0.07064
2023-12-30 06:00:00,0.0,23.0,0.2558149999999999,91,0.0,0.22622,0.01324,0.07064
2023-12-30 07:00:00,0.0,22.25,0.2885799999999999,91,0.0,0.22622,0.027489999999999997,0.07064
2023-12-30 08:00:00,0.0,21.0,0.4469499999999999,91,0.0092941025899261,0.22622,0.03977,0.07064
2023-12-30 09:00:00,0.0,20.0,0.4430099999999999,91,0.0815890598297119,0.22622,0.04009,0.07064
2023-12-30 10:00:00,0.0,19.0,0.176915,91,0.1703081197820158,0.22622,0.03214,0.07064
2023-12-30 11:00:00,0.0,18.75,0.003305,91,0.2516412816495977,0.22622,0.02961,0.07064
2023-12-30 12:00:00,0.0,18.25,0.00054,91,0.2895124794071556,0.22622,0.02578,0.07064
2023-12-30 13:00:00,0.0,18.0,0.0,91,0.2743096571702223,0.22622,0.02714,0.07064
2023-12-30 14:00:00,0.0,18.0,0.0,91,0.2102158124222714,0.22622,0.04204,0.07064
2023-12-30 15:00:00,0.0,18.0,0.0,91,0.0824013670896872,0.22622,0.046490000000000004,0.07064
2023-12-30 16:00:00,0.0,18.75,0.0,91,0.014799230771187,0.22622,0.0541,0.07064
2023-12-30 17:00:00,0.0,18.25,0.0,91,0.0002129914537549,0.22622,0.075,0.07064
2023-12-30 18:00:00,0.0,17.0,0.0,91,0.0,0.22622,0.07998999999999999,0.07064
2023-12-30 19:00:00,0.0,17.0,0.0,91,0.0,0.22622,0.07109,0.07064
2023-12-30 20:00:00,0.0,17.0,0.0,91,0.0,0.22622,0.062009999999999996,0.07064
2023-12-30 21:00:00,0.0,17.5,0.0,91,0.0,0.22622,0.028730000000000002,0.07064
2023-12-30 22:00:00,0.0,17.75,0.0,91,0.0,0.05735,0.0501,0.07064
2023-12-30 23:00:00,0.0,17.75,0.594925,91,0.0,0.05735,0.04323,0.07064
2023-12-31 00:00:00,0.0,19.0,1.010825,91,0.0,0.05735,0.005,0.07064
2023-12-31 01:00:00,0.0,18.75,0.6768350000000001,91,0.0,0.05735,0.004,0.07064
2023-12-31 02:00:00,0.0,19.0,0.51385,91,0.0,0.05735,0.00031,0.07064
2023-12-31 03:00:00,0.0,19.75,0.42316,91,0.0,0.05735,0.0,0.07064
2023-12-31 04:00:00,0.0,20.25,0.402055,91,0.0,0.05735,0.0,0.07064
2023-12-31 05:00:00,0.0,20.0,0.23421,91,0.0,0.05735,1e-05,0.07064
2023-12-31 06:00:00,0.0,20.0,0.012855,91,0.0,0.22622,0.00108,0.07064
2023-12-31 07:00:00,0.0,19.75,0.0573249999999999,91,0.0,0.22622,0.0043,0.07064
2023-12-31 08:00:00,0.0,19.0,0.2156449999999999,91,0.003845897457029,0.22622,0.01047,0.07064
2023-12-31 09:00:00,0.0,18.75,0.233815,91,0.0232778633354056,0.22622,0.014,0.07064
2023-12-31 10:00:00,0.0,18.25,0.067605,91,0.052699743662125,0.22622,0.01151,0.07064
2023-12-31 11:00:00,0.0,17.75,0.00312,91,0.1163109397073077,0.22622,0.01201,0.07064
2023-12-31 12:00:00,0.0,16.75,0.000555,91,0.1499820507082165,0.22622,0.00721,0.07064
2023-12-31 13:00:00,0.0,16.75,0.0,91,0.1193966663596976,0.22622,0.010060000000000001,0.07064
2023-12-31 14:00:00,0.0,17.0,0.0,91,0.0095035042161615,0.22622,0.013980000000000001,0.07064
2023-12-31 15:00:00,0.0,17.25,0.0,91,0.0035988034166268,0.22622,0.013730000000000001,0.07064
2023-12-31 16:00:00,0.0,17.0,0.0,91,0.0020627350488311,0.22622,0.01775,0.07064
2023-12-31 17:00:00,0.0,17.0,0.0,91,2.564102586390598e-07,0.22622,0.02594,0.07064
2023-12-31 18:00:00,0.0,17.0,0.0,91,0.0,0.22622,0.01775,0.07064
2023-12-31 19:00:00,0.0,17.0,0.0,91,0.0,0.22622,0.01643,0.07064
2023-12-31 20:00:00,0.0,18.0,0.101945,91,0.0,0.22622,0.00816,0.07064
2023-12-31 21:00:00,0.0,18.25,0.96171,91,0.0,0.22622,0.01068,0.07064
2023-12-31 22:00:00,0.0,18.75,1.184095,91,0.0,0.05735,0.00364,0.07064
2023-12-31 23:00:00,0.0,19.25,0.64866,91,0.0,0.05735,0.0001,0.07064
